# compiler_seed_sha256=323f36cd855a58204aee41cf1615aaa58ec0cefc76ca5e572ffaf5407872b76b; ordinary O1 vs ASan+UBSan O1 exact status/stdout/stderr; two bounded 2048-ordinal campaigns; eight independent process-pair workers, ordered reporting
fixture	ordinal	status	stdout_bytes	stdout_sha256	stderr_sha256
examples/hello.slim	1	71	0	e3b0c44298fc1c149afbf4c8996fb92427ae41e4649b934ca495991b7852b855	a40fdbf7c96fc5bd0a4c9c446b11f2975d5cf26f5a5c2ffc39d450e5fac9ca58
examples/hello.slim	2	71	0	e3b0c44298fc1c149afbf4c8996fb92427ae41e4649b934ca495991b7852b855	c1eed534f0fb947e264297929c6c8f5668d17383cdd0e5a72dea5757ca14edc6
examples/hello.slim	3	71	0	e3b0c44298fc1c149afbf4c8996fb92427ae41e4649b934ca495991b7852b855	d9384f5d6bcf9f5af242b3a3e8efa3eea3378708e83abf0965494f9054ff23f6
examples/hello.slim	4	71	0	e3b0c44298fc1c149afbf4c8996fb92427ae41e4649b934ca495991b7852b855	3875bd90627ed855c5c17cc5ea26167c00f0972db4c721f691467297dc0dd5e7
examples/hello.slim	5	71	0	e3b0c44298fc1c149afbf4c8996fb92427ae41e4649b934ca495991b7852b855	113bb9f17d0d9e9052872d2f92be065627fa0df12f054cb0e0cbd3bd8f69b4d3
examples/hello.slim	6	71	0	e3b0c44298fc1c149afbf4c8996fb92427ae41e4649b934ca495991b7852b855	7f974964061894b856b19aecbb7d77c29cbc49a336b151881b80d1f15b7c1ff4
examples/hello.slim	7	71	0	e3b0c44298fc1c149afbf4c8996fb92427ae41e4649b934ca495991b7852b855	dc239a703767852665270a87bfc7ac6d423fc071758c921430a514b794f61af1
examples/hello.slim	8	71	0	e3b0c44298fc1c149afbf4c8996fb92427ae41e4649b934ca495991b7852b855	2db2428f1380dd5a4785fd16c6c0c555791ad686875a3d4117453bade7df3f20
examples/hello.slim	9	71	0	e3b0c44298fc1c149afbf4c8996fb92427ae41e4649b934ca495991b7852b855	97185d804ecab3e391977235f7b3785647902d9d075f6acd5a545af809e626fd
examples/hello.slim	10	71	0	e3b0c44298fc1c149afbf4c8996fb92427ae41e4649b934ca495991b7852b855	8dd3574fc94bab362fdbecdbcd79f46332a590a270c69640595caa1af648f2ed
examples/hello.slim	11	71	0	e3b0c44298fc1c149afbf4c8996fb92427ae41e4649b934ca495991b7852b855	3aafd0742c695ab39bce4efb3ac669436a8024cd0c6a7b983a3285a7e33e9de2
examples/hello.slim	12	71	0	e3b0c44298fc1c149afbf4c8996fb92427ae41e4649b934ca495991b7852b855	eb19763fa7c9de59d5f2f2dadd78e04f57736ca54174aedec8300accfbaf0bb2
examples/hello.slim	13	71	0	e3b0c44298fc1c149afbf4c8996fb92427ae41e4649b934ca495991b7852b855	ce215d0e5de993a777827843e049f71cab13b0fecbc58998a6e9257df6940088
examples/hello.slim	14	71	0	e3b0c44298fc1c149afbf4c8996fb92427ae41e4649b934ca495991b7852b855	bd8bb0a30fa7bafdca2e118377a5d7d68c25aead7d4d9855d2ad2e20e864d1bb
examples/hello.slim	15	71	0	e3b0c44298fc1c149afbf4c8996fb92427ae41e4649b934ca495991b7852b855	709492f2a68dfa444d1a14b1dd25ee700472ff5a64d0ff29398b0016d671f6cf
examples/hello.slim	16	71	0	e3b0c44298fc1c149afbf4c8996fb92427ae41e4649b934ca495991b7852b855	29dc4e6acfa117a4106142788e10c4275cd4941b42c7d174924962dbf03ec260
examples/hello.slim	17	71	0	e3b0c44298fc1c149afbf4c8996fb92427ae41e4649b934ca495991b7852b855	e352603376f86ef17efb021294d23d248d75863218f1b9c761eea1599388421e
examples/hello.slim	18	71	0	e3b0c44298fc1c149afbf4c8996fb92427ae41e4649b934ca495991b7852b855	d0629d24d423262e57090f4591b09e2c5232fc7746da05a0fb7217addb0df98d
examples/hello.slim	19	71	0	e3b0c44298fc1c149afbf4c8996fb92427ae41e4649b934ca495991b7852b855	a6a515314617f9ee12462560a3e498bc06cd300dfe729f9dff0760743227b6c4
examples/hello.slim	20	71	0	e3b0c44298fc1c149afbf4c8996fb92427ae41e4649b934ca495991b7852b855	0d83d0a9b39a7ca84f42c9332c419fc51ae845f384b9eb5069e64759d1892291
examples/hello.slim	21	71	0	e3b0c44298fc1c149afbf4c8996fb92427ae41e4649b934ca495991b7852b855	379e74c59489e803a6ebf5bc2f4544298d96d160a82213d7a923775b2b7ad09d
examples/hello.slim	22	71	0	e3b0c44298fc1c149afbf4c8996fb92427ae41e4649b934ca495991b7852b855	19dbe3e1e7b841846dd9505e380a143a2c7bbdbc85c046d33d8cddf6ba000e93
examples/hello.slim	23	71	0	e3b0c44298fc1c149afbf4c8996fb92427ae41e4649b934ca495991b7852b855	5502f2605f249eb6858ff22837c865b8b3d7d86119365facbfabceffc86d18cc
examples/hello.slim	24	71	0	e3b0c44298fc1c149afbf4c8996fb92427ae41e4649b934ca495991b7852b855	1c029199a743cc820340f54b7cbb8b989afd1579caef649eb60d54c9c2cb4240
examples/hello.slim	25	71	0	e3b0c44298fc1c149afbf4c8996fb92427ae41e4649b934ca495991b7852b855	c3189991a6933e68bbddd0bd1a93535609c534b69775eff67a1280bae4978a27
examples/hello.slim	26	71	0	e3b0c44298fc1c149afbf4c8996fb92427ae41e4649b934ca495991b7852b855	6b66bb7795c8494ce66234d0beccfa3aa1b6c39a7ba721fc1e8a0c784abdf119
examples/hello.slim	27	71	0	e3b0c44298fc1c149afbf4c8996fb92427ae41e4649b934ca495991b7852b855	8c2ab3c295ef543a01ccba849df028355f7e24313e1964b0658521ab6e01c2e7
examples/hello.slim	28	71	0	e3b0c44298fc1c149afbf4c8996fb92427ae41e4649b934ca495991b7852b855	423096b3ea011253692d40812cfb54a26c59e281336a5d63433bb508a08ef46e
examples/hello.slim	29	71	0	e3b0c44298fc1c149afbf4c8996fb92427ae41e4649b934ca495991b7852b855	80ec563d0793e5ee069d6c452374ceb5e522bbd8ff6b4ea01407fa1d188af173
examples/hello.slim	30	71	0	e3b0c44298fc1c149afbf4c8996fb92427ae41e4649b934ca495991b7852b855	e173c9b4b835483d1864378a9476023dc6d5b128db9f5746c945c0f4bfe200ad
examples/hello.slim	31	71	0	e3b0c44298fc1c149afbf4c8996fb92427ae41e4649b934ca495991b7852b855	dbd858c0ff135d6ff11ee6c6fc236235076a1303f3ac0845f23e63833b6134d6
examples/hello.slim	32	71	0	e3b0c44298fc1c149afbf4c8996fb92427ae41e4649b934ca495991b7852b855	bfeea1177fd08aede26df44820adedd9aafeda75efaf4587dd8b1034f093ebd9
examples/hello.slim	33	71	0	e3b0c44298fc1c149afbf4c8996fb92427ae41e4649b934ca495991b7852b855	c01d4c5ac58f1962ca975f87e0b1e18eb4fbc5066115f2fa13df211c75f033c7
examples/hello.slim	34	71	0	e3b0c44298fc1c149afbf4c8996fb92427ae41e4649b934ca495991b7852b855	66577105965b4366fa3bc0f3357fe3452bd50c2e91df13923bed559df9f0b0c8
examples/hello.slim	35	71	0	e3b0c44298fc1c149afbf4c8996fb92427ae41e4649b934ca495991b7852b855	32ce41ea6f0f7d8e19a35966fe3f3068d61183e41e70a6fd6b46368f5ced817b
examples/hello.slim	36	71	0	e3b0c44298fc1c149afbf4c8996fb92427ae41e4649b934ca495991b7852b855	82a2ab59c5cc864f17906b81ed46d8c95a997a86b6371fcc504ba1d358b3ae5a
examples/hello.slim	37	71	0	e3b0c44298fc1c149afbf4c8996fb92427ae41e4649b934ca495991b7852b855	9e08aeb1da5ff592bd4141ffb5d4b415bd6e00ef354f97483a65d92c798e48b4
examples/hello.slim	38	71	0	e3b0c44298fc1c149afbf4c8996fb92427ae41e4649b934ca495991b7852b855	66c3893b63c8e554a481ee664a6120cc6682a09c890c523768dcf82bf1f90f94
examples/hello.slim	39	71	0	e3b0c44298fc1c149afbf4c8996fb92427ae41e4649b934ca495991b7852b855	f69ef26d73e9659f6532b66b3b80bc2956cdcbd3af59189a1b0a5306ba40747a
examples/hello.slim	40	71	0	e3b0c44298fc1c149afbf4c8996fb92427ae41e4649b934ca495991b7852b855	a754f8a97d58a9092ad75c73a25a4b4c39ba6c885830b29ff9535eda6f456268
examples/hello.slim	41	71	0	e3b0c44298fc1c149afbf4c8996fb92427ae41e4649b934ca495991b7852b855	42a4eacfc040fe1a549f81d5f3e5a30886803e4616bb4165fb959e9aa9138256
examples/hello.slim	42	71	0	e3b0c44298fc1c149afbf4c8996fb92427ae41e4649b934ca495991b7852b855	fdcb59878c64d4422ced949554025e7ce091624c6ff030fdbec48a4a0c036d8a
examples/hello.slim	43	71	0	e3b0c44298fc1c149afbf4c8996fb92427ae41e4649b934ca495991b7852b855	b2696f41787f9efd6688c165a3c0c0b05cb33947a31cf171e6a97d1785abdb00
examples/hello.slim	44	71	0	e3b0c44298fc1c149afbf4c8996fb92427ae41e4649b934ca495991b7852b855	dcb61d9f415173a158e58dfc0f4d4e12ffc0594c153e47a7eaa9653a279d6105
examples/hello.slim	45	71	0	e3b0c44298fc1c149afbf4c8996fb92427ae41e4649b934ca495991b7852b855	a4cfc184af230085a63404dab0e22d19cf1c16fb7953e0371d1660b8fa429bbc
examples/hello.slim	46	71	0	e3b0c44298fc1c149afbf4c8996fb92427ae41e4649b934ca495991b7852b855	9a07919762ab3e52c5677e7194d886d7d28371d7fd1e60d5c4296065142f6870
examples/hello.slim	47	71	0	e3b0c44298fc1c149afbf4c8996fb92427ae41e4649b934ca495991b7852b855	528b342c8133631d5f5d5a448314e66699b40d157f92472b9aee9101728e549c
examples/hello.slim	48	71	0	e3b0c44298fc1c149afbf4c8996fb92427ae41e4649b934ca495991b7852b855	f32286aaf8641435a7bfeac25232d4f95eb63256d738cbcd92240ec5c44ce1d2
examples/hello.slim	49	71	0	e3b0c44298fc1c149afbf4c8996fb92427ae41e4649b934ca495991b7852b855	077c200d2ea5f47ac2aae56d0953b9ea083b1d9b547d69818d2e00d25a76824d
examples/hello.slim	50	71	0	e3b0c44298fc1c149afbf4c8996fb92427ae41e4649b934ca495991b7852b855	396887afe8c5c1e22a2ce4a7113b31a0249e7d00cacd766c087796389a06ae8f
examples/hello.slim	51	71	0	e3b0c44298fc1c149afbf4c8996fb92427ae41e4649b934ca495991b7852b855	0ca77d66f410a409e16ccef8684f402a4fa7d883499ca2e28b56c10117833ddf
examples/hello.slim	52	71	0	e3b0c44298fc1c149afbf4c8996fb92427ae41e4649b934ca495991b7852b855	e29a5a4988baa10d27b519ef8264c162f7070f399bbbfc293435ba61a0e9251d
examples/hello.slim	53	71	0	e3b0c44298fc1c149afbf4c8996fb92427ae41e4649b934ca495991b7852b855	cd37a8f3ff271bfcce6497ec44f8c1e3c9fdc5c3bc644f85c0b0bc8c2bcaa4c5
examples/hello.slim	54	71	0	e3b0c44298fc1c149afbf4c8996fb92427ae41e4649b934ca495991b7852b855	59574aa6db0507cc3dfb88b55e1de3ae4b88d0966894936e1ae2e026ecadfefb
examples/hello.slim	55	71	0	e3b0c44298fc1c149afbf4c8996fb92427ae41e4649b934ca495991b7852b855	89ee3cd5a5a5023780cd3c97030de1b42dad8dae848e09de7686ebe84eacb379
examples/hello.slim	56	71	0	e3b0c44298fc1c149afbf4c8996fb92427ae41e4649b934ca495991b7852b855	7a1c852958946b594a8cc3acf2ef1db54ac902d8cc44d0b6fc58be57e2d3b077
examples/hello.slim	57	71	0	e3b0c44298fc1c149afbf4c8996fb92427ae41e4649b934ca495991b7852b855	856174d323ae7d8ab62de7785e4d6a872ef09fb9522f0120a4cac4f079cafae3
examples/hello.slim	58	71	0	e3b0c44298fc1c149afbf4c8996fb92427ae41e4649b934ca495991b7852b855	e700b960acf582c6084521c23f74a5a0479202ccc4f04594b2c17b290610bef9
examples/hello.slim	59	71	0	e3b0c44298fc1c149afbf4c8996fb92427ae41e4649b934ca495991b7852b855	3a8bffadb10c72a33b5cccbb2db5ee144f6eb9a0191ced73f28a03d836695cbb
examples/hello.slim	60	71	0	e3b0c44298fc1c149afbf4c8996fb92427ae41e4649b934ca495991b7852b855	c0bc445abf2c2243161b6a54078eb0b9c5c0e6120954665d086354812ce36f54
examples/hello.slim	61	71	0	e3b0c44298fc1c149afbf4c8996fb92427ae41e4649b934ca495991b7852b855	efbaa8982d6105926c2210eec1e05c27f377948271cac8374469d09672370069
examples/hello.slim	62	71	0	e3b0c44298fc1c149afbf4c8996fb92427ae41e4649b934ca495991b7852b855	fcb0cb77c0c401fe188e23486aa3d1c71ce8f1f47ce621d1eecc0af5414c2bf8
examples/hello.slim	63	71	0	e3b0c44298fc1c149afbf4c8996fb92427ae41e4649b934ca495991b7852b855	dae91481f5aaa03102752847f44ea70d1b9c6c27aea6162efc2eb45b103f618b
examples/hello.slim	64	71	0	e3b0c44298fc1c149afbf4c8996fb92427ae41e4649b934ca495991b7852b855	8d0e4b0c5aa03f9d30e66032cc1d5bc17d97de2fb15ed90586c84df8896c3392
examples/hello.slim	65	71	0	e3b0c44298fc1c149afbf4c8996fb92427ae41e4649b934ca495991b7852b855	0712b8bd527e95c34179fb80c0aaed4de36eef8a59477cc130fb5925af11ddb6
examples/hello.slim	66	71	0	e3b0c44298fc1c149afbf4c8996fb92427ae41e4649b934ca495991b7852b855	2b5f26312c33df4a4f0dfe4e497d9b74c7850e0d094510764abd771c96c908ea
examples/hello.slim	67	71	0	e3b0c44298fc1c149afbf4c8996fb92427ae41e4649b934ca495991b7852b855	19f5136ba2fff009ec2bbfa8696189208c76da7d579155b53af5fcc456410a7e
examples/hello.slim	68	71	0	e3b0c44298fc1c149afbf4c8996fb92427ae41e4649b934ca495991b7852b855	034160625084bdf6d0f39f943d82a5bd7aa1f77a9cb8c322454eaeee223b1c8c
examples/hello.slim	69	71	0	e3b0c44298fc1c149afbf4c8996fb92427ae41e4649b934ca495991b7852b855	3aa1a9337520e8914b53730bc6c3630ae0247e6912b2fcb52823b63ce9652be0
examples/hello.slim	70	71	0	e3b0c44298fc1c149afbf4c8996fb92427ae41e4649b934ca495991b7852b855	7cbaaee8069f5239d83c87914f2525bee26ed334323a7883dedbbe69abaef27c
examples/hello.slim	71	71	0	e3b0c44298fc1c149afbf4c8996fb92427ae41e4649b934ca495991b7852b855	8412f4fd1d9e372654dff43ba19669438eaeda550e4f039a2efdc928b4043a40
examples/hello.slim	72	71	0	e3b0c44298fc1c149afbf4c8996fb92427ae41e4649b934ca495991b7852b855	8efbd56dbfadd5b17e9d48914db9a2d35c513c7a5867090aebf2a5d96b6c2b83
examples/hello.slim	73	71	0	e3b0c44298fc1c149afbf4c8996fb92427ae41e4649b934ca495991b7852b855	c995e4b33fa4ef8df690a91e9e4b2994daab445f23867276a02031a7ace89866
examples/hello.slim	74	71	0	e3b0c44298fc1c149afbf4c8996fb92427ae41e4649b934ca495991b7852b855	6163fe39688da343cef1133479ab912828eddf2db200b25177d3c175bbf32ce5
examples/hello.slim	75	71	0	e3b0c44298fc1c149afbf4c8996fb92427ae41e4649b934ca495991b7852b855	f2c901b84af68259b20a74a1ebc1a1964b2b183e2c8a17a141effea7af6e14bd
examples/hello.slim	76	71	0	e3b0c44298fc1c149afbf4c8996fb92427ae41e4649b934ca495991b7852b855	67634158302f4899173cdf9d09eb5ed282f0d4e453691d2fd4f3512393bec08c
examples/hello.slim	77	71	0	e3b0c44298fc1c149afbf4c8996fb92427ae41e4649b934ca495991b7852b855	740abc30f8215e6d401104555a9453c6f067b78ab74f994601d61e3754ff25e6
examples/hello.slim	78	71	0	e3b0c44298fc1c149afbf4c8996fb92427ae41e4649b934ca495991b7852b855	6b511c4aabaa7094bba16d8f725044b76ceb00eb3724c9e3c8981c2f02652217
examples/hello.slim	79	71	0	e3b0c44298fc1c149afbf4c8996fb92427ae41e4649b934ca495991b7852b855	963e199cb2136b2e9362693e3eeebba884e34ed5e98be25d5195fd69668bd1ce
examples/hello.slim	80	71	0	e3b0c44298fc1c149afbf4c8996fb92427ae41e4649b934ca495991b7852b855	a96a128f126fefc9c7051870296b60d5bd9c719b31ddca3a2c70dca7c5274ae3
examples/hello.slim	81	71	0	e3b0c44298fc1c149afbf4c8996fb92427ae41e4649b934ca495991b7852b855	e3873dba94839d9d2af90ccc9c3e40977a9a7184a69cbb2d5189889d9139dfbd
examples/hello.slim	82	71	0	e3b0c44298fc1c149afbf4c8996fb92427ae41e4649b934ca495991b7852b855	bbab5ca46d072cf70847d99c73c91eab6b62ef3943bf927fd6e24abfc787eaa6
examples/hello.slim	83	71	0	e3b0c44298fc1c149afbf4c8996fb92427ae41e4649b934ca495991b7852b855	1c0a780d0c79f94180dbff23f07cbde3c88d2fe7d80e77d86ec077791cfeaf6f
examples/hello.slim	84	71	0	e3b0c44298fc1c149afbf4c8996fb92427ae41e4649b934ca495991b7852b855	cd62b2aa033d076fc6bf38a2990ac0c77a5d986fe9e8081b3c910bd21a610c7c
examples/hello.slim	85	71	0	e3b0c44298fc1c149afbf4c8996fb92427ae41e4649b934ca495991b7852b855	aeccef3eb14dddbaade1f961196f5b6bc78ad7e7db5755da8320050222d0a8d1
examples/hello.slim	86	71	0	e3b0c44298fc1c149afbf4c8996fb92427ae41e4649b934ca495991b7852b855	a0651a47ab83dad774c420b7aa033b9e8ddc4a314ccf4256ab4d566ebd4a2548
examples/hello.slim	87	71	0	e3b0c44298fc1c149afbf4c8996fb92427ae41e4649b934ca495991b7852b855	3361f08010792ca72fa6102577942935b5bbd71d3d10f3157c060f16dd593c3a
examples/hello.slim	88	71	0	e3b0c44298fc1c149afbf4c8996fb92427ae41e4649b934ca495991b7852b855	031f2c5e42f774b06877a514e9bf596e000c24138fc7326949868128c4b94469
examples/hello.slim	89	71	0	e3b0c44298fc1c149afbf4c8996fb92427ae41e4649b934ca495991b7852b855	d1e6cce4c5d281024f65d70c02831eda9b277d1957aa320817388499d8da46fb
examples/hello.slim	90	71	0	e3b0c44298fc1c149afbf4c8996fb92427ae41e4649b934ca495991b7852b855	a545a967601983af4d34a18fde8b253d5d65bd132f10b06f1c3401f475b1e02c
examples/hello.slim	91	71	0	e3b0c44298fc1c149afbf4c8996fb92427ae41e4649b934ca495991b7852b855	a347cc9257d7db944163cbb58a41d32876343e9d4a84ea83d0cfb60a388d942b
examples/hello.slim	92	71	0	e3b0c44298fc1c149afbf4c8996fb92427ae41e4649b934ca495991b7852b855	a54060b7e205e008edbe4be289bd28b3728b125f2d236acc2946e3980074fe14
examples/hello.slim	93	71	0	e3b0c44298fc1c149afbf4c8996fb92427ae41e4649b934ca495991b7852b855	4840aec087fe8ba84826b8bfba5003b419d17fd3e22609189f5b1cf17178d6ba
examples/hello.slim	94	71	0	e3b0c44298fc1c149afbf4c8996fb92427ae41e4649b934ca495991b7852b855	4d325243dee3b12de90bbfa7aaf3cc21ebc086ff5b30649cf69b9d3618a12129
examples/hello.slim	95	71	0	e3b0c44298fc1c149afbf4c8996fb92427ae41e4649b934ca495991b7852b855	5e4028e9e7c5202632d5466fb684a601548d84ba28c1bb90d84b51620c668a02
examples/hello.slim	96	71	0	e3b0c44298fc1c149afbf4c8996fb92427ae41e4649b934ca495991b7852b855	6672f445648172257f842fb03275ed59f02583053be4c9beaf4384748387727c
examples/hello.slim	97	71	0	e3b0c44298fc1c149afbf4c8996fb92427ae41e4649b934ca495991b7852b855	8b12d34e5855c7f5032733fba39c225e43d7b84eb9fa5717e76f430c77153993
examples/hello.slim	98	71	0	e3b0c44298fc1c149afbf4c8996fb92427ae41e4649b934ca495991b7852b855	12de7a66c82a3e2040ee8b6f1d877d6a0b1aa21249a321bb20b69407c938a04e
examples/hello.slim	99	71	0	e3b0c44298fc1c149afbf4c8996fb92427ae41e4649b934ca495991b7852b855	6bb5a79cbd6f4d0d0defc1bc21bec52e19df3899de64f6f80f9ce16791304dcb
examples/hello.slim	100	71	0	e3b0c44298fc1c149afbf4c8996fb92427ae41e4649b934ca495991b7852b855	5dfe6a47e0013e7a2ae844f298d0539b576577d783eab0d6848d63d2e50302dc
examples/hello.slim	101	71	0	e3b0c44298fc1c149afbf4c8996fb92427ae41e4649b934ca495991b7852b855	196fd6fd685309bf0a6ff596287923eb1853117b4ce16f52c4ee7a1c95d8a75b
examples/hello.slim	102	71	0	e3b0c44298fc1c149afbf4c8996fb92427ae41e4649b934ca495991b7852b855	ab0f3f533007e1fd372df5e7bf5512345cfa13c67696ba2496d83c9389f08743
examples/hello.slim	103	71	0	e3b0c44298fc1c149afbf4c8996fb92427ae41e4649b934ca495991b7852b855	6290e318743a1b7720074964838366eb93b0ea59ca29147f90b71bf0938c76cf
examples/hello.slim	104	71	0	e3b0c44298fc1c149afbf4c8996fb92427ae41e4649b934ca495991b7852b855	e7500b00de785c9d530aab71b2af64b57690e2e6109d7e12f4f79b3d484881f3
examples/hello.slim	105	71	0	e3b0c44298fc1c149afbf4c8996fb92427ae41e4649b934ca495991b7852b855	e8e2515aacbc347f1f3747dd7ce0e8f7e003d45561007990d231388807e9b40c
examples/hello.slim	106	71	0	e3b0c44298fc1c149afbf4c8996fb92427ae41e4649b934ca495991b7852b855	d39f3a0156be7ff3fda0bd307c6bee1252cd87594488b1ab47a33b013407363e
examples/hello.slim	107	71	0	e3b0c44298fc1c149afbf4c8996fb92427ae41e4649b934ca495991b7852b855	5925bfeb43b912765ff761d7a3720ef2f1883079731516a07eeadb21cb3b3600
examples/hello.slim	108	71	0	e3b0c44298fc1c149afbf4c8996fb92427ae41e4649b934ca495991b7852b855	097f35b0160bc739f88f3a252935bacf296d505831e1a17d4455dbd920c3cb65
examples/hello.slim	109	71	0	e3b0c44298fc1c149afbf4c8996fb92427ae41e4649b934ca495991b7852b855	d8efeef63c69d5fc7d9f4a33689dbca43d335abe8716d4d558ffb17d4d6edbfd
examples/hello.slim	110	71	0	e3b0c44298fc1c149afbf4c8996fb92427ae41e4649b934ca495991b7852b855	bc0593851a07b581d4c0ade8b65034f456d60875a8c334919bb689b9b961cb0f
examples/hello.slim	111	71	0	e3b0c44298fc1c149afbf4c8996fb92427ae41e4649b934ca495991b7852b855	0439963f895a19255b399f75aeb338d550cc8a4a2c6e90a9b6dfa23ecfbb5131
examples/hello.slim	112	71	0	e3b0c44298fc1c149afbf4c8996fb92427ae41e4649b934ca495991b7852b855	78d31717c87c05700a96e865eabd20eef05f0a95e7dea3cf6af1d7732c5ae470
examples/hello.slim	113	71	0	e3b0c44298fc1c149afbf4c8996fb92427ae41e4649b934ca495991b7852b855	721ece5a5835302fbab2bdfc40acb167bd13b17ac8825653ae30f71f5e7397f1
examples/hello.slim	114	71	0	e3b0c44298fc1c149afbf4c8996fb92427ae41e4649b934ca495991b7852b855	0c3f74e9ad662b0d5c8e62fc5ba7c9a39e9c47711a065d8e2db2df3f52121277
examples/hello.slim	115	71	0	e3b0c44298fc1c149afbf4c8996fb92427ae41e4649b934ca495991b7852b855	0d2f69ab1be25e0a00ab258fc5cc70c19e46871990dbf3e1649cac050843183b
examples/hello.slim	116	71	0	e3b0c44298fc1c149afbf4c8996fb92427ae41e4649b934ca495991b7852b855	9a6b295f7a2cfb44a6f4cc271b97f95b8f2c06b6f20851ec47f3566803e258ef
examples/hello.slim	117	0	1692	5a77d213edf9a165699655c004bd47c5e07c346a9056856c1922851dcc990c0b	e3b0c44298fc1c149afbf4c8996fb92427ae41e4649b934ca495991b7852b855
examples/hello.slim	118	0	1692	5a77d213edf9a165699655c004bd47c5e07c346a9056856c1922851dcc990c0b	e3b0c44298fc1c149afbf4c8996fb92427ae41e4649b934ca495991b7852b855
examples/hello.slim	119	0	1692	5a77d213edf9a165699655c004bd47c5e07c346a9056856c1922851dcc990c0b	e3b0c44298fc1c149afbf4c8996fb92427ae41e4649b934ca495991b7852b855
examples/hello.slim	120	0	1692	5a77d213edf9a165699655c004bd47c5e07c346a9056856c1922851dcc990c0b	e3b0c44298fc1c149afbf4c8996fb92427ae41e4649b934ca495991b7852b855
examples/hello.slim	121	0	1692	5a77d213edf9a165699655c004bd47c5e07c346a9056856c1922851dcc990c0b	e3b0c44298fc1c149afbf4c8996fb92427ae41e4649b934ca495991b7852b855
examples/hello.slim	122	0	1692	5a77d213edf9a165699655c004bd47c5e07c346a9056856c1922851dcc990c0b	e3b0c44298fc1c149afbf4c8996fb92427ae41e4649b934ca495991b7852b855
examples/hello.slim	123	0	1692	5a77d213edf9a165699655c004bd47c5e07c346a9056856c1922851dcc990c0b	e3b0c44298fc1c149afbf4c8996fb92427ae41e4649b934ca495991b7852b855
examples/hello.slim	124	0	1692	5a77d213edf9a165699655c004bd47c5e07c346a9056856c1922851dcc990c0b	e3b0c44298fc1c149afbf4c8996fb92427ae41e4649b934ca495991b7852b855
examples/hello.slim	125	0	1692	5a77d213edf9a165699655c004bd47c5e07c346a9056856c1922851dcc990c0b	e3b0c44298fc1c149afbf4c8996fb92427ae41e4649b934ca495991b7852b855
examples/hello.slim	126	0	1692	5a77d213edf9a165699655c004bd47c5e07c346a9056856c1922851dcc990c0b	e3b0c44298fc1c149afbf4c8996fb92427ae41e4649b934ca495991b7852b855
examples/hello.slim	127	0	1692	5a77d213edf9a165699655c004bd47c5e07c346a9056856c1922851dcc990c0b	e3b0c44298fc1c149afbf4c8996fb92427ae41e4649b934ca495991b7852b855
examples/hello.slim	128	0	1692	5a77d213edf9a165699655c004bd47c5e07c346a9056856c1922851dcc990c0b	e3b0c44298fc1c149afbf4c8996fb92427ae41e4649b934ca495991b7852b855
examples/hello.slim	129	0	1692	5a77d213edf9a165699655c004bd47c5e07c346a9056856c1922851dcc990c0b	e3b0c44298fc1c149afbf4c8996fb92427ae41e4649b934ca495991b7852b855
examples/hello.slim	130	0	1692	5a77d213edf9a165699655c004bd47c5e07c346a9056856c1922851dcc990c0b	e3b0c44298fc1c149afbf4c8996fb92427ae41e4649b934ca495991b7852b855
examples/hello.slim	131	0	1692	5a77d213edf9a165699655c004bd47c5e07c346a9056856c1922851dcc990c0b	e3b0c44298fc1c149afbf4c8996fb92427ae41e4649b934ca495991b7852b855
examples/hello.slim	132	0	1692	5a77d213edf9a165699655c004bd47c5e07c346a9056856c1922851dcc990c0b	e3b0c44298fc1c149afbf4c8996fb92427ae41e4649b934ca495991b7852b855
examples/hello.slim	133	0	1692	5a77d213edf9a165699655c004bd47c5e07c346a9056856c1922851dcc990c0b	e3b0c44298fc1c149afbf4c8996fb92427ae41e4649b934ca495991b7852b855
examples/hello.slim	134	0	1692	5a77d213edf9a165699655c004bd47c5e07c346a9056856c1922851dcc990c0b	e3b0c44298fc1c149afbf4c8996fb92427ae41e4649b934ca495991b7852b855
examples/hello.slim	135	0	1692	5a77d213edf9a165699655c004bd47c5e07c346a9056856c1922851dcc990c0b	e3b0c44298fc1c149afbf4c8996fb92427ae41e4649b934ca495991b7852b855
examples/hello.slim	136	0	1692	5a77d213edf9a165699655c004bd47c5e07c346a9056856c1922851dcc990c0b	e3b0c44298fc1c149afbf4c8996fb92427ae41e4649b934ca495991b7852b855
examples/hello.slim	137	0	1692	5a77d213edf9a165699655c004bd47c5e07c346a9056856c1922851dcc990c0b	e3b0c44298fc1c149afbf4c8996fb92427ae41e4649b934ca495991b7852b855
examples/hello.slim	138	0	1692	5a77d213edf9a165699655c004bd47c5e07c346a9056856c1922851dcc990c0b	e3b0c44298fc1c149afbf4c8996fb92427ae41e4649b934ca495991b7852b855
examples/hello.slim	139	0	1692	5a77d213edf9a165699655c004bd47c5e07c346a9056856c1922851dcc990c0b	e3b0c44298fc1c149afbf4c8996fb92427ae41e4649b934ca495991b7852b855
examples/hello.slim	140	0	1692	5a77d213edf9a165699655c004bd47c5e07c346a9056856c1922851dcc990c0b	e3b0c44298fc1c149afbf4c8996fb92427ae41e4649b934ca495991b7852b855
examples/hello.slim	141	0	1692	5a77d213edf9a165699655c004bd47c5e07c346a9056856c1922851dcc990c0b	e3b0c44298fc1c149afbf4c8996fb92427ae41e4649b934ca495991b7852b855
examples/hello.slim	142	0	1692	5a77d213edf9a165699655c004bd47c5e07c346a9056856c1922851dcc990c0b	e3b0c44298fc1c149afbf4c8996fb92427ae41e4649b934ca495991b7852b855
examples/hello.slim	143	0	1692	5a77d213edf9a165699655c004bd47c5e07c346a9056856c1922851dcc990c0b	e3b0c44298fc1c149afbf4c8996fb92427ae41e4649b934ca495991b7852b855
examples/hello.slim	144	0	1692	5a77d213edf9a165699655c004bd47c5e07c346a9056856c1922851dcc990c0b	e3b0c44298fc1c149afbf4c8996fb92427ae41e4649b934ca495991b7852b855
examples/hello.slim	145	0	1692	5a77d213edf9a165699655c004bd47c5e07c346a9056856c1922851dcc990c0b	e3b0c44298fc1c149afbf4c8996fb92427ae41e4649b934ca495991b7852b855
examples/hello.slim	146	0	1692	5a77d213edf9a165699655c004bd47c5e07c346a9056856c1922851dcc990c0b	e3b0c44298fc1c149afbf4c8996fb92427ae41e4649b934ca495991b7852b855
examples/hello.slim	147	0	1692	5a77d213edf9a165699655c004bd47c5e07c346a9056856c1922851dcc990c0b	e3b0c44298fc1c149afbf4c8996fb92427ae41e4649b934ca495991b7852b855
examples/hello.slim	148	0	1692	5a77d213edf9a165699655c004bd47c5e07c346a9056856c1922851dcc990c0b	e3b0c44298fc1c149afbf4c8996fb92427ae41e4649b934ca495991b7852b855
examples/hello.slim	149	0	1692	5a77d213edf9a165699655c004bd47c5e07c346a9056856c1922851dcc990c0b	e3b0c44298fc1c149afbf4c8996fb92427ae41e4649b934ca495991b7852b855
examples/hello.slim	150	0	1692	5a77d213edf9a165699655c004bd47c5e07c346a9056856c1922851dcc990c0b	e3b0c44298fc1c149afbf4c8996fb92427ae41e4649b934ca495991b7852b855
examples/hello.slim	151	0	1692	5a77d213edf9a165699655c004bd47c5e07c346a9056856c1922851dcc990c0b	e3b0c44298fc1c149afbf4c8996fb92427ae41e4649b934ca495991b7852b855
examples/hello.slim	152	0	1692	5a77d213edf9a165699655c004bd47c5e07c346a9056856c1922851dcc990c0b	e3b0c44298fc1c149afbf4c8996fb92427ae41e4649b934ca495991b7852b855
examples/hello.slim	153	0	1692	5a77d213edf9a165699655c004bd47c5e07c346a9056856c1922851dcc990c0b	e3b0c44298fc1c149afbf4c8996fb92427ae41e4649b934ca495991b7852b855
examples/hello.slim	154	0	1692	5a77d213edf9a165699655c004bd47c5e07c346a9056856c1922851dcc990c0b	e3b0c44298fc1c149afbf4c8996fb92427ae41e4649b934ca495991b7852b855
examples/hello.slim	155	0	1692	5a77d213edf9a165699655c004bd47c5e07c346a9056856c1922851dcc990c0b	e3b0c44298fc1c149afbf4c8996fb92427ae41e4649b934ca495991b7852b855
examples/hello.slim	156	0	1692	5a77d213edf9a165699655c004bd47c5e07c346a9056856c1922851dcc990c0b	e3b0c44298fc1c149afbf4c8996fb92427ae41e4649b934ca495991b7852b855
examples/hello.slim	157	0	1692	5a77d213edf9a165699655c004bd47c5e07c346a9056856c1922851dcc990c0b	e3b0c44298fc1c149afbf4c8996fb92427ae41e4649b934ca495991b7852b855
examples/hello.slim	158	0	1692	5a77d213edf9a165699655c004bd47c5e07c346a9056856c1922851dcc990c0b	e3b0c44298fc1c149afbf4c8996fb92427ae41e4649b934ca495991b7852b855
examples/hello.slim	159	0	1692	5a77d213edf9a165699655c004bd47c5e07c346a9056856c1922851dcc990c0b	e3b0c44298fc1c149afbf4c8996fb92427ae41e4649b934ca495991b7852b855
examples/hello.slim	160	0	1692	5a77d213edf9a165699655c004bd47c5e07c346a9056856c1922851dcc990c0b	e3b0c44298fc1c149afbf4c8996fb92427ae41e4649b934ca495991b7852b855
examples/hello.slim	161	0	1692	5a77d213edf9a165699655c004bd47c5e07c346a9056856c1922851dcc990c0b	e3b0c44298fc1c149afbf4c8996fb92427ae41e4649b934ca495991b7852b855
examples/hello.slim	162	0	1692	5a77d213edf9a165699655c004bd47c5e07c346a9056856c1922851dcc990c0b	e3b0c44298fc1c149afbf4c8996fb92427ae41e4649b934ca495991b7852b855
examples/hello.slim	163	0	1692	5a77d213edf9a165699655c004bd47c5e07c346a9056856c1922851dcc990c0b	e3b0c44298fc1c149afbf4c8996fb92427ae41e4649b934ca495991b7852b855
examples/hello.slim	164	0	1692	5a77d213edf9a165699655c004bd47c5e07c346a9056856c1922851dcc990c0b	e3b0c44298fc1c149afbf4c8996fb92427ae41e4649b934ca495991b7852b855
examples/hello.slim	165	0	1692	5a77d213edf9a165699655c004bd47c5e07c346a9056856c1922851dcc990c0b	e3b0c44298fc1c149afbf4c8996fb92427ae41e4649b934ca495991b7852b855
examples/hello.slim	166	0	1692	5a77d213edf9a165699655c004bd47c5e07c346a9056856c1922851dcc990c0b	e3b0c44298fc1c149afbf4c8996fb92427ae41e4649b934ca495991b7852b855
examples/hello.slim	167	0	1692	5a77d213edf9a165699655c004bd47c5e07c346a9056856c1922851dcc990c0b	e3b0c44298fc1c149afbf4c8996fb92427ae41e4649b934ca495991b7852b855
examples/hello.slim	168	0	1692	5a77d213edf9a165699655c004bd47c5e07c346a9056856c1922851dcc990c0b	e3b0c44298fc1c149afbf4c8996fb92427ae41e4649b934ca495991b7852b855
examples/hello.slim	169	0	1692	5a77d213edf9a165699655c004bd47c5e07c346a9056856c1922851dcc990c0b	e3b0c44298fc1c149afbf4c8996fb92427ae41e4649b934ca495991b7852b855
examples/hello.slim	170	0	1692	5a77d213edf9a165699655c004bd47c5e07c346a9056856c1922851dcc990c0b	e3b0c44298fc1c149afbf4c8996fb92427ae41e4649b934ca495991b7852b855
examples/hello.slim	171	0	1692	5a77d213edf9a165699655c004bd47c5e07c346a9056856c1922851dcc990c0b	e3b0c44298fc1c149afbf4c8996fb92427ae41e4649b934ca495991b7852b855
examples/hello.slim	172	0	1692	5a77d213edf9a165699655c004bd47c5e07c346a9056856c1922851dcc990c0b	e3b0c44298fc1c149afbf4c8996fb92427ae41e4649b934ca495991b7852b855
examples/hello.slim	173	0	1692	5a77d213edf9a165699655c004bd47c5e07c346a9056856c1922851dcc990c0b	e3b0c44298fc1c149afbf4c8996fb92427ae41e4649b934ca495991b7852b855
examples/hello.slim	174	0	1692	5a77d213edf9a165699655c004bd47c5e07c346a9056856c1922851dcc990c0b	e3b0c44298fc1c149afbf4c8996fb92427ae41e4649b934ca495991b7852b855
examples/hello.slim	175	0	1692	5a77d213edf9a165699655c004bd47c5e07c346a9056856c1922851dcc990c0b	e3b0c44298fc1c149afbf4c8996fb92427ae41e4649b934ca495991b7852b855
examples/hello.slim	176	0	1692	5a77d213edf9a165699655c004bd47c5e07c346a9056856c1922851dcc990c0b	e3b0c44298fc1c149afbf4c8996fb92427ae41e4649b934ca495991b7852b855
examples/hello.slim	177	0	1692	5a77d213edf9a165699655c004bd47c5e07c346a9056856c1922851dcc990c0b	e3b0c44298fc1c149afbf4c8996fb92427ae41e4649b934ca495991b7852b855
examples/hello.slim	178	0	1692	5a77d213edf9a165699655c004bd47c5e07c346a9056856c1922851dcc990c0b	e3b0c44298fc1c149afbf4c8996fb92427ae41e4649b934ca495991b7852b855
examples/hello.slim	179	0	1692	5a77d213edf9a165699655c004bd47c5e07c346a9056856c1922851dcc990c0b	e3b0c44298fc1c149afbf4c8996fb92427ae41e4649b934ca495991b7852b855
examples/hello.slim	180	0	1692	5a77d213edf9a165699655c004bd47c5e07c346a9056856c1922851dcc990c0b	e3b0c44298fc1c149afbf4c8996fb92427ae41e4649b934ca495991b7852b855
examples/hello.slim	181	0	1692	5a77d213edf9a165699655c004bd47c5e07c346a9056856c1922851dcc990c0b	e3b0c44298fc1c149afbf4c8996fb92427ae41e4649b934ca495991b7852b855
examples/hello.slim	182	0	1692	5a77d213edf9a165699655c004bd47c5e07c346a9056856c1922851dcc990c0b	e3b0c44298fc1c149afbf4c8996fb92427ae41e4649b934ca495991b7852b855
examples/hello.slim	183	0	1692	5a77d213edf9a165699655c004bd47c5e07c346a9056856c1922851dcc990c0b	e3b0c44298fc1c149afbf4c8996fb92427ae41e4649b934ca495991b7852b855
examples/hello.slim	184	0	1692	5a77d213edf9a165699655c004bd47c5e07c346a9056856c1922851dcc990c0b	e3b0c44298fc1c149afbf4c8996fb92427ae41e4649b934ca495991b7852b855
examples/hello.slim	185	0	1692	5a77d213edf9a165699655c004bd47c5e07c346a9056856c1922851dcc990c0b	e3b0c44298fc1c149afbf4c8996fb92427ae41e4649b934ca495991b7852b855
examples/hello.slim	186	0	1692	5a77d213edf9a165699655c004bd47c5e07c346a9056856c1922851dcc990c0b	e3b0c44298fc1c149afbf4c8996fb92427ae41e4649b934ca495991b7852b855
examples/hello.slim	187	0	1692	5a77d213edf9a165699655c004bd47c5e07c346a9056856c1922851dcc990c0b	e3b0c44298fc1c149afbf4c8996fb92427ae41e4649b934ca495991b7852b855
examples/hello.slim	188	0	1692	5a77d213edf9a165699655c004bd47c5e07c346a9056856c1922851dcc990c0b	e3b0c44298fc1c149afbf4c8996fb92427ae41e4649b934ca495991b7852b855
examples/hello.slim	189	0	1692	5a77d213edf9a165699655c004bd47c5e07c346a9056856c1922851dcc990c0b	e3b0c44298fc1c149afbf4c8996fb92427ae41e4649b934ca495991b7852b855
examples/hello.slim	190	0	1692	5a77d213edf9a165699655c004bd47c5e07c346a9056856c1922851dcc990c0b	e3b0c44298fc1c149afbf4c8996fb92427ae41e4649b934ca495991b7852b855
examples/hello.slim	191	0	1692	5a77d213edf9a165699655c004bd47c5e07c346a9056856c1922851dcc990c0b	e3b0c44298fc1c149afbf4c8996fb92427ae41e4649b934ca495991b7852b855
examples/hello.slim	192	0	1692	5a77d213edf9a165699655c004bd47c5e07c346a9056856c1922851dcc990c0b	e3b0c44298fc1c149afbf4c8996fb92427ae41e4649b934ca495991b7852b855
examples/hello.slim	193	0	1692	5a77d213edf9a165699655c004bd47c5e07c346a9056856c1922851dcc990c0b	e3b0c44298fc1c149afbf4c8996fb92427ae41e4649b934ca495991b7852b855
examples/hello.slim	194	0	1692	5a77d213edf9a165699655c004bd47c5e07c346a9056856c1922851dcc990c0b	e3b0c44298fc1c149afbf4c8996fb92427ae41e4649b934ca495991b7852b855
examples/hello.slim	195	0	1692	5a77d213edf9a165699655c004bd47c5e07c346a9056856c1922851dcc990c0b	e3b0c44298fc1c149afbf4c8996fb92427ae41e4649b934ca495991b7852b855
examples/hello.slim	196	0	1692	5a77d213edf9a165699655c004bd47c5e07c346a9056856c1922851dcc990c0b	e3b0c44298fc1c149afbf4c8996fb92427ae41e4649b934ca495991b7852b855
examples/hello.slim	197	0	1692	5a77d213edf9a165699655c004bd47c5e07c346a9056856c1922851dcc990c0b	e3b0c44298fc1c149afbf4c8996fb92427ae41e4649b934ca495991b7852b855
examples/hello.slim	198	0	1692	5a77d213edf9a165699655c004bd47c5e07c346a9056856c1922851dcc990c0b	e3b0c44298fc1c149afbf4c8996fb92427ae41e4649b934ca495991b7852b855
examples/hello.slim	199	0	1692	5a77d213edf9a165699655c004bd47c5e07c346a9056856c1922851dcc990c0b	e3b0c44298fc1c149afbf4c8996fb92427ae41e4649b934ca495991b7852b855
examples/hello.slim	200	0	1692	5a77d213edf9a165699655c004bd47c5e07c346a9056856c1922851dcc990c0b	e3b0c44298fc1c149afbf4c8996fb92427ae41e4649b934ca495991b7852b855
examples/hello.slim	201	0	1692	5a77d213edf9a165699655c004bd47c5e07c346a9056856c1922851dcc990c0b	e3b0c44298fc1c149afbf4c8996fb92427ae41e4649b934ca495991b7852b855
examples/hello.slim	202	0	1692	5a77d213edf9a165699655c004bd47c5e07c346a9056856c1922851dcc990c0b	e3b0c44298fc1c149afbf4c8996fb92427ae41e4649b934ca495991b7852b855
examples/hello.slim	203	0	1692	5a77d213edf9a165699655c004bd47c5e07c346a9056856c1922851dcc990c0b	e3b0c44298fc1c149afbf4c8996fb92427ae41e4649b934ca495991b7852b855
examples/hello.slim	204	0	1692	5a77d213edf9a165699655c004bd47c5e07c346a9056856c1922851dcc990c0b	e3b0c44298fc1c149afbf4c8996fb92427ae41e4649b934ca495991b7852b855
examples/hello.slim	205	0	1692	5a77d213edf9a165699655c004bd47c5e07c346a9056856c1922851dcc990c0b	e3b0c44298fc1c149afbf4c8996fb92427ae41e4649b934ca495991b7852b855
examples/hello.slim	206	0	1692	5a77d213edf9a165699655c004bd47c5e07c346a9056856c1922851dcc990c0b	e3b0c44298fc1c149afbf4c8996fb92427ae41e4649b934ca495991b7852b855
examples/hello.slim	207	0	1692	5a77d213edf9a165699655c004bd47c5e07c346a9056856c1922851dcc990c0b	e3b0c44298fc1c149afbf4c8996fb92427ae41e4649b934ca495991b7852b855
examples/hello.slim	208	0	1692	5a77d213edf9a165699655c004bd47c5e07c346a9056856c1922851dcc990c0b	e3b0c44298fc1c149afbf4c8996fb92427ae41e4649b934ca495991b7852b855
examples/hello.slim	209	0	1692	5a77d213edf9a165699655c004bd47c5e07c346a9056856c1922851dcc990c0b	e3b0c44298fc1c149afbf4c8996fb92427ae41e4649b934ca495991b7852b855
examples/hello.slim	210	0	1692	5a77d213edf9a165699655c004bd47c5e07c346a9056856c1922851dcc990c0b	e3b0c44298fc1c149afbf4c8996fb92427ae41e4649b934ca495991b7852b855
examples/hello.slim	211	0	1692	5a77d213edf9a165699655c004bd47c5e07c346a9056856c1922851dcc990c0b	e3b0c44298fc1c149afbf4c8996fb92427ae41e4649b934ca495991b7852b855
examples/hello.slim	212	0	1692	5a77d213edf9a165699655c004bd47c5e07c346a9056856c1922851dcc990c0b	e3b0c44298fc1c149afbf4c8996fb92427ae41e4649b934ca495991b7852b855
examples/hello.slim	213	0	1692	5a77d213edf9a165699655c004bd47c5e07c346a9056856c1922851dcc990c0b	e3b0c44298fc1c149afbf4c8996fb92427ae41e4649b934ca495991b7852b855
examples/hello.slim	214	0	1692	5a77d213edf9a165699655c004bd47c5e07c346a9056856c1922851dcc990c0b	e3b0c44298fc1c149afbf4c8996fb92427ae41e4649b934ca495991b7852b855
examples/hello.slim	215	0	1692	5a77d213edf9a165699655c004bd47c5e07c346a9056856c1922851dcc990c0b	e3b0c44298fc1c149afbf4c8996fb92427ae41e4649b934ca495991b7852b855
examples/hello.slim	216	0	1692	5a77d213edf9a165699655c004bd47c5e07c346a9056856c1922851dcc990c0b	e3b0c44298fc1c149afbf4c8996fb92427ae41e4649b934ca495991b7852b855
examples/hello.slim	217	0	1692	5a77d213edf9a165699655c004bd47c5e07c346a9056856c1922851dcc990c0b	e3b0c44298fc1c149afbf4c8996fb92427ae41e4649b934ca495991b7852b855
examples/hello.slim	218	0	1692	5a77d213edf9a165699655c004bd47c5e07c346a9056856c1922851dcc990c0b	e3b0c44298fc1c149afbf4c8996fb92427ae41e4649b934ca495991b7852b855
examples/hello.slim	219	0	1692	5a77d213edf9a165699655c004bd47c5e07c346a9056856c1922851dcc990c0b	e3b0c44298fc1c149afbf4c8996fb92427ae41e4649b934ca495991b7852b855
examples/hello.slim	220	0	1692	5a77d213edf9a165699655c004bd47c5e07c346a9056856c1922851dcc990c0b	e3b0c44298fc1c149afbf4c8996fb92427ae41e4649b934ca495991b7852b855
examples/hello.slim	221	0	1692	5a77d213edf9a165699655c004bd47c5e07c346a9056856c1922851dcc990c0b	e3b0c44298fc1c149afbf4c8996fb92427ae41e4649b934ca495991b7852b855
examples/hello.slim	222	0	1692	5a77d213edf9a165699655c004bd47c5e07c346a9056856c1922851dcc990c0b	e3b0c44298fc1c149afbf4c8996fb92427ae41e4649b934ca495991b7852b855
examples/hello.slim	223	0	1692	5a77d213edf9a165699655c004bd47c5e07c346a9056856c1922851dcc990c0b	e3b0c44298fc1c149afbf4c8996fb92427ae41e4649b934ca495991b7852b855
examples/hello.slim	224	0	1692	5a77d213edf9a165699655c004bd47c5e07c346a9056856c1922851dcc990c0b	e3b0c44298fc1c149afbf4c8996fb92427ae41e4649b934ca495991b7852b855
examples/hello.slim	225	0	1692	5a77d213edf9a165699655c004bd47c5e07c346a9056856c1922851dcc990c0b	e3b0c44298fc1c149afbf4c8996fb92427ae41e4649b934ca495991b7852b855
examples/hello.slim	226	0	1692	5a77d213edf9a165699655c004bd47c5e07c346a9056856c1922851dcc990c0b	e3b0c44298fc1c149afbf4c8996fb92427ae41e4649b934ca495991b7852b855
examples/hello.slim	227	0	1692	5a77d213edf9a165699655c004bd47c5e07c346a9056856c1922851dcc990c0b	e3b0c44298fc1c149afbf4c8996fb92427ae41e4649b934ca495991b7852b855
examples/hello.slim	228	0	1692	5a77d213edf9a165699655c004bd47c5e07c346a9056856c1922851dcc990c0b	e3b0c44298fc1c149afbf4c8996fb92427ae41e4649b934ca495991b7852b855
examples/hello.slim	229	0	1692	5a77d213edf9a165699655c004bd47c5e07c346a9056856c1922851dcc990c0b	e3b0c44298fc1c149afbf4c8996fb92427ae41e4649b934ca495991b7852b855
examples/hello.slim	230	0	1692	5a77d213edf9a165699655c004bd47c5e07c346a9056856c1922851dcc990c0b	e3b0c44298fc1c149afbf4c8996fb92427ae41e4649b934ca495991b7852b855
examples/hello.slim	231	0	1692	5a77d213edf9a165699655c004bd47c5e07c346a9056856c1922851dcc990c0b	e3b0c44298fc1c149afbf4c8996fb92427ae41e4649b934ca495991b7852b855
examples/hello.slim	232	0	1692	5a77d213edf9a165699655c004bd47c5e07c346a9056856c1922851dcc990c0b	e3b0c44298fc1c149afbf4c8996fb92427ae41e4649b934ca495991b7852b855
examples/hello.slim	233	0	1692	5a77d213edf9a165699655c004bd47c5e07c346a9056856c1922851dcc990c0b	e3b0c44298fc1c149afbf4c8996fb92427ae41e4649b934ca495991b7852b855
examples/hello.slim	234	0	1692	5a77d213edf9a165699655c004bd47c5e07c346a9056856c1922851dcc990c0b	e3b0c44298fc1c149afbf4c8996fb92427ae41e4649b934ca495991b7852b855
examples/hello.slim	235	0	1692	5a77d213edf9a165699655c004bd47c5e07c346a9056856c1922851dcc990c0b	e3b0c44298fc1c149afbf4c8996fb92427ae41e4649b934ca495991b7852b855
examples/hello.slim	236	0	1692	5a77d213edf9a165699655c004bd47c5e07c346a9056856c1922851dcc990c0b	e3b0c44298fc1c149afbf4c8996fb92427ae41e4649b934ca495991b7852b855
examples/hello.slim	237	0	1692	5a77d213edf9a165699655c004bd47c5e07c346a9056856c1922851dcc990c0b	e3b0c44298fc1c149afbf4c8996fb92427ae41e4649b934ca495991b7852b855
examples/hello.slim	238	0	1692	5a77d213edf9a165699655c004bd47c5e07c346a9056856c1922851dcc990c0b	e3b0c44298fc1c149afbf4c8996fb92427ae41e4649b934ca495991b7852b855
examples/hello.slim	239	0	1692	5a77d213edf9a165699655c004bd47c5e07c346a9056856c1922851dcc990c0b	e3b0c44298fc1c149afbf4c8996fb92427ae41e4649b934ca495991b7852b855
examples/hello.slim	240	0	1692	5a77d213edf9a165699655c004bd47c5e07c346a9056856c1922851dcc990c0b	e3b0c44298fc1c149afbf4c8996fb92427ae41e4649b934ca495991b7852b855
examples/hello.slim	241	0	1692	5a77d213edf9a165699655c004bd47c5e07c346a9056856c1922851dcc990c0b	e3b0c44298fc1c149afbf4c8996fb92427ae41e4649b934ca495991b7852b855
examples/hello.slim	242	0	1692	5a77d213edf9a165699655c004bd47c5e07c346a9056856c1922851dcc990c0b	e3b0c44298fc1c149afbf4c8996fb92427ae41e4649b934ca495991b7852b855
examples/hello.slim	243	0	1692	5a77d213edf9a165699655c004bd47c5e07c346a9056856c1922851dcc990c0b	e3b0c44298fc1c149afbf4c8996fb92427ae41e4649b934ca495991b7852b855
examples/hello.slim	244	0	1692	5a77d213edf9a165699655c004bd47c5e07c346a9056856c1922851dcc990c0b	e3b0c44298fc1c149afbf4c8996fb92427ae41e4649b934ca495991b7852b855
examples/hello.slim	245	0	1692	5a77d213edf9a165699655c004bd47c5e07c346a9056856c1922851dcc990c0b	e3b0c44298fc1c149afbf4c8996fb92427ae41e4649b934ca495991b7852b855
examples/hello.slim	246	0	1692	5a77d213edf9a165699655c004bd47c5e07c346a9056856c1922851dcc990c0b	e3b0c44298fc1c149afbf4c8996fb92427ae41e4649b934ca495991b7852b855
examples/hello.slim	247	0	1692	5a77d213edf9a165699655c004bd47c5e07c346a9056856c1922851dcc990c0b	e3b0c44298fc1c149afbf4c8996fb92427ae41e4649b934ca495991b7852b855
examples/hello.slim	248	0	1692	5a77d213edf9a165699655c004bd47c5e07c346a9056856c1922851dcc990c0b	e3b0c44298fc1c149afbf4c8996fb92427ae41e4649b934ca495991b7852b855
examples/hello.slim	249	0	1692	5a77d213edf9a165699655c004bd47c5e07c346a9056856c1922851dcc990c0b	e3b0c44298fc1c149afbf4c8996fb92427ae41e4649b934ca495991b7852b855
examples/hello.slim	250	0	1692	5a77d213edf9a165699655c004bd47c5e07c346a9056856c1922851dcc990c0b	e3b0c44298fc1c149afbf4c8996fb92427ae41e4649b934ca495991b7852b855
examples/hello.slim	251	0	1692	5a77d213edf9a165699655c004bd47c5e07c346a9056856c1922851dcc990c0b	e3b0c44298fc1c149afbf4c8996fb92427ae41e4649b934ca495991b7852b855
examples/hello.slim	252	0	1692	5a77d213edf9a165699655c004bd47c5e07c346a9056856c1922851dcc990c0b	e3b0c44298fc1c149afbf4c8996fb92427ae41e4649b934ca495991b7852b855
examples/hello.slim	253	0	1692	5a77d213edf9a165699655c004bd47c5e07c346a9056856c1922851dcc990c0b	e3b0c44298fc1c149afbf4c8996fb92427ae41e4649b934ca495991b7852b855
examples/hello.slim	254	0	1692	5a77d213edf9a165699655c004bd47c5e07c346a9056856c1922851dcc990c0b	e3b0c44298fc1c149afbf4c8996fb92427ae41e4649b934ca495991b7852b855
examples/hello.slim	255	0	1692	5a77d213edf9a165699655c004bd47c5e07c346a9056856c1922851dcc990c0b	e3b0c44298fc1c149afbf4c8996fb92427ae41e4649b934ca495991b7852b855
examples/hello.slim	256	0	1692	5a77d213edf9a165699655c004bd47c5e07c346a9056856c1922851dcc990c0b	e3b0c44298fc1c149afbf4c8996fb92427ae41e4649b934ca495991b7852b855
examples/hello.slim	257	0	1692	5a77d213edf9a165699655c004bd47c5e07c346a9056856c1922851dcc990c0b	e3b0c44298fc1c149afbf4c8996fb92427ae41e4649b934ca495991b7852b855
examples/hello.slim	258	0	1692	5a77d213edf9a165699655c004bd47c5e07c346a9056856c1922851dcc990c0b	e3b0c44298fc1c149afbf4c8996fb92427ae41e4649b934ca495991b7852b855
examples/hello.slim	259	0	1692	5a77d213edf9a165699655c004bd47c5e07c346a9056856c1922851dcc990c0b	e3b0c44298fc1c149afbf4c8996fb92427ae41e4649b934ca495991b7852b855
examples/hello.slim	260	0	1692	5a77d213edf9a165699655c004bd47c5e07c346a9056856c1922851dcc990c0b	e3b0c44298fc1c149afbf4c8996fb92427ae41e4649b934ca495991b7852b855
examples/hello.slim	261	0	1692	5a77d213edf9a165699655c004bd47c5e07c346a9056856c1922851dcc990c0b	e3b0c44298fc1c149afbf4c8996fb92427ae41e4649b934ca495991b7852b855
examples/hello.slim	262	0	1692	5a77d213edf9a165699655c004bd47c5e07c346a9056856c1922851dcc990c0b	e3b0c44298fc1c149afbf4c8996fb92427ae41e4649b934ca495991b7852b855
examples/hello.slim	263	0	1692	5a77d213edf9a165699655c004bd47c5e07c346a9056856c1922851dcc990c0b	e3b0c44298fc1c149afbf4c8996fb92427ae41e4649b934ca495991b7852b855
examples/hello.slim	264	0	1692	5a77d213edf9a165699655c004bd47c5e07c346a9056856c1922851dcc990c0b	e3b0c44298fc1c149afbf4c8996fb92427ae41e4649b934ca495991b7852b855
examples/hello.slim	265	0	1692	5a77d213edf9a165699655c004bd47c5e07c346a9056856c1922851dcc990c0b	e3b0c44298fc1c149afbf4c8996fb92427ae41e4649b934ca495991b7852b855
examples/hello.slim	266	0	1692	5a77d213edf9a165699655c004bd47c5e07c346a9056856c1922851dcc990c0b	e3b0c44298fc1c149afbf4c8996fb92427ae41e4649b934ca495991b7852b855
examples/hello.slim	267	0	1692	5a77d213edf9a165699655c004bd47c5e07c346a9056856c1922851dcc990c0b	e3b0c44298fc1c149afbf4c8996fb92427ae41e4649b934ca495991b7852b855
examples/hello.slim	268	0	1692	5a77d213edf9a165699655c004bd47c5e07c346a9056856c1922851dcc990c0b	e3b0c44298fc1c149afbf4c8996fb92427ae41e4649b934ca495991b7852b855
examples/hello.slim	269	0	1692	5a77d213edf9a165699655c004bd47c5e07c346a9056856c1922851dcc990c0b	e3b0c44298fc1c149afbf4c8996fb92427ae41e4649b934ca495991b7852b855
examples/hello.slim	270	0	1692	5a77d213edf9a165699655c004bd47c5e07c346a9056856c1922851dcc990c0b	e3b0c44298fc1c149afbf4c8996fb92427ae41e4649b934ca495991b7852b855
examples/hello.slim	271	0	1692	5a77d213edf9a165699655c004bd47c5e07c346a9056856c1922851dcc990c0b	e3b0c44298fc1c149afbf4c8996fb92427ae41e4649b934ca495991b7852b855
examples/hello.slim	272	0	1692	5a77d213edf9a165699655c004bd47c5e07c346a9056856c1922851dcc990c0b	e3b0c44298fc1c149afbf4c8996fb92427ae41e4649b934ca495991b7852b855
examples/hello.slim	273	0	1692	5a77d213edf9a165699655c004bd47c5e07c346a9056856c1922851dcc990c0b	e3b0c44298fc1c149afbf4c8996fb92427ae41e4649b934ca495991b7852b855
examples/hello.slim	274	0	1692	5a77d213edf9a165699655c004bd47c5e07c346a9056856c1922851dcc990c0b	e3b0c44298fc1c149afbf4c8996fb92427ae41e4649b934ca495991b7852b855
examples/hello.slim	275	0	1692	5a77d213edf9a165699655c004bd47c5e07c346a9056856c1922851dcc990c0b	e3b0c44298fc1c149afbf4c8996fb92427ae41e4649b934ca495991b7852b855
examples/hello.slim	276	0	1692	5a77d213edf9a165699655c004bd47c5e07c346a9056856c1922851dcc990c0b	e3b0c44298fc1c149afbf4c8996fb92427ae41e4649b934ca495991b7852b855
examples/hello.slim	277	0	1692	5a77d213edf9a165699655c004bd47c5e07c346a9056856c1922851dcc990c0b	e3b0c44298fc1c149afbf4c8996fb92427ae41e4649b934ca495991b7852b855
examples/hello.slim	278	0	1692	5a77d213edf9a165699655c004bd47c5e07c346a9056856c1922851dcc990c0b	e3b0c44298fc1c149afbf4c8996fb92427ae41e4649b934ca495991b7852b855
examples/hello.slim	279	0	1692	5a77d213edf9a165699655c004bd47c5e07c346a9056856c1922851dcc990c0b	e3b0c44298fc1c149afbf4c8996fb92427ae41e4649b934ca495991b7852b855
examples/hello.slim	280	0	1692	5a77d213edf9a165699655c004bd47c5e07c346a9056856c1922851dcc990c0b	e3b0c44298fc1c149afbf4c8996fb92427ae41e4649b934ca495991b7852b855
examples/hello.slim	281	0	1692	5a77d213edf9a165699655c004bd47c5e07c346a9056856c1922851dcc990c0b	e3b0c44298fc1c149afbf4c8996fb92427ae41e4649b934ca495991b7852b855
examples/hello.slim	282	0	1692	5a77d213edf9a165699655c004bd47c5e07c346a9056856c1922851dcc990c0b	e3b0c44298fc1c149afbf4c8996fb92427ae41e4649b934ca495991b7852b855
examples/hello.slim	283	0	1692	5a77d213edf9a165699655c004bd47c5e07c346a9056856c1922851dcc990c0b	e3b0c44298fc1c149afbf4c8996fb92427ae41e4649b934ca495991b7852b855
examples/hello.slim	284	0	1692	5a77d213edf9a165699655c004bd47c5e07c346a9056856c1922851dcc990c0b	e3b0c44298fc1c149afbf4c8996fb92427ae41e4649b934ca495991b7852b855
examples/hello.slim	285	0	1692	5a77d213edf9a165699655c004bd47c5e07c346a9056856c1922851dcc990c0b	e3b0c44298fc1c149afbf4c8996fb92427ae41e4649b934ca495991b7852b855
examples/hello.slim	286	0	1692	5a77d213edf9a165699655c004bd47c5e07c346a9056856c1922851dcc990c0b	e3b0c44298fc1c149afbf4c8996fb92427ae41e4649b934ca495991b7852b855
examples/hello.slim	287	0	1692	5a77d213edf9a165699655c004bd47c5e07c346a9056856c1922851dcc990c0b	e3b0c44298fc1c149afbf4c8996fb92427ae41e4649b934ca495991b7852b855
examples/hello.slim	288	0	1692	5a77d213edf9a165699655c004bd47c5e07c346a9056856c1922851dcc990c0b	e3b0c44298fc1c149afbf4c8996fb92427ae41e4649b934ca495991b7852b855
examples/hello.slim	289	0	1692	5a77d213edf9a165699655c004bd47c5e07c346a9056856c1922851dcc990c0b	e3b0c44298fc1c149afbf4c8996fb92427ae41e4649b934ca495991b7852b855
examples/hello.slim	290	0	1692	5a77d213edf9a165699655c004bd47c5e07c346a9056856c1922851dcc990c0b	e3b0c44298fc1c149afbf4c8996fb92427ae41e4649b934ca495991b7852b855
examples/hello.slim	291	0	1692	5a77d213edf9a165699655c004bd47c5e07c346a9056856c1922851dcc990c0b	e3b0c44298fc1c149afbf4c8996fb92427ae41e4649b934ca495991b7852b855
examples/hello.slim	292	0	1692	5a77d213edf9a165699655c004bd47c5e07c346a9056856c1922851dcc990c0b	e3b0c44298fc1c149afbf4c8996fb92427ae41e4649b934ca495991b7852b855
examples/hello.slim	293	0	1692	5a77d213edf9a165699655c004bd47c5e07c346a9056856c1922851dcc990c0b	e3b0c44298fc1c149afbf4c8996fb92427ae41e4649b934ca495991b7852b855
examples/hello.slim	294	0	1692	5a77d213edf9a165699655c004bd47c5e07c346a9056856c1922851dcc990c0b	e3b0c44298fc1c149afbf4c8996fb92427ae41e4649b934ca495991b7852b855
examples/hello.slim	295	0	1692	5a77d213edf9a165699655c004bd47c5e07c346a9056856c1922851dcc990c0b	e3b0c44298fc1c149afbf4c8996fb92427ae41e4649b934ca495991b7852b855
examples/hello.slim	296	0	1692	5a77d213edf9a165699655c004bd47c5e07c346a9056856c1922851dcc990c0b	e3b0c44298fc1c149afbf4c8996fb92427ae41e4649b934ca495991b7852b855
examples/hello.slim	297	0	1692	5a77d213edf9a165699655c004bd47c5e07c346a9056856c1922851dcc990c0b	e3b0c44298fc1c149afbf4c8996fb92427ae41e4649b934ca495991b7852b855
examples/hello.slim	298	0	1692	5a77d213edf9a165699655c004bd47c5e07c346a9056856c1922851dcc990c0b	e3b0c44298fc1c149afbf4c8996fb92427ae41e4649b934ca495991b7852b855
examples/hello.slim	299	0	1692	5a77d213edf9a165699655c004bd47c5e07c346a9056856c1922851dcc990c0b	e3b0c44298fc1c149afbf4c8996fb92427ae41e4649b934ca495991b7852b855
examples/hello.slim	300	0	1692	5a77d213edf9a165699655c004bd47c5e07c346a9056856c1922851dcc990c0b	e3b0c44298fc1c149afbf4c8996fb92427ae41e4649b934ca495991b7852b855
examples/hello.slim	301	0	1692	5a77d213edf9a165699655c004bd47c5e07c346a9056856c1922851dcc990c0b	e3b0c44298fc1c149afbf4c8996fb92427ae41e4649b934ca495991b7852b855
examples/hello.slim	302	0	1692	5a77d213edf9a165699655c004bd47c5e07c346a9056856c1922851dcc990c0b	e3b0c44298fc1c149afbf4c8996fb92427ae41e4649b934ca495991b7852b855
examples/hello.slim	303	0	1692	5a77d213edf9a165699655c004bd47c5e07c346a9056856c1922851dcc990c0b	e3b0c44298fc1c149afbf4c8996fb92427ae41e4649b934ca495991b7852b855
examples/hello.slim	304	0	1692	5a77d213edf9a165699655c004bd47c5e07c346a9056856c1922851dcc990c0b	e3b0c44298fc1c149afbf4c8996fb92427ae41e4649b934ca495991b7852b855
examples/hello.slim	305	0	1692	5a77d213edf9a165699655c004bd47c5e07c346a9056856c1922851dcc990c0b	e3b0c44298fc1c149afbf4c8996fb92427ae41e4649b934ca495991b7852b855
examples/hello.slim	306	0	1692	5a77d213edf9a165699655c004bd47c5e07c346a9056856c1922851dcc990c0b	e3b0c44298fc1c149afbf4c8996fb92427ae41e4649b934ca495991b7852b855
examples/hello.slim	307	0	1692	5a77d213edf9a165699655c004bd47c5e07c346a9056856c1922851dcc990c0b	e3b0c44298fc1c149afbf4c8996fb92427ae41e4649b934ca495991b7852b855
examples/hello.slim	308	0	1692	5a77d213edf9a165699655c004bd47c5e07c346a9056856c1922851dcc990c0b	e3b0c44298fc1c149afbf4c8996fb92427ae41e4649b934ca495991b7852b855
examples/hello.slim	309	0	1692	5a77d213edf9a165699655c004bd47c5e07c346a9056856c1922851dcc990c0b	e3b0c44298fc1c149afbf4c8996fb92427ae41e4649b934ca495991b7852b855
examples/hello.slim	310	0	1692	5a77d213edf9a165699655c004bd47c5e07c346a9056856c1922851dcc990c0b	e3b0c44298fc1c149afbf4c8996fb92427ae41e4649b934ca495991b7852b855
examples/hello.slim	311	0	1692	5a77d213edf9a165699655c004bd47c5e07c346a9056856c1922851dcc990c0b	e3b0c44298fc1c149afbf4c8996fb92427ae41e4649b934ca495991b7852b855
examples/hello.slim	312	0	1692	5a77d213edf9a165699655c004bd47c5e07c346a9056856c1922851dcc990c0b	e3b0c44298fc1c149afbf4c8996fb92427ae41e4649b934ca495991b7852b855
examples/hello.slim	313	0	1692	5a77d213edf9a165699655c004bd47c5e07c346a9056856c1922851dcc990c0b	e3b0c44298fc1c149afbf4c8996fb92427ae41e4649b934ca495991b7852b855
examples/hello.slim	314	0	1692	5a77d213edf9a165699655c004bd47c5e07c346a9056856c1922851dcc990c0b	e3b0c44298fc1c149afbf4c8996fb92427ae41e4649b934ca495991b7852b855
examples/hello.slim	315	0	1692	5a77d213edf9a165699655c004bd47c5e07c346a9056856c1922851dcc990c0b	e3b0c44298fc1c149afbf4c8996fb92427ae41e4649b934ca495991b7852b855
examples/hello.slim	316	0	1692	5a77d213edf9a165699655c004bd47c5e07c346a9056856c1922851dcc990c0b	e3b0c44298fc1c149afbf4c8996fb92427ae41e4649b934ca495991b7852b855
examples/hello.slim	317	0	1692	5a77d213edf9a165699655c004bd47c5e07c346a9056856c1922851dcc990c0b	e3b0c44298fc1c149afbf4c8996fb92427ae41e4649b934ca495991b7852b855
examples/hello.slim	318	0	1692	5a77d213edf9a165699655c004bd47c5e07c346a9056856c1922851dcc990c0b	e3b0c44298fc1c149afbf4c8996fb92427ae41e4649b934ca495991b7852b855
examples/hello.slim	319	0	1692	5a77d213edf9a165699655c004bd47c5e07c346a9056856c1922851dcc990c0b	e3b0c44298fc1c149afbf4c8996fb92427ae41e4649b934ca495991b7852b855
examples/hello.slim	320	0	1692	5a77d213edf9a165699655c004bd47c5e07c346a9056856c1922851dcc990c0b	e3b0c44298fc1c149afbf4c8996fb92427ae41e4649b934ca495991b7852b855
examples/hello.slim	321	0	1692	5a77d213edf9a165699655c004bd47c5e07c346a9056856c1922851dcc990c0b	e3b0c44298fc1c149afbf4c8996fb92427ae41e4649b934ca495991b7852b855
examples/hello.slim	322	0	1692	5a77d213edf9a165699655c004bd47c5e07c346a9056856c1922851dcc990c0b	e3b0c44298fc1c149afbf4c8996fb92427ae41e4649b934ca495991b7852b855
examples/hello.slim	323	0	1692	5a77d213edf9a165699655c004bd47c5e07c346a9056856c1922851dcc990c0b	e3b0c44298fc1c149afbf4c8996fb92427ae41e4649b934ca495991b7852b855
examples/hello.slim	324	0	1692	5a77d213edf9a165699655c004bd47c5e07c346a9056856c1922851dcc990c0b	e3b0c44298fc1c149afbf4c8996fb92427ae41e4649b934ca495991b7852b855
examples/hello.slim	325	0	1692	5a77d213edf9a165699655c004bd47c5e07c346a9056856c1922851dcc990c0b	e3b0c44298fc1c149afbf4c8996fb92427ae41e4649b934ca495991b7852b855
examples/hello.slim	326	0	1692	5a77d213edf9a165699655c004bd47c5e07c346a9056856c1922851dcc990c0b	e3b0c44298fc1c149afbf4c8996fb92427ae41e4649b934ca495991b7852b855
examples/hello.slim	327	0	1692	5a77d213edf9a165699655c004bd47c5e07c346a9056856c1922851dcc990c0b	e3b0c44298fc1c149afbf4c8996fb92427ae41e4649b934ca495991b7852b855
examples/hello.slim	328	0	1692	5a77d213edf9a165699655c004bd47c5e07c346a9056856c1922851dcc990c0b	e3b0c44298fc1c149afbf4c8996fb92427ae41e4649b934ca495991b7852b855
examples/hello.slim	329	0	1692	5a77d213edf9a165699655c004bd47c5e07c346a9056856c1922851dcc990c0b	e3b0c44298fc1c149afbf4c8996fb92427ae41e4649b934ca495991b7852b855
examples/hello.slim	330	0	1692	5a77d213edf9a165699655c004bd47c5e07c346a9056856c1922851dcc990c0b	e3b0c44298fc1c149afbf4c8996fb92427ae41e4649b934ca495991b7852b855
examples/hello.slim	331	0	1692	5a77d213edf9a165699655c004bd47c5e07c346a9056856c1922851dcc990c0b	e3b0c44298fc1c149afbf4c8996fb92427ae41e4649b934ca495991b7852b855
examples/hello.slim	332	0	1692	5a77d213edf9a165699655c004bd47c5e07c346a9056856c1922851dcc990c0b	e3b0c44298fc1c149afbf4c8996fb92427ae41e4649b934ca495991b7852b855
examples/hello.slim	333	0	1692	5a77d213edf9a165699655c004bd47c5e07c346a9056856c1922851dcc990c0b	e3b0c44298fc1c149afbf4c8996fb92427ae41e4649b934ca495991b7852b855
examples/hello.slim	334	0	1692	5a77d213edf9a165699655c004bd47c5e07c346a9056856c1922851dcc990c0b	e3b0c44298fc1c149afbf4c8996fb92427ae41e4649b934ca495991b7852b855
examples/hello.slim	335	0	1692	5a77d213edf9a165699655c004bd47c5e07c346a9056856c1922851dcc990c0b	e3b0c44298fc1c149afbf4c8996fb92427ae41e4649b934ca495991b7852b855
examples/hello.slim	336	0	1692	5a77d213edf9a165699655c004bd47c5e07c346a9056856c1922851dcc990c0b	e3b0c44298fc1c149afbf4c8996fb92427ae41e4649b934ca495991b7852b855
examples/hello.slim	337	0	1692	5a77d213edf9a165699655c004bd47c5e07c346a9056856c1922851dcc990c0b	e3b0c44298fc1c149afbf4c8996fb92427ae41e4649b934ca495991b7852b855
examples/hello.slim	338	0	1692	5a77d213edf9a165699655c004bd47c5e07c346a9056856c1922851dcc990c0b	e3b0c44298fc1c149afbf4c8996fb92427ae41e4649b934ca495991b7852b855
examples/hello.slim	339	0	1692	5a77d213edf9a165699655c004bd47c5e07c346a9056856c1922851dcc990c0b	e3b0c44298fc1c149afbf4c8996fb92427ae41e4649b934ca495991b7852b855
examples/hello.slim	340	0	1692	5a77d213edf9a165699655c004bd47c5e07c346a9056856c1922851dcc990c0b	e3b0c44298fc1c149afbf4c8996fb92427ae41e4649b934ca495991b7852b855
examples/hello.slim	341	0	1692	5a77d213edf9a165699655c004bd47c5e07c346a9056856c1922851dcc990c0b	e3b0c44298fc1c149afbf4c8996fb92427ae41e4649b934ca495991b7852b855
examples/hello.slim	342	0	1692	5a77d213edf9a165699655c004bd47c5e07c346a9056856c1922851dcc990c0b	e3b0c44298fc1c149afbf4c8996fb92427ae41e4649b934ca495991b7852b855
examples/hello.slim	343	0	1692	5a77d213edf9a165699655c004bd47c5e07c346a9056856c1922851dcc990c0b	e3b0c44298fc1c149afbf4c8996fb92427ae41e4649b934ca495991b7852b855
examples/hello.slim	344	0	1692	5a77d213edf9a165699655c004bd47c5e07c346a9056856c1922851dcc990c0b	e3b0c44298fc1c149afbf4c8996fb92427ae41e4649b934ca495991b7852b855
examples/hello.slim	345	0	1692	5a77d213edf9a165699655c004bd47c5e07c346a9056856c1922851dcc990c0b	e3b0c44298fc1c149afbf4c8996fb92427ae41e4649b934ca495991b7852b855
examples/hello.slim	346	0	1692	5a77d213edf9a165699655c004bd47c5e07c346a9056856c1922851dcc990c0b	e3b0c44298fc1c149afbf4c8996fb92427ae41e4649b934ca495991b7852b855
examples/hello.slim	347	0	1692	5a77d213edf9a165699655c004bd47c5e07c346a9056856c1922851dcc990c0b	e3b0c44298fc1c149afbf4c8996fb92427ae41e4649b934ca495991b7852b855
examples/hello.slim	348	0	1692	5a77d213edf9a165699655c004bd47c5e07c346a9056856c1922851dcc990c0b	e3b0c44298fc1c149afbf4c8996fb92427ae41e4649b934ca495991b7852b855
examples/hello.slim	349	0	1692	5a77d213edf9a165699655c004bd47c5e07c346a9056856c1922851dcc990c0b	e3b0c44298fc1c149afbf4c8996fb92427ae41e4649b934ca495991b7852b855
examples/hello.slim	350	0	1692	5a77d213edf9a165699655c004bd47c5e07c346a9056856c1922851dcc990c0b	e3b0c44298fc1c149afbf4c8996fb92427ae41e4649b934ca495991b7852b855
examples/hello.slim	351	0	1692	5a77d213edf9a165699655c004bd47c5e07c346a9056856c1922851dcc990c0b	e3b0c44298fc1c149afbf4c8996fb92427ae41e4649b934ca495991b7852b855
examples/hello.slim	352	0	1692	5a77d213edf9a165699655c004bd47c5e07c346a9056856c1922851dcc990c0b	e3b0c44298fc1c149afbf4c8996fb92427ae41e4649b934ca495991b7852b855
examples/hello.slim	353	0	1692	5a77d213edf9a165699655c004bd47c5e07c346a9056856c1922851dcc990c0b	e3b0c44298fc1c149afbf4c8996fb92427ae41e4649b934ca495991b7852b855
examples/hello.slim	354	0	1692	5a77d213edf9a165699655c004bd47c5e07c346a9056856c1922851dcc990c0b	e3b0c44298fc1c149afbf4c8996fb92427ae41e4649b934ca495991b7852b855
examples/hello.slim	355	0	1692	5a77d213edf9a165699655c004bd47c5e07c346a9056856c1922851dcc990c0b	e3b0c44298fc1c149afbf4c8996fb92427ae41e4649b934ca495991b7852b855
examples/hello.slim	356	0	1692	5a77d213edf9a165699655c004bd47c5e07c346a9056856c1922851dcc990c0b	e3b0c44298fc1c149afbf4c8996fb92427ae41e4649b934ca495991b7852b855
examples/hello.slim	357	0	1692	5a77d213edf9a165699655c004bd47c5e07c346a9056856c1922851dcc990c0b	e3b0c44298fc1c149afbf4c8996fb92427ae41e4649b934ca495991b7852b855
examples/hello.slim	358	0	1692	5a77d213edf9a165699655c004bd47c5e07c346a9056856c1922851dcc990c0b	e3b0c44298fc1c149afbf4c8996fb92427ae41e4649b934ca495991b7852b855
examples/hello.slim	359	0	1692	5a77d213edf9a165699655c004bd47c5e07c346a9056856c1922851dcc990c0b	e3b0c44298fc1c149afbf4c8996fb92427ae41e4649b934ca495991b7852b855
examples/hello.slim	360	0	1692	5a77d213edf9a165699655c004bd47c5e07c346a9056856c1922851dcc990c0b	e3b0c44298fc1c149afbf4c8996fb92427ae41e4649b934ca495991b7852b855
examples/hello.slim	361	0	1692	5a77d213edf9a165699655c004bd47c5e07c346a9056856c1922851dcc990c0b	e3b0c44298fc1c149afbf4c8996fb92427ae41e4649b934ca495991b7852b855
examples/hello.slim	362	0	1692	5a77d213edf9a165699655c004bd47c5e07c346a9056856c1922851dcc990c0b	e3b0c44298fc1c149afbf4c8996fb92427ae41e4649b934ca495991b7852b855
examples/hello.slim	363	0	1692	5a77d213edf9a165699655c004bd47c5e07c346a9056856c1922851dcc990c0b	e3b0c44298fc1c149afbf4c8996fb92427ae41e4649b934ca495991b7852b855
examples/hello.slim	364	0	1692	5a77d213edf9a165699655c004bd47c5e07c346a9056856c1922851dcc990c0b	e3b0c44298fc1c149afbf4c8996fb92427ae41e4649b934ca495991b7852b855
examples/hello.slim	365	0	1692	5a77d213edf9a165699655c004bd47c5e07c346a9056856c1922851dcc990c0b	e3b0c44298fc1c149afbf4c8996fb92427ae41e4649b934ca495991b7852b855
examples/hello.slim	366	0	1692	5a77d213edf9a165699655c004bd47c5e07c346a9056856c1922851dcc990c0b	e3b0c44298fc1c149afbf4c8996fb92427ae41e4649b934ca495991b7852b855
examples/hello.slim	367	0	1692	5a77d213edf9a165699655c004bd47c5e07c346a9056856c1922851dcc990c0b	e3b0c44298fc1c149afbf4c8996fb92427ae41e4649b934ca495991b7852b855
examples/hello.slim	368	0	1692	5a77d213edf9a165699655c004bd47c5e07c346a9056856c1922851dcc990c0b	e3b0c44298fc1c149afbf4c8996fb92427ae41e4649b934ca495991b7852b855
examples/hello.slim	369	0	1692	5a77d213edf9a165699655c004bd47c5e07c346a9056856c1922851dcc990c0b	e3b0c44298fc1c149afbf4c8996fb92427ae41e4649b934ca495991b7852b855
examples/hello.slim	370	0	1692	5a77d213edf9a165699655c004bd47c5e07c346a9056856c1922851dcc990c0b	e3b0c44298fc1c149afbf4c8996fb92427ae41e4649b934ca495991b7852b855
examples/hello.slim	371	0	1692	5a77d213edf9a165699655c004bd47c5e07c346a9056856c1922851dcc990c0b	e3b0c44298fc1c149afbf4c8996fb92427ae41e4649b934ca495991b7852b855
examples/hello.slim	372	0	1692	5a77d213edf9a165699655c004bd47c5e07c346a9056856c1922851dcc990c0b	e3b0c44298fc1c149afbf4c8996fb92427ae41e4649b934ca495991b7852b855
examples/hello.slim	373	0	1692	5a77d213edf9a165699655c004bd47c5e07c346a9056856c1922851dcc990c0b	e3b0c44298fc1c149afbf4c8996fb92427ae41e4649b934ca495991b7852b855
examples/hello.slim	374	0	1692	5a77d213edf9a165699655c004bd47c5e07c346a9056856c1922851dcc990c0b	e3b0c44298fc1c149afbf4c8996fb92427ae41e4649b934ca495991b7852b855
examples/hello.slim	375	0	1692	5a77d213edf9a165699655c004bd47c5e07c346a9056856c1922851dcc990c0b	e3b0c44298fc1c149afbf4c8996fb92427ae41e4649b934ca495991b7852b855
examples/hello.slim	376	0	1692	5a77d213edf9a165699655c004bd47c5e07c346a9056856c1922851dcc990c0b	e3b0c44298fc1c149afbf4c8996fb92427ae41e4649b934ca495991b7852b855
examples/hello.slim	377	0	1692	5a77d213edf9a165699655c004bd47c5e07c346a9056856c1922851dcc990c0b	e3b0c44298fc1c149afbf4c8996fb92427ae41e4649b934ca495991b7852b855
examples/hello.slim	378	0	1692	5a77d213edf9a165699655c004bd47c5e07c346a9056856c1922851dcc990c0b	e3b0c44298fc1c149afbf4c8996fb92427ae41e4649b934ca495991b7852b855
examples/hello.slim	379	0	1692	5a77d213edf9a165699655c004bd47c5e07c346a9056856c1922851dcc990c0b	e3b0c44298fc1c149afbf4c8996fb92427ae41e4649b934ca495991b7852b855
examples/hello.slim	380	0	1692	5a77d213edf9a165699655c004bd47c5e07c346a9056856c1922851dcc990c0b	e3b0c44298fc1c149afbf4c8996fb92427ae41e4649b934ca495991b7852b855
examples/hello.slim	381	0	1692	5a77d213edf9a165699655c004bd47c5e07c346a9056856c1922851dcc990c0b	e3b0c44298fc1c149afbf4c8996fb92427ae41e4649b934ca495991b7852b855
examples/hello.slim	382	0	1692	5a77d213edf9a165699655c004bd47c5e07c346a9056856c1922851dcc990c0b	e3b0c44298fc1c149afbf4c8996fb92427ae41e4649b934ca495991b7852b855
examples/hello.slim	383	0	1692	5a77d213edf9a165699655c004bd47c5e07c346a9056856c1922851dcc990c0b	e3b0c44298fc1c149afbf4c8996fb92427ae41e4649b934ca495991b7852b855
examples/hello.slim	384	0	1692	5a77d213edf9a165699655c004bd47c5e07c346a9056856c1922851dcc990c0b	e3b0c44298fc1c149afbf4c8996fb92427ae41e4649b934ca495991b7852b855
examples/hello.slim	385	0	1692	5a77d213edf9a165699655c004bd47c5e07c346a9056856c1922851dcc990c0b	e3b0c44298fc1c149afbf4c8996fb92427ae41e4649b934ca495991b7852b855
examples/hello.slim	386	0	1692	5a77d213edf9a165699655c004bd47c5e07c346a9056856c1922851dcc990c0b	e3b0c44298fc1c149afbf4c8996fb92427ae41e4649b934ca495991b7852b855
examples/hello.slim	387	0	1692	5a77d213edf9a165699655c004bd47c5e07c346a9056856c1922851dcc990c0b	e3b0c44298fc1c149afbf4c8996fb92427ae41e4649b934ca495991b7852b855
examples/hello.slim	388	0	1692	5a77d213edf9a165699655c004bd47c5e07c346a9056856c1922851dcc990c0b	e3b0c44298fc1c149afbf4c8996fb92427ae41e4649b934ca495991b7852b855
examples/hello.slim	389	0	1692	5a77d213edf9a165699655c004bd47c5e07c346a9056856c1922851dcc990c0b	e3b0c44298fc1c149afbf4c8996fb92427ae41e4649b934ca495991b7852b855
examples/hello.slim	390	0	1692	5a77d213edf9a165699655c004bd47c5e07c346a9056856c1922851dcc990c0b	e3b0c44298fc1c149afbf4c8996fb92427ae41e4649b934ca495991b7852b855
examples/hello.slim	391	0	1692	5a77d213edf9a165699655c004bd47c5e07c346a9056856c1922851dcc990c0b	e3b0c44298fc1c149afbf4c8996fb92427ae41e4649b934ca495991b7852b855
examples/hello.slim	392	0	1692	5a77d213edf9a165699655c004bd47c5e07c346a9056856c1922851dcc990c0b	e3b0c44298fc1c149afbf4c8996fb92427ae41e4649b934ca495991b7852b855
examples/hello.slim	393	0	1692	5a77d213edf9a165699655c004bd47c5e07c346a9056856c1922851dcc990c0b	e3b0c44298fc1c149afbf4c8996fb92427ae41e4649b934ca495991b7852b855
examples/hello.slim	394	0	1692	5a77d213edf9a165699655c004bd47c5e07c346a9056856c1922851dcc990c0b	e3b0c44298fc1c149afbf4c8996fb92427ae41e4649b934ca495991b7852b855
examples/hello.slim	395	0	1692	5a77d213edf9a165699655c004bd47c5e07c346a9056856c1922851dcc990c0b	e3b0c44298fc1c149afbf4c8996fb92427ae41e4649b934ca495991b7852b855
examples/hello.slim	396	0	1692	5a77d213edf9a165699655c004bd47c5e07c346a9056856c1922851dcc990c0b	e3b0c44298fc1c149afbf4c8996fb92427ae41e4649b934ca495991b7852b855
examples/hello.slim	397	0	1692	5a77d213edf9a165699655c004bd47c5e07c346a9056856c1922851dcc990c0b	e3b0c44298fc1c149afbf4c8996fb92427ae41e4649b934ca495991b7852b855
examples/hello.slim	398	0	1692	5a77d213edf9a165699655c004bd47c5e07c346a9056856c1922851dcc990c0b	e3b0c44298fc1c149afbf4c8996fb92427ae41e4649b934ca495991b7852b855
examples/hello.slim	399	0	1692	5a77d213edf9a165699655c004bd47c5e07c346a9056856c1922851dcc990c0b	e3b0c44298fc1c149afbf4c8996fb92427ae41e4649b934ca495991b7852b855
examples/hello.slim	400	0	1692	5a77d213edf9a165699655c004bd47c5e07c346a9056856c1922851dcc990c0b	e3b0c44298fc1c149afbf4c8996fb92427ae41e4649b934ca495991b7852b855
examples/hello.slim	401	0	1692	5a77d213edf9a165699655c004bd47c5e07c346a9056856c1922851dcc990c0b	e3b0c44298fc1c149afbf4c8996fb92427ae41e4649b934ca495991b7852b855
examples/hello.slim	402	0	1692	5a77d213edf9a165699655c004bd47c5e07c346a9056856c1922851dcc990c0b	e3b0c44298fc1c149afbf4c8996fb92427ae41e4649b934ca495991b7852b855
examples/hello.slim	403	0	1692	5a77d213edf9a165699655c004bd47c5e07c346a9056856c1922851dcc990c0b	e3b0c44298fc1c149afbf4c8996fb92427ae41e4649b934ca495991b7852b855
examples/hello.slim	404	0	1692	5a77d213edf9a165699655c004bd47c5e07c346a9056856c1922851dcc990c0b	e3b0c44298fc1c149afbf4c8996fb92427ae41e4649b934ca495991b7852b855
examples/hello.slim	405	0	1692	5a77d213edf9a165699655c004bd47c5e07c346a9056856c1922851dcc990c0b	e3b0c44298fc1c149afbf4c8996fb92427ae41e4649b934ca495991b7852b855
examples/hello.slim	406	0	1692	5a77d213edf9a165699655c004bd47c5e07c346a9056856c1922851dcc990c0b	e3b0c44298fc1c149afbf4c8996fb92427ae41e4649b934ca495991b7852b855
examples/hello.slim	407	0	1692	5a77d213edf9a165699655c004bd47c5e07c346a9056856c1922851dcc990c0b	e3b0c44298fc1c149afbf4c8996fb92427ae41e4649b934ca495991b7852b855
examples/hello.slim	408	0	1692	5a77d213edf9a165699655c004bd47c5e07c346a9056856c1922851dcc990c0b	e3b0c44298fc1c149afbf4c8996fb92427ae41e4649b934ca495991b7852b855
examples/hello.slim	409	0	1692	5a77d213edf9a165699655c004bd47c5e07c346a9056856c1922851dcc990c0b	e3b0c44298fc1c149afbf4c8996fb92427ae41e4649b934ca495991b7852b855
examples/hello.slim	410	0	1692	5a77d213edf9a165699655c004bd47c5e07c346a9056856c1922851dcc990c0b	e3b0c44298fc1c149afbf4c8996fb92427ae41e4649b934ca495991b7852b855
examples/hello.slim	411	0	1692	5a77d213edf9a165699655c004bd47c5e07c346a9056856c1922851dcc990c0b	e3b0c44298fc1c149afbf4c8996fb92427ae41e4649b934ca495991b7852b855
examples/hello.slim	412	0	1692	5a77d213edf9a165699655c004bd47c5e07c346a9056856c1922851dcc990c0b	e3b0c44298fc1c149afbf4c8996fb92427ae41e4649b934ca495991b7852b855
examples/hello.slim	413	0	1692	5a77d213edf9a165699655c004bd47c5e07c346a9056856c1922851dcc990c0b	e3b0c44298fc1c149afbf4c8996fb92427ae41e4649b934ca495991b7852b855
examples/hello.slim	414	0	1692	5a77d213edf9a165699655c004bd47c5e07c346a9056856c1922851dcc990c0b	e3b0c44298fc1c149afbf4c8996fb92427ae41e4649b934ca495991b7852b855
examples/hello.slim	415	0	1692	5a77d213edf9a165699655c004bd47c5e07c346a9056856c1922851dcc990c0b	e3b0c44298fc1c149afbf4c8996fb92427ae41e4649b934ca495991b7852b855
examples/hello.slim	416	0	1692	5a77d213edf9a165699655c004bd47c5e07c346a9056856c1922851dcc990c0b	e3b0c44298fc1c149afbf4c8996fb92427ae41e4649b934ca495991b7852b855
examples/hello.slim	417	0	1692	5a77d213edf9a165699655c004bd47c5e07c346a9056856c1922851dcc990c0b	e3b0c44298fc1c149afbf4c8996fb92427ae41e4649b934ca495991b7852b855
examples/hello.slim	418	0	1692	5a77d213edf9a165699655c004bd47c5e07c346a9056856c1922851dcc990c0b	e3b0c44298fc1c149afbf4c8996fb92427ae41e4649b934ca495991b7852b855
examples/hello.slim	419	0	1692	5a77d213edf9a165699655c004bd47c5e07c346a9056856c1922851dcc990c0b	e3b0c44298fc1c149afbf4c8996fb92427ae41e4649b934ca495991b7852b855
examples/hello.slim	420	0	1692	5a77d213edf9a165699655c004bd47c5e07c346a9056856c1922851dcc990c0b	e3b0c44298fc1c149afbf4c8996fb92427ae41e4649b934ca495991b7852b855
examples/hello.slim	421	0	1692	5a77d213edf9a165699655c004bd47c5e07c346a9056856c1922851dcc990c0b	e3b0c44298fc1c149afbf4c8996fb92427ae41e4649b934ca495991b7852b855
examples/hello.slim	422	0	1692	5a77d213edf9a165699655c004bd47c5e07c346a9056856c1922851dcc990c0b	e3b0c44298fc1c149afbf4c8996fb92427ae41e4649b934ca495991b7852b855
examples/hello.slim	423	0	1692	5a77d213edf9a165699655c004bd47c5e07c346a9056856c1922851dcc990c0b	e3b0c44298fc1c149afbf4c8996fb92427ae41e4649b934ca495991b7852b855
examples/hello.slim	424	0	1692	5a77d213edf9a165699655c004bd47c5e07c346a9056856c1922851dcc990c0b	e3b0c44298fc1c149afbf4c8996fb92427ae41e4649b934ca495991b7852b855
examples/hello.slim	425	0	1692	5a77d213edf9a165699655c004bd47c5e07c346a9056856c1922851dcc990c0b	e3b0c44298fc1c149afbf4c8996fb92427ae41e4649b934ca495991b7852b855
examples/hello.slim	426	0	1692	5a77d213edf9a165699655c004bd47c5e07c346a9056856c1922851dcc990c0b	e3b0c44298fc1c149afbf4c8996fb92427ae41e4649b934ca495991b7852b855
examples/hello.slim	427	0	1692	5a77d213edf9a165699655c004bd47c5e07c346a9056856c1922851dcc990c0b	e3b0c44298fc1c149afbf4c8996fb92427ae41e4649b934ca495991b7852b855
examples/hello.slim	428	0	1692	5a77d213edf9a165699655c004bd47c5e07c346a9056856c1922851dcc990c0b	e3b0c44298fc1c149afbf4c8996fb92427ae41e4649b934ca495991b7852b855
examples/hello.slim	429	0	1692	5a77d213edf9a165699655c004bd47c5e07c346a9056856c1922851dcc990c0b	e3b0c44298fc1c149afbf4c8996fb92427ae41e4649b934ca495991b7852b855
examples/hello.slim	430	0	1692	5a77d213edf9a165699655c004bd47c5e07c346a9056856c1922851dcc990c0b	e3b0c44298fc1c149afbf4c8996fb92427ae41e4649b934ca495991b7852b855
examples/hello.slim	431	0	1692	5a77d213edf9a165699655c004bd47c5e07c346a9056856c1922851dcc990c0b	e3b0c44298fc1c149afbf4c8996fb92427ae41e4649b934ca495991b7852b855
examples/hello.slim	432	0	1692	5a77d213edf9a165699655c004bd47c5e07c346a9056856c1922851dcc990c0b	e3b0c44298fc1c149afbf4c8996fb92427ae41e4649b934ca495991b7852b855
examples/hello.slim	433	0	1692	5a77d213edf9a165699655c004bd47c5e07c346a9056856c1922851dcc990c0b	e3b0c44298fc1c149afbf4c8996fb92427ae41e4649b934ca495991b7852b855
examples/hello.slim	434	0	1692	5a77d213edf9a165699655c004bd47c5e07c346a9056856c1922851dcc990c0b	e3b0c44298fc1c149afbf4c8996fb92427ae41e4649b934ca495991b7852b855
examples/hello.slim	435	0	1692	5a77d213edf9a165699655c004bd47c5e07c346a9056856c1922851dcc990c0b	e3b0c44298fc1c149afbf4c8996fb92427ae41e4649b934ca495991b7852b855
examples/hello.slim	436	0	1692	5a77d213edf9a165699655c004bd47c5e07c346a9056856c1922851dcc990c0b	e3b0c44298fc1c149afbf4c8996fb92427ae41e4649b934ca495991b7852b855
examples/hello.slim	437	0	1692	5a77d213edf9a165699655c004bd47c5e07c346a9056856c1922851dcc990c0b	e3b0c44298fc1c149afbf4c8996fb92427ae41e4649b934ca495991b7852b855
examples/hello.slim	438	0	1692	5a77d213edf9a165699655c004bd47c5e07c346a9056856c1922851dcc990c0b	e3b0c44298fc1c149afbf4c8996fb92427ae41e4649b934ca495991b7852b855
examples/hello.slim	439	0	1692	5a77d213edf9a165699655c004bd47c5e07c346a9056856c1922851dcc990c0b	e3b0c44298fc1c149afbf4c8996fb92427ae41e4649b934ca495991b7852b855
examples/hello.slim	440	0	1692	5a77d213edf9a165699655c004bd47c5e07c346a9056856c1922851dcc990c0b	e3b0c44298fc1c149afbf4c8996fb92427ae41e4649b934ca495991b7852b855
examples/hello.slim	441	0	1692	5a77d213edf9a165699655c004bd47c5e07c346a9056856c1922851dcc990c0b	e3b0c44298fc1c149afbf4c8996fb92427ae41e4649b934ca495991b7852b855
examples/hello.slim	442	0	1692	5a77d213edf9a165699655c004bd47c5e07c346a9056856c1922851dcc990c0b	e3b0c44298fc1c149afbf4c8996fb92427ae41e4649b934ca495991b7852b855
examples/hello.slim	443	0	1692	5a77d213edf9a165699655c004bd47c5e07c346a9056856c1922851dcc990c0b	e3b0c44298fc1c149afbf4c8996fb92427ae41e4649b934ca495991b7852b855
examples/hello.slim	444	0	1692	5a77d213edf9a165699655c004bd47c5e07c346a9056856c1922851dcc990c0b	e3b0c44298fc1c149afbf4c8996fb92427ae41e4649b934ca495991b7852b855
examples/hello.slim	445	0	1692	5a77d213edf9a165699655c004bd47c5e07c346a9056856c1922851dcc990c0b	e3b0c44298fc1c149afbf4c8996fb92427ae41e4649b934ca495991b7852b855
examples/hello.slim	446	0	1692	5a77d213edf9a165699655c004bd47c5e07c346a9056856c1922851dcc990c0b	e3b0c44298fc1c149afbf4c8996fb92427ae41e4649b934ca495991b7852b855
examples/hello.slim	447	0	1692	5a77d213edf9a165699655c004bd47c5e07c346a9056856c1922851dcc990c0b	e3b0c44298fc1c149afbf4c8996fb92427ae41e4649b934ca495991b7852b855
examples/hello.slim	448	0	1692	5a77d213edf9a165699655c004bd47c5e07c346a9056856c1922851dcc990c0b	e3b0c44298fc1c149afbf4c8996fb92427ae41e4649b934ca495991b7852b855
examples/hello.slim	449	0	1692	5a77d213edf9a165699655c004bd47c5e07c346a9056856c1922851dcc990c0b	e3b0c44298fc1c149afbf4c8996fb92427ae41e4649b934ca495991b7852b855
examples/hello.slim	450	0	1692	5a77d213edf9a165699655c004bd47c5e07c346a9056856c1922851dcc990c0b	e3b0c44298fc1c149afbf4c8996fb92427ae41e4649b934ca495991b7852b855
examples/hello.slim	451	0	1692	5a77d213edf9a165699655c004bd47c5e07c346a9056856c1922851dcc990c0b	e3b0c44298fc1c149afbf4c8996fb92427ae41e4649b934ca495991b7852b855
examples/hello.slim	452	0	1692	5a77d213edf9a165699655c004bd47c5e07c346a9056856c1922851dcc990c0b	e3b0c44298fc1c149afbf4c8996fb92427ae41e4649b934ca495991b7852b855
examples/hello.slim	453	0	1692	5a77d213edf9a165699655c004bd47c5e07c346a9056856c1922851dcc990c0b	e3b0c44298fc1c149afbf4c8996fb92427ae41e4649b934ca495991b7852b855
examples/hello.slim	454	0	1692	5a77d213edf9a165699655c004bd47c5e07c346a9056856c1922851dcc990c0b	e3b0c44298fc1c149afbf4c8996fb92427ae41e4649b934ca495991b7852b855
examples/hello.slim	455	0	1692	5a77d213edf9a165699655c004bd47c5e07c346a9056856c1922851dcc990c0b	e3b0c44298fc1c149afbf4c8996fb92427ae41e4649b934ca495991b7852b855
examples/hello.slim	456	0	1692	5a77d213edf9a165699655c004bd47c5e07c346a9056856c1922851dcc990c0b	e3b0c44298fc1c149afbf4c8996fb92427ae41e4649b934ca495991b7852b855
examples/hello.slim	457	0	1692	5a77d213edf9a165699655c004bd47c5e07c346a9056856c1922851dcc990c0b	e3b0c44298fc1c149afbf4c8996fb92427ae41e4649b934ca495991b7852b855
examples/hello.slim	458	0	1692	5a77d213edf9a165699655c004bd47c5e07c346a9056856c1922851dcc990c0b	e3b0c44298fc1c149afbf4c8996fb92427ae41e4649b934ca495991b7852b855
examples/hello.slim	459	0	1692	5a77d213edf9a165699655c004bd47c5e07c346a9056856c1922851dcc990c0b	e3b0c44298fc1c149afbf4c8996fb92427ae41e4649b934ca495991b7852b855
examples/hello.slim	460	0	1692	5a77d213edf9a165699655c004bd47c5e07c346a9056856c1922851dcc990c0b	e3b0c44298fc1c149afbf4c8996fb92427ae41e4649b934ca495991b7852b855
examples/hello.slim	461	0	1692	5a77d213edf9a165699655c004bd47c5e07c346a9056856c1922851dcc990c0b	e3b0c44298fc1c149afbf4c8996fb92427ae41e4649b934ca495991b7852b855
examples/hello.slim	462	0	1692	5a77d213edf9a165699655c004bd47c5e07c346a9056856c1922851dcc990c0b	e3b0c44298fc1c149afbf4c8996fb92427ae41e4649b934ca495991b7852b855
examples/hello.slim	463	0	1692	5a77d213edf9a165699655c004bd47c5e07c346a9056856c1922851dcc990c0b	e3b0c44298fc1c149afbf4c8996fb92427ae41e4649b934ca495991b7852b855
examples/hello.slim	464	0	1692	5a77d213edf9a165699655c004bd47c5e07c346a9056856c1922851dcc990c0b	e3b0c44298fc1c149afbf4c8996fb92427ae41e4649b934ca495991b7852b855
examples/hello.slim	465	0	1692	5a77d213edf9a165699655c004bd47c5e07c346a9056856c1922851dcc990c0b	e3b0c44298fc1c149afbf4c8996fb92427ae41e4649b934ca495991b7852b855
examples/hello.slim	466	0	1692	5a77d213edf9a165699655c004bd47c5e07c346a9056856c1922851dcc990c0b	e3b0c44298fc1c149afbf4c8996fb92427ae41e4649b934ca495991b7852b855
examples/hello.slim	467	0	1692	5a77d213edf9a165699655c004bd47c5e07c346a9056856c1922851dcc990c0b	e3b0c44298fc1c149afbf4c8996fb92427ae41e4649b934ca495991b7852b855
examples/hello.slim	468	0	1692	5a77d213edf9a165699655c004bd47c5e07c346a9056856c1922851dcc990c0b	e3b0c44298fc1c149afbf4c8996fb92427ae41e4649b934ca495991b7852b855
examples/hello.slim	469	0	1692	5a77d213edf9a165699655c004bd47c5e07c346a9056856c1922851dcc990c0b	e3b0c44298fc1c149afbf4c8996fb92427ae41e4649b934ca495991b7852b855
examples/hello.slim	470	0	1692	5a77d213edf9a165699655c004bd47c5e07c346a9056856c1922851dcc990c0b	e3b0c44298fc1c149afbf4c8996fb92427ae41e4649b934ca495991b7852b855
examples/hello.slim	471	0	1692	5a77d213edf9a165699655c004bd47c5e07c346a9056856c1922851dcc990c0b	e3b0c44298fc1c149afbf4c8996fb92427ae41e4649b934ca495991b7852b855
examples/hello.slim	472	0	1692	5a77d213edf9a165699655c004bd47c5e07c346a9056856c1922851dcc990c0b	e3b0c44298fc1c149afbf4c8996fb92427ae41e4649b934ca495991b7852b855
examples/hello.slim	473	0	1692	5a77d213edf9a165699655c004bd47c5e07c346a9056856c1922851dcc990c0b	e3b0c44298fc1c149afbf4c8996fb92427ae41e4649b934ca495991b7852b855
examples/hello.slim	474	0	1692	5a77d213edf9a165699655c004bd47c5e07c346a9056856c1922851dcc990c0b	e3b0c44298fc1c149afbf4c8996fb92427ae41e4649b934ca495991b7852b855
examples/hello.slim	475	0	1692	5a77d213edf9a165699655c004bd47c5e07c346a9056856c1922851dcc990c0b	e3b0c44298fc1c149afbf4c8996fb92427ae41e4649b934ca495991b7852b855
examples/hello.slim	476	0	1692	5a77d213edf9a165699655c004bd47c5e07c346a9056856c1922851dcc990c0b	e3b0c44298fc1c149afbf4c8996fb92427ae41e4649b934ca495991b7852b855
examples/hello.slim	477	0	1692	5a77d213edf9a165699655c004bd47c5e07c346a9056856c1922851dcc990c0b	e3b0c44298fc1c149afbf4c8996fb92427ae41e4649b934ca495991b7852b855
examples/hello.slim	478	0	1692	5a77d213edf9a165699655c004bd47c5e07c346a9056856c1922851dcc990c0b	e3b0c44298fc1c149afbf4c8996fb92427ae41e4649b934ca495991b7852b855
examples/hello.slim	479	0	1692	5a77d213edf9a165699655c004bd47c5e07c346a9056856c1922851dcc990c0b	e3b0c44298fc1c149afbf4c8996fb92427ae41e4649b934ca495991b7852b855
examples/hello.slim	480	0	1692	5a77d213edf9a165699655c004bd47c5e07c346a9056856c1922851dcc990c0b	e3b0c44298fc1c149afbf4c8996fb92427ae41e4649b934ca495991b7852b855
examples/hello.slim	481	0	1692	5a77d213edf9a165699655c004bd47c5e07c346a9056856c1922851dcc990c0b	e3b0c44298fc1c149afbf4c8996fb92427ae41e4649b934ca495991b7852b855
examples/hello.slim	482	0	1692	5a77d213edf9a165699655c004bd47c5e07c346a9056856c1922851dcc990c0b	e3b0c44298fc1c149afbf4c8996fb92427ae41e4649b934ca495991b7852b855
examples/hello.slim	483	0	1692	5a77d213edf9a165699655c004bd47c5e07c346a9056856c1922851dcc990c0b	e3b0c44298fc1c149afbf4c8996fb92427ae41e4649b934ca495991b7852b855
examples/hello.slim	484	0	1692	5a77d213edf9a165699655c004bd47c5e07c346a9056856c1922851dcc990c0b	e3b0c44298fc1c149afbf4c8996fb92427ae41e4649b934ca495991b7852b855
examples/hello.slim	485	0	1692	5a77d213edf9a165699655c004bd47c5e07c346a9056856c1922851dcc990c0b	e3b0c44298fc1c149afbf4c8996fb92427ae41e4649b934ca495991b7852b855
examples/hello.slim	486	0	1692	5a77d213edf9a165699655c004bd47c5e07c346a9056856c1922851dcc990c0b	e3b0c44298fc1c149afbf4c8996fb92427ae41e4649b934ca495991b7852b855
examples/hello.slim	487	0	1692	5a77d213edf9a165699655c004bd47c5e07c346a9056856c1922851dcc990c0b	e3b0c44298fc1c149afbf4c8996fb92427ae41e4649b934ca495991b7852b855
examples/hello.slim	488	0	1692	5a77d213edf9a165699655c004bd47c5e07c346a9056856c1922851dcc990c0b	e3b0c44298fc1c149afbf4c8996fb92427ae41e4649b934ca495991b7852b855
examples/hello.slim	489	0	1692	5a77d213edf9a165699655c004bd47c5e07c346a9056856c1922851dcc990c0b	e3b0c44298fc1c149afbf4c8996fb92427ae41e4649b934ca495991b7852b855
examples/hello.slim	490	0	1692	5a77d213edf9a165699655c004bd47c5e07c346a9056856c1922851dcc990c0b	e3b0c44298fc1c149afbf4c8996fb92427ae41e4649b934ca495991b7852b855
examples/hello.slim	491	0	1692	5a77d213edf9a165699655c004bd47c5e07c346a9056856c1922851dcc990c0b	e3b0c44298fc1c149afbf4c8996fb92427ae41e4649b934ca495991b7852b855
examples/hello.slim	492	0	1692	5a77d213edf9a165699655c004bd47c5e07c346a9056856c1922851dcc990c0b	e3b0c44298fc1c149afbf4c8996fb92427ae41e4649b934ca495991b7852b855
examples/hello.slim	493	0	1692	5a77d213edf9a165699655c004bd47c5e07c346a9056856c1922851dcc990c0b	e3b0c44298fc1c149afbf4c8996fb92427ae41e4649b934ca495991b7852b855
examples/hello.slim	494	0	1692	5a77d213edf9a165699655c004bd47c5e07c346a9056856c1922851dcc990c0b	e3b0c44298fc1c149afbf4c8996fb92427ae41e4649b934ca495991b7852b855
examples/hello.slim	495	0	1692	5a77d213edf9a165699655c004bd47c5e07c346a9056856c1922851dcc990c0b	e3b0c44298fc1c149afbf4c8996fb92427ae41e4649b934ca495991b7852b855
examples/hello.slim	496	0	1692	5a77d213edf9a165699655c004bd47c5e07c346a9056856c1922851dcc990c0b	e3b0c44298fc1c149afbf4c8996fb92427ae41e4649b934ca495991b7852b855
examples/hello.slim	497	0	1692	5a77d213edf9a165699655c004bd47c5e07c346a9056856c1922851dcc990c0b	e3b0c44298fc1c149afbf4c8996fb92427ae41e4649b934ca495991b7852b855
examples/hello.slim	498	0	1692	5a77d213edf9a165699655c004bd47c5e07c346a9056856c1922851dcc990c0b	e3b0c44298fc1c149afbf4c8996fb92427ae41e4649b934ca495991b7852b855
examples/hello.slim	499	0	1692	5a77d213edf9a165699655c004bd47c5e07c346a9056856c1922851dcc990c0b	e3b0c44298fc1c149afbf4c8996fb92427ae41e4649b934ca495991b7852b855
examples/hello.slim	500	0	1692	5a77d213edf9a165699655c004bd47c5e07c346a9056856c1922851dcc990c0b	e3b0c44298fc1c149afbf4c8996fb92427ae41e4649b934ca495991b7852b855
examples/hello.slim	501	0	1692	5a77d213edf9a165699655c004bd47c5e07c346a9056856c1922851dcc990c0b	e3b0c44298fc1c149afbf4c8996fb92427ae41e4649b934ca495991b7852b855
examples/hello.slim	502	0	1692	5a77d213edf9a165699655c004bd47c5e07c346a9056856c1922851dcc990c0b	e3b0c44298fc1c149afbf4c8996fb92427ae41e4649b934ca495991b7852b855
examples/hello.slim	503	0	1692	5a77d213edf9a165699655c004bd47c5e07c346a9056856c1922851dcc990c0b	e3b0c44298fc1c149afbf4c8996fb92427ae41e4649b934ca495991b7852b855
examples/hello.slim	504	0	1692	5a77d213edf9a165699655c004bd47c5e07c346a9056856c1922851dcc990c0b	e3b0c44298fc1c149afbf4c8996fb92427ae41e4649b934ca495991b7852b855
examples/hello.slim	505	0	1692	5a77d213edf9a165699655c004bd47c5e07c346a9056856c1922851dcc990c0b	e3b0c44298fc1c149afbf4c8996fb92427ae41e4649b934ca495991b7852b855
examples/hello.slim	506	0	1692	5a77d213edf9a165699655c004bd47c5e07c346a9056856c1922851dcc990c0b	e3b0c44298fc1c149afbf4c8996fb92427ae41e4649b934ca495991b7852b855
examples/hello.slim	507	0	1692	5a77d213edf9a165699655c004bd47c5e07c346a9056856c1922851dcc990c0b	e3b0c44298fc1c149afbf4c8996fb92427ae41e4649b934ca495991b7852b855
examples/hello.slim	508	0	1692	5a77d213edf9a165699655c004bd47c5e07c346a9056856c1922851dcc990c0b	e3b0c44298fc1c149afbf4c8996fb92427ae41e4649b934ca495991b7852b855
examples/hello.slim	509	0	1692	5a77d213edf9a165699655c004bd47c5e07c346a9056856c1922851dcc990c0b	e3b0c44298fc1c149afbf4c8996fb92427ae41e4649b934ca495991b7852b855
examples/hello.slim	510	0	1692	5a77d213edf9a165699655c004bd47c5e07c346a9056856c1922851dcc990c0b	e3b0c44298fc1c149afbf4c8996fb92427ae41e4649b934ca495991b7852b855
examples/hello.slim	511	0	1692	5a77d213edf9a165699655c004bd47c5e07c346a9056856c1922851dcc990c0b	e3b0c44298fc1c149afbf4c8996fb92427ae41e4649b934ca495991b7852b855
examples/hello.slim	512	0	1692	5a77d213edf9a165699655c004bd47c5e07c346a9056856c1922851dcc990c0b	e3b0c44298fc1c149afbf4c8996fb92427ae41e4649b934ca495991b7852b855
examples/hello.slim	513	0	1692	5a77d213edf9a165699655c004bd47c5e07c346a9056856c1922851dcc990c0b	e3b0c44298fc1c149afbf4c8996fb92427ae41e4649b934ca495991b7852b855
examples/hello.slim	514	0	1692	5a77d213edf9a165699655c004bd47c5e07c346a9056856c1922851dcc990c0b	e3b0c44298fc1c149afbf4c8996fb92427ae41e4649b934ca495991b7852b855
examples/hello.slim	515	0	1692	5a77d213edf9a165699655c004bd47c5e07c346a9056856c1922851dcc990c0b	e3b0c44298fc1c149afbf4c8996fb92427ae41e4649b934ca495991b7852b855
examples/hello.slim	516	0	1692	5a77d213edf9a165699655c004bd47c5e07c346a9056856c1922851dcc990c0b	e3b0c44298fc1c149afbf4c8996fb92427ae41e4649b934ca495991b7852b855
examples/hello.slim	517	0	1692	5a77d213edf9a165699655c004bd47c5e07c346a9056856c1922851dcc990c0b	e3b0c44298fc1c149afbf4c8996fb92427ae41e4649b934ca495991b7852b855
examples/hello.slim	518	0	1692	5a77d213edf9a165699655c004bd47c5e07c346a9056856c1922851dcc990c0b	e3b0c44298fc1c149afbf4c8996fb92427ae41e4649b934ca495991b7852b855
examples/hello.slim	519	0	1692	5a77d213edf9a165699655c004bd47c5e07c346a9056856c1922851dcc990c0b	e3b0c44298fc1c149afbf4c8996fb92427ae41e4649b934ca495991b7852b855
examples/hello.slim	520	0	1692	5a77d213edf9a165699655c004bd47c5e07c346a9056856c1922851dcc990c0b	e3b0c44298fc1c149afbf4c8996fb92427ae41e4649b934ca495991b7852b855
examples/hello.slim	521	0	1692	5a77d213edf9a165699655c004bd47c5e07c346a9056856c1922851dcc990c0b	e3b0c44298fc1c149afbf4c8996fb92427ae41e4649b934ca495991b7852b855
examples/hello.slim	522	0	1692	5a77d213edf9a165699655c004bd47c5e07c346a9056856c1922851dcc990c0b	e3b0c44298fc1c149afbf4c8996fb92427ae41e4649b934ca495991b7852b855
examples/hello.slim	523	0	1692	5a77d213edf9a165699655c004bd47c5e07c346a9056856c1922851dcc990c0b	e3b0c44298fc1c149afbf4c8996fb92427ae41e4649b934ca495991b7852b855
examples/hello.slim	524	0	1692	5a77d213edf9a165699655c004bd47c5e07c346a9056856c1922851dcc990c0b	e3b0c44298fc1c149afbf4c8996fb92427ae41e4649b934ca495991b7852b855
examples/hello.slim	525	0	1692	5a77d213edf9a165699655c004bd47c5e07c346a9056856c1922851dcc990c0b	e3b0c44298fc1c149afbf4c8996fb92427ae41e4649b934ca495991b7852b855
examples/hello.slim	526	0	1692	5a77d213edf9a165699655c004bd47c5e07c346a9056856c1922851dcc990c0b	e3b0c44298fc1c149afbf4c8996fb92427ae41e4649b934ca495991b7852b855
examples/hello.slim	527	0	1692	5a77d213edf9a165699655c004bd47c5e07c346a9056856c1922851dcc990c0b	e3b0c44298fc1c149afbf4c8996fb92427ae41e4649b934ca495991b7852b855
examples/hello.slim	528	0	1692	5a77d213edf9a165699655c004bd47c5e07c346a9056856c1922851dcc990c0b	e3b0c44298fc1c149afbf4c8996fb92427ae41e4649b934ca495991b7852b855
examples/hello.slim	529	0	1692	5a77d213edf9a165699655c004bd47c5e07c346a9056856c1922851dcc990c0b	e3b0c44298fc1c149afbf4c8996fb92427ae41e4649b934ca495991b7852b855
examples/hello.slim	530	0	1692	5a77d213edf9a165699655c004bd47c5e07c346a9056856c1922851dcc990c0b	e3b0c44298fc1c149afbf4c8996fb92427ae41e4649b934ca495991b7852b855
examples/hello.slim	531	0	1692	5a77d213edf9a165699655c004bd47c5e07c346a9056856c1922851dcc990c0b	e3b0c44298fc1c149afbf4c8996fb92427ae41e4649b934ca495991b7852b855
examples/hello.slim	532	0	1692	5a77d213edf9a165699655c004bd47c5e07c346a9056856c1922851dcc990c0b	e3b0c44298fc1c149afbf4c8996fb92427ae41e4649b934ca495991b7852b855
examples/hello.slim	533	0	1692	5a77d213edf9a165699655c004bd47c5e07c346a9056856c1922851dcc990c0b	e3b0c44298fc1c149afbf4c8996fb92427ae41e4649b934ca495991b7852b855
examples/hello.slim	534	0	1692	5a77d213edf9a165699655c004bd47c5e07c346a9056856c1922851dcc990c0b	e3b0c44298fc1c149afbf4c8996fb92427ae41e4649b934ca495991b7852b855
examples/hello.slim	535	0	1692	5a77d213edf9a165699655c004bd47c5e07c346a9056856c1922851dcc990c0b	e3b0c44298fc1c149afbf4c8996fb92427ae41e4649b934ca495991b7852b855
examples/hello.slim	536	0	1692	5a77d213edf9a165699655c004bd47c5e07c346a9056856c1922851dcc990c0b	e3b0c44298fc1c149afbf4c8996fb92427ae41e4649b934ca495991b7852b855
examples/hello.slim	537	0	1692	5a77d213edf9a165699655c004bd47c5e07c346a9056856c1922851dcc990c0b	e3b0c44298fc1c149afbf4c8996fb92427ae41e4649b934ca495991b7852b855
examples/hello.slim	538	0	1692	5a77d213edf9a165699655c004bd47c5e07c346a9056856c1922851dcc990c0b	e3b0c44298fc1c149afbf4c8996fb92427ae41e4649b934ca495991b7852b855
examples/hello.slim	539	0	1692	5a77d213edf9a165699655c004bd47c5e07c346a9056856c1922851dcc990c0b	e3b0c44298fc1c149afbf4c8996fb92427ae41e4649b934ca495991b7852b855
examples/hello.slim	540	0	1692	5a77d213edf9a165699655c004bd47c5e07c346a9056856c1922851dcc990c0b	e3b0c44298fc1c149afbf4c8996fb92427ae41e4649b934ca495991b7852b855
examples/hello.slim	541	0	1692	5a77d213edf9a165699655c004bd47c5e07c346a9056856c1922851dcc990c0b	e3b0c44298fc1c149afbf4c8996fb92427ae41e4649b934ca495991b7852b855
examples/hello.slim	542	0	1692	5a77d213edf9a165699655c004bd47c5e07c346a9056856c1922851dcc990c0b	e3b0c44298fc1c149afbf4c8996fb92427ae41e4649b934ca495991b7852b855
examples/hello.slim	543	0	1692	5a77d213edf9a165699655c004bd47c5e07c346a9056856c1922851dcc990c0b	e3b0c44298fc1c149afbf4c8996fb92427ae41e4649b934ca495991b7852b855
examples/hello.slim	544	0	1692	5a77d213edf9a165699655c004bd47c5e07c346a9056856c1922851dcc990c0b	e3b0c44298fc1c149afbf4c8996fb92427ae41e4649b934ca495991b7852b855
examples/hello.slim	545	0	1692	5a77d213edf9a165699655c004bd47c5e07c346a9056856c1922851dcc990c0b	e3b0c44298fc1c149afbf4c8996fb92427ae41e4649b934ca495991b7852b855
examples/hello.slim	546	0	1692	5a77d213edf9a165699655c004bd47c5e07c346a9056856c1922851dcc990c0b	e3b0c44298fc1c149afbf4c8996fb92427ae41e4649b934ca495991b7852b855
examples/hello.slim	547	0	1692	5a77d213edf9a165699655c004bd47c5e07c346a9056856c1922851dcc990c0b	e3b0c44298fc1c149afbf4c8996fb92427ae41e4649b934ca495991b7852b855
examples/hello.slim	548	0	1692	5a77d213edf9a165699655c004bd47c5e07c346a9056856c1922851dcc990c0b	e3b0c44298fc1c149afbf4c8996fb92427ae41e4649b934ca495991b7852b855
examples/hello.slim	549	0	1692	5a77d213edf9a165699655c004bd47c5e07c346a9056856c1922851dcc990c0b	e3b0c44298fc1c149afbf4c8996fb92427ae41e4649b934ca495991b7852b855
examples/hello.slim	550	0	1692	5a77d213edf9a165699655c004bd47c5e07c346a9056856c1922851dcc990c0b	e3b0c44298fc1c149afbf4c8996fb92427ae41e4649b934ca495991b7852b855
examples/hello.slim	551	0	1692	5a77d213edf9a165699655c004bd47c5e07c346a9056856c1922851dcc990c0b	e3b0c44298fc1c149afbf4c8996fb92427ae41e4649b934ca495991b7852b855
examples/hello.slim	552	0	1692	5a77d213edf9a165699655c004bd47c5e07c346a9056856c1922851dcc990c0b	e3b0c44298fc1c149afbf4c8996fb92427ae41e4649b934ca495991b7852b855
examples/hello.slim	553	0	1692	5a77d213edf9a165699655c004bd47c5e07c346a9056856c1922851dcc990c0b	e3b0c44298fc1c149afbf4c8996fb92427ae41e4649b934ca495991b7852b855
examples/hello.slim	554	0	1692	5a77d213edf9a165699655c004bd47c5e07c346a9056856c1922851dcc990c0b	e3b0c44298fc1c149afbf4c8996fb92427ae41e4649b934ca495991b7852b855
examples/hello.slim	555	0	1692	5a77d213edf9a165699655c004bd47c5e07c346a9056856c1922851dcc990c0b	e3b0c44298fc1c149afbf4c8996fb92427ae41e4649b934ca495991b7852b855
examples/hello.slim	556	0	1692	5a77d213edf9a165699655c004bd47c5e07c346a9056856c1922851dcc990c0b	e3b0c44298fc1c149afbf4c8996fb92427ae41e4649b934ca495991b7852b855
examples/hello.slim	557	0	1692	5a77d213edf9a165699655c004bd47c5e07c346a9056856c1922851dcc990c0b	e3b0c44298fc1c149afbf4c8996fb92427ae41e4649b934ca495991b7852b855
examples/hello.slim	558	0	1692	5a77d213edf9a165699655c004bd47c5e07c346a9056856c1922851dcc990c0b	e3b0c44298fc1c149afbf4c8996fb92427ae41e4649b934ca495991b7852b855
examples/hello.slim	559	0	1692	5a77d213edf9a165699655c004bd47c5e07c346a9056856c1922851dcc990c0b	e3b0c44298fc1c149afbf4c8996fb92427ae41e4649b934ca495991b7852b855
examples/hello.slim	560	0	1692	5a77d213edf9a165699655c004bd47c5e07c346a9056856c1922851dcc990c0b	e3b0c44298fc1c149afbf4c8996fb92427ae41e4649b934ca495991b7852b855
examples/hello.slim	561	0	1692	5a77d213edf9a165699655c004bd47c5e07c346a9056856c1922851dcc990c0b	e3b0c44298fc1c149afbf4c8996fb92427ae41e4649b934ca495991b7852b855
examples/hello.slim	562	0	1692	5a77d213edf9a165699655c004bd47c5e07c346a9056856c1922851dcc990c0b	e3b0c44298fc1c149afbf4c8996fb92427ae41e4649b934ca495991b7852b855
examples/hello.slim	563	0	1692	5a77d213edf9a165699655c004bd47c5e07c346a9056856c1922851dcc990c0b	e3b0c44298fc1c149afbf4c8996fb92427ae41e4649b934ca495991b7852b855
examples/hello.slim	564	0	1692	5a77d213edf9a165699655c004bd47c5e07c346a9056856c1922851dcc990c0b	e3b0c44298fc1c149afbf4c8996fb92427ae41e4649b934ca495991b7852b855
examples/hello.slim	565	0	1692	5a77d213edf9a165699655c004bd47c5e07c346a9056856c1922851dcc990c0b	e3b0c44298fc1c149afbf4c8996fb92427ae41e4649b934ca495991b7852b855
examples/hello.slim	566	0	1692	5a77d213edf9a165699655c004bd47c5e07c346a9056856c1922851dcc990c0b	e3b0c44298fc1c149afbf4c8996fb92427ae41e4649b934ca495991b7852b855
examples/hello.slim	567	0	1692	5a77d213edf9a165699655c004bd47c5e07c346a9056856c1922851dcc990c0b	e3b0c44298fc1c149afbf4c8996fb92427ae41e4649b934ca495991b7852b855
examples/hello.slim	568	0	1692	5a77d213edf9a165699655c004bd47c5e07c346a9056856c1922851dcc990c0b	e3b0c44298fc1c149afbf4c8996fb92427ae41e4649b934ca495991b7852b855
examples/hello.slim	569	0	1692	5a77d213edf9a165699655c004bd47c5e07c346a9056856c1922851dcc990c0b	e3b0c44298fc1c149afbf4c8996fb92427ae41e4649b934ca495991b7852b855
examples/hello.slim	570	0	1692	5a77d213edf9a165699655c004bd47c5e07c346a9056856c1922851dcc990c0b	e3b0c44298fc1c149afbf4c8996fb92427ae41e4649b934ca495991b7852b855
examples/hello.slim	571	0	1692	5a77d213edf9a165699655c004bd47c5e07c346a9056856c1922851dcc990c0b	e3b0c44298fc1c149afbf4c8996fb92427ae41e4649b934ca495991b7852b855
examples/hello.slim	572	0	1692	5a77d213edf9a165699655c004bd47c5e07c346a9056856c1922851dcc990c0b	e3b0c44298fc1c149afbf4c8996fb92427ae41e4649b934ca495991b7852b855
examples/hello.slim	573	0	1692	5a77d213edf9a165699655c004bd47c5e07c346a9056856c1922851dcc990c0b	e3b0c44298fc1c149afbf4c8996fb92427ae41e4649b934ca495991b7852b855
examples/hello.slim	574	0	1692	5a77d213edf9a165699655c004bd47c5e07c346a9056856c1922851dcc990c0b	e3b0c44298fc1c149afbf4c8996fb92427ae41e4649b934ca495991b7852b855
examples/hello.slim	575	0	1692	5a77d213edf9a165699655c004bd47c5e07c346a9056856c1922851dcc990c0b	e3b0c44298fc1c149afbf4c8996fb92427ae41e4649b934ca495991b7852b855
examples/hello.slim	576	0	1692	5a77d213edf9a165699655c004bd47c5e07c346a9056856c1922851dcc990c0b	e3b0c44298fc1c149afbf4c8996fb92427ae41e4649b934ca495991b7852b855
examples/hello.slim	577	0	1692	5a77d213edf9a165699655c004bd47c5e07c346a9056856c1922851dcc990c0b	e3b0c44298fc1c149afbf4c8996fb92427ae41e4649b934ca495991b7852b855
examples/hello.slim	578	0	1692	5a77d213edf9a165699655c004bd47c5e07c346a9056856c1922851dcc990c0b	e3b0c44298fc1c149afbf4c8996fb92427ae41e4649b934ca495991b7852b855
examples/hello.slim	579	0	1692	5a77d213edf9a165699655c004bd47c5e07c346a9056856c1922851dcc990c0b	e3b0c44298fc1c149afbf4c8996fb92427ae41e4649b934ca495991b7852b855
examples/hello.slim	580	0	1692	5a77d213edf9a165699655c004bd47c5e07c346a9056856c1922851dcc990c0b	e3b0c44298fc1c149afbf4c8996fb92427ae41e4649b934ca495991b7852b855
examples/hello.slim	581	0	1692	5a77d213edf9a165699655c004bd47c5e07c346a9056856c1922851dcc990c0b	e3b0c44298fc1c149afbf4c8996fb92427ae41e4649b934ca495991b7852b855
examples/hello.slim	582	0	1692	5a77d213edf9a165699655c004bd47c5e07c346a9056856c1922851dcc990c0b	e3b0c44298fc1c149afbf4c8996fb92427ae41e4649b934ca495991b7852b855
examples/hello.slim	583	0	1692	5a77d213edf9a165699655c004bd47c5e07c346a9056856c1922851dcc990c0b	e3b0c44298fc1c149afbf4c8996fb92427ae41e4649b934ca495991b7852b855
examples/hello.slim	584	0	1692	5a77d213edf9a165699655c004bd47c5e07c346a9056856c1922851dcc990c0b	e3b0c44298fc1c149afbf4c8996fb92427ae41e4649b934ca495991b7852b855
examples/hello.slim	585	0	1692	5a77d213edf9a165699655c004bd47c5e07c346a9056856c1922851dcc990c0b	e3b0c44298fc1c149afbf4c8996fb92427ae41e4649b934ca495991b7852b855
examples/hello.slim	586	0	1692	5a77d213edf9a165699655c004bd47c5e07c346a9056856c1922851dcc990c0b	e3b0c44298fc1c149afbf4c8996fb92427ae41e4649b934ca495991b7852b855
examples/hello.slim	587	0	1692	5a77d213edf9a165699655c004bd47c5e07c346a9056856c1922851dcc990c0b	e3b0c44298fc1c149afbf4c8996fb92427ae41e4649b934ca495991b7852b855
examples/hello.slim	588	0	1692	5a77d213edf9a165699655c004bd47c5e07c346a9056856c1922851dcc990c0b	e3b0c44298fc1c149afbf4c8996fb92427ae41e4649b934ca495991b7852b855
examples/hello.slim	589	0	1692	5a77d213edf9a165699655c004bd47c5e07c346a9056856c1922851dcc990c0b	e3b0c44298fc1c149afbf4c8996fb92427ae41e4649b934ca495991b7852b855
examples/hello.slim	590	0	1692	5a77d213edf9a165699655c004bd47c5e07c346a9056856c1922851dcc990c0b	e3b0c44298fc1c149afbf4c8996fb92427ae41e4649b934ca495991b7852b855
examples/hello.slim	591	0	1692	5a77d213edf9a165699655c004bd47c5e07c346a9056856c1922851dcc990c0b	e3b0c44298fc1c149afbf4c8996fb92427ae41e4649b934ca495991b7852b855
examples/hello.slim	592	0	1692	5a77d213edf9a165699655c004bd47c5e07c346a9056856c1922851dcc990c0b	e3b0c44298fc1c149afbf4c8996fb92427ae41e4649b934ca495991b7852b855
examples/hello.slim	593	0	1692	5a77d213edf9a165699655c004bd47c5e07c346a9056856c1922851dcc990c0b	e3b0c44298fc1c149afbf4c8996fb92427ae41e4649b934ca495991b7852b855
examples/hello.slim	594	0	1692	5a77d213edf9a165699655c004bd47c5e07c346a9056856c1922851dcc990c0b	e3b0c44298fc1c149afbf4c8996fb92427ae41e4649b934ca495991b7852b855
examples/hello.slim	595	0	1692	5a77d213edf9a165699655c004bd47c5e07c346a9056856c1922851dcc990c0b	e3b0c44298fc1c149afbf4c8996fb92427ae41e4649b934ca495991b7852b855
examples/hello.slim	596	0	1692	5a77d213edf9a165699655c004bd47c5e07c346a9056856c1922851dcc990c0b	e3b0c44298fc1c149afbf4c8996fb92427ae41e4649b934ca495991b7852b855
examples/hello.slim	597	0	1692	5a77d213edf9a165699655c004bd47c5e07c346a9056856c1922851dcc990c0b	e3b0c44298fc1c149afbf4c8996fb92427ae41e4649b934ca495991b7852b855
examples/hello.slim	598	0	1692	5a77d213edf9a165699655c004bd47c5e07c346a9056856c1922851dcc990c0b	e3b0c44298fc1c149afbf4c8996fb92427ae41e4649b934ca495991b7852b855
examples/hello.slim	599	0	1692	5a77d213edf9a165699655c004bd47c5e07c346a9056856c1922851dcc990c0b	e3b0c44298fc1c149afbf4c8996fb92427ae41e4649b934ca495991b7852b855
examples/hello.slim	600	0	1692	5a77d213edf9a165699655c004bd47c5e07c346a9056856c1922851dcc990c0b	e3b0c44298fc1c149afbf4c8996fb92427ae41e4649b934ca495991b7852b855
examples/hello.slim	601	0	1692	5a77d213edf9a165699655c004bd47c5e07c346a9056856c1922851dcc990c0b	e3b0c44298fc1c149afbf4c8996fb92427ae41e4649b934ca495991b7852b855
examples/hello.slim	602	0	1692	5a77d213edf9a165699655c004bd47c5e07c346a9056856c1922851dcc990c0b	e3b0c44298fc1c149afbf4c8996fb92427ae41e4649b934ca495991b7852b855
examples/hello.slim	603	0	1692	5a77d213edf9a165699655c004bd47c5e07c346a9056856c1922851dcc990c0b	e3b0c44298fc1c149afbf4c8996fb92427ae41e4649b934ca495991b7852b855
examples/hello.slim	604	0	1692	5a77d213edf9a165699655c004bd47c5e07c346a9056856c1922851dcc990c0b	e3b0c44298fc1c149afbf4c8996fb92427ae41e4649b934ca495991b7852b855
examples/hello.slim	605	0	1692	5a77d213edf9a165699655c004bd47c5e07c346a9056856c1922851dcc990c0b	e3b0c44298fc1c149afbf4c8996fb92427ae41e4649b934ca495991b7852b855
examples/hello.slim	606	0	1692	5a77d213edf9a165699655c004bd47c5e07c346a9056856c1922851dcc990c0b	e3b0c44298fc1c149afbf4c8996fb92427ae41e4649b934ca495991b7852b855
examples/hello.slim	607	0	1692	5a77d213edf9a165699655c004bd47c5e07c346a9056856c1922851dcc990c0b	e3b0c44298fc1c149afbf4c8996fb92427ae41e4649b934ca495991b7852b855
examples/hello.slim	608	0	1692	5a77d213edf9a165699655c004bd47c5e07c346a9056856c1922851dcc990c0b	e3b0c44298fc1c149afbf4c8996fb92427ae41e4649b934ca495991b7852b855
examples/hello.slim	609	0	1692	5a77d213edf9a165699655c004bd47c5e07c346a9056856c1922851dcc990c0b	e3b0c44298fc1c149afbf4c8996fb92427ae41e4649b934ca495991b7852b855
examples/hello.slim	610	0	1692	5a77d213edf9a165699655c004bd47c5e07c346a9056856c1922851dcc990c0b	e3b0c44298fc1c149afbf4c8996fb92427ae41e4649b934ca495991b7852b855
examples/hello.slim	611	0	1692	5a77d213edf9a165699655c004bd47c5e07c346a9056856c1922851dcc990c0b	e3b0c44298fc1c149afbf4c8996fb92427ae41e4649b934ca495991b7852b855
examples/hello.slim	612	0	1692	5a77d213edf9a165699655c004bd47c5e07c346a9056856c1922851dcc990c0b	e3b0c44298fc1c149afbf4c8996fb92427ae41e4649b934ca495991b7852b855
examples/hello.slim	613	0	1692	5a77d213edf9a165699655c004bd47c5e07c346a9056856c1922851dcc990c0b	e3b0c44298fc1c149afbf4c8996fb92427ae41e4649b934ca495991b7852b855
examples/hello.slim	614	0	1692	5a77d213edf9a165699655c004bd47c5e07c346a9056856c1922851dcc990c0b	e3b0c44298fc1c149afbf4c8996fb92427ae41e4649b934ca495991b7852b855
examples/hello.slim	615	0	1692	5a77d213edf9a165699655c004bd47c5e07c346a9056856c1922851dcc990c0b	e3b0c44298fc1c149afbf4c8996fb92427ae41e4649b934ca495991b7852b855
examples/hello.slim	616	0	1692	5a77d213edf9a165699655c004bd47c5e07c346a9056856c1922851dcc990c0b	e3b0c44298fc1c149afbf4c8996fb92427ae41e4649b934ca495991b7852b855
examples/hello.slim	617	0	1692	5a77d213edf9a165699655c004bd47c5e07c346a9056856c1922851dcc990c0b	e3b0c44298fc1c149afbf4c8996fb92427ae41e4649b934ca495991b7852b855
examples/hello.slim	618	0	1692	5a77d213edf9a165699655c004bd47c5e07c346a9056856c1922851dcc990c0b	e3b0c44298fc1c149afbf4c8996fb92427ae41e4649b934ca495991b7852b855
examples/hello.slim	619	0	1692	5a77d213edf9a165699655c004bd47c5e07c346a9056856c1922851dcc990c0b	e3b0c44298fc1c149afbf4c8996fb92427ae41e4649b934ca495991b7852b855
examples/hello.slim	620	0	1692	5a77d213edf9a165699655c004bd47c5e07c346a9056856c1922851dcc990c0b	e3b0c44298fc1c149afbf4c8996fb92427ae41e4649b934ca495991b7852b855
examples/hello.slim	621	0	1692	5a77d213edf9a165699655c004bd47c5e07c346a9056856c1922851dcc990c0b	e3b0c44298fc1c149afbf4c8996fb92427ae41e4649b934ca495991b7852b855
examples/hello.slim	622	0	1692	5a77d213edf9a165699655c004bd47c5e07c346a9056856c1922851dcc990c0b	e3b0c44298fc1c149afbf4c8996fb92427ae41e4649b934ca495991b7852b855
examples/hello.slim	623	0	1692	5a77d213edf9a165699655c004bd47c5e07c346a9056856c1922851dcc990c0b	e3b0c44298fc1c149afbf4c8996fb92427ae41e4649b934ca495991b7852b855
examples/hello.slim	624	0	1692	5a77d213edf9a165699655c004bd47c5e07c346a9056856c1922851dcc990c0b	e3b0c44298fc1c149afbf4c8996fb92427ae41e4649b934ca495991b7852b855
examples/hello.slim	625	0	1692	5a77d213edf9a165699655c004bd47c5e07c346a9056856c1922851dcc990c0b	e3b0c44298fc1c149afbf4c8996fb92427ae41e4649b934ca495991b7852b855
examples/hello.slim	626	0	1692	5a77d213edf9a165699655c004bd47c5e07c346a9056856c1922851dcc990c0b	e3b0c44298fc1c149afbf4c8996fb92427ae41e4649b934ca495991b7852b855
examples/hello.slim	627	0	1692	5a77d213edf9a165699655c004bd47c5e07c346a9056856c1922851dcc990c0b	e3b0c44298fc1c149afbf4c8996fb92427ae41e4649b934ca495991b7852b855
examples/hello.slim	628	0	1692	5a77d213edf9a165699655c004bd47c5e07c346a9056856c1922851dcc990c0b	e3b0c44298fc1c149afbf4c8996fb92427ae41e4649b934ca495991b7852b855
examples/hello.slim	629	0	1692	5a77d213edf9a165699655c004bd47c5e07c346a9056856c1922851dcc990c0b	e3b0c44298fc1c149afbf4c8996fb92427ae41e4649b934ca495991b7852b855
examples/hello.slim	630	0	1692	5a77d213edf9a165699655c004bd47c5e07c346a9056856c1922851dcc990c0b	e3b0c44298fc1c149afbf4c8996fb92427ae41e4649b934ca495991b7852b855
examples/hello.slim	631	0	1692	5a77d213edf9a165699655c004bd47c5e07c346a9056856c1922851dcc990c0b	e3b0c44298fc1c149afbf4c8996fb92427ae41e4649b934ca495991b7852b855
examples/hello.slim	632	0	1692	5a77d213edf9a165699655c004bd47c5e07c346a9056856c1922851dcc990c0b	e3b0c44298fc1c149afbf4c8996fb92427ae41e4649b934ca495991b7852b855
examples/hello.slim	633	0	1692	5a77d213edf9a165699655c004bd47c5e07c346a9056856c1922851dcc990c0b	e3b0c44298fc1c149afbf4c8996fb92427ae41e4649b934ca495991b7852b855
examples/hello.slim	634	0	1692	5a77d213edf9a165699655c004bd47c5e07c346a9056856c1922851dcc990c0b	e3b0c44298fc1c149afbf4c8996fb92427ae41e4649b934ca495991b7852b855
examples/hello.slim	635	0	1692	5a77d213edf9a165699655c004bd47c5e07c346a9056856c1922851dcc990c0b	e3b0c44298fc1c149afbf4c8996fb92427ae41e4649b934ca495991b7852b855
examples/hello.slim	636	0	1692	5a77d213edf9a165699655c004bd47c5e07c346a9056856c1922851dcc990c0b	e3b0c44298fc1c149afbf4c8996fb92427ae41e4649b934ca495991b7852b855
examples/hello.slim	637	0	1692	5a77d213edf9a165699655c004bd47c5e07c346a9056856c1922851dcc990c0b	e3b0c44298fc1c149afbf4c8996fb92427ae41e4649b934ca495991b7852b855
examples/hello.slim	638	0	1692	5a77d213edf9a165699655c004bd47c5e07c346a9056856c1922851dcc990c0b	e3b0c44298fc1c149afbf4c8996fb92427ae41e4649b934ca495991b7852b855
examples/hello.slim	639	0	1692	5a77d213edf9a165699655c004bd47c5e07c346a9056856c1922851dcc990c0b	e3b0c44298fc1c149afbf4c8996fb92427ae41e4649b934ca495991b7852b855
examples/hello.slim	640	0	1692	5a77d213edf9a165699655c004bd47c5e07c346a9056856c1922851dcc990c0b	e3b0c44298fc1c149afbf4c8996fb92427ae41e4649b934ca495991b7852b855
examples/hello.slim	641	0	1692	5a77d213edf9a165699655c004bd47c5e07c346a9056856c1922851dcc990c0b	e3b0c44298fc1c149afbf4c8996fb92427ae41e4649b934ca495991b7852b855
examples/hello.slim	642	0	1692	5a77d213edf9a165699655c004bd47c5e07c346a9056856c1922851dcc990c0b	e3b0c44298fc1c149afbf4c8996fb92427ae41e4649b934ca495991b7852b855
examples/hello.slim	643	0	1692	5a77d213edf9a165699655c004bd47c5e07c346a9056856c1922851dcc990c0b	e3b0c44298fc1c149afbf4c8996fb92427ae41e4649b934ca495991b7852b855
examples/hello.slim	644	0	1692	5a77d213edf9a165699655c004bd47c5e07c346a9056856c1922851dcc990c0b	e3b0c44298fc1c149afbf4c8996fb92427ae41e4649b934ca495991b7852b855
examples/hello.slim	645	0	1692	5a77d213edf9a165699655c004bd47c5e07c346a9056856c1922851dcc990c0b	e3b0c44298fc1c149afbf4c8996fb92427ae41e4649b934ca495991b7852b855
examples/hello.slim	646	0	1692	5a77d213edf9a165699655c004bd47c5e07c346a9056856c1922851dcc990c0b	e3b0c44298fc1c149afbf4c8996fb92427ae41e4649b934ca495991b7852b855
examples/hello.slim	647	0	1692	5a77d213edf9a165699655c004bd47c5e07c346a9056856c1922851dcc990c0b	e3b0c44298fc1c149afbf4c8996fb92427ae41e4649b934ca495991b7852b855
examples/hello.slim	648	0	1692	5a77d213edf9a165699655c004bd47c5e07c346a9056856c1922851dcc990c0b	e3b0c44298fc1c149afbf4c8996fb92427ae41e4649b934ca495991b7852b855
examples/hello.slim	649	0	1692	5a77d213edf9a165699655c004bd47c5e07c346a9056856c1922851dcc990c0b	e3b0c44298fc1c149afbf4c8996fb92427ae41e4649b934ca495991b7852b855
examples/hello.slim	650	0	1692	5a77d213edf9a165699655c004bd47c5e07c346a9056856c1922851dcc990c0b	e3b0c44298fc1c149afbf4c8996fb92427ae41e4649b934ca495991b7852b855
examples/hello.slim	651	0	1692	5a77d213edf9a165699655c004bd47c5e07c346a9056856c1922851dcc990c0b	e3b0c44298fc1c149afbf4c8996fb92427ae41e4649b934ca495991b7852b855
examples/hello.slim	652	0	1692	5a77d213edf9a165699655c004bd47c5e07c346a9056856c1922851dcc990c0b	e3b0c44298fc1c149afbf4c8996fb92427ae41e4649b934ca495991b7852b855
examples/hello.slim	653	0	1692	5a77d213edf9a165699655c004bd47c5e07c346a9056856c1922851dcc990c0b	e3b0c44298fc1c149afbf4c8996fb92427ae41e4649b934ca495991b7852b855
examples/hello.slim	654	0	1692	5a77d213edf9a165699655c004bd47c5e07c346a9056856c1922851dcc990c0b	e3b0c44298fc1c149afbf4c8996fb92427ae41e4649b934ca495991b7852b855
examples/hello.slim	655	0	1692	5a77d213edf9a165699655c004bd47c5e07c346a9056856c1922851dcc990c0b	e3b0c44298fc1c149afbf4c8996fb92427ae41e4649b934ca495991b7852b855
examples/hello.slim	656	0	1692	5a77d213edf9a165699655c004bd47c5e07c346a9056856c1922851dcc990c0b	e3b0c44298fc1c149afbf4c8996fb92427ae41e4649b934ca495991b7852b855
examples/hello.slim	657	0	1692	5a77d213edf9a165699655c004bd47c5e07c346a9056856c1922851dcc990c0b	e3b0c44298fc1c149afbf4c8996fb92427ae41e4649b934ca495991b7852b855
examples/hello.slim	658	0	1692	5a77d213edf9a165699655c004bd47c5e07c346a9056856c1922851dcc990c0b	e3b0c44298fc1c149afbf4c8996fb92427ae41e4649b934ca495991b7852b855
examples/hello.slim	659	0	1692	5a77d213edf9a165699655c004bd47c5e07c346a9056856c1922851dcc990c0b	e3b0c44298fc1c149afbf4c8996fb92427ae41e4649b934ca495991b7852b855
examples/hello.slim	660	0	1692	5a77d213edf9a165699655c004bd47c5e07c346a9056856c1922851dcc990c0b	e3b0c44298fc1c149afbf4c8996fb92427ae41e4649b934ca495991b7852b855
examples/hello.slim	661	0	1692	5a77d213edf9a165699655c004bd47c5e07c346a9056856c1922851dcc990c0b	e3b0c44298fc1c149afbf4c8996fb92427ae41e4649b934ca495991b7852b855
examples/hello.slim	662	0	1692	5a77d213edf9a165699655c004bd47c5e07c346a9056856c1922851dcc990c0b	e3b0c44298fc1c149afbf4c8996fb92427ae41e4649b934ca495991b7852b855
examples/hello.slim	663	0	1692	5a77d213edf9a165699655c004bd47c5e07c346a9056856c1922851dcc990c0b	e3b0c44298fc1c149afbf4c8996fb92427ae41e4649b934ca495991b7852b855
examples/hello.slim	664	0	1692	5a77d213edf9a165699655c004bd47c5e07c346a9056856c1922851dcc990c0b	e3b0c44298fc1c149afbf4c8996fb92427ae41e4649b934ca495991b7852b855
examples/hello.slim	665	0	1692	5a77d213edf9a165699655c004bd47c5e07c346a9056856c1922851dcc990c0b	e3b0c44298fc1c149afbf4c8996fb92427ae41e4649b934ca495991b7852b855
examples/hello.slim	666	0	1692	5a77d213edf9a165699655c004bd47c5e07c346a9056856c1922851dcc990c0b	e3b0c44298fc1c149afbf4c8996fb92427ae41e4649b934ca495991b7852b855
examples/hello.slim	667	0	1692	5a77d213edf9a165699655c004bd47c5e07c346a9056856c1922851dcc990c0b	e3b0c44298fc1c149afbf4c8996fb92427ae41e4649b934ca495991b7852b855
examples/hello.slim	668	0	1692	5a77d213edf9a165699655c004bd47c5e07c346a9056856c1922851dcc990c0b	e3b0c44298fc1c149afbf4c8996fb92427ae41e4649b934ca495991b7852b855
examples/hello.slim	669	0	1692	5a77d213edf9a165699655c004bd47c5e07c346a9056856c1922851dcc990c0b	e3b0c44298fc1c149afbf4c8996fb92427ae41e4649b934ca495991b7852b855
examples/hello.slim	670	0	1692	5a77d213edf9a165699655c004bd47c5e07c346a9056856c1922851dcc990c0b	e3b0c44298fc1c149afbf4c8996fb92427ae41e4649b934ca495991b7852b855
examples/hello.slim	671	0	1692	5a77d213edf9a165699655c004bd47c5e07c346a9056856c1922851dcc990c0b	e3b0c44298fc1c149afbf4c8996fb92427ae41e4649b934ca495991b7852b855
examples/hello.slim	672	0	1692	5a77d213edf9a165699655c004bd47c5e07c346a9056856c1922851dcc990c0b	e3b0c44298fc1c149afbf4c8996fb92427ae41e4649b934ca495991b7852b855
examples/hello.slim	673	0	1692	5a77d213edf9a165699655c004bd47c5e07c346a9056856c1922851dcc990c0b	e3b0c44298fc1c149afbf4c8996fb92427ae41e4649b934ca495991b7852b855
examples/hello.slim	674	0	1692	5a77d213edf9a165699655c004bd47c5e07c346a9056856c1922851dcc990c0b	e3b0c44298fc1c149afbf4c8996fb92427ae41e4649b934ca495991b7852b855
examples/hello.slim	675	0	1692	5a77d213edf9a165699655c004bd47c5e07c346a9056856c1922851dcc990c0b	e3b0c44298fc1c149afbf4c8996fb92427ae41e4649b934ca495991b7852b855
examples/hello.slim	676	0	1692	5a77d213edf9a165699655c004bd47c5e07c346a9056856c1922851dcc990c0b	e3b0c44298fc1c149afbf4c8996fb92427ae41e4649b934ca495991b7852b855
examples/hello.slim	677	0	1692	5a77d213edf9a165699655c004bd47c5e07c346a9056856c1922851dcc990c0b	e3b0c44298fc1c149afbf4c8996fb92427ae41e4649b934ca495991b7852b855
examples/hello.slim	678	0	1692	5a77d213edf9a165699655c004bd47c5e07c346a9056856c1922851dcc990c0b	e3b0c44298fc1c149afbf4c8996fb92427ae41e4649b934ca495991b7852b855
examples/hello.slim	679	0	1692	5a77d213edf9a165699655c004bd47c5e07c346a9056856c1922851dcc990c0b	e3b0c44298fc1c149afbf4c8996fb92427ae41e4649b934ca495991b7852b855
examples/hello.slim	680	0	1692	5a77d213edf9a165699655c004bd47c5e07c346a9056856c1922851dcc990c0b	e3b0c44298fc1c149afbf4c8996fb92427ae41e4649b934ca495991b7852b855
examples/hello.slim	681	0	1692	5a77d213edf9a165699655c004bd47c5e07c346a9056856c1922851dcc990c0b	e3b0c44298fc1c149afbf4c8996fb92427ae41e4649b934ca495991b7852b855
examples/hello.slim	682	0	1692	5a77d213edf9a165699655c004bd47c5e07c346a9056856c1922851dcc990c0b	e3b0c44298fc1c149afbf4c8996fb92427ae41e4649b934ca495991b7852b855
examples/hello.slim	683	0	1692	5a77d213edf9a165699655c004bd47c5e07c346a9056856c1922851dcc990c0b	e3b0c44298fc1c149afbf4c8996fb92427ae41e4649b934ca495991b7852b855
examples/hello.slim	684	0	1692	5a77d213edf9a165699655c004bd47c5e07c346a9056856c1922851dcc990c0b	e3b0c44298fc1c149afbf4c8996fb92427ae41e4649b934ca495991b7852b855
examples/hello.slim	685	0	1692	5a77d213edf9a165699655c004bd47c5e07c346a9056856c1922851dcc990c0b	e3b0c44298fc1c149afbf4c8996fb92427ae41e4649b934ca495991b7852b855
examples/hello.slim	686	0	1692	5a77d213edf9a165699655c004bd47c5e07c346a9056856c1922851dcc990c0b	e3b0c44298fc1c149afbf4c8996fb92427ae41e4649b934ca495991b7852b855
examples/hello.slim	687	0	1692	5a77d213edf9a165699655c004bd47c5e07c346a9056856c1922851dcc990c0b	e3b0c44298fc1c149afbf4c8996fb92427ae41e4649b934ca495991b7852b855
examples/hello.slim	688	0	1692	5a77d213edf9a165699655c004bd47c5e07c346a9056856c1922851dcc990c0b	e3b0c44298fc1c149afbf4c8996fb92427ae41e4649b934ca495991b7852b855
examples/hello.slim	689	0	1692	5a77d213edf9a165699655c004bd47c5e07c346a9056856c1922851dcc990c0b	e3b0c44298fc1c149afbf4c8996fb92427ae41e4649b934ca495991b7852b855
examples/hello.slim	690	0	1692	5a77d213edf9a165699655c004bd47c5e07c346a9056856c1922851dcc990c0b	e3b0c44298fc1c149afbf4c8996fb92427ae41e4649b934ca495991b7852b855
examples/hello.slim	691	0	1692	5a77d213edf9a165699655c004bd47c5e07c346a9056856c1922851dcc990c0b	e3b0c44298fc1c149afbf4c8996fb92427ae41e4649b934ca495991b7852b855
examples/hello.slim	692	0	1692	5a77d213edf9a165699655c004bd47c5e07c346a9056856c1922851dcc990c0b	e3b0c44298fc1c149afbf4c8996fb92427ae41e4649b934ca495991b7852b855
examples/hello.slim	693	0	1692	5a77d213edf9a165699655c004bd47c5e07c346a9056856c1922851dcc990c0b	e3b0c44298fc1c149afbf4c8996fb92427ae41e4649b934ca495991b7852b855
examples/hello.slim	694	0	1692	5a77d213edf9a165699655c004bd47c5e07c346a9056856c1922851dcc990c0b	e3b0c44298fc1c149afbf4c8996fb92427ae41e4649b934ca495991b7852b855
examples/hello.slim	695	0	1692	5a77d213edf9a165699655c004bd47c5e07c346a9056856c1922851dcc990c0b	e3b0c44298fc1c149afbf4c8996fb92427ae41e4649b934ca495991b7852b855
examples/hello.slim	696	0	1692	5a77d213edf9a165699655c004bd47c5e07c346a9056856c1922851dcc990c0b	e3b0c44298fc1c149afbf4c8996fb92427ae41e4649b934ca495991b7852b855
examples/hello.slim	697	0	1692	5a77d213edf9a165699655c004bd47c5e07c346a9056856c1922851dcc990c0b	e3b0c44298fc1c149afbf4c8996fb92427ae41e4649b934ca495991b7852b855
examples/hello.slim	698	0	1692	5a77d213edf9a165699655c004bd47c5e07c346a9056856c1922851dcc990c0b	e3b0c44298fc1c149afbf4c8996fb92427ae41e4649b934ca495991b7852b855
examples/hello.slim	699	0	1692	5a77d213edf9a165699655c004bd47c5e07c346a9056856c1922851dcc990c0b	e3b0c44298fc1c149afbf4c8996fb92427ae41e4649b934ca495991b7852b855
examples/hello.slim	700	0	1692	5a77d213edf9a165699655c004bd47c5e07c346a9056856c1922851dcc990c0b	e3b0c44298fc1c149afbf4c8996fb92427ae41e4649b934ca495991b7852b855
examples/hello.slim	701	0	1692	5a77d213edf9a165699655c004bd47c5e07c346a9056856c1922851dcc990c0b	e3b0c44298fc1c149afbf4c8996fb92427ae41e4649b934ca495991b7852b855
examples/hello.slim	702	0	1692	5a77d213edf9a165699655c004bd47c5e07c346a9056856c1922851dcc990c0b	e3b0c44298fc1c149afbf4c8996fb92427ae41e4649b934ca495991b7852b855
examples/hello.slim	703	0	1692	5a77d213edf9a165699655c004bd47c5e07c346a9056856c1922851dcc990c0b	e3b0c44298fc1c149afbf4c8996fb92427ae41e4649b934ca495991b7852b855
examples/hello.slim	704	0	1692	5a77d213edf9a165699655c004bd47c5e07c346a9056856c1922851dcc990c0b	e3b0c44298fc1c149afbf4c8996fb92427ae41e4649b934ca495991b7852b855
examples/hello.slim	705	0	1692	5a77d213edf9a165699655c004bd47c5e07c346a9056856c1922851dcc990c0b	e3b0c44298fc1c149afbf4c8996fb92427ae41e4649b934ca495991b7852b855
examples/hello.slim	706	0	1692	5a77d213edf9a165699655c004bd47c5e07c346a9056856c1922851dcc990c0b	e3b0c44298fc1c149afbf4c8996fb92427ae41e4649b934ca495991b7852b855
examples/hello.slim	707	0	1692	5a77d213edf9a165699655c004bd47c5e07c346a9056856c1922851dcc990c0b	e3b0c44298fc1c149afbf4c8996fb92427ae41e4649b934ca495991b7852b855
examples/hello.slim	708	0	1692	5a77d213edf9a165699655c004bd47c5e07c346a9056856c1922851dcc990c0b	e3b0c44298fc1c149afbf4c8996fb92427ae41e4649b934ca495991b7852b855
examples/hello.slim	709	0	1692	5a77d213edf9a165699655c004bd47c5e07c346a9056856c1922851dcc990c0b	e3b0c44298fc1c149afbf4c8996fb92427ae41e4649b934ca495991b7852b855
examples/hello.slim	710	0	1692	5a77d213edf9a165699655c004bd47c5e07c346a9056856c1922851dcc990c0b	e3b0c44298fc1c149afbf4c8996fb92427ae41e4649b934ca495991b7852b855
examples/hello.slim	711	0	1692	5a77d213edf9a165699655c004bd47c5e07c346a9056856c1922851dcc990c0b	e3b0c44298fc1c149afbf4c8996fb92427ae41e4649b934ca495991b7852b855
examples/hello.slim	712	0	1692	5a77d213edf9a165699655c004bd47c5e07c346a9056856c1922851dcc990c0b	e3b0c44298fc1c149afbf4c8996fb92427ae41e4649b934ca495991b7852b855
examples/hello.slim	713	0	1692	5a77d213edf9a165699655c004bd47c5e07c346a9056856c1922851dcc990c0b	e3b0c44298fc1c149afbf4c8996fb92427ae41e4649b934ca495991b7852b855
examples/hello.slim	714	0	1692	5a77d213edf9a165699655c004bd47c5e07c346a9056856c1922851dcc990c0b	e3b0c44298fc1c149afbf4c8996fb92427ae41e4649b934ca495991b7852b855
examples/hello.slim	715	0	1692	5a77d213edf9a165699655c004bd47c5e07c346a9056856c1922851dcc990c0b	e3b0c44298fc1c149afbf4c8996fb92427ae41e4649b934ca495991b7852b855
examples/hello.slim	716	0	1692	5a77d213edf9a165699655c004bd47c5e07c346a9056856c1922851dcc990c0b	e3b0c44298fc1c149afbf4c8996fb92427ae41e4649b934ca495991b7852b855
examples/hello.slim	717	0	1692	5a77d213edf9a165699655c004bd47c5e07c346a9056856c1922851dcc990c0b	e3b0c44298fc1c149afbf4c8996fb92427ae41e4649b934ca495991b7852b855
examples/hello.slim	718	0	1692	5a77d213edf9a165699655c004bd47c5e07c346a9056856c1922851dcc990c0b	e3b0c44298fc1c149afbf4c8996fb92427ae41e4649b934ca495991b7852b855
examples/hello.slim	719	0	1692	5a77d213edf9a165699655c004bd47c5e07c346a9056856c1922851dcc990c0b	e3b0c44298fc1c149afbf4c8996fb92427ae41e4649b934ca495991b7852b855
examples/hello.slim	720	0	1692	5a77d213edf9a165699655c004bd47c5e07c346a9056856c1922851dcc990c0b	e3b0c44298fc1c149afbf4c8996fb92427ae41e4649b934ca495991b7852b855
examples/hello.slim	721	0	1692	5a77d213edf9a165699655c004bd47c5e07c346a9056856c1922851dcc990c0b	e3b0c44298fc1c149afbf4c8996fb92427ae41e4649b934ca495991b7852b855
examples/hello.slim	722	0	1692	5a77d213edf9a165699655c004bd47c5e07c346a9056856c1922851dcc990c0b	e3b0c44298fc1c149afbf4c8996fb92427ae41e4649b934ca495991b7852b855
examples/hello.slim	723	0	1692	5a77d213edf9a165699655c004bd47c5e07c346a9056856c1922851dcc990c0b	e3b0c44298fc1c149afbf4c8996fb92427ae41e4649b934ca495991b7852b855
examples/hello.slim	724	0	1692	5a77d213edf9a165699655c004bd47c5e07c346a9056856c1922851dcc990c0b	e3b0c44298fc1c149afbf4c8996fb92427ae41e4649b934ca495991b7852b855
examples/hello.slim	725	0	1692	5a77d213edf9a165699655c004bd47c5e07c346a9056856c1922851dcc990c0b	e3b0c44298fc1c149afbf4c8996fb92427ae41e4649b934ca495991b7852b855
examples/hello.slim	726	0	1692	5a77d213edf9a165699655c004bd47c5e07c346a9056856c1922851dcc990c0b	e3b0c44298fc1c149afbf4c8996fb92427ae41e4649b934ca495991b7852b855
examples/hello.slim	727	0	1692	5a77d213edf9a165699655c004bd47c5e07c346a9056856c1922851dcc990c0b	e3b0c44298fc1c149afbf4c8996fb92427ae41e4649b934ca495991b7852b855
examples/hello.slim	728	0	1692	5a77d213edf9a165699655c004bd47c5e07c346a9056856c1922851dcc990c0b	e3b0c44298fc1c149afbf4c8996fb92427ae41e4649b934ca495991b7852b855
examples/hello.slim	729	0	1692	5a77d213edf9a165699655c004bd47c5e07c346a9056856c1922851dcc990c0b	e3b0c44298fc1c149afbf4c8996fb92427ae41e4649b934ca495991b7852b855
examples/hello.slim	730	0	1692	5a77d213edf9a165699655c004bd47c5e07c346a9056856c1922851dcc990c0b	e3b0c44298fc1c149afbf4c8996fb92427ae41e4649b934ca495991b7852b855
examples/hello.slim	731	0	1692	5a77d213edf9a165699655c004bd47c5e07c346a9056856c1922851dcc990c0b	e3b0c44298fc1c149afbf4c8996fb92427ae41e4649b934ca495991b7852b855
examples/hello.slim	732	0	1692	5a77d213edf9a165699655c004bd47c5e07c346a9056856c1922851dcc990c0b	e3b0c44298fc1c149afbf4c8996fb92427ae41e4649b934ca495991b7852b855
examples/hello.slim	733	0	1692	5a77d213edf9a165699655c004bd47c5e07c346a9056856c1922851dcc990c0b	e3b0c44298fc1c149afbf4c8996fb92427ae41e4649b934ca495991b7852b855
examples/hello.slim	734	0	1692	5a77d213edf9a165699655c004bd47c5e07c346a9056856c1922851dcc990c0b	e3b0c44298fc1c149afbf4c8996fb92427ae41e4649b934ca495991b7852b855
examples/hello.slim	735	0	1692	5a77d213edf9a165699655c004bd47c5e07c346a9056856c1922851dcc990c0b	e3b0c44298fc1c149afbf4c8996fb92427ae41e4649b934ca495991b7852b855
examples/hello.slim	736	0	1692	5a77d213edf9a165699655c004bd47c5e07c346a9056856c1922851dcc990c0b	e3b0c44298fc1c149afbf4c8996fb92427ae41e4649b934ca495991b7852b855
examples/hello.slim	737	0	1692	5a77d213edf9a165699655c004bd47c5e07c346a9056856c1922851dcc990c0b	e3b0c44298fc1c149afbf4c8996fb92427ae41e4649b934ca495991b7852b855
examples/hello.slim	738	0	1692	5a77d213edf9a165699655c004bd47c5e07c346a9056856c1922851dcc990c0b	e3b0c44298fc1c149afbf4c8996fb92427ae41e4649b934ca495991b7852b855
examples/hello.slim	739	0	1692	5a77d213edf9a165699655c004bd47c5e07c346a9056856c1922851dcc990c0b	e3b0c44298fc1c149afbf4c8996fb92427ae41e4649b934ca495991b7852b855
examples/hello.slim	740	0	1692	5a77d213edf9a165699655c004bd47c5e07c346a9056856c1922851dcc990c0b	e3b0c44298fc1c149afbf4c8996fb92427ae41e4649b934ca495991b7852b855
examples/hello.slim	741	0	1692	5a77d213edf9a165699655c004bd47c5e07c346a9056856c1922851dcc990c0b	e3b0c44298fc1c149afbf4c8996fb92427ae41e4649b934ca495991b7852b855
examples/hello.slim	742	0	1692	5a77d213edf9a165699655c004bd47c5e07c346a9056856c1922851dcc990c0b	e3b0c44298fc1c149afbf4c8996fb92427ae41e4649b934ca495991b7852b855
examples/hello.slim	743	0	1692	5a77d213edf9a165699655c004bd47c5e07c346a9056856c1922851dcc990c0b	e3b0c44298fc1c149afbf4c8996fb92427ae41e4649b934ca495991b7852b855
examples/hello.slim	744	0	1692	5a77d213edf9a165699655c004bd47c5e07c346a9056856c1922851dcc990c0b	e3b0c44298fc1c149afbf4c8996fb92427ae41e4649b934ca495991b7852b855
examples/hello.slim	745	0	1692	5a77d213edf9a165699655c004bd47c5e07c346a9056856c1922851dcc990c0b	e3b0c44298fc1c149afbf4c8996fb92427ae41e4649b934ca495991b7852b855
examples/hello.slim	746	0	1692	5a77d213edf9a165699655c004bd47c5e07c346a9056856c1922851dcc990c0b	e3b0c44298fc1c149afbf4c8996fb92427ae41e4649b934ca495991b7852b855
examples/hello.slim	747	0	1692	5a77d213edf9a165699655c004bd47c5e07c346a9056856c1922851dcc990c0b	e3b0c44298fc1c149afbf4c8996fb92427ae41e4649b934ca495991b7852b855
examples/hello.slim	748	0	1692	5a77d213edf9a165699655c004bd47c5e07c346a9056856c1922851dcc990c0b	e3b0c44298fc1c149afbf4c8996fb92427ae41e4649b934ca495991b7852b855
examples/hello.slim	749	0	1692	5a77d213edf9a165699655c004bd47c5e07c346a9056856c1922851dcc990c0b	e3b0c44298fc1c149afbf4c8996fb92427ae41e4649b934ca495991b7852b855
examples/hello.slim	750	0	1692	5a77d213edf9a165699655c004bd47c5e07c346a9056856c1922851dcc990c0b	e3b0c44298fc1c149afbf4c8996fb92427ae41e4649b934ca495991b7852b855
examples/hello.slim	751	0	1692	5a77d213edf9a165699655c004bd47c5e07c346a9056856c1922851dcc990c0b	e3b0c44298fc1c149afbf4c8996fb92427ae41e4649b934ca495991b7852b855
examples/hello.slim	752	0	1692	5a77d213edf9a165699655c004bd47c5e07c346a9056856c1922851dcc990c0b	e3b0c44298fc1c149afbf4c8996fb92427ae41e4649b934ca495991b7852b855
examples/hello.slim	753	0	1692	5a77d213edf9a165699655c004bd47c5e07c346a9056856c1922851dcc990c0b	e3b0c44298fc1c149afbf4c8996fb92427ae41e4649b934ca495991b7852b855
examples/hello.slim	754	0	1692	5a77d213edf9a165699655c004bd47c5e07c346a9056856c1922851dcc990c0b	e3b0c44298fc1c149afbf4c8996fb92427ae41e4649b934ca495991b7852b855
examples/hello.slim	755	0	1692	5a77d213edf9a165699655c004bd47c5e07c346a9056856c1922851dcc990c0b	e3b0c44298fc1c149afbf4c8996fb92427ae41e4649b934ca495991b7852b855
examples/hello.slim	756	0	1692	5a77d213edf9a165699655c004bd47c5e07c346a9056856c1922851dcc990c0b	e3b0c44298fc1c149afbf4c8996fb92427ae41e4649b934ca495991b7852b855
examples/hello.slim	757	0	1692	5a77d213edf9a165699655c004bd47c5e07c346a9056856c1922851dcc990c0b	e3b0c44298fc1c149afbf4c8996fb92427ae41e4649b934ca495991b7852b855
examples/hello.slim	758	0	1692	5a77d213edf9a165699655c004bd47c5e07c346a9056856c1922851dcc990c0b	e3b0c44298fc1c149afbf4c8996fb92427ae41e4649b934ca495991b7852b855
examples/hello.slim	759	0	1692	5a77d213edf9a165699655c004bd47c5e07c346a9056856c1922851dcc990c0b	e3b0c44298fc1c149afbf4c8996fb92427ae41e4649b934ca495991b7852b855
examples/hello.slim	760	0	1692	5a77d213edf9a165699655c004bd47c5e07c346a9056856c1922851dcc990c0b	e3b0c44298fc1c149afbf4c8996fb92427ae41e4649b934ca495991b7852b855
examples/hello.slim	761	0	1692	5a77d213edf9a165699655c004bd47c5e07c346a9056856c1922851dcc990c0b	e3b0c44298fc1c149afbf4c8996fb92427ae41e4649b934ca495991b7852b855
examples/hello.slim	762	0	1692	5a77d213edf9a165699655c004bd47c5e07c346a9056856c1922851dcc990c0b	e3b0c44298fc1c149afbf4c8996fb92427ae41e4649b934ca495991b7852b855
examples/hello.slim	763	0	1692	5a77d213edf9a165699655c004bd47c5e07c346a9056856c1922851dcc990c0b	e3b0c44298fc1c149afbf4c8996fb92427ae41e4649b934ca495991b7852b855
examples/hello.slim	764	0	1692	5a77d213edf9a165699655c004bd47c5e07c346a9056856c1922851dcc990c0b	e3b0c44298fc1c149afbf4c8996fb92427ae41e4649b934ca495991b7852b855
examples/hello.slim	765	0	1692	5a77d213edf9a165699655c004bd47c5e07c346a9056856c1922851dcc990c0b	e3b0c44298fc1c149afbf4c8996fb92427ae41e4649b934ca495991b7852b855
examples/hello.slim	766	0	1692	5a77d213edf9a165699655c004bd47c5e07c346a9056856c1922851dcc990c0b	e3b0c44298fc1c149afbf4c8996fb92427ae41e4649b934ca495991b7852b855
examples/hello.slim	767	0	1692	5a77d213edf9a165699655c004bd47c5e07c346a9056856c1922851dcc990c0b	e3b0c44298fc1c149afbf4c8996fb92427ae41e4649b934ca495991b7852b855
examples/hello.slim	768	0	1692	5a77d213edf9a165699655c004bd47c5e07c346a9056856c1922851dcc990c0b	e3b0c44298fc1c149afbf4c8996fb92427ae41e4649b934ca495991b7852b855
examples/hello.slim	769	0	1692	5a77d213edf9a165699655c004bd47c5e07c346a9056856c1922851dcc990c0b	e3b0c44298fc1c149afbf4c8996fb92427ae41e4649b934ca495991b7852b855
examples/hello.slim	770	0	1692	5a77d213edf9a165699655c004bd47c5e07c346a9056856c1922851dcc990c0b	e3b0c44298fc1c149afbf4c8996fb92427ae41e4649b934ca495991b7852b855
examples/hello.slim	771	0	1692	5a77d213edf9a165699655c004bd47c5e07c346a9056856c1922851dcc990c0b	e3b0c44298fc1c149afbf4c8996fb92427ae41e4649b934ca495991b7852b855
examples/hello.slim	772	0	1692	5a77d213edf9a165699655c004bd47c5e07c346a9056856c1922851dcc990c0b	e3b0c44298fc1c149afbf4c8996fb92427ae41e4649b934ca495991b7852b855
examples/hello.slim	773	0	1692	5a77d213edf9a165699655c004bd47c5e07c346a9056856c1922851dcc990c0b	e3b0c44298fc1c149afbf4c8996fb92427ae41e4649b934ca495991b7852b855
examples/hello.slim	774	0	1692	5a77d213edf9a165699655c004bd47c5e07c346a9056856c1922851dcc990c0b	e3b0c44298fc1c149afbf4c8996fb92427ae41e4649b934ca495991b7852b855
examples/hello.slim	775	0	1692	5a77d213edf9a165699655c004bd47c5e07c346a9056856c1922851dcc990c0b	e3b0c44298fc1c149afbf4c8996fb92427ae41e4649b934ca495991b7852b855
examples/hello.slim	776	0	1692	5a77d213edf9a165699655c004bd47c5e07c346a9056856c1922851dcc990c0b	e3b0c44298fc1c149afbf4c8996fb92427ae41e4649b934ca495991b7852b855
examples/hello.slim	777	0	1692	5a77d213edf9a165699655c004bd47c5e07c346a9056856c1922851dcc990c0b	e3b0c44298fc1c149afbf4c8996fb92427ae41e4649b934ca495991b7852b855
examples/hello.slim	778	0	1692	5a77d213edf9a165699655c004bd47c5e07c346a9056856c1922851dcc990c0b	e3b0c44298fc1c149afbf4c8996fb92427ae41e4649b934ca495991b7852b855
examples/hello.slim	779	0	1692	5a77d213edf9a165699655c004bd47c5e07c346a9056856c1922851dcc990c0b	e3b0c44298fc1c149afbf4c8996fb92427ae41e4649b934ca495991b7852b855
examples/hello.slim	780	0	1692	5a77d213edf9a165699655c004bd47c5e07c346a9056856c1922851dcc990c0b	e3b0c44298fc1c149afbf4c8996fb92427ae41e4649b934ca495991b7852b855
examples/hello.slim	781	0	1692	5a77d213edf9a165699655c004bd47c5e07c346a9056856c1922851dcc990c0b	e3b0c44298fc1c149afbf4c8996fb92427ae41e4649b934ca495991b7852b855
examples/hello.slim	782	0	1692	5a77d213edf9a165699655c004bd47c5e07c346a9056856c1922851dcc990c0b	e3b0c44298fc1c149afbf4c8996fb92427ae41e4649b934ca495991b7852b855
examples/hello.slim	783	0	1692	5a77d213edf9a165699655c004bd47c5e07c346a9056856c1922851dcc990c0b	e3b0c44298fc1c149afbf4c8996fb92427ae41e4649b934ca495991b7852b855
examples/hello.slim	784	0	1692	5a77d213edf9a165699655c004bd47c5e07c346a9056856c1922851dcc990c0b	e3b0c44298fc1c149afbf4c8996fb92427ae41e4649b934ca495991b7852b855
examples/hello.slim	785	0	1692	5a77d213edf9a165699655c004bd47c5e07c346a9056856c1922851dcc990c0b	e3b0c44298fc1c149afbf4c8996fb92427ae41e4649b934ca495991b7852b855
examples/hello.slim	786	0	1692	5a77d213edf9a165699655c004bd47c5e07c346a9056856c1922851dcc990c0b	e3b0c44298fc1c149afbf4c8996fb92427ae41e4649b934ca495991b7852b855
examples/hello.slim	787	0	1692	5a77d213edf9a165699655c004bd47c5e07c346a9056856c1922851dcc990c0b	e3b0c44298fc1c149afbf4c8996fb92427ae41e4649b934ca495991b7852b855
examples/hello.slim	788	0	1692	5a77d213edf9a165699655c004bd47c5e07c346a9056856c1922851dcc990c0b	e3b0c44298fc1c149afbf4c8996fb92427ae41e4649b934ca495991b7852b855
examples/hello.slim	789	0	1692	5a77d213edf9a165699655c004bd47c5e07c346a9056856c1922851dcc990c0b	e3b0c44298fc1c149afbf4c8996fb92427ae41e4649b934ca495991b7852b855
examples/hello.slim	790	0	1692	5a77d213edf9a165699655c004bd47c5e07c346a9056856c1922851dcc990c0b	e3b0c44298fc1c149afbf4c8996fb92427ae41e4649b934ca495991b7852b855
examples/hello.slim	791	0	1692	5a77d213edf9a165699655c004bd47c5e07c346a9056856c1922851dcc990c0b	e3b0c44298fc1c149afbf4c8996fb92427ae41e4649b934ca495991b7852b855
examples/hello.slim	792	0	1692	5a77d213edf9a165699655c004bd47c5e07c346a9056856c1922851dcc990c0b	e3b0c44298fc1c149afbf4c8996fb92427ae41e4649b934ca495991b7852b855
examples/hello.slim	793	0	1692	5a77d213edf9a165699655c004bd47c5e07c346a9056856c1922851dcc990c0b	e3b0c44298fc1c149afbf4c8996fb92427ae41e4649b934ca495991b7852b855
examples/hello.slim	794	0	1692	5a77d213edf9a165699655c004bd47c5e07c346a9056856c1922851dcc990c0b	e3b0c44298fc1c149afbf4c8996fb92427ae41e4649b934ca495991b7852b855
examples/hello.slim	795	0	1692	5a77d213edf9a165699655c004bd47c5e07c346a9056856c1922851dcc990c0b	e3b0c44298fc1c149afbf4c8996fb92427ae41e4649b934ca495991b7852b855
examples/hello.slim	796	0	1692	5a77d213edf9a165699655c004bd47c5e07c346a9056856c1922851dcc990c0b	e3b0c44298fc1c149afbf4c8996fb92427ae41e4649b934ca495991b7852b855
examples/hello.slim	797	0	1692	5a77d213edf9a165699655c004bd47c5e07c346a9056856c1922851dcc990c0b	e3b0c44298fc1c149afbf4c8996fb92427ae41e4649b934ca495991b7852b855
examples/hello.slim	798	0	1692	5a77d213edf9a165699655c004bd47c5e07c346a9056856c1922851dcc990c0b	e3b0c44298fc1c149afbf4c8996fb92427ae41e4649b934ca495991b7852b855
examples/hello.slim	799	0	1692	5a77d213edf9a165699655c004bd47c5e07c346a9056856c1922851dcc990c0b	e3b0c44298fc1c149afbf4c8996fb92427ae41e4649b934ca495991b7852b855
examples/hello.slim	800	0	1692	5a77d213edf9a165699655c004bd47c5e07c346a9056856c1922851dcc990c0b	e3b0c44298fc1c149afbf4c8996fb92427ae41e4649b934ca495991b7852b855
examples/hello.slim	801	0	1692	5a77d213edf9a165699655c004bd47c5e07c346a9056856c1922851dcc990c0b	e3b0c44298fc1c149afbf4c8996fb92427ae41e4649b934ca495991b7852b855
examples/hello.slim	802	0	1692	5a77d213edf9a165699655c004bd47c5e07c346a9056856c1922851dcc990c0b	e3b0c44298fc1c149afbf4c8996fb92427ae41e4649b934ca495991b7852b855
examples/hello.slim	803	0	1692	5a77d213edf9a165699655c004bd47c5e07c346a9056856c1922851dcc990c0b	e3b0c44298fc1c149afbf4c8996fb92427ae41e4649b934ca495991b7852b855
examples/hello.slim	804	0	1692	5a77d213edf9a165699655c004bd47c5e07c346a9056856c1922851dcc990c0b	e3b0c44298fc1c149afbf4c8996fb92427ae41e4649b934ca495991b7852b855
examples/hello.slim	805	0	1692	5a77d213edf9a165699655c004bd47c5e07c346a9056856c1922851dcc990c0b	e3b0c44298fc1c149afbf4c8996fb92427ae41e4649b934ca495991b7852b855
examples/hello.slim	806	0	1692	5a77d213edf9a165699655c004bd47c5e07c346a9056856c1922851dcc990c0b	e3b0c44298fc1c149afbf4c8996fb92427ae41e4649b934ca495991b7852b855
examples/hello.slim	807	0	1692	5a77d213edf9a165699655c004bd47c5e07c346a9056856c1922851dcc990c0b	e3b0c44298fc1c149afbf4c8996fb92427ae41e4649b934ca495991b7852b855
examples/hello.slim	808	0	1692	5a77d213edf9a165699655c004bd47c5e07c346a9056856c1922851dcc990c0b	e3b0c44298fc1c149afbf4c8996fb92427ae41e4649b934ca495991b7852b855
examples/hello.slim	809	0	1692	5a77d213edf9a165699655c004bd47c5e07c346a9056856c1922851dcc990c0b	e3b0c44298fc1c149afbf4c8996fb92427ae41e4649b934ca495991b7852b855
examples/hello.slim	810	0	1692	5a77d213edf9a165699655c004bd47c5e07c346a9056856c1922851dcc990c0b	e3b0c44298fc1c149afbf4c8996fb92427ae41e4649b934ca495991b7852b855
examples/hello.slim	811	0	1692	5a77d213edf9a165699655c004bd47c5e07c346a9056856c1922851dcc990c0b	e3b0c44298fc1c149afbf4c8996fb92427ae41e4649b934ca495991b7852b855
examples/hello.slim	812	0	1692	5a77d213edf9a165699655c004bd47c5e07c346a9056856c1922851dcc990c0b	e3b0c44298fc1c149afbf4c8996fb92427ae41e4649b934ca495991b7852b855
examples/hello.slim	813	0	1692	5a77d213edf9a165699655c004bd47c5e07c346a9056856c1922851dcc990c0b	e3b0c44298fc1c149afbf4c8996fb92427ae41e4649b934ca495991b7852b855
examples/hello.slim	814	0	1692	5a77d213edf9a165699655c004bd47c5e07c346a9056856c1922851dcc990c0b	e3b0c44298fc1c149afbf4c8996fb92427ae41e4649b934ca495991b7852b855
examples/hello.slim	815	0	1692	5a77d213edf9a165699655c004bd47c5e07c346a9056856c1922851dcc990c0b	e3b0c44298fc1c149afbf4c8996fb92427ae41e4649b934ca495991b7852b855
examples/hello.slim	816	0	1692	5a77d213edf9a165699655c004bd47c5e07c346a9056856c1922851dcc990c0b	e3b0c44298fc1c149afbf4c8996fb92427ae41e4649b934ca495991b7852b855
examples/hello.slim	817	0	1692	5a77d213edf9a165699655c004bd47c5e07c346a9056856c1922851dcc990c0b	e3b0c44298fc1c149afbf4c8996fb92427ae41e4649b934ca495991b7852b855
examples/hello.slim	818	0	1692	5a77d213edf9a165699655c004bd47c5e07c346a9056856c1922851dcc990c0b	e3b0c44298fc1c149afbf4c8996fb92427ae41e4649b934ca495991b7852b855
examples/hello.slim	819	0	1692	5a77d213edf9a165699655c004bd47c5e07c346a9056856c1922851dcc990c0b	e3b0c44298fc1c149afbf4c8996fb92427ae41e4649b934ca495991b7852b855
examples/hello.slim	820	0	1692	5a77d213edf9a165699655c004bd47c5e07c346a9056856c1922851dcc990c0b	e3b0c44298fc1c149afbf4c8996fb92427ae41e4649b934ca495991b7852b855
examples/hello.slim	821	0	1692	5a77d213edf9a165699655c004bd47c5e07c346a9056856c1922851dcc990c0b	e3b0c44298fc1c149afbf4c8996fb92427ae41e4649b934ca495991b7852b855
examples/hello.slim	822	0	1692	5a77d213edf9a165699655c004bd47c5e07c346a9056856c1922851dcc990c0b	e3b0c44298fc1c149afbf4c8996fb92427ae41e4649b934ca495991b7852b855
examples/hello.slim	823	0	1692	5a77d213edf9a165699655c004bd47c5e07c346a9056856c1922851dcc990c0b	e3b0c44298fc1c149afbf4c8996fb92427ae41e4649b934ca495991b7852b855
examples/hello.slim	824	0	1692	5a77d213edf9a165699655c004bd47c5e07c346a9056856c1922851dcc990c0b	e3b0c44298fc1c149afbf4c8996fb92427ae41e4649b934ca495991b7852b855
examples/hello.slim	825	0	1692	5a77d213edf9a165699655c004bd47c5e07c346a9056856c1922851dcc990c0b	e3b0c44298fc1c149afbf4c8996fb92427ae41e4649b934ca495991b7852b855
examples/hello.slim	826	0	1692	5a77d213edf9a165699655c004bd47c5e07c346a9056856c1922851dcc990c0b	e3b0c44298fc1c149afbf4c8996fb92427ae41e4649b934ca495991b7852b855
examples/hello.slim	827	0	1692	5a77d213edf9a165699655c004bd47c5e07c346a9056856c1922851dcc990c0b	e3b0c44298fc1c149afbf4c8996fb92427ae41e4649b934ca495991b7852b855
examples/hello.slim	828	0	1692	5a77d213edf9a165699655c004bd47c5e07c346a9056856c1922851dcc990c0b	e3b0c44298fc1c149afbf4c8996fb92427ae41e4649b934ca495991b7852b855
examples/hello.slim	829	0	1692	5a77d213edf9a165699655c004bd47c5e07c346a9056856c1922851dcc990c0b	e3b0c44298fc1c149afbf4c8996fb92427ae41e4649b934ca495991b7852b855
examples/hello.slim	830	0	1692	5a77d213edf9a165699655c004bd47c5e07c346a9056856c1922851dcc990c0b	e3b0c44298fc1c149afbf4c8996fb92427ae41e4649b934ca495991b7852b855
examples/hello.slim	831	0	1692	5a77d213edf9a165699655c004bd47c5e07c346a9056856c1922851dcc990c0b	e3b0c44298fc1c149afbf4c8996fb92427ae41e4649b934ca495991b7852b855
examples/hello.slim	832	0	1692	5a77d213edf9a165699655c004bd47c5e07c346a9056856c1922851dcc990c0b	e3b0c44298fc1c149afbf4c8996fb92427ae41e4649b934ca495991b7852b855
examples/hello.slim	833	0	1692	5a77d213edf9a165699655c004bd47c5e07c346a9056856c1922851dcc990c0b	e3b0c44298fc1c149afbf4c8996fb92427ae41e4649b934ca495991b7852b855
examples/hello.slim	834	0	1692	5a77d213edf9a165699655c004bd47c5e07c346a9056856c1922851dcc990c0b	e3b0c44298fc1c149afbf4c8996fb92427ae41e4649b934ca495991b7852b855
examples/hello.slim	835	0	1692	5a77d213edf9a165699655c004bd47c5e07c346a9056856c1922851dcc990c0b	e3b0c44298fc1c149afbf4c8996fb92427ae41e4649b934ca495991b7852b855
examples/hello.slim	836	0	1692	5a77d213edf9a165699655c004bd47c5e07c346a9056856c1922851dcc990c0b	e3b0c44298fc1c149afbf4c8996fb92427ae41e4649b934ca495991b7852b855
examples/hello.slim	837	0	1692	5a77d213edf9a165699655c004bd47c5e07c346a9056856c1922851dcc990c0b	e3b0c44298fc1c149afbf4c8996fb92427ae41e4649b934ca495991b7852b855
examples/hello.slim	838	0	1692	5a77d213edf9a165699655c004bd47c5e07c346a9056856c1922851dcc990c0b	e3b0c44298fc1c149afbf4c8996fb92427ae41e4649b934ca495991b7852b855
examples/hello.slim	839	0	1692	5a77d213edf9a165699655c004bd47c5e07c346a9056856c1922851dcc990c0b	e3b0c44298fc1c149afbf4c8996fb92427ae41e4649b934ca495991b7852b855
examples/hello.slim	840	0	1692	5a77d213edf9a165699655c004bd47c5e07c346a9056856c1922851dcc990c0b	e3b0c44298fc1c149afbf4c8996fb92427ae41e4649b934ca495991b7852b855
examples/hello.slim	841	0	1692	5a77d213edf9a165699655c004bd47c5e07c346a9056856c1922851dcc990c0b	e3b0c44298fc1c149afbf4c8996fb92427ae41e4649b934ca495991b7852b855
examples/hello.slim	842	0	1692	5a77d213edf9a165699655c004bd47c5e07c346a9056856c1922851dcc990c0b	e3b0c44298fc1c149afbf4c8996fb92427ae41e4649b934ca495991b7852b855
examples/hello.slim	843	0	1692	5a77d213edf9a165699655c004bd47c5e07c346a9056856c1922851dcc990c0b	e3b0c44298fc1c149afbf4c8996fb92427ae41e4649b934ca495991b7852b855
examples/hello.slim	844	0	1692	5a77d213edf9a165699655c004bd47c5e07c346a9056856c1922851dcc990c0b	e3b0c44298fc1c149afbf4c8996fb92427ae41e4649b934ca495991b7852b855
examples/hello.slim	845	0	1692	5a77d213edf9a165699655c004bd47c5e07c346a9056856c1922851dcc990c0b	e3b0c44298fc1c149afbf4c8996fb92427ae41e4649b934ca495991b7852b855
examples/hello.slim	846	0	1692	5a77d213edf9a165699655c004bd47c5e07c346a9056856c1922851dcc990c0b	e3b0c44298fc1c149afbf4c8996fb92427ae41e4649b934ca495991b7852b855
examples/hello.slim	847	0	1692	5a77d213edf9a165699655c004bd47c5e07c346a9056856c1922851dcc990c0b	e3b0c44298fc1c149afbf4c8996fb92427ae41e4649b934ca495991b7852b855
examples/hello.slim	848	0	1692	5a77d213edf9a165699655c004bd47c5e07c346a9056856c1922851dcc990c0b	e3b0c44298fc1c149afbf4c8996fb92427ae41e4649b934ca495991b7852b855
examples/hello.slim	849	0	1692	5a77d213edf9a165699655c004bd47c5e07c346a9056856c1922851dcc990c0b	e3b0c44298fc1c149afbf4c8996fb92427ae41e4649b934ca495991b7852b855
examples/hello.slim	850	0	1692	5a77d213edf9a165699655c004bd47c5e07c346a9056856c1922851dcc990c0b	e3b0c44298fc1c149afbf4c8996fb92427ae41e4649b934ca495991b7852b855
examples/hello.slim	851	0	1692	5a77d213edf9a165699655c004bd47c5e07c346a9056856c1922851dcc990c0b	e3b0c44298fc1c149afbf4c8996fb92427ae41e4649b934ca495991b7852b855
examples/hello.slim	852	0	1692	5a77d213edf9a165699655c004bd47c5e07c346a9056856c1922851dcc990c0b	e3b0c44298fc1c149afbf4c8996fb92427ae41e4649b934ca495991b7852b855
examples/hello.slim	853	0	1692	5a77d213edf9a165699655c004bd47c5e07c346a9056856c1922851dcc990c0b	e3b0c44298fc1c149afbf4c8996fb92427ae41e4649b934ca495991b7852b855
examples/hello.slim	854	0	1692	5a77d213edf9a165699655c004bd47c5e07c346a9056856c1922851dcc990c0b	e3b0c44298fc1c149afbf4c8996fb92427ae41e4649b934ca495991b7852b855
examples/hello.slim	855	0	1692	5a77d213edf9a165699655c004bd47c5e07c346a9056856c1922851dcc990c0b	e3b0c44298fc1c149afbf4c8996fb92427ae41e4649b934ca495991b7852b855
examples/hello.slim	856	0	1692	5a77d213edf9a165699655c004bd47c5e07c346a9056856c1922851dcc990c0b	e3b0c44298fc1c149afbf4c8996fb92427ae41e4649b934ca495991b7852b855
examples/hello.slim	857	0	1692	5a77d213edf9a165699655c004bd47c5e07c346a9056856c1922851dcc990c0b	e3b0c44298fc1c149afbf4c8996fb92427ae41e4649b934ca495991b7852b855
examples/hello.slim	858	0	1692	5a77d213edf9a165699655c004bd47c5e07c346a9056856c1922851dcc990c0b	e3b0c44298fc1c149afbf4c8996fb92427ae41e4649b934ca495991b7852b855
examples/hello.slim	859	0	1692	5a77d213edf9a165699655c004bd47c5e07c346a9056856c1922851dcc990c0b	e3b0c44298fc1c149afbf4c8996fb92427ae41e4649b934ca495991b7852b855
examples/hello.slim	860	0	1692	5a77d213edf9a165699655c004bd47c5e07c346a9056856c1922851dcc990c0b	e3b0c44298fc1c149afbf4c8996fb92427ae41e4649b934ca495991b7852b855
examples/hello.slim	861	0	1692	5a77d213edf9a165699655c004bd47c5e07c346a9056856c1922851dcc990c0b	e3b0c44298fc1c149afbf4c8996fb92427ae41e4649b934ca495991b7852b855
examples/hello.slim	862	0	1692	5a77d213edf9a165699655c004bd47c5e07c346a9056856c1922851dcc990c0b	e3b0c44298fc1c149afbf4c8996fb92427ae41e4649b934ca495991b7852b855
examples/hello.slim	863	0	1692	5a77d213edf9a165699655c004bd47c5e07c346a9056856c1922851dcc990c0b	e3b0c44298fc1c149afbf4c8996fb92427ae41e4649b934ca495991b7852b855
examples/hello.slim	864	0	1692	5a77d213edf9a165699655c004bd47c5e07c346a9056856c1922851dcc990c0b	e3b0c44298fc1c149afbf4c8996fb92427ae41e4649b934ca495991b7852b855
examples/hello.slim	865	0	1692	5a77d213edf9a165699655c004bd47c5e07c346a9056856c1922851dcc990c0b	e3b0c44298fc1c149afbf4c8996fb92427ae41e4649b934ca495991b7852b855
examples/hello.slim	866	0	1692	5a77d213edf9a165699655c004bd47c5e07c346a9056856c1922851dcc990c0b	e3b0c44298fc1c149afbf4c8996fb92427ae41e4649b934ca495991b7852b855
examples/hello.slim	867	0	1692	5a77d213edf9a165699655c004bd47c5e07c346a9056856c1922851dcc990c0b	e3b0c44298fc1c149afbf4c8996fb92427ae41e4649b934ca495991b7852b855
examples/hello.slim	868	0	1692	5a77d213edf9a165699655c004bd47c5e07c346a9056856c1922851dcc990c0b	e3b0c44298fc1c149afbf4c8996fb92427ae41e4649b934ca495991b7852b855
examples/hello.slim	869	0	1692	5a77d213edf9a165699655c004bd47c5e07c346a9056856c1922851dcc990c0b	e3b0c44298fc1c149afbf4c8996fb92427ae41e4649b934ca495991b7852b855
examples/hello.slim	870	0	1692	5a77d213edf9a165699655c004bd47c5e07c346a9056856c1922851dcc990c0b	e3b0c44298fc1c149afbf4c8996fb92427ae41e4649b934ca495991b7852b855
examples/hello.slim	871	0	1692	5a77d213edf9a165699655c004bd47c5e07c346a9056856c1922851dcc990c0b	e3b0c44298fc1c149afbf4c8996fb92427ae41e4649b934ca495991b7852b855
examples/hello.slim	872	0	1692	5a77d213edf9a165699655c004bd47c5e07c346a9056856c1922851dcc990c0b	e3b0c44298fc1c149afbf4c8996fb92427ae41e4649b934ca495991b7852b855
examples/hello.slim	873	0	1692	5a77d213edf9a165699655c004bd47c5e07c346a9056856c1922851dcc990c0b	e3b0c44298fc1c149afbf4c8996fb92427ae41e4649b934ca495991b7852b855
examples/hello.slim	874	0	1692	5a77d213edf9a165699655c004bd47c5e07c346a9056856c1922851dcc990c0b	e3b0c44298fc1c149afbf4c8996fb92427ae41e4649b934ca495991b7852b855
examples/hello.slim	875	0	1692	5a77d213edf9a165699655c004bd47c5e07c346a9056856c1922851dcc990c0b	e3b0c44298fc1c149afbf4c8996fb92427ae41e4649b934ca495991b7852b855
examples/hello.slim	876	0	1692	5a77d213edf9a165699655c004bd47c5e07c346a9056856c1922851dcc990c0b	e3b0c44298fc1c149afbf4c8996fb92427ae41e4649b934ca495991b7852b855
examples/hello.slim	877	0	1692	5a77d213edf9a165699655c004bd47c5e07c346a9056856c1922851dcc990c0b	e3b0c44298fc1c149afbf4c8996fb92427ae41e4649b934ca495991b7852b855
examples/hello.slim	878	0	1692	5a77d213edf9a165699655c004bd47c5e07c346a9056856c1922851dcc990c0b	e3b0c44298fc1c149afbf4c8996fb92427ae41e4649b934ca495991b7852b855
examples/hello.slim	879	0	1692	5a77d213edf9a165699655c004bd47c5e07c346a9056856c1922851dcc990c0b	e3b0c44298fc1c149afbf4c8996fb92427ae41e4649b934ca495991b7852b855
examples/hello.slim	880	0	1692	5a77d213edf9a165699655c004bd47c5e07c346a9056856c1922851dcc990c0b	e3b0c44298fc1c149afbf4c8996fb92427ae41e4649b934ca495991b7852b855
examples/hello.slim	881	0	1692	5a77d213edf9a165699655c004bd47c5e07c346a9056856c1922851dcc990c0b	e3b0c44298fc1c149afbf4c8996fb92427ae41e4649b934ca495991b7852b855
examples/hello.slim	882	0	1692	5a77d213edf9a165699655c004bd47c5e07c346a9056856c1922851dcc990c0b	e3b0c44298fc1c149afbf4c8996fb92427ae41e4649b934ca495991b7852b855
examples/hello.slim	883	0	1692	5a77d213edf9a165699655c004bd47c5e07c346a9056856c1922851dcc990c0b	e3b0c44298fc1c149afbf4c8996fb92427ae41e4649b934ca495991b7852b855
examples/hello.slim	884	0	1692	5a77d213edf9a165699655c004bd47c5e07c346a9056856c1922851dcc990c0b	e3b0c44298fc1c149afbf4c8996fb92427ae41e4649b934ca495991b7852b855
examples/hello.slim	885	0	1692	5a77d213edf9a165699655c004bd47c5e07c346a9056856c1922851dcc990c0b	e3b0c44298fc1c149afbf4c8996fb92427ae41e4649b934ca495991b7852b855
examples/hello.slim	886	0	1692	5a77d213edf9a165699655c004bd47c5e07c346a9056856c1922851dcc990c0b	e3b0c44298fc1c149afbf4c8996fb92427ae41e4649b934ca495991b7852b855
examples/hello.slim	887	0	1692	5a77d213edf9a165699655c004bd47c5e07c346a9056856c1922851dcc990c0b	e3b0c44298fc1c149afbf4c8996fb92427ae41e4649b934ca495991b7852b855
examples/hello.slim	888	0	1692	5a77d213edf9a165699655c004bd47c5e07c346a9056856c1922851dcc990c0b	e3b0c44298fc1c149afbf4c8996fb92427ae41e4649b934ca495991b7852b855
examples/hello.slim	889	0	1692	5a77d213edf9a165699655c004bd47c5e07c346a9056856c1922851dcc990c0b	e3b0c44298fc1c149afbf4c8996fb92427ae41e4649b934ca495991b7852b855
examples/hello.slim	890	0	1692	5a77d213edf9a165699655c004bd47c5e07c346a9056856c1922851dcc990c0b	e3b0c44298fc1c149afbf4c8996fb92427ae41e4649b934ca495991b7852b855
examples/hello.slim	891	0	1692	5a77d213edf9a165699655c004bd47c5e07c346a9056856c1922851dcc990c0b	e3b0c44298fc1c149afbf4c8996fb92427ae41e4649b934ca495991b7852b855
examples/hello.slim	892	0	1692	5a77d213edf9a165699655c004bd47c5e07c346a9056856c1922851dcc990c0b	e3b0c44298fc1c149afbf4c8996fb92427ae41e4649b934ca495991b7852b855
examples/hello.slim	893	0	1692	5a77d213edf9a165699655c004bd47c5e07c346a9056856c1922851dcc990c0b	e3b0c44298fc1c149afbf4c8996fb92427ae41e4649b934ca495991b7852b855
examples/hello.slim	894	0	1692	5a77d213edf9a165699655c004bd47c5e07c346a9056856c1922851dcc990c0b	e3b0c44298fc1c149afbf4c8996fb92427ae41e4649b934ca495991b7852b855
examples/hello.slim	895	0	1692	5a77d213edf9a165699655c004bd47c5e07c346a9056856c1922851dcc990c0b	e3b0c44298fc1c149afbf4c8996fb92427ae41e4649b934ca495991b7852b855
examples/hello.slim	896	0	1692	5a77d213edf9a165699655c004bd47c5e07c346a9056856c1922851dcc990c0b	e3b0c44298fc1c149afbf4c8996fb92427ae41e4649b934ca495991b7852b855
examples/hello.slim	897	0	1692	5a77d213edf9a165699655c004bd47c5e07c346a9056856c1922851dcc990c0b	e3b0c44298fc1c149afbf4c8996fb92427ae41e4649b934ca495991b7852b855
examples/hello.slim	898	0	1692	5a77d213edf9a165699655c004bd47c5e07c346a9056856c1922851dcc990c0b	e3b0c44298fc1c149afbf4c8996fb92427ae41e4649b934ca495991b7852b855
examples/hello.slim	899	0	1692	5a77d213edf9a165699655c004bd47c5e07c346a9056856c1922851dcc990c0b	e3b0c44298fc1c149afbf4c8996fb92427ae41e4649b934ca495991b7852b855
examples/hello.slim	900	0	1692	5a77d213edf9a165699655c004bd47c5e07c346a9056856c1922851dcc990c0b	e3b0c44298fc1c149afbf4c8996fb92427ae41e4649b934ca495991b7852b855
examples/hello.slim	901	0	1692	5a77d213edf9a165699655c004bd47c5e07c346a9056856c1922851dcc990c0b	e3b0c44298fc1c149afbf4c8996fb92427ae41e4649b934ca495991b7852b855
examples/hello.slim	902	0	1692	5a77d213edf9a165699655c004bd47c5e07c346a9056856c1922851dcc990c0b	e3b0c44298fc1c149afbf4c8996fb92427ae41e4649b934ca495991b7852b855
examples/hello.slim	903	0	1692	5a77d213edf9a165699655c004bd47c5e07c346a9056856c1922851dcc990c0b	e3b0c44298fc1c149afbf4c8996fb92427ae41e4649b934ca495991b7852b855
examples/hello.slim	904	0	1692	5a77d213edf9a165699655c004bd47c5e07c346a9056856c1922851dcc990c0b	e3b0c44298fc1c149afbf4c8996fb92427ae41e4649b934ca495991b7852b855
examples/hello.slim	905	0	1692	5a77d213edf9a165699655c004bd47c5e07c346a9056856c1922851dcc990c0b	e3b0c44298fc1c149afbf4c8996fb92427ae41e4649b934ca495991b7852b855
examples/hello.slim	906	0	1692	5a77d213edf9a165699655c004bd47c5e07c346a9056856c1922851dcc990c0b	e3b0c44298fc1c149afbf4c8996fb92427ae41e4649b934ca495991b7852b855
examples/hello.slim	907	0	1692	5a77d213edf9a165699655c004bd47c5e07c346a9056856c1922851dcc990c0b	e3b0c44298fc1c149afbf4c8996fb92427ae41e4649b934ca495991b7852b855
examples/hello.slim	908	0	1692	5a77d213edf9a165699655c004bd47c5e07c346a9056856c1922851dcc990c0b	e3b0c44298fc1c149afbf4c8996fb92427ae41e4649b934ca495991b7852b855
examples/hello.slim	909	0	1692	5a77d213edf9a165699655c004bd47c5e07c346a9056856c1922851dcc990c0b	e3b0c44298fc1c149afbf4c8996fb92427ae41e4649b934ca495991b7852b855
examples/hello.slim	910	0	1692	5a77d213edf9a165699655c004bd47c5e07c346a9056856c1922851dcc990c0b	e3b0c44298fc1c149afbf4c8996fb92427ae41e4649b934ca495991b7852b855
examples/hello.slim	911	0	1692	5a77d213edf9a165699655c004bd47c5e07c346a9056856c1922851dcc990c0b	e3b0c44298fc1c149afbf4c8996fb92427ae41e4649b934ca495991b7852b855
examples/hello.slim	912	0	1692	5a77d213edf9a165699655c004bd47c5e07c346a9056856c1922851dcc990c0b	e3b0c44298fc1c149afbf4c8996fb92427ae41e4649b934ca495991b7852b855
examples/hello.slim	913	0	1692	5a77d213edf9a165699655c004bd47c5e07c346a9056856c1922851dcc990c0b	e3b0c44298fc1c149afbf4c8996fb92427ae41e4649b934ca495991b7852b855
examples/hello.slim	914	0	1692	5a77d213edf9a165699655c004bd47c5e07c346a9056856c1922851dcc990c0b	e3b0c44298fc1c149afbf4c8996fb92427ae41e4649b934ca495991b7852b855
examples/hello.slim	915	0	1692	5a77d213edf9a165699655c004bd47c5e07c346a9056856c1922851dcc990c0b	e3b0c44298fc1c149afbf4c8996fb92427ae41e4649b934ca495991b7852b855
examples/hello.slim	916	0	1692	5a77d213edf9a165699655c004bd47c5e07c346a9056856c1922851dcc990c0b	e3b0c44298fc1c149afbf4c8996fb92427ae41e4649b934ca495991b7852b855
examples/hello.slim	917	0	1692	5a77d213edf9a165699655c004bd47c5e07c346a9056856c1922851dcc990c0b	e3b0c44298fc1c149afbf4c8996fb92427ae41e4649b934ca495991b7852b855
examples/hello.slim	918	0	1692	5a77d213edf9a165699655c004bd47c5e07c346a9056856c1922851dcc990c0b	e3b0c44298fc1c149afbf4c8996fb92427ae41e4649b934ca495991b7852b855
examples/hello.slim	919	0	1692	5a77d213edf9a165699655c004bd47c5e07c346a9056856c1922851dcc990c0b	e3b0c44298fc1c149afbf4c8996fb92427ae41e4649b934ca495991b7852b855
examples/hello.slim	920	0	1692	5a77d213edf9a165699655c004bd47c5e07c346a9056856c1922851dcc990c0b	e3b0c44298fc1c149afbf4c8996fb92427ae41e4649b934ca495991b7852b855
examples/hello.slim	921	0	1692	5a77d213edf9a165699655c004bd47c5e07c346a9056856c1922851dcc990c0b	e3b0c44298fc1c149afbf4c8996fb92427ae41e4649b934ca495991b7852b855
examples/hello.slim	922	0	1692	5a77d213edf9a165699655c004bd47c5e07c346a9056856c1922851dcc990c0b	e3b0c44298fc1c149afbf4c8996fb92427ae41e4649b934ca495991b7852b855
examples/hello.slim	923	0	1692	5a77d213edf9a165699655c004bd47c5e07c346a9056856c1922851dcc990c0b	e3b0c44298fc1c149afbf4c8996fb92427ae41e4649b934ca495991b7852b855
examples/hello.slim	924	0	1692	5a77d213edf9a165699655c004bd47c5e07c346a9056856c1922851dcc990c0b	e3b0c44298fc1c149afbf4c8996fb92427ae41e4649b934ca495991b7852b855
examples/hello.slim	925	0	1692	5a77d213edf9a165699655c004bd47c5e07c346a9056856c1922851dcc990c0b	e3b0c44298fc1c149afbf4c8996fb92427ae41e4649b934ca495991b7852b855
examples/hello.slim	926	0	1692	5a77d213edf9a165699655c004bd47c5e07c346a9056856c1922851dcc990c0b	e3b0c44298fc1c149afbf4c8996fb92427ae41e4649b934ca495991b7852b855
examples/hello.slim	927	0	1692	5a77d213edf9a165699655c004bd47c5e07c346a9056856c1922851dcc990c0b	e3b0c44298fc1c149afbf4c8996fb92427ae41e4649b934ca495991b7852b855
examples/hello.slim	928	0	1692	5a77d213edf9a165699655c004bd47c5e07c346a9056856c1922851dcc990c0b	e3b0c44298fc1c149afbf4c8996fb92427ae41e4649b934ca495991b7852b855
examples/hello.slim	929	0	1692	5a77d213edf9a165699655c004bd47c5e07c346a9056856c1922851dcc990c0b	e3b0c44298fc1c149afbf4c8996fb92427ae41e4649b934ca495991b7852b855
examples/hello.slim	930	0	1692	5a77d213edf9a165699655c004bd47c5e07c346a9056856c1922851dcc990c0b	e3b0c44298fc1c149afbf4c8996fb92427ae41e4649b934ca495991b7852b855
examples/hello.slim	931	0	1692	5a77d213edf9a165699655c004bd47c5e07c346a9056856c1922851dcc990c0b	e3b0c44298fc1c149afbf4c8996fb92427ae41e4649b934ca495991b7852b855
examples/hello.slim	932	0	1692	5a77d213edf9a165699655c004bd47c5e07c346a9056856c1922851dcc990c0b	e3b0c44298fc1c149afbf4c8996fb92427ae41e4649b934ca495991b7852b855
examples/hello.slim	933	0	1692	5a77d213edf9a165699655c004bd47c5e07c346a9056856c1922851dcc990c0b	e3b0c44298fc1c149afbf4c8996fb92427ae41e4649b934ca495991b7852b855
examples/hello.slim	934	0	1692	5a77d213edf9a165699655c004bd47c5e07c346a9056856c1922851dcc990c0b	e3b0c44298fc1c149afbf4c8996fb92427ae41e4649b934ca495991b7852b855
examples/hello.slim	935	0	1692	5a77d213edf9a165699655c004bd47c5e07c346a9056856c1922851dcc990c0b	e3b0c44298fc1c149afbf4c8996fb92427ae41e4649b934ca495991b7852b855
examples/hello.slim	936	0	1692	5a77d213edf9a165699655c004bd47c5e07c346a9056856c1922851dcc990c0b	e3b0c44298fc1c149afbf4c8996fb92427ae41e4649b934ca495991b7852b855
examples/hello.slim	937	0	1692	5a77d213edf9a165699655c004bd47c5e07c346a9056856c1922851dcc990c0b	e3b0c44298fc1c149afbf4c8996fb92427ae41e4649b934ca495991b7852b855
examples/hello.slim	938	0	1692	5a77d213edf9a165699655c004bd47c5e07c346a9056856c1922851dcc990c0b	e3b0c44298fc1c149afbf4c8996fb92427ae41e4649b934ca495991b7852b855
examples/hello.slim	939	0	1692	5a77d213edf9a165699655c004bd47c5e07c346a9056856c1922851dcc990c0b	e3b0c44298fc1c149afbf4c8996fb92427ae41e4649b934ca495991b7852b855
examples/hello.slim	940	0	1692	5a77d213edf9a165699655c004bd47c5e07c346a9056856c1922851dcc990c0b	e3b0c44298fc1c149afbf4c8996fb92427ae41e4649b934ca495991b7852b855
examples/hello.slim	941	0	1692	5a77d213edf9a165699655c004bd47c5e07c346a9056856c1922851dcc990c0b	e3b0c44298fc1c149afbf4c8996fb92427ae41e4649b934ca495991b7852b855
examples/hello.slim	942	0	1692	5a77d213edf9a165699655c004bd47c5e07c346a9056856c1922851dcc990c0b	e3b0c44298fc1c149afbf4c8996fb92427ae41e4649b934ca495991b7852b855
examples/hello.slim	943	0	1692	5a77d213edf9a165699655c004bd47c5e07c346a9056856c1922851dcc990c0b	e3b0c44298fc1c149afbf4c8996fb92427ae41e4649b934ca495991b7852b855
examples/hello.slim	944	0	1692	5a77d213edf9a165699655c004bd47c5e07c346a9056856c1922851dcc990c0b	e3b0c44298fc1c149afbf4c8996fb92427ae41e4649b934ca495991b7852b855
examples/hello.slim	945	0	1692	5a77d213edf9a165699655c004bd47c5e07c346a9056856c1922851dcc990c0b	e3b0c44298fc1c149afbf4c8996fb92427ae41e4649b934ca495991b7852b855
examples/hello.slim	946	0	1692	5a77d213edf9a165699655c004bd47c5e07c346a9056856c1922851dcc990c0b	e3b0c44298fc1c149afbf4c8996fb92427ae41e4649b934ca495991b7852b855
examples/hello.slim	947	0	1692	5a77d213edf9a165699655c004bd47c5e07c346a9056856c1922851dcc990c0b	e3b0c44298fc1c149afbf4c8996fb92427ae41e4649b934ca495991b7852b855
examples/hello.slim	948	0	1692	5a77d213edf9a165699655c004bd47c5e07c346a9056856c1922851dcc990c0b	e3b0c44298fc1c149afbf4c8996fb92427ae41e4649b934ca495991b7852b855
examples/hello.slim	949	0	1692	5a77d213edf9a165699655c004bd47c5e07c346a9056856c1922851dcc990c0b	e3b0c44298fc1c149afbf4c8996fb92427ae41e4649b934ca495991b7852b855
examples/hello.slim	950	0	1692	5a77d213edf9a165699655c004bd47c5e07c346a9056856c1922851dcc990c0b	e3b0c44298fc1c149afbf4c8996fb92427ae41e4649b934ca495991b7852b855
examples/hello.slim	951	0	1692	5a77d213edf9a165699655c004bd47c5e07c346a9056856c1922851dcc990c0b	e3b0c44298fc1c149afbf4c8996fb92427ae41e4649b934ca495991b7852b855
examples/hello.slim	952	0	1692	5a77d213edf9a165699655c004bd47c5e07c346a9056856c1922851dcc990c0b	e3b0c44298fc1c149afbf4c8996fb92427ae41e4649b934ca495991b7852b855
examples/hello.slim	953	0	1692	5a77d213edf9a165699655c004bd47c5e07c346a9056856c1922851dcc990c0b	e3b0c44298fc1c149afbf4c8996fb92427ae41e4649b934ca495991b7852b855
examples/hello.slim	954	0	1692	5a77d213edf9a165699655c004bd47c5e07c346a9056856c1922851dcc990c0b	e3b0c44298fc1c149afbf4c8996fb92427ae41e4649b934ca495991b7852b855
examples/hello.slim	955	0	1692	5a77d213edf9a165699655c004bd47c5e07c346a9056856c1922851dcc990c0b	e3b0c44298fc1c149afbf4c8996fb92427ae41e4649b934ca495991b7852b855
examples/hello.slim	956	0	1692	5a77d213edf9a165699655c004bd47c5e07c346a9056856c1922851dcc990c0b	e3b0c44298fc1c149afbf4c8996fb92427ae41e4649b934ca495991b7852b855
examples/hello.slim	957	0	1692	5a77d213edf9a165699655c004bd47c5e07c346a9056856c1922851dcc990c0b	e3b0c44298fc1c149afbf4c8996fb92427ae41e4649b934ca495991b7852b855
examples/hello.slim	958	0	1692	5a77d213edf9a165699655c004bd47c5e07c346a9056856c1922851dcc990c0b	e3b0c44298fc1c149afbf4c8996fb92427ae41e4649b934ca495991b7852b855
examples/hello.slim	959	0	1692	5a77d213edf9a165699655c004bd47c5e07c346a9056856c1922851dcc990c0b	e3b0c44298fc1c149afbf4c8996fb92427ae41e4649b934ca495991b7852b855
examples/hello.slim	960	0	1692	5a77d213edf9a165699655c004bd47c5e07c346a9056856c1922851dcc990c0b	e3b0c44298fc1c149afbf4c8996fb92427ae41e4649b934ca495991b7852b855
examples/hello.slim	961	0	1692	5a77d213edf9a165699655c004bd47c5e07c346a9056856c1922851dcc990c0b	e3b0c44298fc1c149afbf4c8996fb92427ae41e4649b934ca495991b7852b855
examples/hello.slim	962	0	1692	5a77d213edf9a165699655c004bd47c5e07c346a9056856c1922851dcc990c0b	e3b0c44298fc1c149afbf4c8996fb92427ae41e4649b934ca495991b7852b855
examples/hello.slim	963	0	1692	5a77d213edf9a165699655c004bd47c5e07c346a9056856c1922851dcc990c0b	e3b0c44298fc1c149afbf4c8996fb92427ae41e4649b934ca495991b7852b855
examples/hello.slim	964	0	1692	5a77d213edf9a165699655c004bd47c5e07c346a9056856c1922851dcc990c0b	e3b0c44298fc1c149afbf4c8996fb92427ae41e4649b934ca495991b7852b855
examples/hello.slim	965	0	1692	5a77d213edf9a165699655c004bd47c5e07c346a9056856c1922851dcc990c0b	e3b0c44298fc1c149afbf4c8996fb92427ae41e4649b934ca495991b7852b855
examples/hello.slim	966	0	1692	5a77d213edf9a165699655c004bd47c5e07c346a9056856c1922851dcc990c0b	e3b0c44298fc1c149afbf4c8996fb92427ae41e4649b934ca495991b7852b855
examples/hello.slim	967	0	1692	5a77d213edf9a165699655c004bd47c5e07c346a9056856c1922851dcc990c0b	e3b0c44298fc1c149afbf4c8996fb92427ae41e4649b934ca495991b7852b855
examples/hello.slim	968	0	1692	5a77d213edf9a165699655c004bd47c5e07c346a9056856c1922851dcc990c0b	e3b0c44298fc1c149afbf4c8996fb92427ae41e4649b934ca495991b7852b855
examples/hello.slim	969	0	1692	5a77d213edf9a165699655c004bd47c5e07c346a9056856c1922851dcc990c0b	e3b0c44298fc1c149afbf4c8996fb92427ae41e4649b934ca495991b7852b855
examples/hello.slim	970	0	1692	5a77d213edf9a165699655c004bd47c5e07c346a9056856c1922851dcc990c0b	e3b0c44298fc1c149afbf4c8996fb92427ae41e4649b934ca495991b7852b855
examples/hello.slim	971	0	1692	5a77d213edf9a165699655c004bd47c5e07c346a9056856c1922851dcc990c0b	e3b0c44298fc1c149afbf4c8996fb92427ae41e4649b934ca495991b7852b855
examples/hello.slim	972	0	1692	5a77d213edf9a165699655c004bd47c5e07c346a9056856c1922851dcc990c0b	e3b0c44298fc1c149afbf4c8996fb92427ae41e4649b934ca495991b7852b855
examples/hello.slim	973	0	1692	5a77d213edf9a165699655c004bd47c5e07c346a9056856c1922851dcc990c0b	e3b0c44298fc1c149afbf4c8996fb92427ae41e4649b934ca495991b7852b855
examples/hello.slim	974	0	1692	5a77d213edf9a165699655c004bd47c5e07c346a9056856c1922851dcc990c0b	e3b0c44298fc1c149afbf4c8996fb92427ae41e4649b934ca495991b7852b855
examples/hello.slim	975	0	1692	5a77d213edf9a165699655c004bd47c5e07c346a9056856c1922851dcc990c0b	e3b0c44298fc1c149afbf4c8996fb92427ae41e4649b934ca495991b7852b855
examples/hello.slim	976	0	1692	5a77d213edf9a165699655c004bd47c5e07c346a9056856c1922851dcc990c0b	e3b0c44298fc1c149afbf4c8996fb92427ae41e4649b934ca495991b7852b855
examples/hello.slim	977	0	1692	5a77d213edf9a165699655c004bd47c5e07c346a9056856c1922851dcc990c0b	e3b0c44298fc1c149afbf4c8996fb92427ae41e4649b934ca495991b7852b855
examples/hello.slim	978	0	1692	5a77d213edf9a165699655c004bd47c5e07c346a9056856c1922851dcc990c0b	e3b0c44298fc1c149afbf4c8996fb92427ae41e4649b934ca495991b7852b855
examples/hello.slim	979	0	1692	5a77d213edf9a165699655c004bd47c5e07c346a9056856c1922851dcc990c0b	e3b0c44298fc1c149afbf4c8996fb92427ae41e4649b934ca495991b7852b855
examples/hello.slim	980	0	1692	5a77d213edf9a165699655c004bd47c5e07c346a9056856c1922851dcc990c0b	e3b0c44298fc1c149afbf4c8996fb92427ae41e4649b934ca495991b7852b855
examples/hello.slim	981	0	1692	5a77d213edf9a165699655c004bd47c5e07c346a9056856c1922851dcc990c0b	e3b0c44298fc1c149afbf4c8996fb92427ae41e4649b934ca495991b7852b855
examples/hello.slim	982	0	1692	5a77d213edf9a165699655c004bd47c5e07c346a9056856c1922851dcc990c0b	e3b0c44298fc1c149afbf4c8996fb92427ae41e4649b934ca495991b7852b855
examples/hello.slim	983	0	1692	5a77d213edf9a165699655c004bd47c5e07c346a9056856c1922851dcc990c0b	e3b0c44298fc1c149afbf4c8996fb92427ae41e4649b934ca495991b7852b855
examples/hello.slim	984	0	1692	5a77d213edf9a165699655c004bd47c5e07c346a9056856c1922851dcc990c0b	e3b0c44298fc1c149afbf4c8996fb92427ae41e4649b934ca495991b7852b855
examples/hello.slim	985	0	1692	5a77d213edf9a165699655c004bd47c5e07c346a9056856c1922851dcc990c0b	e3b0c44298fc1c149afbf4c8996fb92427ae41e4649b934ca495991b7852b855
examples/hello.slim	986	0	1692	5a77d213edf9a165699655c004bd47c5e07c346a9056856c1922851dcc990c0b	e3b0c44298fc1c149afbf4c8996fb92427ae41e4649b934ca495991b7852b855
examples/hello.slim	987	0	1692	5a77d213edf9a165699655c004bd47c5e07c346a9056856c1922851dcc990c0b	e3b0c44298fc1c149afbf4c8996fb92427ae41e4649b934ca495991b7852b855
examples/hello.slim	988	0	1692	5a77d213edf9a165699655c004bd47c5e07c346a9056856c1922851dcc990c0b	e3b0c44298fc1c149afbf4c8996fb92427ae41e4649b934ca495991b7852b855
examples/hello.slim	989	0	1692	5a77d213edf9a165699655c004bd47c5e07c346a9056856c1922851dcc990c0b	e3b0c44298fc1c149afbf4c8996fb92427ae41e4649b934ca495991b7852b855
examples/hello.slim	990	0	1692	5a77d213edf9a165699655c004bd47c5e07c346a9056856c1922851dcc990c0b	e3b0c44298fc1c149afbf4c8996fb92427ae41e4649b934ca495991b7852b855
examples/hello.slim	991	0	1692	5a77d213edf9a165699655c004bd47c5e07c346a9056856c1922851dcc990c0b	e3b0c44298fc1c149afbf4c8996fb92427ae41e4649b934ca495991b7852b855
examples/hello.slim	992	0	1692	5a77d213edf9a165699655c004bd47c5e07c346a9056856c1922851dcc990c0b	e3b0c44298fc1c149afbf4c8996fb92427ae41e4649b934ca495991b7852b855
examples/hello.slim	993	0	1692	5a77d213edf9a165699655c004bd47c5e07c346a9056856c1922851dcc990c0b	e3b0c44298fc1c149afbf4c8996fb92427ae41e4649b934ca495991b7852b855
examples/hello.slim	994	0	1692	5a77d213edf9a165699655c004bd47c5e07c346a9056856c1922851dcc990c0b	e3b0c44298fc1c149afbf4c8996fb92427ae41e4649b934ca495991b7852b855
examples/hello.slim	995	0	1692	5a77d213edf9a165699655c004bd47c5e07c346a9056856c1922851dcc990c0b	e3b0c44298fc1c149afbf4c8996fb92427ae41e4649b934ca495991b7852b855
examples/hello.slim	996	0	1692	5a77d213edf9a165699655c004bd47c5e07c346a9056856c1922851dcc990c0b	e3b0c44298fc1c149afbf4c8996fb92427ae41e4649b934ca495991b7852b855
examples/hello.slim	997	0	1692	5a77d213edf9a165699655c004bd47c5e07c346a9056856c1922851dcc990c0b	e3b0c44298fc1c149afbf4c8996fb92427ae41e4649b934ca495991b7852b855
examples/hello.slim	998	0	1692	5a77d213edf9a165699655c004bd47c5e07c346a9056856c1922851dcc990c0b	e3b0c44298fc1c149afbf4c8996fb92427ae41e4649b934ca495991b7852b855
examples/hello.slim	999	0	1692	5a77d213edf9a165699655c004bd47c5e07c346a9056856c1922851dcc990c0b	e3b0c44298fc1c149afbf4c8996fb92427ae41e4649b934ca495991b7852b855
examples/hello.slim	1000	0	1692	5a77d213edf9a165699655c004bd47c5e07c346a9056856c1922851dcc990c0b	e3b0c44298fc1c149afbf4c8996fb92427ae41e4649b934ca495991b7852b855
examples/hello.slim	1001	0	1692	5a77d213edf9a165699655c004bd47c5e07c346a9056856c1922851dcc990c0b	e3b0c44298fc1c149afbf4c8996fb92427ae41e4649b934ca495991b7852b855
examples/hello.slim	1002	0	1692	5a77d213edf9a165699655c004bd47c5e07c346a9056856c1922851dcc990c0b	e3b0c44298fc1c149afbf4c8996fb92427ae41e4649b934ca495991b7852b855
examples/hello.slim	1003	0	1692	5a77d213edf9a165699655c004bd47c5e07c346a9056856c1922851dcc990c0b	e3b0c44298fc1c149afbf4c8996fb92427ae41e4649b934ca495991b7852b855
examples/hello.slim	1004	0	1692	5a77d213edf9a165699655c004bd47c5e07c346a9056856c1922851dcc990c0b	e3b0c44298fc1c149afbf4c8996fb92427ae41e4649b934ca495991b7852b855
examples/hello.slim	1005	0	1692	5a77d213edf9a165699655c004bd47c5e07c346a9056856c1922851dcc990c0b	e3b0c44298fc1c149afbf4c8996fb92427ae41e4649b934ca495991b7852b855
examples/hello.slim	1006	0	1692	5a77d213edf9a165699655c004bd47c5e07c346a9056856c1922851dcc990c0b	e3b0c44298fc1c149afbf4c8996fb92427ae41e4649b934ca495991b7852b855
examples/hello.slim	1007	0	1692	5a77d213edf9a165699655c004bd47c5e07c346a9056856c1922851dcc990c0b	e3b0c44298fc1c149afbf4c8996fb92427ae41e4649b934ca495991b7852b855
examples/hello.slim	1008	0	1692	5a77d213edf9a165699655c004bd47c5e07c346a9056856c1922851dcc990c0b	e3b0c44298fc1c149afbf4c8996fb92427ae41e4649b934ca495991b7852b855
examples/hello.slim	1009	0	1692	5a77d213edf9a165699655c004bd47c5e07c346a9056856c1922851dcc990c0b	e3b0c44298fc1c149afbf4c8996fb92427ae41e4649b934ca495991b7852b855
examples/hello.slim	1010	0	1692	5a77d213edf9a165699655c004bd47c5e07c346a9056856c1922851dcc990c0b	e3b0c44298fc1c149afbf4c8996fb92427ae41e4649b934ca495991b7852b855
examples/hello.slim	1011	0	1692	5a77d213edf9a165699655c004bd47c5e07c346a9056856c1922851dcc990c0b	e3b0c44298fc1c149afbf4c8996fb92427ae41e4649b934ca495991b7852b855
examples/hello.slim	1012	0	1692	5a77d213edf9a165699655c004bd47c5e07c346a9056856c1922851dcc990c0b	e3b0c44298fc1c149afbf4c8996fb92427ae41e4649b934ca495991b7852b855
examples/hello.slim	1013	0	1692	5a77d213edf9a165699655c004bd47c5e07c346a9056856c1922851dcc990c0b	e3b0c44298fc1c149afbf4c8996fb92427ae41e4649b934ca495991b7852b855
examples/hello.slim	1014	0	1692	5a77d213edf9a165699655c004bd47c5e07c346a9056856c1922851dcc990c0b	e3b0c44298fc1c149afbf4c8996fb92427ae41e4649b934ca495991b7852b855
examples/hello.slim	1015	0	1692	5a77d213edf9a165699655c004bd47c5e07c346a9056856c1922851dcc990c0b	e3b0c44298fc1c149afbf4c8996fb92427ae41e4649b934ca495991b7852b855
examples/hello.slim	1016	0	1692	5a77d213edf9a165699655c004bd47c5e07c346a9056856c1922851dcc990c0b	e3b0c44298fc1c149afbf4c8996fb92427ae41e4649b934ca495991b7852b855
examples/hello.slim	1017	0	1692	5a77d213edf9a165699655c004bd47c5e07c346a9056856c1922851dcc990c0b	e3b0c44298fc1c149afbf4c8996fb92427ae41e4649b934ca495991b7852b855
examples/hello.slim	1018	0	1692	5a77d213edf9a165699655c004bd47c5e07c346a9056856c1922851dcc990c0b	e3b0c44298fc1c149afbf4c8996fb92427ae41e4649b934ca495991b7852b855
examples/hello.slim	1019	0	1692	5a77d213edf9a165699655c004bd47c5e07c346a9056856c1922851dcc990c0b	e3b0c44298fc1c149afbf4c8996fb92427ae41e4649b934ca495991b7852b855
examples/hello.slim	1020	0	1692	5a77d213edf9a165699655c004bd47c5e07c346a9056856c1922851dcc990c0b	e3b0c44298fc1c149afbf4c8996fb92427ae41e4649b934ca495991b7852b855
examples/hello.slim	1021	0	1692	5a77d213edf9a165699655c004bd47c5e07c346a9056856c1922851dcc990c0b	e3b0c44298fc1c149afbf4c8996fb92427ae41e4649b934ca495991b7852b855
examples/hello.slim	1022	0	1692	5a77d213edf9a165699655c004bd47c5e07c346a9056856c1922851dcc990c0b	e3b0c44298fc1c149afbf4c8996fb92427ae41e4649b934ca495991b7852b855
examples/hello.slim	1023	0	1692	5a77d213edf9a165699655c004bd47c5e07c346a9056856c1922851dcc990c0b	e3b0c44298fc1c149afbf4c8996fb92427ae41e4649b934ca495991b7852b855
examples/hello.slim	1024	0	1692	5a77d213edf9a165699655c004bd47c5e07c346a9056856c1922851dcc990c0b	e3b0c44298fc1c149afbf4c8996fb92427ae41e4649b934ca495991b7852b855
examples/hello.slim	1025	0	1692	5a77d213edf9a165699655c004bd47c5e07c346a9056856c1922851dcc990c0b	e3b0c44298fc1c149afbf4c8996fb92427ae41e4649b934ca495991b7852b855
examples/hello.slim	1026	0	1692	5a77d213edf9a165699655c004bd47c5e07c346a9056856c1922851dcc990c0b	e3b0c44298fc1c149afbf4c8996fb92427ae41e4649b934ca495991b7852b855
examples/hello.slim	1027	0	1692	5a77d213edf9a165699655c004bd47c5e07c346a9056856c1922851dcc990c0b	e3b0c44298fc1c149afbf4c8996fb92427ae41e4649b934ca495991b7852b855
examples/hello.slim	1028	0	1692	5a77d213edf9a165699655c004bd47c5e07c346a9056856c1922851dcc990c0b	e3b0c44298fc1c149afbf4c8996fb92427ae41e4649b934ca495991b7852b855
examples/hello.slim	1029	0	1692	5a77d213edf9a165699655c004bd47c5e07c346a9056856c1922851dcc990c0b	e3b0c44298fc1c149afbf4c8996fb92427ae41e4649b934ca495991b7852b855
examples/hello.slim	1030	0	1692	5a77d213edf9a165699655c004bd47c5e07c346a9056856c1922851dcc990c0b	e3b0c44298fc1c149afbf4c8996fb92427ae41e4649b934ca495991b7852b855
examples/hello.slim	1031	0	1692	5a77d213edf9a165699655c004bd47c5e07c346a9056856c1922851dcc990c0b	e3b0c44298fc1c149afbf4c8996fb92427ae41e4649b934ca495991b7852b855
examples/hello.slim	1032	0	1692	5a77d213edf9a165699655c004bd47c5e07c346a9056856c1922851dcc990c0b	e3b0c44298fc1c149afbf4c8996fb92427ae41e4649b934ca495991b7852b855
examples/hello.slim	1033	0	1692	5a77d213edf9a165699655c004bd47c5e07c346a9056856c1922851dcc990c0b	e3b0c44298fc1c149afbf4c8996fb92427ae41e4649b934ca495991b7852b855
examples/hello.slim	1034	0	1692	5a77d213edf9a165699655c004bd47c5e07c346a9056856c1922851dcc990c0b	e3b0c44298fc1c149afbf4c8996fb92427ae41e4649b934ca495991b7852b855
examples/hello.slim	1035	0	1692	5a77d213edf9a165699655c004bd47c5e07c346a9056856c1922851dcc990c0b	e3b0c44298fc1c149afbf4c8996fb92427ae41e4649b934ca495991b7852b855
examples/hello.slim	1036	0	1692	5a77d213edf9a165699655c004bd47c5e07c346a9056856c1922851dcc990c0b	e3b0c44298fc1c149afbf4c8996fb92427ae41e4649b934ca495991b7852b855
examples/hello.slim	1037	0	1692	5a77d213edf9a165699655c004bd47c5e07c346a9056856c1922851dcc990c0b	e3b0c44298fc1c149afbf4c8996fb92427ae41e4649b934ca495991b7852b855
examples/hello.slim	1038	0	1692	5a77d213edf9a165699655c004bd47c5e07c346a9056856c1922851dcc990c0b	e3b0c44298fc1c149afbf4c8996fb92427ae41e4649b934ca495991b7852b855
examples/hello.slim	1039	0	1692	5a77d213edf9a165699655c004bd47c5e07c346a9056856c1922851dcc990c0b	e3b0c44298fc1c149afbf4c8996fb92427ae41e4649b934ca495991b7852b855
examples/hello.slim	1040	0	1692	5a77d213edf9a165699655c004bd47c5e07c346a9056856c1922851dcc990c0b	e3b0c44298fc1c149afbf4c8996fb92427ae41e4649b934ca495991b7852b855
examples/hello.slim	1041	0	1692	5a77d213edf9a165699655c004bd47c5e07c346a9056856c1922851dcc990c0b	e3b0c44298fc1c149afbf4c8996fb92427ae41e4649b934ca495991b7852b855
examples/hello.slim	1042	0	1692	5a77d213edf9a165699655c004bd47c5e07c346a9056856c1922851dcc990c0b	e3b0c44298fc1c149afbf4c8996fb92427ae41e4649b934ca495991b7852b855
examples/hello.slim	1043	0	1692	5a77d213edf9a165699655c004bd47c5e07c346a9056856c1922851dcc990c0b	e3b0c44298fc1c149afbf4c8996fb92427ae41e4649b934ca495991b7852b855
examples/hello.slim	1044	0	1692	5a77d213edf9a165699655c004bd47c5e07c346a9056856c1922851dcc990c0b	e3b0c44298fc1c149afbf4c8996fb92427ae41e4649b934ca495991b7852b855
examples/hello.slim	1045	0	1692	5a77d213edf9a165699655c004bd47c5e07c346a9056856c1922851dcc990c0b	e3b0c44298fc1c149afbf4c8996fb92427ae41e4649b934ca495991b7852b855
examples/hello.slim	1046	0	1692	5a77d213edf9a165699655c004bd47c5e07c346a9056856c1922851dcc990c0b	e3b0c44298fc1c149afbf4c8996fb92427ae41e4649b934ca495991b7852b855
examples/hello.slim	1047	0	1692	5a77d213edf9a165699655c004bd47c5e07c346a9056856c1922851dcc990c0b	e3b0c44298fc1c149afbf4c8996fb92427ae41e4649b934ca495991b7852b855
examples/hello.slim	1048	0	1692	5a77d213edf9a165699655c004bd47c5e07c346a9056856c1922851dcc990c0b	e3b0c44298fc1c149afbf4c8996fb92427ae41e4649b934ca495991b7852b855
examples/hello.slim	1049	0	1692	5a77d213edf9a165699655c004bd47c5e07c346a9056856c1922851dcc990c0b	e3b0c44298fc1c149afbf4c8996fb92427ae41e4649b934ca495991b7852b855
examples/hello.slim	1050	0	1692	5a77d213edf9a165699655c004bd47c5e07c346a9056856c1922851dcc990c0b	e3b0c44298fc1c149afbf4c8996fb92427ae41e4649b934ca495991b7852b855
examples/hello.slim	1051	0	1692	5a77d213edf9a165699655c004bd47c5e07c346a9056856c1922851dcc990c0b	e3b0c44298fc1c149afbf4c8996fb92427ae41e4649b934ca495991b7852b855
examples/hello.slim	1052	0	1692	5a77d213edf9a165699655c004bd47c5e07c346a9056856c1922851dcc990c0b	e3b0c44298fc1c149afbf4c8996fb92427ae41e4649b934ca495991b7852b855
examples/hello.slim	1053	0	1692	5a77d213edf9a165699655c004bd47c5e07c346a9056856c1922851dcc990c0b	e3b0c44298fc1c149afbf4c8996fb92427ae41e4649b934ca495991b7852b855
examples/hello.slim	1054	0	1692	5a77d213edf9a165699655c004bd47c5e07c346a9056856c1922851dcc990c0b	e3b0c44298fc1c149afbf4c8996fb92427ae41e4649b934ca495991b7852b855
examples/hello.slim	1055	0	1692	5a77d213edf9a165699655c004bd47c5e07c346a9056856c1922851dcc990c0b	e3b0c44298fc1c149afbf4c8996fb92427ae41e4649b934ca495991b7852b855
examples/hello.slim	1056	0	1692	5a77d213edf9a165699655c004bd47c5e07c346a9056856c1922851dcc990c0b	e3b0c44298fc1c149afbf4c8996fb92427ae41e4649b934ca495991b7852b855
examples/hello.slim	1057	0	1692	5a77d213edf9a165699655c004bd47c5e07c346a9056856c1922851dcc990c0b	e3b0c44298fc1c149afbf4c8996fb92427ae41e4649b934ca495991b7852b855
examples/hello.slim	1058	0	1692	5a77d213edf9a165699655c004bd47c5e07c346a9056856c1922851dcc990c0b	e3b0c44298fc1c149afbf4c8996fb92427ae41e4649b934ca495991b7852b855
examples/hello.slim	1059	0	1692	5a77d213edf9a165699655c004bd47c5e07c346a9056856c1922851dcc990c0b	e3b0c44298fc1c149afbf4c8996fb92427ae41e4649b934ca495991b7852b855
examples/hello.slim	1060	0	1692	5a77d213edf9a165699655c004bd47c5e07c346a9056856c1922851dcc990c0b	e3b0c44298fc1c149afbf4c8996fb92427ae41e4649b934ca495991b7852b855
examples/hello.slim	1061	0	1692	5a77d213edf9a165699655c004bd47c5e07c346a9056856c1922851dcc990c0b	e3b0c44298fc1c149afbf4c8996fb92427ae41e4649b934ca495991b7852b855
examples/hello.slim	1062	0	1692	5a77d213edf9a165699655c004bd47c5e07c346a9056856c1922851dcc990c0b	e3b0c44298fc1c149afbf4c8996fb92427ae41e4649b934ca495991b7852b855
examples/hello.slim	1063	0	1692	5a77d213edf9a165699655c004bd47c5e07c346a9056856c1922851dcc990c0b	e3b0c44298fc1c149afbf4c8996fb92427ae41e4649b934ca495991b7852b855
examples/hello.slim	1064	0	1692	5a77d213edf9a165699655c004bd47c5e07c346a9056856c1922851dcc990c0b	e3b0c44298fc1c149afbf4c8996fb92427ae41e4649b934ca495991b7852b855
examples/hello.slim	1065	0	1692	5a77d213edf9a165699655c004bd47c5e07c346a9056856c1922851dcc990c0b	e3b0c44298fc1c149afbf4c8996fb92427ae41e4649b934ca495991b7852b855
examples/hello.slim	1066	0	1692	5a77d213edf9a165699655c004bd47c5e07c346a9056856c1922851dcc990c0b	e3b0c44298fc1c149afbf4c8996fb92427ae41e4649b934ca495991b7852b855
examples/hello.slim	1067	0	1692	5a77d213edf9a165699655c004bd47c5e07c346a9056856c1922851dcc990c0b	e3b0c44298fc1c149afbf4c8996fb92427ae41e4649b934ca495991b7852b855
examples/hello.slim	1068	0	1692	5a77d213edf9a165699655c004bd47c5e07c346a9056856c1922851dcc990c0b	e3b0c44298fc1c149afbf4c8996fb92427ae41e4649b934ca495991b7852b855
examples/hello.slim	1069	0	1692	5a77d213edf9a165699655c004bd47c5e07c346a9056856c1922851dcc990c0b	e3b0c44298fc1c149afbf4c8996fb92427ae41e4649b934ca495991b7852b855
examples/hello.slim	1070	0	1692	5a77d213edf9a165699655c004bd47c5e07c346a9056856c1922851dcc990c0b	e3b0c44298fc1c149afbf4c8996fb92427ae41e4649b934ca495991b7852b855
examples/hello.slim	1071	0	1692	5a77d213edf9a165699655c004bd47c5e07c346a9056856c1922851dcc990c0b	e3b0c44298fc1c149afbf4c8996fb92427ae41e4649b934ca495991b7852b855
examples/hello.slim	1072	0	1692	5a77d213edf9a165699655c004bd47c5e07c346a9056856c1922851dcc990c0b	e3b0c44298fc1c149afbf4c8996fb92427ae41e4649b934ca495991b7852b855
examples/hello.slim	1073	0	1692	5a77d213edf9a165699655c004bd47c5e07c346a9056856c1922851dcc990c0b	e3b0c44298fc1c149afbf4c8996fb92427ae41e4649b934ca495991b7852b855
examples/hello.slim	1074	0	1692	5a77d213edf9a165699655c004bd47c5e07c346a9056856c1922851dcc990c0b	e3b0c44298fc1c149afbf4c8996fb92427ae41e4649b934ca495991b7852b855
examples/hello.slim	1075	0	1692	5a77d213edf9a165699655c004bd47c5e07c346a9056856c1922851dcc990c0b	e3b0c44298fc1c149afbf4c8996fb92427ae41e4649b934ca495991b7852b855
examples/hello.slim	1076	0	1692	5a77d213edf9a165699655c004bd47c5e07c346a9056856c1922851dcc990c0b	e3b0c44298fc1c149afbf4c8996fb92427ae41e4649b934ca495991b7852b855
examples/hello.slim	1077	0	1692	5a77d213edf9a165699655c004bd47c5e07c346a9056856c1922851dcc990c0b	e3b0c44298fc1c149afbf4c8996fb92427ae41e4649b934ca495991b7852b855
examples/hello.slim	1078	0	1692	5a77d213edf9a165699655c004bd47c5e07c346a9056856c1922851dcc990c0b	e3b0c44298fc1c149afbf4c8996fb92427ae41e4649b934ca495991b7852b855
examples/hello.slim	1079	0	1692	5a77d213edf9a165699655c004bd47c5e07c346a9056856c1922851dcc990c0b	e3b0c44298fc1c149afbf4c8996fb92427ae41e4649b934ca495991b7852b855
examples/hello.slim	1080	0	1692	5a77d213edf9a165699655c004bd47c5e07c346a9056856c1922851dcc990c0b	e3b0c44298fc1c149afbf4c8996fb92427ae41e4649b934ca495991b7852b855
examples/hello.slim	1081	0	1692	5a77d213edf9a165699655c004bd47c5e07c346a9056856c1922851dcc990c0b	e3b0c44298fc1c149afbf4c8996fb92427ae41e4649b934ca495991b7852b855
examples/hello.slim	1082	0	1692	5a77d213edf9a165699655c004bd47c5e07c346a9056856c1922851dcc990c0b	e3b0c44298fc1c149afbf4c8996fb92427ae41e4649b934ca495991b7852b855
examples/hello.slim	1083	0	1692	5a77d213edf9a165699655c004bd47c5e07c346a9056856c1922851dcc990c0b	e3b0c44298fc1c149afbf4c8996fb92427ae41e4649b934ca495991b7852b855
examples/hello.slim	1084	0	1692	5a77d213edf9a165699655c004bd47c5e07c346a9056856c1922851dcc990c0b	e3b0c44298fc1c149afbf4c8996fb92427ae41e4649b934ca495991b7852b855
examples/hello.slim	1085	0	1692	5a77d213edf9a165699655c004bd47c5e07c346a9056856c1922851dcc990c0b	e3b0c44298fc1c149afbf4c8996fb92427ae41e4649b934ca495991b7852b855
examples/hello.slim	1086	0	1692	5a77d213edf9a165699655c004bd47c5e07c346a9056856c1922851dcc990c0b	e3b0c44298fc1c149afbf4c8996fb92427ae41e4649b934ca495991b7852b855
examples/hello.slim	1087	0	1692	5a77d213edf9a165699655c004bd47c5e07c346a9056856c1922851dcc990c0b	e3b0c44298fc1c149afbf4c8996fb92427ae41e4649b934ca495991b7852b855
examples/hello.slim	1088	0	1692	5a77d213edf9a165699655c004bd47c5e07c346a9056856c1922851dcc990c0b	e3b0c44298fc1c149afbf4c8996fb92427ae41e4649b934ca495991b7852b855
examples/hello.slim	1089	0	1692	5a77d213edf9a165699655c004bd47c5e07c346a9056856c1922851dcc990c0b	e3b0c44298fc1c149afbf4c8996fb92427ae41e4649b934ca495991b7852b855
examples/hello.slim	1090	0	1692	5a77d213edf9a165699655c004bd47c5e07c346a9056856c1922851dcc990c0b	e3b0c44298fc1c149afbf4c8996fb92427ae41e4649b934ca495991b7852b855
examples/hello.slim	1091	0	1692	5a77d213edf9a165699655c004bd47c5e07c346a9056856c1922851dcc990c0b	e3b0c44298fc1c149afbf4c8996fb92427ae41e4649b934ca495991b7852b855
examples/hello.slim	1092	0	1692	5a77d213edf9a165699655c004bd47c5e07c346a9056856c1922851dcc990c0b	e3b0c44298fc1c149afbf4c8996fb92427ae41e4649b934ca495991b7852b855
examples/hello.slim	1093	0	1692	5a77d213edf9a165699655c004bd47c5e07c346a9056856c1922851dcc990c0b	e3b0c44298fc1c149afbf4c8996fb92427ae41e4649b934ca495991b7852b855
examples/hello.slim	1094	0	1692	5a77d213edf9a165699655c004bd47c5e07c346a9056856c1922851dcc990c0b	e3b0c44298fc1c149afbf4c8996fb92427ae41e4649b934ca495991b7852b855
examples/hello.slim	1095	0	1692	5a77d213edf9a165699655c004bd47c5e07c346a9056856c1922851dcc990c0b	e3b0c44298fc1c149afbf4c8996fb92427ae41e4649b934ca495991b7852b855
examples/hello.slim	1096	0	1692	5a77d213edf9a165699655c004bd47c5e07c346a9056856c1922851dcc990c0b	e3b0c44298fc1c149afbf4c8996fb92427ae41e4649b934ca495991b7852b855
examples/hello.slim	1097	0	1692	5a77d213edf9a165699655c004bd47c5e07c346a9056856c1922851dcc990c0b	e3b0c44298fc1c149afbf4c8996fb92427ae41e4649b934ca495991b7852b855
examples/hello.slim	1098	0	1692	5a77d213edf9a165699655c004bd47c5e07c346a9056856c1922851dcc990c0b	e3b0c44298fc1c149afbf4c8996fb92427ae41e4649b934ca495991b7852b855
examples/hello.slim	1099	0	1692	5a77d213edf9a165699655c004bd47c5e07c346a9056856c1922851dcc990c0b	e3b0c44298fc1c149afbf4c8996fb92427ae41e4649b934ca495991b7852b855
examples/hello.slim	1100	0	1692	5a77d213edf9a165699655c004bd47c5e07c346a9056856c1922851dcc990c0b	e3b0c44298fc1c149afbf4c8996fb92427ae41e4649b934ca495991b7852b855
examples/hello.slim	1101	0	1692	5a77d213edf9a165699655c004bd47c5e07c346a9056856c1922851dcc990c0b	e3b0c44298fc1c149afbf4c8996fb92427ae41e4649b934ca495991b7852b855
examples/hello.slim	1102	0	1692	5a77d213edf9a165699655c004bd47c5e07c346a9056856c1922851dcc990c0b	e3b0c44298fc1c149afbf4c8996fb92427ae41e4649b934ca495991b7852b855
examples/hello.slim	1103	0	1692	5a77d213edf9a165699655c004bd47c5e07c346a9056856c1922851dcc990c0b	e3b0c44298fc1c149afbf4c8996fb92427ae41e4649b934ca495991b7852b855
examples/hello.slim	1104	0	1692	5a77d213edf9a165699655c004bd47c5e07c346a9056856c1922851dcc990c0b	e3b0c44298fc1c149afbf4c8996fb92427ae41e4649b934ca495991b7852b855
examples/hello.slim	1105	0	1692	5a77d213edf9a165699655c004bd47c5e07c346a9056856c1922851dcc990c0b	e3b0c44298fc1c149afbf4c8996fb92427ae41e4649b934ca495991b7852b855
examples/hello.slim	1106	0	1692	5a77d213edf9a165699655c004bd47c5e07c346a9056856c1922851dcc990c0b	e3b0c44298fc1c149afbf4c8996fb92427ae41e4649b934ca495991b7852b855
examples/hello.slim	1107	0	1692	5a77d213edf9a165699655c004bd47c5e07c346a9056856c1922851dcc990c0b	e3b0c44298fc1c149afbf4c8996fb92427ae41e4649b934ca495991b7852b855
examples/hello.slim	1108	0	1692	5a77d213edf9a165699655c004bd47c5e07c346a9056856c1922851dcc990c0b	e3b0c44298fc1c149afbf4c8996fb92427ae41e4649b934ca495991b7852b855
examples/hello.slim	1109	0	1692	5a77d213edf9a165699655c004bd47c5e07c346a9056856c1922851dcc990c0b	e3b0c44298fc1c149afbf4c8996fb92427ae41e4649b934ca495991b7852b855
examples/hello.slim	1110	0	1692	5a77d213edf9a165699655c004bd47c5e07c346a9056856c1922851dcc990c0b	e3b0c44298fc1c149afbf4c8996fb92427ae41e4649b934ca495991b7852b855
examples/hello.slim	1111	0	1692	5a77d213edf9a165699655c004bd47c5e07c346a9056856c1922851dcc990c0b	e3b0c44298fc1c149afbf4c8996fb92427ae41e4649b934ca495991b7852b855
examples/hello.slim	1112	0	1692	5a77d213edf9a165699655c004bd47c5e07c346a9056856c1922851dcc990c0b	e3b0c44298fc1c149afbf4c8996fb92427ae41e4649b934ca495991b7852b855
examples/hello.slim	1113	0	1692	5a77d213edf9a165699655c004bd47c5e07c346a9056856c1922851dcc990c0b	e3b0c44298fc1c149afbf4c8996fb92427ae41e4649b934ca495991b7852b855
examples/hello.slim	1114	0	1692	5a77d213edf9a165699655c004bd47c5e07c346a9056856c1922851dcc990c0b	e3b0c44298fc1c149afbf4c8996fb92427ae41e4649b934ca495991b7852b855
examples/hello.slim	1115	0	1692	5a77d213edf9a165699655c004bd47c5e07c346a9056856c1922851dcc990c0b	e3b0c44298fc1c149afbf4c8996fb92427ae41e4649b934ca495991b7852b855
examples/hello.slim	1116	0	1692	5a77d213edf9a165699655c004bd47c5e07c346a9056856c1922851dcc990c0b	e3b0c44298fc1c149afbf4c8996fb92427ae41e4649b934ca495991b7852b855
examples/hello.slim	1117	0	1692	5a77d213edf9a165699655c004bd47c5e07c346a9056856c1922851dcc990c0b	e3b0c44298fc1c149afbf4c8996fb92427ae41e4649b934ca495991b7852b855
examples/hello.slim	1118	0	1692	5a77d213edf9a165699655c004bd47c5e07c346a9056856c1922851dcc990c0b	e3b0c44298fc1c149afbf4c8996fb92427ae41e4649b934ca495991b7852b855
examples/hello.slim	1119	0	1692	5a77d213edf9a165699655c004bd47c5e07c346a9056856c1922851dcc990c0b	e3b0c44298fc1c149afbf4c8996fb92427ae41e4649b934ca495991b7852b855
examples/hello.slim	1120	0	1692	5a77d213edf9a165699655c004bd47c5e07c346a9056856c1922851dcc990c0b	e3b0c44298fc1c149afbf4c8996fb92427ae41e4649b934ca495991b7852b855
examples/hello.slim	1121	0	1692	5a77d213edf9a165699655c004bd47c5e07c346a9056856c1922851dcc990c0b	e3b0c44298fc1c149afbf4c8996fb92427ae41e4649b934ca495991b7852b855
examples/hello.slim	1122	0	1692	5a77d213edf9a165699655c004bd47c5e07c346a9056856c1922851dcc990c0b	e3b0c44298fc1c149afbf4c8996fb92427ae41e4649b934ca495991b7852b855
examples/hello.slim	1123	0	1692	5a77d213edf9a165699655c004bd47c5e07c346a9056856c1922851dcc990c0b	e3b0c44298fc1c149afbf4c8996fb92427ae41e4649b934ca495991b7852b855
examples/hello.slim	1124	0	1692	5a77d213edf9a165699655c004bd47c5e07c346a9056856c1922851dcc990c0b	e3b0c44298fc1c149afbf4c8996fb92427ae41e4649b934ca495991b7852b855
examples/hello.slim	1125	0	1692	5a77d213edf9a165699655c004bd47c5e07c346a9056856c1922851dcc990c0b	e3b0c44298fc1c149afbf4c8996fb92427ae41e4649b934ca495991b7852b855
examples/hello.slim	1126	0	1692	5a77d213edf9a165699655c004bd47c5e07c346a9056856c1922851dcc990c0b	e3b0c44298fc1c149afbf4c8996fb92427ae41e4649b934ca495991b7852b855
examples/hello.slim	1127	0	1692	5a77d213edf9a165699655c004bd47c5e07c346a9056856c1922851dcc990c0b	e3b0c44298fc1c149afbf4c8996fb92427ae41e4649b934ca495991b7852b855
examples/hello.slim	1128	0	1692	5a77d213edf9a165699655c004bd47c5e07c346a9056856c1922851dcc990c0b	e3b0c44298fc1c149afbf4c8996fb92427ae41e4649b934ca495991b7852b855
examples/hello.slim	1129	0	1692	5a77d213edf9a165699655c004bd47c5e07c346a9056856c1922851dcc990c0b	e3b0c44298fc1c149afbf4c8996fb92427ae41e4649b934ca495991b7852b855
examples/hello.slim	1130	0	1692	5a77d213edf9a165699655c004bd47c5e07c346a9056856c1922851dcc990c0b	e3b0c44298fc1c149afbf4c8996fb92427ae41e4649b934ca495991b7852b855
examples/hello.slim	1131	0	1692	5a77d213edf9a165699655c004bd47c5e07c346a9056856c1922851dcc990c0b	e3b0c44298fc1c149afbf4c8996fb92427ae41e4649b934ca495991b7852b855
examples/hello.slim	1132	0	1692	5a77d213edf9a165699655c004bd47c5e07c346a9056856c1922851dcc990c0b	e3b0c44298fc1c149afbf4c8996fb92427ae41e4649b934ca495991b7852b855
examples/hello.slim	1133	0	1692	5a77d213edf9a165699655c004bd47c5e07c346a9056856c1922851dcc990c0b	e3b0c44298fc1c149afbf4c8996fb92427ae41e4649b934ca495991b7852b855
examples/hello.slim	1134	0	1692	5a77d213edf9a165699655c004bd47c5e07c346a9056856c1922851dcc990c0b	e3b0c44298fc1c149afbf4c8996fb92427ae41e4649b934ca495991b7852b855
examples/hello.slim	1135	0	1692	5a77d213edf9a165699655c004bd47c5e07c346a9056856c1922851dcc990c0b	e3b0c44298fc1c149afbf4c8996fb92427ae41e4649b934ca495991b7852b855
examples/hello.slim	1136	0	1692	5a77d213edf9a165699655c004bd47c5e07c346a9056856c1922851dcc990c0b	e3b0c44298fc1c149afbf4c8996fb92427ae41e4649b934ca495991b7852b855
examples/hello.slim	1137	0	1692	5a77d213edf9a165699655c004bd47c5e07c346a9056856c1922851dcc990c0b	e3b0c44298fc1c149afbf4c8996fb92427ae41e4649b934ca495991b7852b855
examples/hello.slim	1138	0	1692	5a77d213edf9a165699655c004bd47c5e07c346a9056856c1922851dcc990c0b	e3b0c44298fc1c149afbf4c8996fb92427ae41e4649b934ca495991b7852b855
examples/hello.slim	1139	0	1692	5a77d213edf9a165699655c004bd47c5e07c346a9056856c1922851dcc990c0b	e3b0c44298fc1c149afbf4c8996fb92427ae41e4649b934ca495991b7852b855
examples/hello.slim	1140	0	1692	5a77d213edf9a165699655c004bd47c5e07c346a9056856c1922851dcc990c0b	e3b0c44298fc1c149afbf4c8996fb92427ae41e4649b934ca495991b7852b855
examples/hello.slim	1141	0	1692	5a77d213edf9a165699655c004bd47c5e07c346a9056856c1922851dcc990c0b	e3b0c44298fc1c149afbf4c8996fb92427ae41e4649b934ca495991b7852b855
examples/hello.slim	1142	0	1692	5a77d213edf9a165699655c004bd47c5e07c346a9056856c1922851dcc990c0b	e3b0c44298fc1c149afbf4c8996fb92427ae41e4649b934ca495991b7852b855
examples/hello.slim	1143	0	1692	5a77d213edf9a165699655c004bd47c5e07c346a9056856c1922851dcc990c0b	e3b0c44298fc1c149afbf4c8996fb92427ae41e4649b934ca495991b7852b855
examples/hello.slim	1144	0	1692	5a77d213edf9a165699655c004bd47c5e07c346a9056856c1922851dcc990c0b	e3b0c44298fc1c149afbf4c8996fb92427ae41e4649b934ca495991b7852b855
examples/hello.slim	1145	0	1692	5a77d213edf9a165699655c004bd47c5e07c346a9056856c1922851dcc990c0b	e3b0c44298fc1c149afbf4c8996fb92427ae41e4649b934ca495991b7852b855
examples/hello.slim	1146	0	1692	5a77d213edf9a165699655c004bd47c5e07c346a9056856c1922851dcc990c0b	e3b0c44298fc1c149afbf4c8996fb92427ae41e4649b934ca495991b7852b855
examples/hello.slim	1147	0	1692	5a77d213edf9a165699655c004bd47c5e07c346a9056856c1922851dcc990c0b	e3b0c44298fc1c149afbf4c8996fb92427ae41e4649b934ca495991b7852b855
examples/hello.slim	1148	0	1692	5a77d213edf9a165699655c004bd47c5e07c346a9056856c1922851dcc990c0b	e3b0c44298fc1c149afbf4c8996fb92427ae41e4649b934ca495991b7852b855
examples/hello.slim	1149	0	1692	5a77d213edf9a165699655c004bd47c5e07c346a9056856c1922851dcc990c0b	e3b0c44298fc1c149afbf4c8996fb92427ae41e4649b934ca495991b7852b855
examples/hello.slim	1150	0	1692	5a77d213edf9a165699655c004bd47c5e07c346a9056856c1922851dcc990c0b	e3b0c44298fc1c149afbf4c8996fb92427ae41e4649b934ca495991b7852b855
examples/hello.slim	1151	0	1692	5a77d213edf9a165699655c004bd47c5e07c346a9056856c1922851dcc990c0b	e3b0c44298fc1c149afbf4c8996fb92427ae41e4649b934ca495991b7852b855
examples/hello.slim	1152	0	1692	5a77d213edf9a165699655c004bd47c5e07c346a9056856c1922851dcc990c0b	e3b0c44298fc1c149afbf4c8996fb92427ae41e4649b934ca495991b7852b855
examples/hello.slim	1153	0	1692	5a77d213edf9a165699655c004bd47c5e07c346a9056856c1922851dcc990c0b	e3b0c44298fc1c149afbf4c8996fb92427ae41e4649b934ca495991b7852b855
examples/hello.slim	1154	0	1692	5a77d213edf9a165699655c004bd47c5e07c346a9056856c1922851dcc990c0b	e3b0c44298fc1c149afbf4c8996fb92427ae41e4649b934ca495991b7852b855
examples/hello.slim	1155	0	1692	5a77d213edf9a165699655c004bd47c5e07c346a9056856c1922851dcc990c0b	e3b0c44298fc1c149afbf4c8996fb92427ae41e4649b934ca495991b7852b855
examples/hello.slim	1156	0	1692	5a77d213edf9a165699655c004bd47c5e07c346a9056856c1922851dcc990c0b	e3b0c44298fc1c149afbf4c8996fb92427ae41e4649b934ca495991b7852b855
examples/hello.slim	1157	0	1692	5a77d213edf9a165699655c004bd47c5e07c346a9056856c1922851dcc990c0b	e3b0c44298fc1c149afbf4c8996fb92427ae41e4649b934ca495991b7852b855
examples/hello.slim	1158	0	1692	5a77d213edf9a165699655c004bd47c5e07c346a9056856c1922851dcc990c0b	e3b0c44298fc1c149afbf4c8996fb92427ae41e4649b934ca495991b7852b855
examples/hello.slim	1159	0	1692	5a77d213edf9a165699655c004bd47c5e07c346a9056856c1922851dcc990c0b	e3b0c44298fc1c149afbf4c8996fb92427ae41e4649b934ca495991b7852b855
examples/hello.slim	1160	0	1692	5a77d213edf9a165699655c004bd47c5e07c346a9056856c1922851dcc990c0b	e3b0c44298fc1c149afbf4c8996fb92427ae41e4649b934ca495991b7852b855
examples/hello.slim	1161	0	1692	5a77d213edf9a165699655c004bd47c5e07c346a9056856c1922851dcc990c0b	e3b0c44298fc1c149afbf4c8996fb92427ae41e4649b934ca495991b7852b855
examples/hello.slim	1162	0	1692	5a77d213edf9a165699655c004bd47c5e07c346a9056856c1922851dcc990c0b	e3b0c44298fc1c149afbf4c8996fb92427ae41e4649b934ca495991b7852b855
examples/hello.slim	1163	0	1692	5a77d213edf9a165699655c004bd47c5e07c346a9056856c1922851dcc990c0b	e3b0c44298fc1c149afbf4c8996fb92427ae41e4649b934ca495991b7852b855
examples/hello.slim	1164	0	1692	5a77d213edf9a165699655c004bd47c5e07c346a9056856c1922851dcc990c0b	e3b0c44298fc1c149afbf4c8996fb92427ae41e4649b934ca495991b7852b855
examples/hello.slim	1165	0	1692	5a77d213edf9a165699655c004bd47c5e07c346a9056856c1922851dcc990c0b	e3b0c44298fc1c149afbf4c8996fb92427ae41e4649b934ca495991b7852b855
examples/hello.slim	1166	0	1692	5a77d213edf9a165699655c004bd47c5e07c346a9056856c1922851dcc990c0b	e3b0c44298fc1c149afbf4c8996fb92427ae41e4649b934ca495991b7852b855
examples/hello.slim	1167	0	1692	5a77d213edf9a165699655c004bd47c5e07c346a9056856c1922851dcc990c0b	e3b0c44298fc1c149afbf4c8996fb92427ae41e4649b934ca495991b7852b855
examples/hello.slim	1168	0	1692	5a77d213edf9a165699655c004bd47c5e07c346a9056856c1922851dcc990c0b	e3b0c44298fc1c149afbf4c8996fb92427ae41e4649b934ca495991b7852b855
examples/hello.slim	1169	0	1692	5a77d213edf9a165699655c004bd47c5e07c346a9056856c1922851dcc990c0b	e3b0c44298fc1c149afbf4c8996fb92427ae41e4649b934ca495991b7852b855
examples/hello.slim	1170	0	1692	5a77d213edf9a165699655c004bd47c5e07c346a9056856c1922851dcc990c0b	e3b0c44298fc1c149afbf4c8996fb92427ae41e4649b934ca495991b7852b855
examples/hello.slim	1171	0	1692	5a77d213edf9a165699655c004bd47c5e07c346a9056856c1922851dcc990c0b	e3b0c44298fc1c149afbf4c8996fb92427ae41e4649b934ca495991b7852b855
examples/hello.slim	1172	0	1692	5a77d213edf9a165699655c004bd47c5e07c346a9056856c1922851dcc990c0b	e3b0c44298fc1c149afbf4c8996fb92427ae41e4649b934ca495991b7852b855
examples/hello.slim	1173	0	1692	5a77d213edf9a165699655c004bd47c5e07c346a9056856c1922851dcc990c0b	e3b0c44298fc1c149afbf4c8996fb92427ae41e4649b934ca495991b7852b855
examples/hello.slim	1174	0	1692	5a77d213edf9a165699655c004bd47c5e07c346a9056856c1922851dcc990c0b	e3b0c44298fc1c149afbf4c8996fb92427ae41e4649b934ca495991b7852b855
examples/hello.slim	1175	0	1692	5a77d213edf9a165699655c004bd47c5e07c346a9056856c1922851dcc990c0b	e3b0c44298fc1c149afbf4c8996fb92427ae41e4649b934ca495991b7852b855
examples/hello.slim	1176	0	1692	5a77d213edf9a165699655c004bd47c5e07c346a9056856c1922851dcc990c0b	e3b0c44298fc1c149afbf4c8996fb92427ae41e4649b934ca495991b7852b855
examples/hello.slim	1177	0	1692	5a77d213edf9a165699655c004bd47c5e07c346a9056856c1922851dcc990c0b	e3b0c44298fc1c149afbf4c8996fb92427ae41e4649b934ca495991b7852b855
examples/hello.slim	1178	0	1692	5a77d213edf9a165699655c004bd47c5e07c346a9056856c1922851dcc990c0b	e3b0c44298fc1c149afbf4c8996fb92427ae41e4649b934ca495991b7852b855
examples/hello.slim	1179	0	1692	5a77d213edf9a165699655c004bd47c5e07c346a9056856c1922851dcc990c0b	e3b0c44298fc1c149afbf4c8996fb92427ae41e4649b934ca495991b7852b855
examples/hello.slim	1180	0	1692	5a77d213edf9a165699655c004bd47c5e07c346a9056856c1922851dcc990c0b	e3b0c44298fc1c149afbf4c8996fb92427ae41e4649b934ca495991b7852b855
examples/hello.slim	1181	0	1692	5a77d213edf9a165699655c004bd47c5e07c346a9056856c1922851dcc990c0b	e3b0c44298fc1c149afbf4c8996fb92427ae41e4649b934ca495991b7852b855
examples/hello.slim	1182	0	1692	5a77d213edf9a165699655c004bd47c5e07c346a9056856c1922851dcc990c0b	e3b0c44298fc1c149afbf4c8996fb92427ae41e4649b934ca495991b7852b855
examples/hello.slim	1183	0	1692	5a77d213edf9a165699655c004bd47c5e07c346a9056856c1922851dcc990c0b	e3b0c44298fc1c149afbf4c8996fb92427ae41e4649b934ca495991b7852b855
examples/hello.slim	1184	0	1692	5a77d213edf9a165699655c004bd47c5e07c346a9056856c1922851dcc990c0b	e3b0c44298fc1c149afbf4c8996fb92427ae41e4649b934ca495991b7852b855
examples/hello.slim	1185	0	1692	5a77d213edf9a165699655c004bd47c5e07c346a9056856c1922851dcc990c0b	e3b0c44298fc1c149afbf4c8996fb92427ae41e4649b934ca495991b7852b855
examples/hello.slim	1186	0	1692	5a77d213edf9a165699655c004bd47c5e07c346a9056856c1922851dcc990c0b	e3b0c44298fc1c149afbf4c8996fb92427ae41e4649b934ca495991b7852b855
examples/hello.slim	1187	0	1692	5a77d213edf9a165699655c004bd47c5e07c346a9056856c1922851dcc990c0b	e3b0c44298fc1c149afbf4c8996fb92427ae41e4649b934ca495991b7852b855
examples/hello.slim	1188	0	1692	5a77d213edf9a165699655c004bd47c5e07c346a9056856c1922851dcc990c0b	e3b0c44298fc1c149afbf4c8996fb92427ae41e4649b934ca495991b7852b855
examples/hello.slim	1189	0	1692	5a77d213edf9a165699655c004bd47c5e07c346a9056856c1922851dcc990c0b	e3b0c44298fc1c149afbf4c8996fb92427ae41e4649b934ca495991b7852b855
examples/hello.slim	1190	0	1692	5a77d213edf9a165699655c004bd47c5e07c346a9056856c1922851dcc990c0b	e3b0c44298fc1c149afbf4c8996fb92427ae41e4649b934ca495991b7852b855
examples/hello.slim	1191	0	1692	5a77d213edf9a165699655c004bd47c5e07c346a9056856c1922851dcc990c0b	e3b0c44298fc1c149afbf4c8996fb92427ae41e4649b934ca495991b7852b855
examples/hello.slim	1192	0	1692	5a77d213edf9a165699655c004bd47c5e07c346a9056856c1922851dcc990c0b	e3b0c44298fc1c149afbf4c8996fb92427ae41e4649b934ca495991b7852b855
examples/hello.slim	1193	0	1692	5a77d213edf9a165699655c004bd47c5e07c346a9056856c1922851dcc990c0b	e3b0c44298fc1c149afbf4c8996fb92427ae41e4649b934ca495991b7852b855
examples/hello.slim	1194	0	1692	5a77d213edf9a165699655c004bd47c5e07c346a9056856c1922851dcc990c0b	e3b0c44298fc1c149afbf4c8996fb92427ae41e4649b934ca495991b7852b855
examples/hello.slim	1195	0	1692	5a77d213edf9a165699655c004bd47c5e07c346a9056856c1922851dcc990c0b	e3b0c44298fc1c149afbf4c8996fb92427ae41e4649b934ca495991b7852b855
examples/hello.slim	1196	0	1692	5a77d213edf9a165699655c004bd47c5e07c346a9056856c1922851dcc990c0b	e3b0c44298fc1c149afbf4c8996fb92427ae41e4649b934ca495991b7852b855
examples/hello.slim	1197	0	1692	5a77d213edf9a165699655c004bd47c5e07c346a9056856c1922851dcc990c0b	e3b0c44298fc1c149afbf4c8996fb92427ae41e4649b934ca495991b7852b855
examples/hello.slim	1198	0	1692	5a77d213edf9a165699655c004bd47c5e07c346a9056856c1922851dcc990c0b	e3b0c44298fc1c149afbf4c8996fb92427ae41e4649b934ca495991b7852b855
examples/hello.slim	1199	0	1692	5a77d213edf9a165699655c004bd47c5e07c346a9056856c1922851dcc990c0b	e3b0c44298fc1c149afbf4c8996fb92427ae41e4649b934ca495991b7852b855
examples/hello.slim	1200	0	1692	5a77d213edf9a165699655c004bd47c5e07c346a9056856c1922851dcc990c0b	e3b0c44298fc1c149afbf4c8996fb92427ae41e4649b934ca495991b7852b855
examples/hello.slim	1201	0	1692	5a77d213edf9a165699655c004bd47c5e07c346a9056856c1922851dcc990c0b	e3b0c44298fc1c149afbf4c8996fb92427ae41e4649b934ca495991b7852b855
examples/hello.slim	1202	0	1692	5a77d213edf9a165699655c004bd47c5e07c346a9056856c1922851dcc990c0b	e3b0c44298fc1c149afbf4c8996fb92427ae41e4649b934ca495991b7852b855
examples/hello.slim	1203	0	1692	5a77d213edf9a165699655c004bd47c5e07c346a9056856c1922851dcc990c0b	e3b0c44298fc1c149afbf4c8996fb92427ae41e4649b934ca495991b7852b855
examples/hello.slim	1204	0	1692	5a77d213edf9a165699655c004bd47c5e07c346a9056856c1922851dcc990c0b	e3b0c44298fc1c149afbf4c8996fb92427ae41e4649b934ca495991b7852b855
examples/hello.slim	1205	0	1692	5a77d213edf9a165699655c004bd47c5e07c346a9056856c1922851dcc990c0b	e3b0c44298fc1c149afbf4c8996fb92427ae41e4649b934ca495991b7852b855
examples/hello.slim	1206	0	1692	5a77d213edf9a165699655c004bd47c5e07c346a9056856c1922851dcc990c0b	e3b0c44298fc1c149afbf4c8996fb92427ae41e4649b934ca495991b7852b855
examples/hello.slim	1207	0	1692	5a77d213edf9a165699655c004bd47c5e07c346a9056856c1922851dcc990c0b	e3b0c44298fc1c149afbf4c8996fb92427ae41e4649b934ca495991b7852b855
examples/hello.slim	1208	0	1692	5a77d213edf9a165699655c004bd47c5e07c346a9056856c1922851dcc990c0b	e3b0c44298fc1c149afbf4c8996fb92427ae41e4649b934ca495991b7852b855
examples/hello.slim	1209	0	1692	5a77d213edf9a165699655c004bd47c5e07c346a9056856c1922851dcc990c0b	e3b0c44298fc1c149afbf4c8996fb92427ae41e4649b934ca495991b7852b855
examples/hello.slim	1210	0	1692	5a77d213edf9a165699655c004bd47c5e07c346a9056856c1922851dcc990c0b	e3b0c44298fc1c149afbf4c8996fb92427ae41e4649b934ca495991b7852b855
examples/hello.slim	1211	0	1692	5a77d213edf9a165699655c004bd47c5e07c346a9056856c1922851dcc990c0b	e3b0c44298fc1c149afbf4c8996fb92427ae41e4649b934ca495991b7852b855
examples/hello.slim	1212	0	1692	5a77d213edf9a165699655c004bd47c5e07c346a9056856c1922851dcc990c0b	e3b0c44298fc1c149afbf4c8996fb92427ae41e4649b934ca495991b7852b855
examples/hello.slim	1213	0	1692	5a77d213edf9a165699655c004bd47c5e07c346a9056856c1922851dcc990c0b	e3b0c44298fc1c149afbf4c8996fb92427ae41e4649b934ca495991b7852b855
examples/hello.slim	1214	0	1692	5a77d213edf9a165699655c004bd47c5e07c346a9056856c1922851dcc990c0b	e3b0c44298fc1c149afbf4c8996fb92427ae41e4649b934ca495991b7852b855
examples/hello.slim	1215	0	1692	5a77d213edf9a165699655c004bd47c5e07c346a9056856c1922851dcc990c0b	e3b0c44298fc1c149afbf4c8996fb92427ae41e4649b934ca495991b7852b855
examples/hello.slim	1216	0	1692	5a77d213edf9a165699655c004bd47c5e07c346a9056856c1922851dcc990c0b	e3b0c44298fc1c149afbf4c8996fb92427ae41e4649b934ca495991b7852b855
examples/hello.slim	1217	0	1692	5a77d213edf9a165699655c004bd47c5e07c346a9056856c1922851dcc990c0b	e3b0c44298fc1c149afbf4c8996fb92427ae41e4649b934ca495991b7852b855
examples/hello.slim	1218	0	1692	5a77d213edf9a165699655c004bd47c5e07c346a9056856c1922851dcc990c0b	e3b0c44298fc1c149afbf4c8996fb92427ae41e4649b934ca495991b7852b855
examples/hello.slim	1219	0	1692	5a77d213edf9a165699655c004bd47c5e07c346a9056856c1922851dcc990c0b	e3b0c44298fc1c149afbf4c8996fb92427ae41e4649b934ca495991b7852b855
examples/hello.slim	1220	0	1692	5a77d213edf9a165699655c004bd47c5e07c346a9056856c1922851dcc990c0b	e3b0c44298fc1c149afbf4c8996fb92427ae41e4649b934ca495991b7852b855
examples/hello.slim	1221	0	1692	5a77d213edf9a165699655c004bd47c5e07c346a9056856c1922851dcc990c0b	e3b0c44298fc1c149afbf4c8996fb92427ae41e4649b934ca495991b7852b855
examples/hello.slim	1222	0	1692	5a77d213edf9a165699655c004bd47c5e07c346a9056856c1922851dcc990c0b	e3b0c44298fc1c149afbf4c8996fb92427ae41e4649b934ca495991b7852b855
examples/hello.slim	1223	0	1692	5a77d213edf9a165699655c004bd47c5e07c346a9056856c1922851dcc990c0b	e3b0c44298fc1c149afbf4c8996fb92427ae41e4649b934ca495991b7852b855
examples/hello.slim	1224	0	1692	5a77d213edf9a165699655c004bd47c5e07c346a9056856c1922851dcc990c0b	e3b0c44298fc1c149afbf4c8996fb92427ae41e4649b934ca495991b7852b855
examples/hello.slim	1225	0	1692	5a77d213edf9a165699655c004bd47c5e07c346a9056856c1922851dcc990c0b	e3b0c44298fc1c149afbf4c8996fb92427ae41e4649b934ca495991b7852b855
examples/hello.slim	1226	0	1692	5a77d213edf9a165699655c004bd47c5e07c346a9056856c1922851dcc990c0b	e3b0c44298fc1c149afbf4c8996fb92427ae41e4649b934ca495991b7852b855
examples/hello.slim	1227	0	1692	5a77d213edf9a165699655c004bd47c5e07c346a9056856c1922851dcc990c0b	e3b0c44298fc1c149afbf4c8996fb92427ae41e4649b934ca495991b7852b855
examples/hello.slim	1228	0	1692	5a77d213edf9a165699655c004bd47c5e07c346a9056856c1922851dcc990c0b	e3b0c44298fc1c149afbf4c8996fb92427ae41e4649b934ca495991b7852b855
examples/hello.slim	1229	0	1692	5a77d213edf9a165699655c004bd47c5e07c346a9056856c1922851dcc990c0b	e3b0c44298fc1c149afbf4c8996fb92427ae41e4649b934ca495991b7852b855
examples/hello.slim	1230	0	1692	5a77d213edf9a165699655c004bd47c5e07c346a9056856c1922851dcc990c0b	e3b0c44298fc1c149afbf4c8996fb92427ae41e4649b934ca495991b7852b855
examples/hello.slim	1231	0	1692	5a77d213edf9a165699655c004bd47c5e07c346a9056856c1922851dcc990c0b	e3b0c44298fc1c149afbf4c8996fb92427ae41e4649b934ca495991b7852b855
examples/hello.slim	1232	0	1692	5a77d213edf9a165699655c004bd47c5e07c346a9056856c1922851dcc990c0b	e3b0c44298fc1c149afbf4c8996fb92427ae41e4649b934ca495991b7852b855
examples/hello.slim	1233	0	1692	5a77d213edf9a165699655c004bd47c5e07c346a9056856c1922851dcc990c0b	e3b0c44298fc1c149afbf4c8996fb92427ae41e4649b934ca495991b7852b855
examples/hello.slim	1234	0	1692	5a77d213edf9a165699655c004bd47c5e07c346a9056856c1922851dcc990c0b	e3b0c44298fc1c149afbf4c8996fb92427ae41e4649b934ca495991b7852b855
examples/hello.slim	1235	0	1692	5a77d213edf9a165699655c004bd47c5e07c346a9056856c1922851dcc990c0b	e3b0c44298fc1c149afbf4c8996fb92427ae41e4649b934ca495991b7852b855
examples/hello.slim	1236	0	1692	5a77d213edf9a165699655c004bd47c5e07c346a9056856c1922851dcc990c0b	e3b0c44298fc1c149afbf4c8996fb92427ae41e4649b934ca495991b7852b855
examples/hello.slim	1237	0	1692	5a77d213edf9a165699655c004bd47c5e07c346a9056856c1922851dcc990c0b	e3b0c44298fc1c149afbf4c8996fb92427ae41e4649b934ca495991b7852b855
examples/hello.slim	1238	0	1692	5a77d213edf9a165699655c004bd47c5e07c346a9056856c1922851dcc990c0b	e3b0c44298fc1c149afbf4c8996fb92427ae41e4649b934ca495991b7852b855
examples/hello.slim	1239	0	1692	5a77d213edf9a165699655c004bd47c5e07c346a9056856c1922851dcc990c0b	e3b0c44298fc1c149afbf4c8996fb92427ae41e4649b934ca495991b7852b855
examples/hello.slim	1240	0	1692	5a77d213edf9a165699655c004bd47c5e07c346a9056856c1922851dcc990c0b	e3b0c44298fc1c149afbf4c8996fb92427ae41e4649b934ca495991b7852b855
examples/hello.slim	1241	0	1692	5a77d213edf9a165699655c004bd47c5e07c346a9056856c1922851dcc990c0b	e3b0c44298fc1c149afbf4c8996fb92427ae41e4649b934ca495991b7852b855
examples/hello.slim	1242	0	1692	5a77d213edf9a165699655c004bd47c5e07c346a9056856c1922851dcc990c0b	e3b0c44298fc1c149afbf4c8996fb92427ae41e4649b934ca495991b7852b855
examples/hello.slim	1243	0	1692	5a77d213edf9a165699655c004bd47c5e07c346a9056856c1922851dcc990c0b	e3b0c44298fc1c149afbf4c8996fb92427ae41e4649b934ca495991b7852b855
examples/hello.slim	1244	0	1692	5a77d213edf9a165699655c004bd47c5e07c346a9056856c1922851dcc990c0b	e3b0c44298fc1c149afbf4c8996fb92427ae41e4649b934ca495991b7852b855
examples/hello.slim	1245	0	1692	5a77d213edf9a165699655c004bd47c5e07c346a9056856c1922851dcc990c0b	e3b0c44298fc1c149afbf4c8996fb92427ae41e4649b934ca495991b7852b855
examples/hello.slim	1246	0	1692	5a77d213edf9a165699655c004bd47c5e07c346a9056856c1922851dcc990c0b	e3b0c44298fc1c149afbf4c8996fb92427ae41e4649b934ca495991b7852b855
examples/hello.slim	1247	0	1692	5a77d213edf9a165699655c004bd47c5e07c346a9056856c1922851dcc990c0b	e3b0c44298fc1c149afbf4c8996fb92427ae41e4649b934ca495991b7852b855
examples/hello.slim	1248	0	1692	5a77d213edf9a165699655c004bd47c5e07c346a9056856c1922851dcc990c0b	e3b0c44298fc1c149afbf4c8996fb92427ae41e4649b934ca495991b7852b855
examples/hello.slim	1249	0	1692	5a77d213edf9a165699655c004bd47c5e07c346a9056856c1922851dcc990c0b	e3b0c44298fc1c149afbf4c8996fb92427ae41e4649b934ca495991b7852b855
examples/hello.slim	1250	0	1692	5a77d213edf9a165699655c004bd47c5e07c346a9056856c1922851dcc990c0b	e3b0c44298fc1c149afbf4c8996fb92427ae41e4649b934ca495991b7852b855
examples/hello.slim	1251	0	1692	5a77d213edf9a165699655c004bd47c5e07c346a9056856c1922851dcc990c0b	e3b0c44298fc1c149afbf4c8996fb92427ae41e4649b934ca495991b7852b855
examples/hello.slim	1252	0	1692	5a77d213edf9a165699655c004bd47c5e07c346a9056856c1922851dcc990c0b	e3b0c44298fc1c149afbf4c8996fb92427ae41e4649b934ca495991b7852b855
examples/hello.slim	1253	0	1692	5a77d213edf9a165699655c004bd47c5e07c346a9056856c1922851dcc990c0b	e3b0c44298fc1c149afbf4c8996fb92427ae41e4649b934ca495991b7852b855
examples/hello.slim	1254	0	1692	5a77d213edf9a165699655c004bd47c5e07c346a9056856c1922851dcc990c0b	e3b0c44298fc1c149afbf4c8996fb92427ae41e4649b934ca495991b7852b855
examples/hello.slim	1255	0	1692	5a77d213edf9a165699655c004bd47c5e07c346a9056856c1922851dcc990c0b	e3b0c44298fc1c149afbf4c8996fb92427ae41e4649b934ca495991b7852b855
examples/hello.slim	1256	0	1692	5a77d213edf9a165699655c004bd47c5e07c346a9056856c1922851dcc990c0b	e3b0c44298fc1c149afbf4c8996fb92427ae41e4649b934ca495991b7852b855
examples/hello.slim	1257	0	1692	5a77d213edf9a165699655c004bd47c5e07c346a9056856c1922851dcc990c0b	e3b0c44298fc1c149afbf4c8996fb92427ae41e4649b934ca495991b7852b855
examples/hello.slim	1258	0	1692	5a77d213edf9a165699655c004bd47c5e07c346a9056856c1922851dcc990c0b	e3b0c44298fc1c149afbf4c8996fb92427ae41e4649b934ca495991b7852b855
examples/hello.slim	1259	0	1692	5a77d213edf9a165699655c004bd47c5e07c346a9056856c1922851dcc990c0b	e3b0c44298fc1c149afbf4c8996fb92427ae41e4649b934ca495991b7852b855
examples/hello.slim	1260	0	1692	5a77d213edf9a165699655c004bd47c5e07c346a9056856c1922851dcc990c0b	e3b0c44298fc1c149afbf4c8996fb92427ae41e4649b934ca495991b7852b855
examples/hello.slim	1261	0	1692	5a77d213edf9a165699655c004bd47c5e07c346a9056856c1922851dcc990c0b	e3b0c44298fc1c149afbf4c8996fb92427ae41e4649b934ca495991b7852b855
examples/hello.slim	1262	0	1692	5a77d213edf9a165699655c004bd47c5e07c346a9056856c1922851dcc990c0b	e3b0c44298fc1c149afbf4c8996fb92427ae41e4649b934ca495991b7852b855
examples/hello.slim	1263	0	1692	5a77d213edf9a165699655c004bd47c5e07c346a9056856c1922851dcc990c0b	e3b0c44298fc1c149afbf4c8996fb92427ae41e4649b934ca495991b7852b855
examples/hello.slim	1264	0	1692	5a77d213edf9a165699655c004bd47c5e07c346a9056856c1922851dcc990c0b	e3b0c44298fc1c149afbf4c8996fb92427ae41e4649b934ca495991b7852b855
examples/hello.slim	1265	0	1692	5a77d213edf9a165699655c004bd47c5e07c346a9056856c1922851dcc990c0b	e3b0c44298fc1c149afbf4c8996fb92427ae41e4649b934ca495991b7852b855
examples/hello.slim	1266	0	1692	5a77d213edf9a165699655c004bd47c5e07c346a9056856c1922851dcc990c0b	e3b0c44298fc1c149afbf4c8996fb92427ae41e4649b934ca495991b7852b855
examples/hello.slim	1267	0	1692	5a77d213edf9a165699655c004bd47c5e07c346a9056856c1922851dcc990c0b	e3b0c44298fc1c149afbf4c8996fb92427ae41e4649b934ca495991b7852b855
examples/hello.slim	1268	0	1692	5a77d213edf9a165699655c004bd47c5e07c346a9056856c1922851dcc990c0b	e3b0c44298fc1c149afbf4c8996fb92427ae41e4649b934ca495991b7852b855
examples/hello.slim	1269	0	1692	5a77d213edf9a165699655c004bd47c5e07c346a9056856c1922851dcc990c0b	e3b0c44298fc1c149afbf4c8996fb92427ae41e4649b934ca495991b7852b855
examples/hello.slim	1270	0	1692	5a77d213edf9a165699655c004bd47c5e07c346a9056856c1922851dcc990c0b	e3b0c44298fc1c149afbf4c8996fb92427ae41e4649b934ca495991b7852b855
examples/hello.slim	1271	0	1692	5a77d213edf9a165699655c004bd47c5e07c346a9056856c1922851dcc990c0b	e3b0c44298fc1c149afbf4c8996fb92427ae41e4649b934ca495991b7852b855
examples/hello.slim	1272	0	1692	5a77d213edf9a165699655c004bd47c5e07c346a9056856c1922851dcc990c0b	e3b0c44298fc1c149afbf4c8996fb92427ae41e4649b934ca495991b7852b855
examples/hello.slim	1273	0	1692	5a77d213edf9a165699655c004bd47c5e07c346a9056856c1922851dcc990c0b	e3b0c44298fc1c149afbf4c8996fb92427ae41e4649b934ca495991b7852b855
examples/hello.slim	1274	0	1692	5a77d213edf9a165699655c004bd47c5e07c346a9056856c1922851dcc990c0b	e3b0c44298fc1c149afbf4c8996fb92427ae41e4649b934ca495991b7852b855
examples/hello.slim	1275	0	1692	5a77d213edf9a165699655c004bd47c5e07c346a9056856c1922851dcc990c0b	e3b0c44298fc1c149afbf4c8996fb92427ae41e4649b934ca495991b7852b855
examples/hello.slim	1276	0	1692	5a77d213edf9a165699655c004bd47c5e07c346a9056856c1922851dcc990c0b	e3b0c44298fc1c149afbf4c8996fb92427ae41e4649b934ca495991b7852b855
examples/hello.slim	1277	0	1692	5a77d213edf9a165699655c004bd47c5e07c346a9056856c1922851dcc990c0b	e3b0c44298fc1c149afbf4c8996fb92427ae41e4649b934ca495991b7852b855
examples/hello.slim	1278	0	1692	5a77d213edf9a165699655c004bd47c5e07c346a9056856c1922851dcc990c0b	e3b0c44298fc1c149afbf4c8996fb92427ae41e4649b934ca495991b7852b855
examples/hello.slim	1279	0	1692	5a77d213edf9a165699655c004bd47c5e07c346a9056856c1922851dcc990c0b	e3b0c44298fc1c149afbf4c8996fb92427ae41e4649b934ca495991b7852b855
examples/hello.slim	1280	0	1692	5a77d213edf9a165699655c004bd47c5e07c346a9056856c1922851dcc990c0b	e3b0c44298fc1c149afbf4c8996fb92427ae41e4649b934ca495991b7852b855
examples/hello.slim	1281	0	1692	5a77d213edf9a165699655c004bd47c5e07c346a9056856c1922851dcc990c0b	e3b0c44298fc1c149afbf4c8996fb92427ae41e4649b934ca495991b7852b855
examples/hello.slim	1282	0	1692	5a77d213edf9a165699655c004bd47c5e07c346a9056856c1922851dcc990c0b	e3b0c44298fc1c149afbf4c8996fb92427ae41e4649b934ca495991b7852b855
examples/hello.slim	1283	0	1692	5a77d213edf9a165699655c004bd47c5e07c346a9056856c1922851dcc990c0b	e3b0c44298fc1c149afbf4c8996fb92427ae41e4649b934ca495991b7852b855
examples/hello.slim	1284	0	1692	5a77d213edf9a165699655c004bd47c5e07c346a9056856c1922851dcc990c0b	e3b0c44298fc1c149afbf4c8996fb92427ae41e4649b934ca495991b7852b855
examples/hello.slim	1285	0	1692	5a77d213edf9a165699655c004bd47c5e07c346a9056856c1922851dcc990c0b	e3b0c44298fc1c149afbf4c8996fb92427ae41e4649b934ca495991b7852b855
examples/hello.slim	1286	0	1692	5a77d213edf9a165699655c004bd47c5e07c346a9056856c1922851dcc990c0b	e3b0c44298fc1c149afbf4c8996fb92427ae41e4649b934ca495991b7852b855
examples/hello.slim	1287	0	1692	5a77d213edf9a165699655c004bd47c5e07c346a9056856c1922851dcc990c0b	e3b0c44298fc1c149afbf4c8996fb92427ae41e4649b934ca495991b7852b855
examples/hello.slim	1288	0	1692	5a77d213edf9a165699655c004bd47c5e07c346a9056856c1922851dcc990c0b	e3b0c44298fc1c149afbf4c8996fb92427ae41e4649b934ca495991b7852b855
examples/hello.slim	1289	0	1692	5a77d213edf9a165699655c004bd47c5e07c346a9056856c1922851dcc990c0b	e3b0c44298fc1c149afbf4c8996fb92427ae41e4649b934ca495991b7852b855
examples/hello.slim	1290	0	1692	5a77d213edf9a165699655c004bd47c5e07c346a9056856c1922851dcc990c0b	e3b0c44298fc1c149afbf4c8996fb92427ae41e4649b934ca495991b7852b855
examples/hello.slim	1291	0	1692	5a77d213edf9a165699655c004bd47c5e07c346a9056856c1922851dcc990c0b	e3b0c44298fc1c149afbf4c8996fb92427ae41e4649b934ca495991b7852b855
examples/hello.slim	1292	0	1692	5a77d213edf9a165699655c004bd47c5e07c346a9056856c1922851dcc990c0b	e3b0c44298fc1c149afbf4c8996fb92427ae41e4649b934ca495991b7852b855
examples/hello.slim	1293	0	1692	5a77d213edf9a165699655c004bd47c5e07c346a9056856c1922851dcc990c0b	e3b0c44298fc1c149afbf4c8996fb92427ae41e4649b934ca495991b7852b855
examples/hello.slim	1294	0	1692	5a77d213edf9a165699655c004bd47c5e07c346a9056856c1922851dcc990c0b	e3b0c44298fc1c149afbf4c8996fb92427ae41e4649b934ca495991b7852b855
examples/hello.slim	1295	0	1692	5a77d213edf9a165699655c004bd47c5e07c346a9056856c1922851dcc990c0b	e3b0c44298fc1c149afbf4c8996fb92427ae41e4649b934ca495991b7852b855
examples/hello.slim	1296	0	1692	5a77d213edf9a165699655c004bd47c5e07c346a9056856c1922851dcc990c0b	e3b0c44298fc1c149afbf4c8996fb92427ae41e4649b934ca495991b7852b855
examples/hello.slim	1297	0	1692	5a77d213edf9a165699655c004bd47c5e07c346a9056856c1922851dcc990c0b	e3b0c44298fc1c149afbf4c8996fb92427ae41e4649b934ca495991b7852b855
examples/hello.slim	1298	0	1692	5a77d213edf9a165699655c004bd47c5e07c346a9056856c1922851dcc990c0b	e3b0c44298fc1c149afbf4c8996fb92427ae41e4649b934ca495991b7852b855
examples/hello.slim	1299	0	1692	5a77d213edf9a165699655c004bd47c5e07c346a9056856c1922851dcc990c0b	e3b0c44298fc1c149afbf4c8996fb92427ae41e4649b934ca495991b7852b855
examples/hello.slim	1300	0	1692	5a77d213edf9a165699655c004bd47c5e07c346a9056856c1922851dcc990c0b	e3b0c44298fc1c149afbf4c8996fb92427ae41e4649b934ca495991b7852b855
examples/hello.slim	1301	0	1692	5a77d213edf9a165699655c004bd47c5e07c346a9056856c1922851dcc990c0b	e3b0c44298fc1c149afbf4c8996fb92427ae41e4649b934ca495991b7852b855
examples/hello.slim	1302	0	1692	5a77d213edf9a165699655c004bd47c5e07c346a9056856c1922851dcc990c0b	e3b0c44298fc1c149afbf4c8996fb92427ae41e4649b934ca495991b7852b855
examples/hello.slim	1303	0	1692	5a77d213edf9a165699655c004bd47c5e07c346a9056856c1922851dcc990c0b	e3b0c44298fc1c149afbf4c8996fb92427ae41e4649b934ca495991b7852b855
examples/hello.slim	1304	0	1692	5a77d213edf9a165699655c004bd47c5e07c346a9056856c1922851dcc990c0b	e3b0c44298fc1c149afbf4c8996fb92427ae41e4649b934ca495991b7852b855
examples/hello.slim	1305	0	1692	5a77d213edf9a165699655c004bd47c5e07c346a9056856c1922851dcc990c0b	e3b0c44298fc1c149afbf4c8996fb92427ae41e4649b934ca495991b7852b855
examples/hello.slim	1306	0	1692	5a77d213edf9a165699655c004bd47c5e07c346a9056856c1922851dcc990c0b	e3b0c44298fc1c149afbf4c8996fb92427ae41e4649b934ca495991b7852b855
examples/hello.slim	1307	0	1692	5a77d213edf9a165699655c004bd47c5e07c346a9056856c1922851dcc990c0b	e3b0c44298fc1c149afbf4c8996fb92427ae41e4649b934ca495991b7852b855
examples/hello.slim	1308	0	1692	5a77d213edf9a165699655c004bd47c5e07c346a9056856c1922851dcc990c0b	e3b0c44298fc1c149afbf4c8996fb92427ae41e4649b934ca495991b7852b855
examples/hello.slim	1309	0	1692	5a77d213edf9a165699655c004bd47c5e07c346a9056856c1922851dcc990c0b	e3b0c44298fc1c149afbf4c8996fb92427ae41e4649b934ca495991b7852b855
examples/hello.slim	1310	0	1692	5a77d213edf9a165699655c004bd47c5e07c346a9056856c1922851dcc990c0b	e3b0c44298fc1c149afbf4c8996fb92427ae41e4649b934ca495991b7852b855
examples/hello.slim	1311	0	1692	5a77d213edf9a165699655c004bd47c5e07c346a9056856c1922851dcc990c0b	e3b0c44298fc1c149afbf4c8996fb92427ae41e4649b934ca495991b7852b855
examples/hello.slim	1312	0	1692	5a77d213edf9a165699655c004bd47c5e07c346a9056856c1922851dcc990c0b	e3b0c44298fc1c149afbf4c8996fb92427ae41e4649b934ca495991b7852b855
examples/hello.slim	1313	0	1692	5a77d213edf9a165699655c004bd47c5e07c346a9056856c1922851dcc990c0b	e3b0c44298fc1c149afbf4c8996fb92427ae41e4649b934ca495991b7852b855
examples/hello.slim	1314	0	1692	5a77d213edf9a165699655c004bd47c5e07c346a9056856c1922851dcc990c0b	e3b0c44298fc1c149afbf4c8996fb92427ae41e4649b934ca495991b7852b855
examples/hello.slim	1315	0	1692	5a77d213edf9a165699655c004bd47c5e07c346a9056856c1922851dcc990c0b	e3b0c44298fc1c149afbf4c8996fb92427ae41e4649b934ca495991b7852b855
examples/hello.slim	1316	0	1692	5a77d213edf9a165699655c004bd47c5e07c346a9056856c1922851dcc990c0b	e3b0c44298fc1c149afbf4c8996fb92427ae41e4649b934ca495991b7852b855
examples/hello.slim	1317	0	1692	5a77d213edf9a165699655c004bd47c5e07c346a9056856c1922851dcc990c0b	e3b0c44298fc1c149afbf4c8996fb92427ae41e4649b934ca495991b7852b855
examples/hello.slim	1318	0	1692	5a77d213edf9a165699655c004bd47c5e07c346a9056856c1922851dcc990c0b	e3b0c44298fc1c149afbf4c8996fb92427ae41e4649b934ca495991b7852b855
examples/hello.slim	1319	0	1692	5a77d213edf9a165699655c004bd47c5e07c346a9056856c1922851dcc990c0b	e3b0c44298fc1c149afbf4c8996fb92427ae41e4649b934ca495991b7852b855
examples/hello.slim	1320	0	1692	5a77d213edf9a165699655c004bd47c5e07c346a9056856c1922851dcc990c0b	e3b0c44298fc1c149afbf4c8996fb92427ae41e4649b934ca495991b7852b855
examples/hello.slim	1321	0	1692	5a77d213edf9a165699655c004bd47c5e07c346a9056856c1922851dcc990c0b	e3b0c44298fc1c149afbf4c8996fb92427ae41e4649b934ca495991b7852b855
examples/hello.slim	1322	0	1692	5a77d213edf9a165699655c004bd47c5e07c346a9056856c1922851dcc990c0b	e3b0c44298fc1c149afbf4c8996fb92427ae41e4649b934ca495991b7852b855
examples/hello.slim	1323	0	1692	5a77d213edf9a165699655c004bd47c5e07c346a9056856c1922851dcc990c0b	e3b0c44298fc1c149afbf4c8996fb92427ae41e4649b934ca495991b7852b855
examples/hello.slim	1324	0	1692	5a77d213edf9a165699655c004bd47c5e07c346a9056856c1922851dcc990c0b	e3b0c44298fc1c149afbf4c8996fb92427ae41e4649b934ca495991b7852b855
examples/hello.slim	1325	0	1692	5a77d213edf9a165699655c004bd47c5e07c346a9056856c1922851dcc990c0b	e3b0c44298fc1c149afbf4c8996fb92427ae41e4649b934ca495991b7852b855
examples/hello.slim	1326	0	1692	5a77d213edf9a165699655c004bd47c5e07c346a9056856c1922851dcc990c0b	e3b0c44298fc1c149afbf4c8996fb92427ae41e4649b934ca495991b7852b855
examples/hello.slim	1327	0	1692	5a77d213edf9a165699655c004bd47c5e07c346a9056856c1922851dcc990c0b	e3b0c44298fc1c149afbf4c8996fb92427ae41e4649b934ca495991b7852b855
examples/hello.slim	1328	0	1692	5a77d213edf9a165699655c004bd47c5e07c346a9056856c1922851dcc990c0b	e3b0c44298fc1c149afbf4c8996fb92427ae41e4649b934ca495991b7852b855
examples/hello.slim	1329	0	1692	5a77d213edf9a165699655c004bd47c5e07c346a9056856c1922851dcc990c0b	e3b0c44298fc1c149afbf4c8996fb92427ae41e4649b934ca495991b7852b855
examples/hello.slim	1330	0	1692	5a77d213edf9a165699655c004bd47c5e07c346a9056856c1922851dcc990c0b	e3b0c44298fc1c149afbf4c8996fb92427ae41e4649b934ca495991b7852b855
examples/hello.slim	1331	0	1692	5a77d213edf9a165699655c004bd47c5e07c346a9056856c1922851dcc990c0b	e3b0c44298fc1c149afbf4c8996fb92427ae41e4649b934ca495991b7852b855
examples/hello.slim	1332	0	1692	5a77d213edf9a165699655c004bd47c5e07c346a9056856c1922851dcc990c0b	e3b0c44298fc1c149afbf4c8996fb92427ae41e4649b934ca495991b7852b855
examples/hello.slim	1333	0	1692	5a77d213edf9a165699655c004bd47c5e07c346a9056856c1922851dcc990c0b	e3b0c44298fc1c149afbf4c8996fb92427ae41e4649b934ca495991b7852b855
examples/hello.slim	1334	0	1692	5a77d213edf9a165699655c004bd47c5e07c346a9056856c1922851dcc990c0b	e3b0c44298fc1c149afbf4c8996fb92427ae41e4649b934ca495991b7852b855
examples/hello.slim	1335	0	1692	5a77d213edf9a165699655c004bd47c5e07c346a9056856c1922851dcc990c0b	e3b0c44298fc1c149afbf4c8996fb92427ae41e4649b934ca495991b7852b855
examples/hello.slim	1336	0	1692	5a77d213edf9a165699655c004bd47c5e07c346a9056856c1922851dcc990c0b	e3b0c44298fc1c149afbf4c8996fb92427ae41e4649b934ca495991b7852b855
examples/hello.slim	1337	0	1692	5a77d213edf9a165699655c004bd47c5e07c346a9056856c1922851dcc990c0b	e3b0c44298fc1c149afbf4c8996fb92427ae41e4649b934ca495991b7852b855
examples/hello.slim	1338	0	1692	5a77d213edf9a165699655c004bd47c5e07c346a9056856c1922851dcc990c0b	e3b0c44298fc1c149afbf4c8996fb92427ae41e4649b934ca495991b7852b855
examples/hello.slim	1339	0	1692	5a77d213edf9a165699655c004bd47c5e07c346a9056856c1922851dcc990c0b	e3b0c44298fc1c149afbf4c8996fb92427ae41e4649b934ca495991b7852b855
examples/hello.slim	1340	0	1692	5a77d213edf9a165699655c004bd47c5e07c346a9056856c1922851dcc990c0b	e3b0c44298fc1c149afbf4c8996fb92427ae41e4649b934ca495991b7852b855
examples/hello.slim	1341	0	1692	5a77d213edf9a165699655c004bd47c5e07c346a9056856c1922851dcc990c0b	e3b0c44298fc1c149afbf4c8996fb92427ae41e4649b934ca495991b7852b855
examples/hello.slim	1342	0	1692	5a77d213edf9a165699655c004bd47c5e07c346a9056856c1922851dcc990c0b	e3b0c44298fc1c149afbf4c8996fb92427ae41e4649b934ca495991b7852b855
examples/hello.slim	1343	0	1692	5a77d213edf9a165699655c004bd47c5e07c346a9056856c1922851dcc990c0b	e3b0c44298fc1c149afbf4c8996fb92427ae41e4649b934ca495991b7852b855
examples/hello.slim	1344	0	1692	5a77d213edf9a165699655c004bd47c5e07c346a9056856c1922851dcc990c0b	e3b0c44298fc1c149afbf4c8996fb92427ae41e4649b934ca495991b7852b855
examples/hello.slim	1345	0	1692	5a77d213edf9a165699655c004bd47c5e07c346a9056856c1922851dcc990c0b	e3b0c44298fc1c149afbf4c8996fb92427ae41e4649b934ca495991b7852b855
examples/hello.slim	1346	0	1692	5a77d213edf9a165699655c004bd47c5e07c346a9056856c1922851dcc990c0b	e3b0c44298fc1c149afbf4c8996fb92427ae41e4649b934ca495991b7852b855
examples/hello.slim	1347	0	1692	5a77d213edf9a165699655c004bd47c5e07c346a9056856c1922851dcc990c0b	e3b0c44298fc1c149afbf4c8996fb92427ae41e4649b934ca495991b7852b855
examples/hello.slim	1348	0	1692	5a77d213edf9a165699655c004bd47c5e07c346a9056856c1922851dcc990c0b	e3b0c44298fc1c149afbf4c8996fb92427ae41e4649b934ca495991b7852b855
examples/hello.slim	1349	0	1692	5a77d213edf9a165699655c004bd47c5e07c346a9056856c1922851dcc990c0b	e3b0c44298fc1c149afbf4c8996fb92427ae41e4649b934ca495991b7852b855
examples/hello.slim	1350	0	1692	5a77d213edf9a165699655c004bd47c5e07c346a9056856c1922851dcc990c0b	e3b0c44298fc1c149afbf4c8996fb92427ae41e4649b934ca495991b7852b855
examples/hello.slim	1351	0	1692	5a77d213edf9a165699655c004bd47c5e07c346a9056856c1922851dcc990c0b	e3b0c44298fc1c149afbf4c8996fb92427ae41e4649b934ca495991b7852b855
examples/hello.slim	1352	0	1692	5a77d213edf9a165699655c004bd47c5e07c346a9056856c1922851dcc990c0b	e3b0c44298fc1c149afbf4c8996fb92427ae41e4649b934ca495991b7852b855
examples/hello.slim	1353	0	1692	5a77d213edf9a165699655c004bd47c5e07c346a9056856c1922851dcc990c0b	e3b0c44298fc1c149afbf4c8996fb92427ae41e4649b934ca495991b7852b855
examples/hello.slim	1354	0	1692	5a77d213edf9a165699655c004bd47c5e07c346a9056856c1922851dcc990c0b	e3b0c44298fc1c149afbf4c8996fb92427ae41e4649b934ca495991b7852b855
examples/hello.slim	1355	0	1692	5a77d213edf9a165699655c004bd47c5e07c346a9056856c1922851dcc990c0b	e3b0c44298fc1c149afbf4c8996fb92427ae41e4649b934ca495991b7852b855
examples/hello.slim	1356	0	1692	5a77d213edf9a165699655c004bd47c5e07c346a9056856c1922851dcc990c0b	e3b0c44298fc1c149afbf4c8996fb92427ae41e4649b934ca495991b7852b855
examples/hello.slim	1357	0	1692	5a77d213edf9a165699655c004bd47c5e07c346a9056856c1922851dcc990c0b	e3b0c44298fc1c149afbf4c8996fb92427ae41e4649b934ca495991b7852b855
examples/hello.slim	1358	0	1692	5a77d213edf9a165699655c004bd47c5e07c346a9056856c1922851dcc990c0b	e3b0c44298fc1c149afbf4c8996fb92427ae41e4649b934ca495991b7852b855
examples/hello.slim	1359	0	1692	5a77d213edf9a165699655c004bd47c5e07c346a9056856c1922851dcc990c0b	e3b0c44298fc1c149afbf4c8996fb92427ae41e4649b934ca495991b7852b855
examples/hello.slim	1360	0	1692	5a77d213edf9a165699655c004bd47c5e07c346a9056856c1922851dcc990c0b	e3b0c44298fc1c149afbf4c8996fb92427ae41e4649b934ca495991b7852b855
examples/hello.slim	1361	0	1692	5a77d213edf9a165699655c004bd47c5e07c346a9056856c1922851dcc990c0b	e3b0c44298fc1c149afbf4c8996fb92427ae41e4649b934ca495991b7852b855
examples/hello.slim	1362	0	1692	5a77d213edf9a165699655c004bd47c5e07c346a9056856c1922851dcc990c0b	e3b0c44298fc1c149afbf4c8996fb92427ae41e4649b934ca495991b7852b855
examples/hello.slim	1363	0	1692	5a77d213edf9a165699655c004bd47c5e07c346a9056856c1922851dcc990c0b	e3b0c44298fc1c149afbf4c8996fb92427ae41e4649b934ca495991b7852b855
examples/hello.slim	1364	0	1692	5a77d213edf9a165699655c004bd47c5e07c346a9056856c1922851dcc990c0b	e3b0c44298fc1c149afbf4c8996fb92427ae41e4649b934ca495991b7852b855
examples/hello.slim	1365	0	1692	5a77d213edf9a165699655c004bd47c5e07c346a9056856c1922851dcc990c0b	e3b0c44298fc1c149afbf4c8996fb92427ae41e4649b934ca495991b7852b855
examples/hello.slim	1366	0	1692	5a77d213edf9a165699655c004bd47c5e07c346a9056856c1922851dcc990c0b	e3b0c44298fc1c149afbf4c8996fb92427ae41e4649b934ca495991b7852b855
examples/hello.slim	1367	0	1692	5a77d213edf9a165699655c004bd47c5e07c346a9056856c1922851dcc990c0b	e3b0c44298fc1c149afbf4c8996fb92427ae41e4649b934ca495991b7852b855
examples/hello.slim	1368	0	1692	5a77d213edf9a165699655c004bd47c5e07c346a9056856c1922851dcc990c0b	e3b0c44298fc1c149afbf4c8996fb92427ae41e4649b934ca495991b7852b855
examples/hello.slim	1369	0	1692	5a77d213edf9a165699655c004bd47c5e07c346a9056856c1922851dcc990c0b	e3b0c44298fc1c149afbf4c8996fb92427ae41e4649b934ca495991b7852b855
examples/hello.slim	1370	0	1692	5a77d213edf9a165699655c004bd47c5e07c346a9056856c1922851dcc990c0b	e3b0c44298fc1c149afbf4c8996fb92427ae41e4649b934ca495991b7852b855
examples/hello.slim	1371	0	1692	5a77d213edf9a165699655c004bd47c5e07c346a9056856c1922851dcc990c0b	e3b0c44298fc1c149afbf4c8996fb92427ae41e4649b934ca495991b7852b855
examples/hello.slim	1372	0	1692	5a77d213edf9a165699655c004bd47c5e07c346a9056856c1922851dcc990c0b	e3b0c44298fc1c149afbf4c8996fb92427ae41e4649b934ca495991b7852b855
examples/hello.slim	1373	0	1692	5a77d213edf9a165699655c004bd47c5e07c346a9056856c1922851dcc990c0b	e3b0c44298fc1c149afbf4c8996fb92427ae41e4649b934ca495991b7852b855
examples/hello.slim	1374	0	1692	5a77d213edf9a165699655c004bd47c5e07c346a9056856c1922851dcc990c0b	e3b0c44298fc1c149afbf4c8996fb92427ae41e4649b934ca495991b7852b855
examples/hello.slim	1375	0	1692	5a77d213edf9a165699655c004bd47c5e07c346a9056856c1922851dcc990c0b	e3b0c44298fc1c149afbf4c8996fb92427ae41e4649b934ca495991b7852b855
examples/hello.slim	1376	0	1692	5a77d213edf9a165699655c004bd47c5e07c346a9056856c1922851dcc990c0b	e3b0c44298fc1c149afbf4c8996fb92427ae41e4649b934ca495991b7852b855
examples/hello.slim	1377	0	1692	5a77d213edf9a165699655c004bd47c5e07c346a9056856c1922851dcc990c0b	e3b0c44298fc1c149afbf4c8996fb92427ae41e4649b934ca495991b7852b855
examples/hello.slim	1378	0	1692	5a77d213edf9a165699655c004bd47c5e07c346a9056856c1922851dcc990c0b	e3b0c44298fc1c149afbf4c8996fb92427ae41e4649b934ca495991b7852b855
examples/hello.slim	1379	0	1692	5a77d213edf9a165699655c004bd47c5e07c346a9056856c1922851dcc990c0b	e3b0c44298fc1c149afbf4c8996fb92427ae41e4649b934ca495991b7852b855
examples/hello.slim	1380	0	1692	5a77d213edf9a165699655c004bd47c5e07c346a9056856c1922851dcc990c0b	e3b0c44298fc1c149afbf4c8996fb92427ae41e4649b934ca495991b7852b855
examples/hello.slim	1381	0	1692	5a77d213edf9a165699655c004bd47c5e07c346a9056856c1922851dcc990c0b	e3b0c44298fc1c149afbf4c8996fb92427ae41e4649b934ca495991b7852b855
examples/hello.slim	1382	0	1692	5a77d213edf9a165699655c004bd47c5e07c346a9056856c1922851dcc990c0b	e3b0c44298fc1c149afbf4c8996fb92427ae41e4649b934ca495991b7852b855
examples/hello.slim	1383	0	1692	5a77d213edf9a165699655c004bd47c5e07c346a9056856c1922851dcc990c0b	e3b0c44298fc1c149afbf4c8996fb92427ae41e4649b934ca495991b7852b855
examples/hello.slim	1384	0	1692	5a77d213edf9a165699655c004bd47c5e07c346a9056856c1922851dcc990c0b	e3b0c44298fc1c149afbf4c8996fb92427ae41e4649b934ca495991b7852b855
examples/hello.slim	1385	0	1692	5a77d213edf9a165699655c004bd47c5e07c346a9056856c1922851dcc990c0b	e3b0c44298fc1c149afbf4c8996fb92427ae41e4649b934ca495991b7852b855
examples/hello.slim	1386	0	1692	5a77d213edf9a165699655c004bd47c5e07c346a9056856c1922851dcc990c0b	e3b0c44298fc1c149afbf4c8996fb92427ae41e4649b934ca495991b7852b855
examples/hello.slim	1387	0	1692	5a77d213edf9a165699655c004bd47c5e07c346a9056856c1922851dcc990c0b	e3b0c44298fc1c149afbf4c8996fb92427ae41e4649b934ca495991b7852b855
examples/hello.slim	1388	0	1692	5a77d213edf9a165699655c004bd47c5e07c346a9056856c1922851dcc990c0b	e3b0c44298fc1c149afbf4c8996fb92427ae41e4649b934ca495991b7852b855
examples/hello.slim	1389	0	1692	5a77d213edf9a165699655c004bd47c5e07c346a9056856c1922851dcc990c0b	e3b0c44298fc1c149afbf4c8996fb92427ae41e4649b934ca495991b7852b855
examples/hello.slim	1390	0	1692	5a77d213edf9a165699655c004bd47c5e07c346a9056856c1922851dcc990c0b	e3b0c44298fc1c149afbf4c8996fb92427ae41e4649b934ca495991b7852b855
examples/hello.slim	1391	0	1692	5a77d213edf9a165699655c004bd47c5e07c346a9056856c1922851dcc990c0b	e3b0c44298fc1c149afbf4c8996fb92427ae41e4649b934ca495991b7852b855
examples/hello.slim	1392	0	1692	5a77d213edf9a165699655c004bd47c5e07c346a9056856c1922851dcc990c0b	e3b0c44298fc1c149afbf4c8996fb92427ae41e4649b934ca495991b7852b855
examples/hello.slim	1393	0	1692	5a77d213edf9a165699655c004bd47c5e07c346a9056856c1922851dcc990c0b	e3b0c44298fc1c149afbf4c8996fb92427ae41e4649b934ca495991b7852b855
examples/hello.slim	1394	0	1692	5a77d213edf9a165699655c004bd47c5e07c346a9056856c1922851dcc990c0b	e3b0c44298fc1c149afbf4c8996fb92427ae41e4649b934ca495991b7852b855
examples/hello.slim	1395	0	1692	5a77d213edf9a165699655c004bd47c5e07c346a9056856c1922851dcc990c0b	e3b0c44298fc1c149afbf4c8996fb92427ae41e4649b934ca495991b7852b855
examples/hello.slim	1396	0	1692	5a77d213edf9a165699655c004bd47c5e07c346a9056856c1922851dcc990c0b	e3b0c44298fc1c149afbf4c8996fb92427ae41e4649b934ca495991b7852b855
examples/hello.slim	1397	0	1692	5a77d213edf9a165699655c004bd47c5e07c346a9056856c1922851dcc990c0b	e3b0c44298fc1c149afbf4c8996fb92427ae41e4649b934ca495991b7852b855
examples/hello.slim	1398	0	1692	5a77d213edf9a165699655c004bd47c5e07c346a9056856c1922851dcc990c0b	e3b0c44298fc1c149afbf4c8996fb92427ae41e4649b934ca495991b7852b855
examples/hello.slim	1399	0	1692	5a77d213edf9a165699655c004bd47c5e07c346a9056856c1922851dcc990c0b	e3b0c44298fc1c149afbf4c8996fb92427ae41e4649b934ca495991b7852b855
examples/hello.slim	1400	0	1692	5a77d213edf9a165699655c004bd47c5e07c346a9056856c1922851dcc990c0b	e3b0c44298fc1c149afbf4c8996fb92427ae41e4649b934ca495991b7852b855
examples/hello.slim	1401	0	1692	5a77d213edf9a165699655c004bd47c5e07c346a9056856c1922851dcc990c0b	e3b0c44298fc1c149afbf4c8996fb92427ae41e4649b934ca495991b7852b855
examples/hello.slim	1402	0	1692	5a77d213edf9a165699655c004bd47c5e07c346a9056856c1922851dcc990c0b	e3b0c44298fc1c149afbf4c8996fb92427ae41e4649b934ca495991b7852b855
examples/hello.slim	1403	0	1692	5a77d213edf9a165699655c004bd47c5e07c346a9056856c1922851dcc990c0b	e3b0c44298fc1c149afbf4c8996fb92427ae41e4649b934ca495991b7852b855
examples/hello.slim	1404	0	1692	5a77d213edf9a165699655c004bd47c5e07c346a9056856c1922851dcc990c0b	e3b0c44298fc1c149afbf4c8996fb92427ae41e4649b934ca495991b7852b855
examples/hello.slim	1405	0	1692	5a77d213edf9a165699655c004bd47c5e07c346a9056856c1922851dcc990c0b	e3b0c44298fc1c149afbf4c8996fb92427ae41e4649b934ca495991b7852b855
examples/hello.slim	1406	0	1692	5a77d213edf9a165699655c004bd47c5e07c346a9056856c1922851dcc990c0b	e3b0c44298fc1c149afbf4c8996fb92427ae41e4649b934ca495991b7852b855
examples/hello.slim	1407	0	1692	5a77d213edf9a165699655c004bd47c5e07c346a9056856c1922851dcc990c0b	e3b0c44298fc1c149afbf4c8996fb92427ae41e4649b934ca495991b7852b855
examples/hello.slim	1408	0	1692	5a77d213edf9a165699655c004bd47c5e07c346a9056856c1922851dcc990c0b	e3b0c44298fc1c149afbf4c8996fb92427ae41e4649b934ca495991b7852b855
examples/hello.slim	1409	0	1692	5a77d213edf9a165699655c004bd47c5e07c346a9056856c1922851dcc990c0b	e3b0c44298fc1c149afbf4c8996fb92427ae41e4649b934ca495991b7852b855
examples/hello.slim	1410	0	1692	5a77d213edf9a165699655c004bd47c5e07c346a9056856c1922851dcc990c0b	e3b0c44298fc1c149afbf4c8996fb92427ae41e4649b934ca495991b7852b855
examples/hello.slim	1411	0	1692	5a77d213edf9a165699655c004bd47c5e07c346a9056856c1922851dcc990c0b	e3b0c44298fc1c149afbf4c8996fb92427ae41e4649b934ca495991b7852b855
examples/hello.slim	1412	0	1692	5a77d213edf9a165699655c004bd47c5e07c346a9056856c1922851dcc990c0b	e3b0c44298fc1c149afbf4c8996fb92427ae41e4649b934ca495991b7852b855
examples/hello.slim	1413	0	1692	5a77d213edf9a165699655c004bd47c5e07c346a9056856c1922851dcc990c0b	e3b0c44298fc1c149afbf4c8996fb92427ae41e4649b934ca495991b7852b855
examples/hello.slim	1414	0	1692	5a77d213edf9a165699655c004bd47c5e07c346a9056856c1922851dcc990c0b	e3b0c44298fc1c149afbf4c8996fb92427ae41e4649b934ca495991b7852b855
examples/hello.slim	1415	0	1692	5a77d213edf9a165699655c004bd47c5e07c346a9056856c1922851dcc990c0b	e3b0c44298fc1c149afbf4c8996fb92427ae41e4649b934ca495991b7852b855
examples/hello.slim	1416	0	1692	5a77d213edf9a165699655c004bd47c5e07c346a9056856c1922851dcc990c0b	e3b0c44298fc1c149afbf4c8996fb92427ae41e4649b934ca495991b7852b855
examples/hello.slim	1417	0	1692	5a77d213edf9a165699655c004bd47c5e07c346a9056856c1922851dcc990c0b	e3b0c44298fc1c149afbf4c8996fb92427ae41e4649b934ca495991b7852b855
examples/hello.slim	1418	0	1692	5a77d213edf9a165699655c004bd47c5e07c346a9056856c1922851dcc990c0b	e3b0c44298fc1c149afbf4c8996fb92427ae41e4649b934ca495991b7852b855
examples/hello.slim	1419	0	1692	5a77d213edf9a165699655c004bd47c5e07c346a9056856c1922851dcc990c0b	e3b0c44298fc1c149afbf4c8996fb92427ae41e4649b934ca495991b7852b855
examples/hello.slim	1420	0	1692	5a77d213edf9a165699655c004bd47c5e07c346a9056856c1922851dcc990c0b	e3b0c44298fc1c149afbf4c8996fb92427ae41e4649b934ca495991b7852b855
examples/hello.slim	1421	0	1692	5a77d213edf9a165699655c004bd47c5e07c346a9056856c1922851dcc990c0b	e3b0c44298fc1c149afbf4c8996fb92427ae41e4649b934ca495991b7852b855
examples/hello.slim	1422	0	1692	5a77d213edf9a165699655c004bd47c5e07c346a9056856c1922851dcc990c0b	e3b0c44298fc1c149afbf4c8996fb92427ae41e4649b934ca495991b7852b855
examples/hello.slim	1423	0	1692	5a77d213edf9a165699655c004bd47c5e07c346a9056856c1922851dcc990c0b	e3b0c44298fc1c149afbf4c8996fb92427ae41e4649b934ca495991b7852b855
examples/hello.slim	1424	0	1692	5a77d213edf9a165699655c004bd47c5e07c346a9056856c1922851dcc990c0b	e3b0c44298fc1c149afbf4c8996fb92427ae41e4649b934ca495991b7852b855
examples/hello.slim	1425	0	1692	5a77d213edf9a165699655c004bd47c5e07c346a9056856c1922851dcc990c0b	e3b0c44298fc1c149afbf4c8996fb92427ae41e4649b934ca495991b7852b855
examples/hello.slim	1426	0	1692	5a77d213edf9a165699655c004bd47c5e07c346a9056856c1922851dcc990c0b	e3b0c44298fc1c149afbf4c8996fb92427ae41e4649b934ca495991b7852b855
examples/hello.slim	1427	0	1692	5a77d213edf9a165699655c004bd47c5e07c346a9056856c1922851dcc990c0b	e3b0c44298fc1c149afbf4c8996fb92427ae41e4649b934ca495991b7852b855
examples/hello.slim	1428	0	1692	5a77d213edf9a165699655c004bd47c5e07c346a9056856c1922851dcc990c0b	e3b0c44298fc1c149afbf4c8996fb92427ae41e4649b934ca495991b7852b855
examples/hello.slim	1429	0	1692	5a77d213edf9a165699655c004bd47c5e07c346a9056856c1922851dcc990c0b	e3b0c44298fc1c149afbf4c8996fb92427ae41e4649b934ca495991b7852b855
examples/hello.slim	1430	0	1692	5a77d213edf9a165699655c004bd47c5e07c346a9056856c1922851dcc990c0b	e3b0c44298fc1c149afbf4c8996fb92427ae41e4649b934ca495991b7852b855
examples/hello.slim	1431	0	1692	5a77d213edf9a165699655c004bd47c5e07c346a9056856c1922851dcc990c0b	e3b0c44298fc1c149afbf4c8996fb92427ae41e4649b934ca495991b7852b855
examples/hello.slim	1432	0	1692	5a77d213edf9a165699655c004bd47c5e07c346a9056856c1922851dcc990c0b	e3b0c44298fc1c149afbf4c8996fb92427ae41e4649b934ca495991b7852b855
examples/hello.slim	1433	0	1692	5a77d213edf9a165699655c004bd47c5e07c346a9056856c1922851dcc990c0b	e3b0c44298fc1c149afbf4c8996fb92427ae41e4649b934ca495991b7852b855
examples/hello.slim	1434	0	1692	5a77d213edf9a165699655c004bd47c5e07c346a9056856c1922851dcc990c0b	e3b0c44298fc1c149afbf4c8996fb92427ae41e4649b934ca495991b7852b855
examples/hello.slim	1435	0	1692	5a77d213edf9a165699655c004bd47c5e07c346a9056856c1922851dcc990c0b	e3b0c44298fc1c149afbf4c8996fb92427ae41e4649b934ca495991b7852b855
examples/hello.slim	1436	0	1692	5a77d213edf9a165699655c004bd47c5e07c346a9056856c1922851dcc990c0b	e3b0c44298fc1c149afbf4c8996fb92427ae41e4649b934ca495991b7852b855
examples/hello.slim	1437	0	1692	5a77d213edf9a165699655c004bd47c5e07c346a9056856c1922851dcc990c0b	e3b0c44298fc1c149afbf4c8996fb92427ae41e4649b934ca495991b7852b855
examples/hello.slim	1438	0	1692	5a77d213edf9a165699655c004bd47c5e07c346a9056856c1922851dcc990c0b	e3b0c44298fc1c149afbf4c8996fb92427ae41e4649b934ca495991b7852b855
examples/hello.slim	1439	0	1692	5a77d213edf9a165699655c004bd47c5e07c346a9056856c1922851dcc990c0b	e3b0c44298fc1c149afbf4c8996fb92427ae41e4649b934ca495991b7852b855
examples/hello.slim	1440	0	1692	5a77d213edf9a165699655c004bd47c5e07c346a9056856c1922851dcc990c0b	e3b0c44298fc1c149afbf4c8996fb92427ae41e4649b934ca495991b7852b855
examples/hello.slim	1441	0	1692	5a77d213edf9a165699655c004bd47c5e07c346a9056856c1922851dcc990c0b	e3b0c44298fc1c149afbf4c8996fb92427ae41e4649b934ca495991b7852b855
examples/hello.slim	1442	0	1692	5a77d213edf9a165699655c004bd47c5e07c346a9056856c1922851dcc990c0b	e3b0c44298fc1c149afbf4c8996fb92427ae41e4649b934ca495991b7852b855
examples/hello.slim	1443	0	1692	5a77d213edf9a165699655c004bd47c5e07c346a9056856c1922851dcc990c0b	e3b0c44298fc1c149afbf4c8996fb92427ae41e4649b934ca495991b7852b855
examples/hello.slim	1444	0	1692	5a77d213edf9a165699655c004bd47c5e07c346a9056856c1922851dcc990c0b	e3b0c44298fc1c149afbf4c8996fb92427ae41e4649b934ca495991b7852b855
examples/hello.slim	1445	0	1692	5a77d213edf9a165699655c004bd47c5e07c346a9056856c1922851dcc990c0b	e3b0c44298fc1c149afbf4c8996fb92427ae41e4649b934ca495991b7852b855
examples/hello.slim	1446	0	1692	5a77d213edf9a165699655c004bd47c5e07c346a9056856c1922851dcc990c0b	e3b0c44298fc1c149afbf4c8996fb92427ae41e4649b934ca495991b7852b855
examples/hello.slim	1447	0	1692	5a77d213edf9a165699655c004bd47c5e07c346a9056856c1922851dcc990c0b	e3b0c44298fc1c149afbf4c8996fb92427ae41e4649b934ca495991b7852b855
examples/hello.slim	1448	0	1692	5a77d213edf9a165699655c004bd47c5e07c346a9056856c1922851dcc990c0b	e3b0c44298fc1c149afbf4c8996fb92427ae41e4649b934ca495991b7852b855
examples/hello.slim	1449	0	1692	5a77d213edf9a165699655c004bd47c5e07c346a9056856c1922851dcc990c0b	e3b0c44298fc1c149afbf4c8996fb92427ae41e4649b934ca495991b7852b855
examples/hello.slim	1450	0	1692	5a77d213edf9a165699655c004bd47c5e07c346a9056856c1922851dcc990c0b	e3b0c44298fc1c149afbf4c8996fb92427ae41e4649b934ca495991b7852b855
examples/hello.slim	1451	0	1692	5a77d213edf9a165699655c004bd47c5e07c346a9056856c1922851dcc990c0b	e3b0c44298fc1c149afbf4c8996fb92427ae41e4649b934ca495991b7852b855
examples/hello.slim	1452	0	1692	5a77d213edf9a165699655c004bd47c5e07c346a9056856c1922851dcc990c0b	e3b0c44298fc1c149afbf4c8996fb92427ae41e4649b934ca495991b7852b855
examples/hello.slim	1453	0	1692	5a77d213edf9a165699655c004bd47c5e07c346a9056856c1922851dcc990c0b	e3b0c44298fc1c149afbf4c8996fb92427ae41e4649b934ca495991b7852b855
examples/hello.slim	1454	0	1692	5a77d213edf9a165699655c004bd47c5e07c346a9056856c1922851dcc990c0b	e3b0c44298fc1c149afbf4c8996fb92427ae41e4649b934ca495991b7852b855
examples/hello.slim	1455	0	1692	5a77d213edf9a165699655c004bd47c5e07c346a9056856c1922851dcc990c0b	e3b0c44298fc1c149afbf4c8996fb92427ae41e4649b934ca495991b7852b855
examples/hello.slim	1456	0	1692	5a77d213edf9a165699655c004bd47c5e07c346a9056856c1922851dcc990c0b	e3b0c44298fc1c149afbf4c8996fb92427ae41e4649b934ca495991b7852b855
examples/hello.slim	1457	0	1692	5a77d213edf9a165699655c004bd47c5e07c346a9056856c1922851dcc990c0b	e3b0c44298fc1c149afbf4c8996fb92427ae41e4649b934ca495991b7852b855
examples/hello.slim	1458	0	1692	5a77d213edf9a165699655c004bd47c5e07c346a9056856c1922851dcc990c0b	e3b0c44298fc1c149afbf4c8996fb92427ae41e4649b934ca495991b7852b855
examples/hello.slim	1459	0	1692	5a77d213edf9a165699655c004bd47c5e07c346a9056856c1922851dcc990c0b	e3b0c44298fc1c149afbf4c8996fb92427ae41e4649b934ca495991b7852b855
examples/hello.slim	1460	0	1692	5a77d213edf9a165699655c004bd47c5e07c346a9056856c1922851dcc990c0b	e3b0c44298fc1c149afbf4c8996fb92427ae41e4649b934ca495991b7852b855
examples/hello.slim	1461	0	1692	5a77d213edf9a165699655c004bd47c5e07c346a9056856c1922851dcc990c0b	e3b0c44298fc1c149afbf4c8996fb92427ae41e4649b934ca495991b7852b855
examples/hello.slim	1462	0	1692	5a77d213edf9a165699655c004bd47c5e07c346a9056856c1922851dcc990c0b	e3b0c44298fc1c149afbf4c8996fb92427ae41e4649b934ca495991b7852b855
examples/hello.slim	1463	0	1692	5a77d213edf9a165699655c004bd47c5e07c346a9056856c1922851dcc990c0b	e3b0c44298fc1c149afbf4c8996fb92427ae41e4649b934ca495991b7852b855
examples/hello.slim	1464	0	1692	5a77d213edf9a165699655c004bd47c5e07c346a9056856c1922851dcc990c0b	e3b0c44298fc1c149afbf4c8996fb92427ae41e4649b934ca495991b7852b855
examples/hello.slim	1465	0	1692	5a77d213edf9a165699655c004bd47c5e07c346a9056856c1922851dcc990c0b	e3b0c44298fc1c149afbf4c8996fb92427ae41e4649b934ca495991b7852b855
examples/hello.slim	1466	0	1692	5a77d213edf9a165699655c004bd47c5e07c346a9056856c1922851dcc990c0b	e3b0c44298fc1c149afbf4c8996fb92427ae41e4649b934ca495991b7852b855
examples/hello.slim	1467	0	1692	5a77d213edf9a165699655c004bd47c5e07c346a9056856c1922851dcc990c0b	e3b0c44298fc1c149afbf4c8996fb92427ae41e4649b934ca495991b7852b855
examples/hello.slim	1468	0	1692	5a77d213edf9a165699655c004bd47c5e07c346a9056856c1922851dcc990c0b	e3b0c44298fc1c149afbf4c8996fb92427ae41e4649b934ca495991b7852b855
examples/hello.slim	1469	0	1692	5a77d213edf9a165699655c004bd47c5e07c346a9056856c1922851dcc990c0b	e3b0c44298fc1c149afbf4c8996fb92427ae41e4649b934ca495991b7852b855
examples/hello.slim	1470	0	1692	5a77d213edf9a165699655c004bd47c5e07c346a9056856c1922851dcc990c0b	e3b0c44298fc1c149afbf4c8996fb92427ae41e4649b934ca495991b7852b855
examples/hello.slim	1471	0	1692	5a77d213edf9a165699655c004bd47c5e07c346a9056856c1922851dcc990c0b	e3b0c44298fc1c149afbf4c8996fb92427ae41e4649b934ca495991b7852b855
examples/hello.slim	1472	0	1692	5a77d213edf9a165699655c004bd47c5e07c346a9056856c1922851dcc990c0b	e3b0c44298fc1c149afbf4c8996fb92427ae41e4649b934ca495991b7852b855
examples/hello.slim	1473	0	1692	5a77d213edf9a165699655c004bd47c5e07c346a9056856c1922851dcc990c0b	e3b0c44298fc1c149afbf4c8996fb92427ae41e4649b934ca495991b7852b855
examples/hello.slim	1474	0	1692	5a77d213edf9a165699655c004bd47c5e07c346a9056856c1922851dcc990c0b	e3b0c44298fc1c149afbf4c8996fb92427ae41e4649b934ca495991b7852b855
examples/hello.slim	1475	0	1692	5a77d213edf9a165699655c004bd47c5e07c346a9056856c1922851dcc990c0b	e3b0c44298fc1c149afbf4c8996fb92427ae41e4649b934ca495991b7852b855
examples/hello.slim	1476	0	1692	5a77d213edf9a165699655c004bd47c5e07c346a9056856c1922851dcc990c0b	e3b0c44298fc1c149afbf4c8996fb92427ae41e4649b934ca495991b7852b855
examples/hello.slim	1477	0	1692	5a77d213edf9a165699655c004bd47c5e07c346a9056856c1922851dcc990c0b	e3b0c44298fc1c149afbf4c8996fb92427ae41e4649b934ca495991b7852b855
examples/hello.slim	1478	0	1692	5a77d213edf9a165699655c004bd47c5e07c346a9056856c1922851dcc990c0b	e3b0c44298fc1c149afbf4c8996fb92427ae41e4649b934ca495991b7852b855
examples/hello.slim	1479	0	1692	5a77d213edf9a165699655c004bd47c5e07c346a9056856c1922851dcc990c0b	e3b0c44298fc1c149afbf4c8996fb92427ae41e4649b934ca495991b7852b855
examples/hello.slim	1480	0	1692	5a77d213edf9a165699655c004bd47c5e07c346a9056856c1922851dcc990c0b	e3b0c44298fc1c149afbf4c8996fb92427ae41e4649b934ca495991b7852b855
examples/hello.slim	1481	0	1692	5a77d213edf9a165699655c004bd47c5e07c346a9056856c1922851dcc990c0b	e3b0c44298fc1c149afbf4c8996fb92427ae41e4649b934ca495991b7852b855
examples/hello.slim	1482	0	1692	5a77d213edf9a165699655c004bd47c5e07c346a9056856c1922851dcc990c0b	e3b0c44298fc1c149afbf4c8996fb92427ae41e4649b934ca495991b7852b855
examples/hello.slim	1483	0	1692	5a77d213edf9a165699655c004bd47c5e07c346a9056856c1922851dcc990c0b	e3b0c44298fc1c149afbf4c8996fb92427ae41e4649b934ca495991b7852b855
examples/hello.slim	1484	0	1692	5a77d213edf9a165699655c004bd47c5e07c346a9056856c1922851dcc990c0b	e3b0c44298fc1c149afbf4c8996fb92427ae41e4649b934ca495991b7852b855
examples/hello.slim	1485	0	1692	5a77d213edf9a165699655c004bd47c5e07c346a9056856c1922851dcc990c0b	e3b0c44298fc1c149afbf4c8996fb92427ae41e4649b934ca495991b7852b855
examples/hello.slim	1486	0	1692	5a77d213edf9a165699655c004bd47c5e07c346a9056856c1922851dcc990c0b	e3b0c44298fc1c149afbf4c8996fb92427ae41e4649b934ca495991b7852b855
examples/hello.slim	1487	0	1692	5a77d213edf9a165699655c004bd47c5e07c346a9056856c1922851dcc990c0b	e3b0c44298fc1c149afbf4c8996fb92427ae41e4649b934ca495991b7852b855
examples/hello.slim	1488	0	1692	5a77d213edf9a165699655c004bd47c5e07c346a9056856c1922851dcc990c0b	e3b0c44298fc1c149afbf4c8996fb92427ae41e4649b934ca495991b7852b855
examples/hello.slim	1489	0	1692	5a77d213edf9a165699655c004bd47c5e07c346a9056856c1922851dcc990c0b	e3b0c44298fc1c149afbf4c8996fb92427ae41e4649b934ca495991b7852b855
examples/hello.slim	1490	0	1692	5a77d213edf9a165699655c004bd47c5e07c346a9056856c1922851dcc990c0b	e3b0c44298fc1c149afbf4c8996fb92427ae41e4649b934ca495991b7852b855
examples/hello.slim	1491	0	1692	5a77d213edf9a165699655c004bd47c5e07c346a9056856c1922851dcc990c0b	e3b0c44298fc1c149afbf4c8996fb92427ae41e4649b934ca495991b7852b855
examples/hello.slim	1492	0	1692	5a77d213edf9a165699655c004bd47c5e07c346a9056856c1922851dcc990c0b	e3b0c44298fc1c149afbf4c8996fb92427ae41e4649b934ca495991b7852b855
examples/hello.slim	1493	0	1692	5a77d213edf9a165699655c004bd47c5e07c346a9056856c1922851dcc990c0b	e3b0c44298fc1c149afbf4c8996fb92427ae41e4649b934ca495991b7852b855
examples/hello.slim	1494	0	1692	5a77d213edf9a165699655c004bd47c5e07c346a9056856c1922851dcc990c0b	e3b0c44298fc1c149afbf4c8996fb92427ae41e4649b934ca495991b7852b855
examples/hello.slim	1495	0	1692	5a77d213edf9a165699655c004bd47c5e07c346a9056856c1922851dcc990c0b	e3b0c44298fc1c149afbf4c8996fb92427ae41e4649b934ca495991b7852b855
examples/hello.slim	1496	0	1692	5a77d213edf9a165699655c004bd47c5e07c346a9056856c1922851dcc990c0b	e3b0c44298fc1c149afbf4c8996fb92427ae41e4649b934ca495991b7852b855
examples/hello.slim	1497	0	1692	5a77d213edf9a165699655c004bd47c5e07c346a9056856c1922851dcc990c0b	e3b0c44298fc1c149afbf4c8996fb92427ae41e4649b934ca495991b7852b855
examples/hello.slim	1498	0	1692	5a77d213edf9a165699655c004bd47c5e07c346a9056856c1922851dcc990c0b	e3b0c44298fc1c149afbf4c8996fb92427ae41e4649b934ca495991b7852b855
examples/hello.slim	1499	0	1692	5a77d213edf9a165699655c004bd47c5e07c346a9056856c1922851dcc990c0b	e3b0c44298fc1c149afbf4c8996fb92427ae41e4649b934ca495991b7852b855
examples/hello.slim	1500	0	1692	5a77d213edf9a165699655c004bd47c5e07c346a9056856c1922851dcc990c0b	e3b0c44298fc1c149afbf4c8996fb92427ae41e4649b934ca495991b7852b855
examples/hello.slim	1501	0	1692	5a77d213edf9a165699655c004bd47c5e07c346a9056856c1922851dcc990c0b	e3b0c44298fc1c149afbf4c8996fb92427ae41e4649b934ca495991b7852b855
examples/hello.slim	1502	0	1692	5a77d213edf9a165699655c004bd47c5e07c346a9056856c1922851dcc990c0b	e3b0c44298fc1c149afbf4c8996fb92427ae41e4649b934ca495991b7852b855
examples/hello.slim	1503	0	1692	5a77d213edf9a165699655c004bd47c5e07c346a9056856c1922851dcc990c0b	e3b0c44298fc1c149afbf4c8996fb92427ae41e4649b934ca495991b7852b855
examples/hello.slim	1504	0	1692	5a77d213edf9a165699655c004bd47c5e07c346a9056856c1922851dcc990c0b	e3b0c44298fc1c149afbf4c8996fb92427ae41e4649b934ca495991b7852b855
examples/hello.slim	1505	0	1692	5a77d213edf9a165699655c004bd47c5e07c346a9056856c1922851dcc990c0b	e3b0c44298fc1c149afbf4c8996fb92427ae41e4649b934ca495991b7852b855
examples/hello.slim	1506	0	1692	5a77d213edf9a165699655c004bd47c5e07c346a9056856c1922851dcc990c0b	e3b0c44298fc1c149afbf4c8996fb92427ae41e4649b934ca495991b7852b855
examples/hello.slim	1507	0	1692	5a77d213edf9a165699655c004bd47c5e07c346a9056856c1922851dcc990c0b	e3b0c44298fc1c149afbf4c8996fb92427ae41e4649b934ca495991b7852b855
examples/hello.slim	1508	0	1692	5a77d213edf9a165699655c004bd47c5e07c346a9056856c1922851dcc990c0b	e3b0c44298fc1c149afbf4c8996fb92427ae41e4649b934ca495991b7852b855
examples/hello.slim	1509	0	1692	5a77d213edf9a165699655c004bd47c5e07c346a9056856c1922851dcc990c0b	e3b0c44298fc1c149afbf4c8996fb92427ae41e4649b934ca495991b7852b855
examples/hello.slim	1510	0	1692	5a77d213edf9a165699655c004bd47c5e07c346a9056856c1922851dcc990c0b	e3b0c44298fc1c149afbf4c8996fb92427ae41e4649b934ca495991b7852b855
examples/hello.slim	1511	0	1692	5a77d213edf9a165699655c004bd47c5e07c346a9056856c1922851dcc990c0b	e3b0c44298fc1c149afbf4c8996fb92427ae41e4649b934ca495991b7852b855
examples/hello.slim	1512	0	1692	5a77d213edf9a165699655c004bd47c5e07c346a9056856c1922851dcc990c0b	e3b0c44298fc1c149afbf4c8996fb92427ae41e4649b934ca495991b7852b855
examples/hello.slim	1513	0	1692	5a77d213edf9a165699655c004bd47c5e07c346a9056856c1922851dcc990c0b	e3b0c44298fc1c149afbf4c8996fb92427ae41e4649b934ca495991b7852b855
examples/hello.slim	1514	0	1692	5a77d213edf9a165699655c004bd47c5e07c346a9056856c1922851dcc990c0b	e3b0c44298fc1c149afbf4c8996fb92427ae41e4649b934ca495991b7852b855
examples/hello.slim	1515	0	1692	5a77d213edf9a165699655c004bd47c5e07c346a9056856c1922851dcc990c0b	e3b0c44298fc1c149afbf4c8996fb92427ae41e4649b934ca495991b7852b855
examples/hello.slim	1516	0	1692	5a77d213edf9a165699655c004bd47c5e07c346a9056856c1922851dcc990c0b	e3b0c44298fc1c149afbf4c8996fb92427ae41e4649b934ca495991b7852b855
examples/hello.slim	1517	0	1692	5a77d213edf9a165699655c004bd47c5e07c346a9056856c1922851dcc990c0b	e3b0c44298fc1c149afbf4c8996fb92427ae41e4649b934ca495991b7852b855
examples/hello.slim	1518	0	1692	5a77d213edf9a165699655c004bd47c5e07c346a9056856c1922851dcc990c0b	e3b0c44298fc1c149afbf4c8996fb92427ae41e4649b934ca495991b7852b855
examples/hello.slim	1519	0	1692	5a77d213edf9a165699655c004bd47c5e07c346a9056856c1922851dcc990c0b	e3b0c44298fc1c149afbf4c8996fb92427ae41e4649b934ca495991b7852b855
examples/hello.slim	1520	0	1692	5a77d213edf9a165699655c004bd47c5e07c346a9056856c1922851dcc990c0b	e3b0c44298fc1c149afbf4c8996fb92427ae41e4649b934ca495991b7852b855
examples/hello.slim	1521	0	1692	5a77d213edf9a165699655c004bd47c5e07c346a9056856c1922851dcc990c0b	e3b0c44298fc1c149afbf4c8996fb92427ae41e4649b934ca495991b7852b855
examples/hello.slim	1522	0	1692	5a77d213edf9a165699655c004bd47c5e07c346a9056856c1922851dcc990c0b	e3b0c44298fc1c149afbf4c8996fb92427ae41e4649b934ca495991b7852b855
examples/hello.slim	1523	0	1692	5a77d213edf9a165699655c004bd47c5e07c346a9056856c1922851dcc990c0b	e3b0c44298fc1c149afbf4c8996fb92427ae41e4649b934ca495991b7852b855
examples/hello.slim	1524	0	1692	5a77d213edf9a165699655c004bd47c5e07c346a9056856c1922851dcc990c0b	e3b0c44298fc1c149afbf4c8996fb92427ae41e4649b934ca495991b7852b855
examples/hello.slim	1525	0	1692	5a77d213edf9a165699655c004bd47c5e07c346a9056856c1922851dcc990c0b	e3b0c44298fc1c149afbf4c8996fb92427ae41e4649b934ca495991b7852b855
examples/hello.slim	1526	0	1692	5a77d213edf9a165699655c004bd47c5e07c346a9056856c1922851dcc990c0b	e3b0c44298fc1c149afbf4c8996fb92427ae41e4649b934ca495991b7852b855
examples/hello.slim	1527	0	1692	5a77d213edf9a165699655c004bd47c5e07c346a9056856c1922851dcc990c0b	e3b0c44298fc1c149afbf4c8996fb92427ae41e4649b934ca495991b7852b855
examples/hello.slim	1528	0	1692	5a77d213edf9a165699655c004bd47c5e07c346a9056856c1922851dcc990c0b	e3b0c44298fc1c149afbf4c8996fb92427ae41e4649b934ca495991b7852b855
examples/hello.slim	1529	0	1692	5a77d213edf9a165699655c004bd47c5e07c346a9056856c1922851dcc990c0b	e3b0c44298fc1c149afbf4c8996fb92427ae41e4649b934ca495991b7852b855
examples/hello.slim	1530	0	1692	5a77d213edf9a165699655c004bd47c5e07c346a9056856c1922851dcc990c0b	e3b0c44298fc1c149afbf4c8996fb92427ae41e4649b934ca495991b7852b855
examples/hello.slim	1531	0	1692	5a77d213edf9a165699655c004bd47c5e07c346a9056856c1922851dcc990c0b	e3b0c44298fc1c149afbf4c8996fb92427ae41e4649b934ca495991b7852b855
examples/hello.slim	1532	0	1692	5a77d213edf9a165699655c004bd47c5e07c346a9056856c1922851dcc990c0b	e3b0c44298fc1c149afbf4c8996fb92427ae41e4649b934ca495991b7852b855
examples/hello.slim	1533	0	1692	5a77d213edf9a165699655c004bd47c5e07c346a9056856c1922851dcc990c0b	e3b0c44298fc1c149afbf4c8996fb92427ae41e4649b934ca495991b7852b855
examples/hello.slim	1534	0	1692	5a77d213edf9a165699655c004bd47c5e07c346a9056856c1922851dcc990c0b	e3b0c44298fc1c149afbf4c8996fb92427ae41e4649b934ca495991b7852b855
examples/hello.slim	1535	0	1692	5a77d213edf9a165699655c004bd47c5e07c346a9056856c1922851dcc990c0b	e3b0c44298fc1c149afbf4c8996fb92427ae41e4649b934ca495991b7852b855
examples/hello.slim	1536	0	1692	5a77d213edf9a165699655c004bd47c5e07c346a9056856c1922851dcc990c0b	e3b0c44298fc1c149afbf4c8996fb92427ae41e4649b934ca495991b7852b855
examples/hello.slim	1537	0	1692	5a77d213edf9a165699655c004bd47c5e07c346a9056856c1922851dcc990c0b	e3b0c44298fc1c149afbf4c8996fb92427ae41e4649b934ca495991b7852b855
examples/hello.slim	1538	0	1692	5a77d213edf9a165699655c004bd47c5e07c346a9056856c1922851dcc990c0b	e3b0c44298fc1c149afbf4c8996fb92427ae41e4649b934ca495991b7852b855
examples/hello.slim	1539	0	1692	5a77d213edf9a165699655c004bd47c5e07c346a9056856c1922851dcc990c0b	e3b0c44298fc1c149afbf4c8996fb92427ae41e4649b934ca495991b7852b855
examples/hello.slim	1540	0	1692	5a77d213edf9a165699655c004bd47c5e07c346a9056856c1922851dcc990c0b	e3b0c44298fc1c149afbf4c8996fb92427ae41e4649b934ca495991b7852b855
examples/hello.slim	1541	0	1692	5a77d213edf9a165699655c004bd47c5e07c346a9056856c1922851dcc990c0b	e3b0c44298fc1c149afbf4c8996fb92427ae41e4649b934ca495991b7852b855
examples/hello.slim	1542	0	1692	5a77d213edf9a165699655c004bd47c5e07c346a9056856c1922851dcc990c0b	e3b0c44298fc1c149afbf4c8996fb92427ae41e4649b934ca495991b7852b855
examples/hello.slim	1543	0	1692	5a77d213edf9a165699655c004bd47c5e07c346a9056856c1922851dcc990c0b	e3b0c44298fc1c149afbf4c8996fb92427ae41e4649b934ca495991b7852b855
examples/hello.slim	1544	0	1692	5a77d213edf9a165699655c004bd47c5e07c346a9056856c1922851dcc990c0b	e3b0c44298fc1c149afbf4c8996fb92427ae41e4649b934ca495991b7852b855
examples/hello.slim	1545	0	1692	5a77d213edf9a165699655c004bd47c5e07c346a9056856c1922851dcc990c0b	e3b0c44298fc1c149afbf4c8996fb92427ae41e4649b934ca495991b7852b855
examples/hello.slim	1546	0	1692	5a77d213edf9a165699655c004bd47c5e07c346a9056856c1922851dcc990c0b	e3b0c44298fc1c149afbf4c8996fb92427ae41e4649b934ca495991b7852b855
examples/hello.slim	1547	0	1692	5a77d213edf9a165699655c004bd47c5e07c346a9056856c1922851dcc990c0b	e3b0c44298fc1c149afbf4c8996fb92427ae41e4649b934ca495991b7852b855
examples/hello.slim	1548	0	1692	5a77d213edf9a165699655c004bd47c5e07c346a9056856c1922851dcc990c0b	e3b0c44298fc1c149afbf4c8996fb92427ae41e4649b934ca495991b7852b855
examples/hello.slim	1549	0	1692	5a77d213edf9a165699655c004bd47c5e07c346a9056856c1922851dcc990c0b	e3b0c44298fc1c149afbf4c8996fb92427ae41e4649b934ca495991b7852b855
examples/hello.slim	1550	0	1692	5a77d213edf9a165699655c004bd47c5e07c346a9056856c1922851dcc990c0b	e3b0c44298fc1c149afbf4c8996fb92427ae41e4649b934ca495991b7852b855
examples/hello.slim	1551	0	1692	5a77d213edf9a165699655c004bd47c5e07c346a9056856c1922851dcc990c0b	e3b0c44298fc1c149afbf4c8996fb92427ae41e4649b934ca495991b7852b855
examples/hello.slim	1552	0	1692	5a77d213edf9a165699655c004bd47c5e07c346a9056856c1922851dcc990c0b	e3b0c44298fc1c149afbf4c8996fb92427ae41e4649b934ca495991b7852b855
examples/hello.slim	1553	0	1692	5a77d213edf9a165699655c004bd47c5e07c346a9056856c1922851dcc990c0b	e3b0c44298fc1c149afbf4c8996fb92427ae41e4649b934ca495991b7852b855
examples/hello.slim	1554	0	1692	5a77d213edf9a165699655c004bd47c5e07c346a9056856c1922851dcc990c0b	e3b0c44298fc1c149afbf4c8996fb92427ae41e4649b934ca495991b7852b855
examples/hello.slim	1555	0	1692	5a77d213edf9a165699655c004bd47c5e07c346a9056856c1922851dcc990c0b	e3b0c44298fc1c149afbf4c8996fb92427ae41e4649b934ca495991b7852b855
examples/hello.slim	1556	0	1692	5a77d213edf9a165699655c004bd47c5e07c346a9056856c1922851dcc990c0b	e3b0c44298fc1c149afbf4c8996fb92427ae41e4649b934ca495991b7852b855
examples/hello.slim	1557	0	1692	5a77d213edf9a165699655c004bd47c5e07c346a9056856c1922851dcc990c0b	e3b0c44298fc1c149afbf4c8996fb92427ae41e4649b934ca495991b7852b855
examples/hello.slim	1558	0	1692	5a77d213edf9a165699655c004bd47c5e07c346a9056856c1922851dcc990c0b	e3b0c44298fc1c149afbf4c8996fb92427ae41e4649b934ca495991b7852b855
examples/hello.slim	1559	0	1692	5a77d213edf9a165699655c004bd47c5e07c346a9056856c1922851dcc990c0b	e3b0c44298fc1c149afbf4c8996fb92427ae41e4649b934ca495991b7852b855
examples/hello.slim	1560	0	1692	5a77d213edf9a165699655c004bd47c5e07c346a9056856c1922851dcc990c0b	e3b0c44298fc1c149afbf4c8996fb92427ae41e4649b934ca495991b7852b855
examples/hello.slim	1561	0	1692	5a77d213edf9a165699655c004bd47c5e07c346a9056856c1922851dcc990c0b	e3b0c44298fc1c149afbf4c8996fb92427ae41e4649b934ca495991b7852b855
examples/hello.slim	1562	0	1692	5a77d213edf9a165699655c004bd47c5e07c346a9056856c1922851dcc990c0b	e3b0c44298fc1c149afbf4c8996fb92427ae41e4649b934ca495991b7852b855
examples/hello.slim	1563	0	1692	5a77d213edf9a165699655c004bd47c5e07c346a9056856c1922851dcc990c0b	e3b0c44298fc1c149afbf4c8996fb92427ae41e4649b934ca495991b7852b855
examples/hello.slim	1564	0	1692	5a77d213edf9a165699655c004bd47c5e07c346a9056856c1922851dcc990c0b	e3b0c44298fc1c149afbf4c8996fb92427ae41e4649b934ca495991b7852b855
examples/hello.slim	1565	0	1692	5a77d213edf9a165699655c004bd47c5e07c346a9056856c1922851dcc990c0b	e3b0c44298fc1c149afbf4c8996fb92427ae41e4649b934ca495991b7852b855
examples/hello.slim	1566	0	1692	5a77d213edf9a165699655c004bd47c5e07c346a9056856c1922851dcc990c0b	e3b0c44298fc1c149afbf4c8996fb92427ae41e4649b934ca495991b7852b855
examples/hello.slim	1567	0	1692	5a77d213edf9a165699655c004bd47c5e07c346a9056856c1922851dcc990c0b	e3b0c44298fc1c149afbf4c8996fb92427ae41e4649b934ca495991b7852b855
examples/hello.slim	1568	0	1692	5a77d213edf9a165699655c004bd47c5e07c346a9056856c1922851dcc990c0b	e3b0c44298fc1c149afbf4c8996fb92427ae41e4649b934ca495991b7852b855
examples/hello.slim	1569	0	1692	5a77d213edf9a165699655c004bd47c5e07c346a9056856c1922851dcc990c0b	e3b0c44298fc1c149afbf4c8996fb92427ae41e4649b934ca495991b7852b855
examples/hello.slim	1570	0	1692	5a77d213edf9a165699655c004bd47c5e07c346a9056856c1922851dcc990c0b	e3b0c44298fc1c149afbf4c8996fb92427ae41e4649b934ca495991b7852b855
examples/hello.slim	1571	0	1692	5a77d213edf9a165699655c004bd47c5e07c346a9056856c1922851dcc990c0b	e3b0c44298fc1c149afbf4c8996fb92427ae41e4649b934ca495991b7852b855
examples/hello.slim	1572	0	1692	5a77d213edf9a165699655c004bd47c5e07c346a9056856c1922851dcc990c0b	e3b0c44298fc1c149afbf4c8996fb92427ae41e4649b934ca495991b7852b855
examples/hello.slim	1573	0	1692	5a77d213edf9a165699655c004bd47c5e07c346a9056856c1922851dcc990c0b	e3b0c44298fc1c149afbf4c8996fb92427ae41e4649b934ca495991b7852b855
examples/hello.slim	1574	0	1692	5a77d213edf9a165699655c004bd47c5e07c346a9056856c1922851dcc990c0b	e3b0c44298fc1c149afbf4c8996fb92427ae41e4649b934ca495991b7852b855
examples/hello.slim	1575	0	1692	5a77d213edf9a165699655c004bd47c5e07c346a9056856c1922851dcc990c0b	e3b0c44298fc1c149afbf4c8996fb92427ae41e4649b934ca495991b7852b855
examples/hello.slim	1576	0	1692	5a77d213edf9a165699655c004bd47c5e07c346a9056856c1922851dcc990c0b	e3b0c44298fc1c149afbf4c8996fb92427ae41e4649b934ca495991b7852b855
examples/hello.slim	1577	0	1692	5a77d213edf9a165699655c004bd47c5e07c346a9056856c1922851dcc990c0b	e3b0c44298fc1c149afbf4c8996fb92427ae41e4649b934ca495991b7852b855
examples/hello.slim	1578	0	1692	5a77d213edf9a165699655c004bd47c5e07c346a9056856c1922851dcc990c0b	e3b0c44298fc1c149afbf4c8996fb92427ae41e4649b934ca495991b7852b855
examples/hello.slim	1579	0	1692	5a77d213edf9a165699655c004bd47c5e07c346a9056856c1922851dcc990c0b	e3b0c44298fc1c149afbf4c8996fb92427ae41e4649b934ca495991b7852b855
examples/hello.slim	1580	0	1692	5a77d213edf9a165699655c004bd47c5e07c346a9056856c1922851dcc990c0b	e3b0c44298fc1c149afbf4c8996fb92427ae41e4649b934ca495991b7852b855
examples/hello.slim	1581	0	1692	5a77d213edf9a165699655c004bd47c5e07c346a9056856c1922851dcc990c0b	e3b0c44298fc1c149afbf4c8996fb92427ae41e4649b934ca495991b7852b855
examples/hello.slim	1582	0	1692	5a77d213edf9a165699655c004bd47c5e07c346a9056856c1922851dcc990c0b	e3b0c44298fc1c149afbf4c8996fb92427ae41e4649b934ca495991b7852b855
examples/hello.slim	1583	0	1692	5a77d213edf9a165699655c004bd47c5e07c346a9056856c1922851dcc990c0b	e3b0c44298fc1c149afbf4c8996fb92427ae41e4649b934ca495991b7852b855
examples/hello.slim	1584	0	1692	5a77d213edf9a165699655c004bd47c5e07c346a9056856c1922851dcc990c0b	e3b0c44298fc1c149afbf4c8996fb92427ae41e4649b934ca495991b7852b855
examples/hello.slim	1585	0	1692	5a77d213edf9a165699655c004bd47c5e07c346a9056856c1922851dcc990c0b	e3b0c44298fc1c149afbf4c8996fb92427ae41e4649b934ca495991b7852b855
examples/hello.slim	1586	0	1692	5a77d213edf9a165699655c004bd47c5e07c346a9056856c1922851dcc990c0b	e3b0c44298fc1c149afbf4c8996fb92427ae41e4649b934ca495991b7852b855
examples/hello.slim	1587	0	1692	5a77d213edf9a165699655c004bd47c5e07c346a9056856c1922851dcc990c0b	e3b0c44298fc1c149afbf4c8996fb92427ae41e4649b934ca495991b7852b855
examples/hello.slim	1588	0	1692	5a77d213edf9a165699655c004bd47c5e07c346a9056856c1922851dcc990c0b	e3b0c44298fc1c149afbf4c8996fb92427ae41e4649b934ca495991b7852b855
examples/hello.slim	1589	0	1692	5a77d213edf9a165699655c004bd47c5e07c346a9056856c1922851dcc990c0b	e3b0c44298fc1c149afbf4c8996fb92427ae41e4649b934ca495991b7852b855
examples/hello.slim	1590	0	1692	5a77d213edf9a165699655c004bd47c5e07c346a9056856c1922851dcc990c0b	e3b0c44298fc1c149afbf4c8996fb92427ae41e4649b934ca495991b7852b855
examples/hello.slim	1591	0	1692	5a77d213edf9a165699655c004bd47c5e07c346a9056856c1922851dcc990c0b	e3b0c44298fc1c149afbf4c8996fb92427ae41e4649b934ca495991b7852b855
examples/hello.slim	1592	0	1692	5a77d213edf9a165699655c004bd47c5e07c346a9056856c1922851dcc990c0b	e3b0c44298fc1c149afbf4c8996fb92427ae41e4649b934ca495991b7852b855
examples/hello.slim	1593	0	1692	5a77d213edf9a165699655c004bd47c5e07c346a9056856c1922851dcc990c0b	e3b0c44298fc1c149afbf4c8996fb92427ae41e4649b934ca495991b7852b855
examples/hello.slim	1594	0	1692	5a77d213edf9a165699655c004bd47c5e07c346a9056856c1922851dcc990c0b	e3b0c44298fc1c149afbf4c8996fb92427ae41e4649b934ca495991b7852b855
examples/hello.slim	1595	0	1692	5a77d213edf9a165699655c004bd47c5e07c346a9056856c1922851dcc990c0b	e3b0c44298fc1c149afbf4c8996fb92427ae41e4649b934ca495991b7852b855
examples/hello.slim	1596	0	1692	5a77d213edf9a165699655c004bd47c5e07c346a9056856c1922851dcc990c0b	e3b0c44298fc1c149afbf4c8996fb92427ae41e4649b934ca495991b7852b855
examples/hello.slim	1597	0	1692	5a77d213edf9a165699655c004bd47c5e07c346a9056856c1922851dcc990c0b	e3b0c44298fc1c149afbf4c8996fb92427ae41e4649b934ca495991b7852b855
examples/hello.slim	1598	0	1692	5a77d213edf9a165699655c004bd47c5e07c346a9056856c1922851dcc990c0b	e3b0c44298fc1c149afbf4c8996fb92427ae41e4649b934ca495991b7852b855
examples/hello.slim	1599	0	1692	5a77d213edf9a165699655c004bd47c5e07c346a9056856c1922851dcc990c0b	e3b0c44298fc1c149afbf4c8996fb92427ae41e4649b934ca495991b7852b855
examples/hello.slim	1600	0	1692	5a77d213edf9a165699655c004bd47c5e07c346a9056856c1922851dcc990c0b	e3b0c44298fc1c149afbf4c8996fb92427ae41e4649b934ca495991b7852b855
examples/hello.slim	1601	0	1692	5a77d213edf9a165699655c004bd47c5e07c346a9056856c1922851dcc990c0b	e3b0c44298fc1c149afbf4c8996fb92427ae41e4649b934ca495991b7852b855
examples/hello.slim	1602	0	1692	5a77d213edf9a165699655c004bd47c5e07c346a9056856c1922851dcc990c0b	e3b0c44298fc1c149afbf4c8996fb92427ae41e4649b934ca495991b7852b855
examples/hello.slim	1603	0	1692	5a77d213edf9a165699655c004bd47c5e07c346a9056856c1922851dcc990c0b	e3b0c44298fc1c149afbf4c8996fb92427ae41e4649b934ca495991b7852b855
examples/hello.slim	1604	0	1692	5a77d213edf9a165699655c004bd47c5e07c346a9056856c1922851dcc990c0b	e3b0c44298fc1c149afbf4c8996fb92427ae41e4649b934ca495991b7852b855
examples/hello.slim	1605	0	1692	5a77d213edf9a165699655c004bd47c5e07c346a9056856c1922851dcc990c0b	e3b0c44298fc1c149afbf4c8996fb92427ae41e4649b934ca495991b7852b855
examples/hello.slim	1606	0	1692	5a77d213edf9a165699655c004bd47c5e07c346a9056856c1922851dcc990c0b	e3b0c44298fc1c149afbf4c8996fb92427ae41e4649b934ca495991b7852b855
examples/hello.slim	1607	0	1692	5a77d213edf9a165699655c004bd47c5e07c346a9056856c1922851dcc990c0b	e3b0c44298fc1c149afbf4c8996fb92427ae41e4649b934ca495991b7852b855
examples/hello.slim	1608	0	1692	5a77d213edf9a165699655c004bd47c5e07c346a9056856c1922851dcc990c0b	e3b0c44298fc1c149afbf4c8996fb92427ae41e4649b934ca495991b7852b855
examples/hello.slim	1609	0	1692	5a77d213edf9a165699655c004bd47c5e07c346a9056856c1922851dcc990c0b	e3b0c44298fc1c149afbf4c8996fb92427ae41e4649b934ca495991b7852b855
examples/hello.slim	1610	0	1692	5a77d213edf9a165699655c004bd47c5e07c346a9056856c1922851dcc990c0b	e3b0c44298fc1c149afbf4c8996fb92427ae41e4649b934ca495991b7852b855
examples/hello.slim	1611	0	1692	5a77d213edf9a165699655c004bd47c5e07c346a9056856c1922851dcc990c0b	e3b0c44298fc1c149afbf4c8996fb92427ae41e4649b934ca495991b7852b855
examples/hello.slim	1612	0	1692	5a77d213edf9a165699655c004bd47c5e07c346a9056856c1922851dcc990c0b	e3b0c44298fc1c149afbf4c8996fb92427ae41e4649b934ca495991b7852b855
examples/hello.slim	1613	0	1692	5a77d213edf9a165699655c004bd47c5e07c346a9056856c1922851dcc990c0b	e3b0c44298fc1c149afbf4c8996fb92427ae41e4649b934ca495991b7852b855
examples/hello.slim	1614	0	1692	5a77d213edf9a165699655c004bd47c5e07c346a9056856c1922851dcc990c0b	e3b0c44298fc1c149afbf4c8996fb92427ae41e4649b934ca495991b7852b855
examples/hello.slim	1615	0	1692	5a77d213edf9a165699655c004bd47c5e07c346a9056856c1922851dcc990c0b	e3b0c44298fc1c149afbf4c8996fb92427ae41e4649b934ca495991b7852b855
examples/hello.slim	1616	0	1692	5a77d213edf9a165699655c004bd47c5e07c346a9056856c1922851dcc990c0b	e3b0c44298fc1c149afbf4c8996fb92427ae41e4649b934ca495991b7852b855
examples/hello.slim	1617	0	1692	5a77d213edf9a165699655c004bd47c5e07c346a9056856c1922851dcc990c0b	e3b0c44298fc1c149afbf4c8996fb92427ae41e4649b934ca495991b7852b855
examples/hello.slim	1618	0	1692	5a77d213edf9a165699655c004bd47c5e07c346a9056856c1922851dcc990c0b	e3b0c44298fc1c149afbf4c8996fb92427ae41e4649b934ca495991b7852b855
examples/hello.slim	1619	0	1692	5a77d213edf9a165699655c004bd47c5e07c346a9056856c1922851dcc990c0b	e3b0c44298fc1c149afbf4c8996fb92427ae41e4649b934ca495991b7852b855
examples/hello.slim	1620	0	1692	5a77d213edf9a165699655c004bd47c5e07c346a9056856c1922851dcc990c0b	e3b0c44298fc1c149afbf4c8996fb92427ae41e4649b934ca495991b7852b855
examples/hello.slim	1621	0	1692	5a77d213edf9a165699655c004bd47c5e07c346a9056856c1922851dcc990c0b	e3b0c44298fc1c149afbf4c8996fb92427ae41e4649b934ca495991b7852b855
examples/hello.slim	1622	0	1692	5a77d213edf9a165699655c004bd47c5e07c346a9056856c1922851dcc990c0b	e3b0c44298fc1c149afbf4c8996fb92427ae41e4649b934ca495991b7852b855
examples/hello.slim	1623	0	1692	5a77d213edf9a165699655c004bd47c5e07c346a9056856c1922851dcc990c0b	e3b0c44298fc1c149afbf4c8996fb92427ae41e4649b934ca495991b7852b855
examples/hello.slim	1624	0	1692	5a77d213edf9a165699655c004bd47c5e07c346a9056856c1922851dcc990c0b	e3b0c44298fc1c149afbf4c8996fb92427ae41e4649b934ca495991b7852b855
examples/hello.slim	1625	0	1692	5a77d213edf9a165699655c004bd47c5e07c346a9056856c1922851dcc990c0b	e3b0c44298fc1c149afbf4c8996fb92427ae41e4649b934ca495991b7852b855
examples/hello.slim	1626	0	1692	5a77d213edf9a165699655c004bd47c5e07c346a9056856c1922851dcc990c0b	e3b0c44298fc1c149afbf4c8996fb92427ae41e4649b934ca495991b7852b855
examples/hello.slim	1627	0	1692	5a77d213edf9a165699655c004bd47c5e07c346a9056856c1922851dcc990c0b	e3b0c44298fc1c149afbf4c8996fb92427ae41e4649b934ca495991b7852b855
examples/hello.slim	1628	0	1692	5a77d213edf9a165699655c004bd47c5e07c346a9056856c1922851dcc990c0b	e3b0c44298fc1c149afbf4c8996fb92427ae41e4649b934ca495991b7852b855
examples/hello.slim	1629	0	1692	5a77d213edf9a165699655c004bd47c5e07c346a9056856c1922851dcc990c0b	e3b0c44298fc1c149afbf4c8996fb92427ae41e4649b934ca495991b7852b855
examples/hello.slim	1630	0	1692	5a77d213edf9a165699655c004bd47c5e07c346a9056856c1922851dcc990c0b	e3b0c44298fc1c149afbf4c8996fb92427ae41e4649b934ca495991b7852b855
examples/hello.slim	1631	0	1692	5a77d213edf9a165699655c004bd47c5e07c346a9056856c1922851dcc990c0b	e3b0c44298fc1c149afbf4c8996fb92427ae41e4649b934ca495991b7852b855
examples/hello.slim	1632	0	1692	5a77d213edf9a165699655c004bd47c5e07c346a9056856c1922851dcc990c0b	e3b0c44298fc1c149afbf4c8996fb92427ae41e4649b934ca495991b7852b855
examples/hello.slim	1633	0	1692	5a77d213edf9a165699655c004bd47c5e07c346a9056856c1922851dcc990c0b	e3b0c44298fc1c149afbf4c8996fb92427ae41e4649b934ca495991b7852b855
examples/hello.slim	1634	0	1692	5a77d213edf9a165699655c004bd47c5e07c346a9056856c1922851dcc990c0b	e3b0c44298fc1c149afbf4c8996fb92427ae41e4649b934ca495991b7852b855
examples/hello.slim	1635	0	1692	5a77d213edf9a165699655c004bd47c5e07c346a9056856c1922851dcc990c0b	e3b0c44298fc1c149afbf4c8996fb92427ae41e4649b934ca495991b7852b855
examples/hello.slim	1636	0	1692	5a77d213edf9a165699655c004bd47c5e07c346a9056856c1922851dcc990c0b	e3b0c44298fc1c149afbf4c8996fb92427ae41e4649b934ca495991b7852b855
examples/hello.slim	1637	0	1692	5a77d213edf9a165699655c004bd47c5e07c346a9056856c1922851dcc990c0b	e3b0c44298fc1c149afbf4c8996fb92427ae41e4649b934ca495991b7852b855
examples/hello.slim	1638	0	1692	5a77d213edf9a165699655c004bd47c5e07c346a9056856c1922851dcc990c0b	e3b0c44298fc1c149afbf4c8996fb92427ae41e4649b934ca495991b7852b855
examples/hello.slim	1639	0	1692	5a77d213edf9a165699655c004bd47c5e07c346a9056856c1922851dcc990c0b	e3b0c44298fc1c149afbf4c8996fb92427ae41e4649b934ca495991b7852b855
examples/hello.slim	1640	0	1692	5a77d213edf9a165699655c004bd47c5e07c346a9056856c1922851dcc990c0b	e3b0c44298fc1c149afbf4c8996fb92427ae41e4649b934ca495991b7852b855
examples/hello.slim	1641	0	1692	5a77d213edf9a165699655c004bd47c5e07c346a9056856c1922851dcc990c0b	e3b0c44298fc1c149afbf4c8996fb92427ae41e4649b934ca495991b7852b855
examples/hello.slim	1642	0	1692	5a77d213edf9a165699655c004bd47c5e07c346a9056856c1922851dcc990c0b	e3b0c44298fc1c149afbf4c8996fb92427ae41e4649b934ca495991b7852b855
examples/hello.slim	1643	0	1692	5a77d213edf9a165699655c004bd47c5e07c346a9056856c1922851dcc990c0b	e3b0c44298fc1c149afbf4c8996fb92427ae41e4649b934ca495991b7852b855
examples/hello.slim	1644	0	1692	5a77d213edf9a165699655c004bd47c5e07c346a9056856c1922851dcc990c0b	e3b0c44298fc1c149afbf4c8996fb92427ae41e4649b934ca495991b7852b855
examples/hello.slim	1645	0	1692	5a77d213edf9a165699655c004bd47c5e07c346a9056856c1922851dcc990c0b	e3b0c44298fc1c149afbf4c8996fb92427ae41e4649b934ca495991b7852b855
examples/hello.slim	1646	0	1692	5a77d213edf9a165699655c004bd47c5e07c346a9056856c1922851dcc990c0b	e3b0c44298fc1c149afbf4c8996fb92427ae41e4649b934ca495991b7852b855
examples/hello.slim	1647	0	1692	5a77d213edf9a165699655c004bd47c5e07c346a9056856c1922851dcc990c0b	e3b0c44298fc1c149afbf4c8996fb92427ae41e4649b934ca495991b7852b855
examples/hello.slim	1648	0	1692	5a77d213edf9a165699655c004bd47c5e07c346a9056856c1922851dcc990c0b	e3b0c44298fc1c149afbf4c8996fb92427ae41e4649b934ca495991b7852b855
examples/hello.slim	1649	0	1692	5a77d213edf9a165699655c004bd47c5e07c346a9056856c1922851dcc990c0b	e3b0c44298fc1c149afbf4c8996fb92427ae41e4649b934ca495991b7852b855
examples/hello.slim	1650	0	1692	5a77d213edf9a165699655c004bd47c5e07c346a9056856c1922851dcc990c0b	e3b0c44298fc1c149afbf4c8996fb92427ae41e4649b934ca495991b7852b855
examples/hello.slim	1651	0	1692	5a77d213edf9a165699655c004bd47c5e07c346a9056856c1922851dcc990c0b	e3b0c44298fc1c149afbf4c8996fb92427ae41e4649b934ca495991b7852b855
examples/hello.slim	1652	0	1692	5a77d213edf9a165699655c004bd47c5e07c346a9056856c1922851dcc990c0b	e3b0c44298fc1c149afbf4c8996fb92427ae41e4649b934ca495991b7852b855
examples/hello.slim	1653	0	1692	5a77d213edf9a165699655c004bd47c5e07c346a9056856c1922851dcc990c0b	e3b0c44298fc1c149afbf4c8996fb92427ae41e4649b934ca495991b7852b855
examples/hello.slim	1654	0	1692	5a77d213edf9a165699655c004bd47c5e07c346a9056856c1922851dcc990c0b	e3b0c44298fc1c149afbf4c8996fb92427ae41e4649b934ca495991b7852b855
examples/hello.slim	1655	0	1692	5a77d213edf9a165699655c004bd47c5e07c346a9056856c1922851dcc990c0b	e3b0c44298fc1c149afbf4c8996fb92427ae41e4649b934ca495991b7852b855
examples/hello.slim	1656	0	1692	5a77d213edf9a165699655c004bd47c5e07c346a9056856c1922851dcc990c0b	e3b0c44298fc1c149afbf4c8996fb92427ae41e4649b934ca495991b7852b855
examples/hello.slim	1657	0	1692	5a77d213edf9a165699655c004bd47c5e07c346a9056856c1922851dcc990c0b	e3b0c44298fc1c149afbf4c8996fb92427ae41e4649b934ca495991b7852b855
examples/hello.slim	1658	0	1692	5a77d213edf9a165699655c004bd47c5e07c346a9056856c1922851dcc990c0b	e3b0c44298fc1c149afbf4c8996fb92427ae41e4649b934ca495991b7852b855
examples/hello.slim	1659	0	1692	5a77d213edf9a165699655c004bd47c5e07c346a9056856c1922851dcc990c0b	e3b0c44298fc1c149afbf4c8996fb92427ae41e4649b934ca495991b7852b855
examples/hello.slim	1660	0	1692	5a77d213edf9a165699655c004bd47c5e07c346a9056856c1922851dcc990c0b	e3b0c44298fc1c149afbf4c8996fb92427ae41e4649b934ca495991b7852b855
examples/hello.slim	1661	0	1692	5a77d213edf9a165699655c004bd47c5e07c346a9056856c1922851dcc990c0b	e3b0c44298fc1c149afbf4c8996fb92427ae41e4649b934ca495991b7852b855
examples/hello.slim	1662	0	1692	5a77d213edf9a165699655c004bd47c5e07c346a9056856c1922851dcc990c0b	e3b0c44298fc1c149afbf4c8996fb92427ae41e4649b934ca495991b7852b855
examples/hello.slim	1663	0	1692	5a77d213edf9a165699655c004bd47c5e07c346a9056856c1922851dcc990c0b	e3b0c44298fc1c149afbf4c8996fb92427ae41e4649b934ca495991b7852b855
examples/hello.slim	1664	0	1692	5a77d213edf9a165699655c004bd47c5e07c346a9056856c1922851dcc990c0b	e3b0c44298fc1c149afbf4c8996fb92427ae41e4649b934ca495991b7852b855
examples/hello.slim	1665	0	1692	5a77d213edf9a165699655c004bd47c5e07c346a9056856c1922851dcc990c0b	e3b0c44298fc1c149afbf4c8996fb92427ae41e4649b934ca495991b7852b855
examples/hello.slim	1666	0	1692	5a77d213edf9a165699655c004bd47c5e07c346a9056856c1922851dcc990c0b	e3b0c44298fc1c149afbf4c8996fb92427ae41e4649b934ca495991b7852b855
examples/hello.slim	1667	0	1692	5a77d213edf9a165699655c004bd47c5e07c346a9056856c1922851dcc990c0b	e3b0c44298fc1c149afbf4c8996fb92427ae41e4649b934ca495991b7852b855
examples/hello.slim	1668	0	1692	5a77d213edf9a165699655c004bd47c5e07c346a9056856c1922851dcc990c0b	e3b0c44298fc1c149afbf4c8996fb92427ae41e4649b934ca495991b7852b855
examples/hello.slim	1669	0	1692	5a77d213edf9a165699655c004bd47c5e07c346a9056856c1922851dcc990c0b	e3b0c44298fc1c149afbf4c8996fb92427ae41e4649b934ca495991b7852b855
examples/hello.slim	1670	0	1692	5a77d213edf9a165699655c004bd47c5e07c346a9056856c1922851dcc990c0b	e3b0c44298fc1c149afbf4c8996fb92427ae41e4649b934ca495991b7852b855
examples/hello.slim	1671	0	1692	5a77d213edf9a165699655c004bd47c5e07c346a9056856c1922851dcc990c0b	e3b0c44298fc1c149afbf4c8996fb92427ae41e4649b934ca495991b7852b855
examples/hello.slim	1672	0	1692	5a77d213edf9a165699655c004bd47c5e07c346a9056856c1922851dcc990c0b	e3b0c44298fc1c149afbf4c8996fb92427ae41e4649b934ca495991b7852b855
examples/hello.slim	1673	0	1692	5a77d213edf9a165699655c004bd47c5e07c346a9056856c1922851dcc990c0b	e3b0c44298fc1c149afbf4c8996fb92427ae41e4649b934ca495991b7852b855
examples/hello.slim	1674	0	1692	5a77d213edf9a165699655c004bd47c5e07c346a9056856c1922851dcc990c0b	e3b0c44298fc1c149afbf4c8996fb92427ae41e4649b934ca495991b7852b855
examples/hello.slim	1675	0	1692	5a77d213edf9a165699655c004bd47c5e07c346a9056856c1922851dcc990c0b	e3b0c44298fc1c149afbf4c8996fb92427ae41e4649b934ca495991b7852b855
examples/hello.slim	1676	0	1692	5a77d213edf9a165699655c004bd47c5e07c346a9056856c1922851dcc990c0b	e3b0c44298fc1c149afbf4c8996fb92427ae41e4649b934ca495991b7852b855
examples/hello.slim	1677	0	1692	5a77d213edf9a165699655c004bd47c5e07c346a9056856c1922851dcc990c0b	e3b0c44298fc1c149afbf4c8996fb92427ae41e4649b934ca495991b7852b855
examples/hello.slim	1678	0	1692	5a77d213edf9a165699655c004bd47c5e07c346a9056856c1922851dcc990c0b	e3b0c44298fc1c149afbf4c8996fb92427ae41e4649b934ca495991b7852b855
examples/hello.slim	1679	0	1692	5a77d213edf9a165699655c004bd47c5e07c346a9056856c1922851dcc990c0b	e3b0c44298fc1c149afbf4c8996fb92427ae41e4649b934ca495991b7852b855
examples/hello.slim	1680	0	1692	5a77d213edf9a165699655c004bd47c5e07c346a9056856c1922851dcc990c0b	e3b0c44298fc1c149afbf4c8996fb92427ae41e4649b934ca495991b7852b855
examples/hello.slim	1681	0	1692	5a77d213edf9a165699655c004bd47c5e07c346a9056856c1922851dcc990c0b	e3b0c44298fc1c149afbf4c8996fb92427ae41e4649b934ca495991b7852b855
examples/hello.slim	1682	0	1692	5a77d213edf9a165699655c004bd47c5e07c346a9056856c1922851dcc990c0b	e3b0c44298fc1c149afbf4c8996fb92427ae41e4649b934ca495991b7852b855
examples/hello.slim	1683	0	1692	5a77d213edf9a165699655c004bd47c5e07c346a9056856c1922851dcc990c0b	e3b0c44298fc1c149afbf4c8996fb92427ae41e4649b934ca495991b7852b855
examples/hello.slim	1684	0	1692	5a77d213edf9a165699655c004bd47c5e07c346a9056856c1922851dcc990c0b	e3b0c44298fc1c149afbf4c8996fb92427ae41e4649b934ca495991b7852b855
examples/hello.slim	1685	0	1692	5a77d213edf9a165699655c004bd47c5e07c346a9056856c1922851dcc990c0b	e3b0c44298fc1c149afbf4c8996fb92427ae41e4649b934ca495991b7852b855
examples/hello.slim	1686	0	1692	5a77d213edf9a165699655c004bd47c5e07c346a9056856c1922851dcc990c0b	e3b0c44298fc1c149afbf4c8996fb92427ae41e4649b934ca495991b7852b855
examples/hello.slim	1687	0	1692	5a77d213edf9a165699655c004bd47c5e07c346a9056856c1922851dcc990c0b	e3b0c44298fc1c149afbf4c8996fb92427ae41e4649b934ca495991b7852b855
examples/hello.slim	1688	0	1692	5a77d213edf9a165699655c004bd47c5e07c346a9056856c1922851dcc990c0b	e3b0c44298fc1c149afbf4c8996fb92427ae41e4649b934ca495991b7852b855
examples/hello.slim	1689	0	1692	5a77d213edf9a165699655c004bd47c5e07c346a9056856c1922851dcc990c0b	e3b0c44298fc1c149afbf4c8996fb92427ae41e4649b934ca495991b7852b855
examples/hello.slim	1690	0	1692	5a77d213edf9a165699655c004bd47c5e07c346a9056856c1922851dcc990c0b	e3b0c44298fc1c149afbf4c8996fb92427ae41e4649b934ca495991b7852b855
examples/hello.slim	1691	0	1692	5a77d213edf9a165699655c004bd47c5e07c346a9056856c1922851dcc990c0b	e3b0c44298fc1c149afbf4c8996fb92427ae41e4649b934ca495991b7852b855
examples/hello.slim	1692	0	1692	5a77d213edf9a165699655c004bd47c5e07c346a9056856c1922851dcc990c0b	e3b0c44298fc1c149afbf4c8996fb92427ae41e4649b934ca495991b7852b855
examples/hello.slim	1693	0	1692	5a77d213edf9a165699655c004bd47c5e07c346a9056856c1922851dcc990c0b	e3b0c44298fc1c149afbf4c8996fb92427ae41e4649b934ca495991b7852b855
examples/hello.slim	1694	0	1692	5a77d213edf9a165699655c004bd47c5e07c346a9056856c1922851dcc990c0b	e3b0c44298fc1c149afbf4c8996fb92427ae41e4649b934ca495991b7852b855
examples/hello.slim	1695	0	1692	5a77d213edf9a165699655c004bd47c5e07c346a9056856c1922851dcc990c0b	e3b0c44298fc1c149afbf4c8996fb92427ae41e4649b934ca495991b7852b855
examples/hello.slim	1696	0	1692	5a77d213edf9a165699655c004bd47c5e07c346a9056856c1922851dcc990c0b	e3b0c44298fc1c149afbf4c8996fb92427ae41e4649b934ca495991b7852b855
examples/hello.slim	1697	0	1692	5a77d213edf9a165699655c004bd47c5e07c346a9056856c1922851dcc990c0b	e3b0c44298fc1c149afbf4c8996fb92427ae41e4649b934ca495991b7852b855
examples/hello.slim	1698	0	1692	5a77d213edf9a165699655c004bd47c5e07c346a9056856c1922851dcc990c0b	e3b0c44298fc1c149afbf4c8996fb92427ae41e4649b934ca495991b7852b855
examples/hello.slim	1699	0	1692	5a77d213edf9a165699655c004bd47c5e07c346a9056856c1922851dcc990c0b	e3b0c44298fc1c149afbf4c8996fb92427ae41e4649b934ca495991b7852b855
examples/hello.slim	1700	0	1692	5a77d213edf9a165699655c004bd47c5e07c346a9056856c1922851dcc990c0b	e3b0c44298fc1c149afbf4c8996fb92427ae41e4649b934ca495991b7852b855
examples/hello.slim	1701	0	1692	5a77d213edf9a165699655c004bd47c5e07c346a9056856c1922851dcc990c0b	e3b0c44298fc1c149afbf4c8996fb92427ae41e4649b934ca495991b7852b855
examples/hello.slim	1702	0	1692	5a77d213edf9a165699655c004bd47c5e07c346a9056856c1922851dcc990c0b	e3b0c44298fc1c149afbf4c8996fb92427ae41e4649b934ca495991b7852b855
examples/hello.slim	1703	0	1692	5a77d213edf9a165699655c004bd47c5e07c346a9056856c1922851dcc990c0b	e3b0c44298fc1c149afbf4c8996fb92427ae41e4649b934ca495991b7852b855
examples/hello.slim	1704	0	1692	5a77d213edf9a165699655c004bd47c5e07c346a9056856c1922851dcc990c0b	e3b0c44298fc1c149afbf4c8996fb92427ae41e4649b934ca495991b7852b855
examples/hello.slim	1705	0	1692	5a77d213edf9a165699655c004bd47c5e07c346a9056856c1922851dcc990c0b	e3b0c44298fc1c149afbf4c8996fb92427ae41e4649b934ca495991b7852b855
examples/hello.slim	1706	0	1692	5a77d213edf9a165699655c004bd47c5e07c346a9056856c1922851dcc990c0b	e3b0c44298fc1c149afbf4c8996fb92427ae41e4649b934ca495991b7852b855
examples/hello.slim	1707	0	1692	5a77d213edf9a165699655c004bd47c5e07c346a9056856c1922851dcc990c0b	e3b0c44298fc1c149afbf4c8996fb92427ae41e4649b934ca495991b7852b855
examples/hello.slim	1708	0	1692	5a77d213edf9a165699655c004bd47c5e07c346a9056856c1922851dcc990c0b	e3b0c44298fc1c149afbf4c8996fb92427ae41e4649b934ca495991b7852b855
examples/hello.slim	1709	0	1692	5a77d213edf9a165699655c004bd47c5e07c346a9056856c1922851dcc990c0b	e3b0c44298fc1c149afbf4c8996fb92427ae41e4649b934ca495991b7852b855
examples/hello.slim	1710	0	1692	5a77d213edf9a165699655c004bd47c5e07c346a9056856c1922851dcc990c0b	e3b0c44298fc1c149afbf4c8996fb92427ae41e4649b934ca495991b7852b855
examples/hello.slim	1711	0	1692	5a77d213edf9a165699655c004bd47c5e07c346a9056856c1922851dcc990c0b	e3b0c44298fc1c149afbf4c8996fb92427ae41e4649b934ca495991b7852b855
examples/hello.slim	1712	0	1692	5a77d213edf9a165699655c004bd47c5e07c346a9056856c1922851dcc990c0b	e3b0c44298fc1c149afbf4c8996fb92427ae41e4649b934ca495991b7852b855
examples/hello.slim	1713	0	1692	5a77d213edf9a165699655c004bd47c5e07c346a9056856c1922851dcc990c0b	e3b0c44298fc1c149afbf4c8996fb92427ae41e4649b934ca495991b7852b855
examples/hello.slim	1714	0	1692	5a77d213edf9a165699655c004bd47c5e07c346a9056856c1922851dcc990c0b	e3b0c44298fc1c149afbf4c8996fb92427ae41e4649b934ca495991b7852b855
examples/hello.slim	1715	0	1692	5a77d213edf9a165699655c004bd47c5e07c346a9056856c1922851dcc990c0b	e3b0c44298fc1c149afbf4c8996fb92427ae41e4649b934ca495991b7852b855
examples/hello.slim	1716	0	1692	5a77d213edf9a165699655c004bd47c5e07c346a9056856c1922851dcc990c0b	e3b0c44298fc1c149afbf4c8996fb92427ae41e4649b934ca495991b7852b855
examples/hello.slim	1717	0	1692	5a77d213edf9a165699655c004bd47c5e07c346a9056856c1922851dcc990c0b	e3b0c44298fc1c149afbf4c8996fb92427ae41e4649b934ca495991b7852b855
examples/hello.slim	1718	0	1692	5a77d213edf9a165699655c004bd47c5e07c346a9056856c1922851dcc990c0b	e3b0c44298fc1c149afbf4c8996fb92427ae41e4649b934ca495991b7852b855
examples/hello.slim	1719	0	1692	5a77d213edf9a165699655c004bd47c5e07c346a9056856c1922851dcc990c0b	e3b0c44298fc1c149afbf4c8996fb92427ae41e4649b934ca495991b7852b855
examples/hello.slim	1720	0	1692	5a77d213edf9a165699655c004bd47c5e07c346a9056856c1922851dcc990c0b	e3b0c44298fc1c149afbf4c8996fb92427ae41e4649b934ca495991b7852b855
examples/hello.slim	1721	0	1692	5a77d213edf9a165699655c004bd47c5e07c346a9056856c1922851dcc990c0b	e3b0c44298fc1c149afbf4c8996fb92427ae41e4649b934ca495991b7852b855
examples/hello.slim	1722	0	1692	5a77d213edf9a165699655c004bd47c5e07c346a9056856c1922851dcc990c0b	e3b0c44298fc1c149afbf4c8996fb92427ae41e4649b934ca495991b7852b855
examples/hello.slim	1723	0	1692	5a77d213edf9a165699655c004bd47c5e07c346a9056856c1922851dcc990c0b	e3b0c44298fc1c149afbf4c8996fb92427ae41e4649b934ca495991b7852b855
examples/hello.slim	1724	0	1692	5a77d213edf9a165699655c004bd47c5e07c346a9056856c1922851dcc990c0b	e3b0c44298fc1c149afbf4c8996fb92427ae41e4649b934ca495991b7852b855
examples/hello.slim	1725	0	1692	5a77d213edf9a165699655c004bd47c5e07c346a9056856c1922851dcc990c0b	e3b0c44298fc1c149afbf4c8996fb92427ae41e4649b934ca495991b7852b855
examples/hello.slim	1726	0	1692	5a77d213edf9a165699655c004bd47c5e07c346a9056856c1922851dcc990c0b	e3b0c44298fc1c149afbf4c8996fb92427ae41e4649b934ca495991b7852b855
examples/hello.slim	1727	0	1692	5a77d213edf9a165699655c004bd47c5e07c346a9056856c1922851dcc990c0b	e3b0c44298fc1c149afbf4c8996fb92427ae41e4649b934ca495991b7852b855
examples/hello.slim	1728	0	1692	5a77d213edf9a165699655c004bd47c5e07c346a9056856c1922851dcc990c0b	e3b0c44298fc1c149afbf4c8996fb92427ae41e4649b934ca495991b7852b855
examples/hello.slim	1729	0	1692	5a77d213edf9a165699655c004bd47c5e07c346a9056856c1922851dcc990c0b	e3b0c44298fc1c149afbf4c8996fb92427ae41e4649b934ca495991b7852b855
examples/hello.slim	1730	0	1692	5a77d213edf9a165699655c004bd47c5e07c346a9056856c1922851dcc990c0b	e3b0c44298fc1c149afbf4c8996fb92427ae41e4649b934ca495991b7852b855
examples/hello.slim	1731	0	1692	5a77d213edf9a165699655c004bd47c5e07c346a9056856c1922851dcc990c0b	e3b0c44298fc1c149afbf4c8996fb92427ae41e4649b934ca495991b7852b855
examples/hello.slim	1732	0	1692	5a77d213edf9a165699655c004bd47c5e07c346a9056856c1922851dcc990c0b	e3b0c44298fc1c149afbf4c8996fb92427ae41e4649b934ca495991b7852b855
examples/hello.slim	1733	0	1692	5a77d213edf9a165699655c004bd47c5e07c346a9056856c1922851dcc990c0b	e3b0c44298fc1c149afbf4c8996fb92427ae41e4649b934ca495991b7852b855
examples/hello.slim	1734	0	1692	5a77d213edf9a165699655c004bd47c5e07c346a9056856c1922851dcc990c0b	e3b0c44298fc1c149afbf4c8996fb92427ae41e4649b934ca495991b7852b855
examples/hello.slim	1735	0	1692	5a77d213edf9a165699655c004bd47c5e07c346a9056856c1922851dcc990c0b	e3b0c44298fc1c149afbf4c8996fb92427ae41e4649b934ca495991b7852b855
examples/hello.slim	1736	0	1692	5a77d213edf9a165699655c004bd47c5e07c346a9056856c1922851dcc990c0b	e3b0c44298fc1c149afbf4c8996fb92427ae41e4649b934ca495991b7852b855
examples/hello.slim	1737	0	1692	5a77d213edf9a165699655c004bd47c5e07c346a9056856c1922851dcc990c0b	e3b0c44298fc1c149afbf4c8996fb92427ae41e4649b934ca495991b7852b855
examples/hello.slim	1738	0	1692	5a77d213edf9a165699655c004bd47c5e07c346a9056856c1922851dcc990c0b	e3b0c44298fc1c149afbf4c8996fb92427ae41e4649b934ca495991b7852b855
examples/hello.slim	1739	0	1692	5a77d213edf9a165699655c004bd47c5e07c346a9056856c1922851dcc990c0b	e3b0c44298fc1c149afbf4c8996fb92427ae41e4649b934ca495991b7852b855
examples/hello.slim	1740	0	1692	5a77d213edf9a165699655c004bd47c5e07c346a9056856c1922851dcc990c0b	e3b0c44298fc1c149afbf4c8996fb92427ae41e4649b934ca495991b7852b855
examples/hello.slim	1741	0	1692	5a77d213edf9a165699655c004bd47c5e07c346a9056856c1922851dcc990c0b	e3b0c44298fc1c149afbf4c8996fb92427ae41e4649b934ca495991b7852b855
examples/hello.slim	1742	0	1692	5a77d213edf9a165699655c004bd47c5e07c346a9056856c1922851dcc990c0b	e3b0c44298fc1c149afbf4c8996fb92427ae41e4649b934ca495991b7852b855
examples/hello.slim	1743	0	1692	5a77d213edf9a165699655c004bd47c5e07c346a9056856c1922851dcc990c0b	e3b0c44298fc1c149afbf4c8996fb92427ae41e4649b934ca495991b7852b855
examples/hello.slim	1744	0	1692	5a77d213edf9a165699655c004bd47c5e07c346a9056856c1922851dcc990c0b	e3b0c44298fc1c149afbf4c8996fb92427ae41e4649b934ca495991b7852b855
examples/hello.slim	1745	0	1692	5a77d213edf9a165699655c004bd47c5e07c346a9056856c1922851dcc990c0b	e3b0c44298fc1c149afbf4c8996fb92427ae41e4649b934ca495991b7852b855
examples/hello.slim	1746	0	1692	5a77d213edf9a165699655c004bd47c5e07c346a9056856c1922851dcc990c0b	e3b0c44298fc1c149afbf4c8996fb92427ae41e4649b934ca495991b7852b855
examples/hello.slim	1747	0	1692	5a77d213edf9a165699655c004bd47c5e07c346a9056856c1922851dcc990c0b	e3b0c44298fc1c149afbf4c8996fb92427ae41e4649b934ca495991b7852b855
examples/hello.slim	1748	0	1692	5a77d213edf9a165699655c004bd47c5e07c346a9056856c1922851dcc990c0b	e3b0c44298fc1c149afbf4c8996fb92427ae41e4649b934ca495991b7852b855
examples/hello.slim	1749	0	1692	5a77d213edf9a165699655c004bd47c5e07c346a9056856c1922851dcc990c0b	e3b0c44298fc1c149afbf4c8996fb92427ae41e4649b934ca495991b7852b855
examples/hello.slim	1750	0	1692	5a77d213edf9a165699655c004bd47c5e07c346a9056856c1922851dcc990c0b	e3b0c44298fc1c149afbf4c8996fb92427ae41e4649b934ca495991b7852b855
examples/hello.slim	1751	0	1692	5a77d213edf9a165699655c004bd47c5e07c346a9056856c1922851dcc990c0b	e3b0c44298fc1c149afbf4c8996fb92427ae41e4649b934ca495991b7852b855
examples/hello.slim	1752	0	1692	5a77d213edf9a165699655c004bd47c5e07c346a9056856c1922851dcc990c0b	e3b0c44298fc1c149afbf4c8996fb92427ae41e4649b934ca495991b7852b855
examples/hello.slim	1753	0	1692	5a77d213edf9a165699655c004bd47c5e07c346a9056856c1922851dcc990c0b	e3b0c44298fc1c149afbf4c8996fb92427ae41e4649b934ca495991b7852b855
examples/hello.slim	1754	0	1692	5a77d213edf9a165699655c004bd47c5e07c346a9056856c1922851dcc990c0b	e3b0c44298fc1c149afbf4c8996fb92427ae41e4649b934ca495991b7852b855
examples/hello.slim	1755	0	1692	5a77d213edf9a165699655c004bd47c5e07c346a9056856c1922851dcc990c0b	e3b0c44298fc1c149afbf4c8996fb92427ae41e4649b934ca495991b7852b855
examples/hello.slim	1756	0	1692	5a77d213edf9a165699655c004bd47c5e07c346a9056856c1922851dcc990c0b	e3b0c44298fc1c149afbf4c8996fb92427ae41e4649b934ca495991b7852b855
examples/hello.slim	1757	0	1692	5a77d213edf9a165699655c004bd47c5e07c346a9056856c1922851dcc990c0b	e3b0c44298fc1c149afbf4c8996fb92427ae41e4649b934ca495991b7852b855
examples/hello.slim	1758	0	1692	5a77d213edf9a165699655c004bd47c5e07c346a9056856c1922851dcc990c0b	e3b0c44298fc1c149afbf4c8996fb92427ae41e4649b934ca495991b7852b855
examples/hello.slim	1759	0	1692	5a77d213edf9a165699655c004bd47c5e07c346a9056856c1922851dcc990c0b	e3b0c44298fc1c149afbf4c8996fb92427ae41e4649b934ca495991b7852b855
examples/hello.slim	1760	0	1692	5a77d213edf9a165699655c004bd47c5e07c346a9056856c1922851dcc990c0b	e3b0c44298fc1c149afbf4c8996fb92427ae41e4649b934ca495991b7852b855
examples/hello.slim	1761	0	1692	5a77d213edf9a165699655c004bd47c5e07c346a9056856c1922851dcc990c0b	e3b0c44298fc1c149afbf4c8996fb92427ae41e4649b934ca495991b7852b855
examples/hello.slim	1762	0	1692	5a77d213edf9a165699655c004bd47c5e07c346a9056856c1922851dcc990c0b	e3b0c44298fc1c149afbf4c8996fb92427ae41e4649b934ca495991b7852b855
examples/hello.slim	1763	0	1692	5a77d213edf9a165699655c004bd47c5e07c346a9056856c1922851dcc990c0b	e3b0c44298fc1c149afbf4c8996fb92427ae41e4649b934ca495991b7852b855
examples/hello.slim	1764	0	1692	5a77d213edf9a165699655c004bd47c5e07c346a9056856c1922851dcc990c0b	e3b0c44298fc1c149afbf4c8996fb92427ae41e4649b934ca495991b7852b855
examples/hello.slim	1765	0	1692	5a77d213edf9a165699655c004bd47c5e07c346a9056856c1922851dcc990c0b	e3b0c44298fc1c149afbf4c8996fb92427ae41e4649b934ca495991b7852b855
examples/hello.slim	1766	0	1692	5a77d213edf9a165699655c004bd47c5e07c346a9056856c1922851dcc990c0b	e3b0c44298fc1c149afbf4c8996fb92427ae41e4649b934ca495991b7852b855
examples/hello.slim	1767	0	1692	5a77d213edf9a165699655c004bd47c5e07c346a9056856c1922851dcc990c0b	e3b0c44298fc1c149afbf4c8996fb92427ae41e4649b934ca495991b7852b855
examples/hello.slim	1768	0	1692	5a77d213edf9a165699655c004bd47c5e07c346a9056856c1922851dcc990c0b	e3b0c44298fc1c149afbf4c8996fb92427ae41e4649b934ca495991b7852b855
examples/hello.slim	1769	0	1692	5a77d213edf9a165699655c004bd47c5e07c346a9056856c1922851dcc990c0b	e3b0c44298fc1c149afbf4c8996fb92427ae41e4649b934ca495991b7852b855
examples/hello.slim	1770	0	1692	5a77d213edf9a165699655c004bd47c5e07c346a9056856c1922851dcc990c0b	e3b0c44298fc1c149afbf4c8996fb92427ae41e4649b934ca495991b7852b855
examples/hello.slim	1771	0	1692	5a77d213edf9a165699655c004bd47c5e07c346a9056856c1922851dcc990c0b	e3b0c44298fc1c149afbf4c8996fb92427ae41e4649b934ca495991b7852b855
examples/hello.slim	1772	0	1692	5a77d213edf9a165699655c004bd47c5e07c346a9056856c1922851dcc990c0b	e3b0c44298fc1c149afbf4c8996fb92427ae41e4649b934ca495991b7852b855
examples/hello.slim	1773	0	1692	5a77d213edf9a165699655c004bd47c5e07c346a9056856c1922851dcc990c0b	e3b0c44298fc1c149afbf4c8996fb92427ae41e4649b934ca495991b7852b855
examples/hello.slim	1774	0	1692	5a77d213edf9a165699655c004bd47c5e07c346a9056856c1922851dcc990c0b	e3b0c44298fc1c149afbf4c8996fb92427ae41e4649b934ca495991b7852b855
examples/hello.slim	1775	0	1692	5a77d213edf9a165699655c004bd47c5e07c346a9056856c1922851dcc990c0b	e3b0c44298fc1c149afbf4c8996fb92427ae41e4649b934ca495991b7852b855
examples/hello.slim	1776	0	1692	5a77d213edf9a165699655c004bd47c5e07c346a9056856c1922851dcc990c0b	e3b0c44298fc1c149afbf4c8996fb92427ae41e4649b934ca495991b7852b855
examples/hello.slim	1777	0	1692	5a77d213edf9a165699655c004bd47c5e07c346a9056856c1922851dcc990c0b	e3b0c44298fc1c149afbf4c8996fb92427ae41e4649b934ca495991b7852b855
examples/hello.slim	1778	0	1692	5a77d213edf9a165699655c004bd47c5e07c346a9056856c1922851dcc990c0b	e3b0c44298fc1c149afbf4c8996fb92427ae41e4649b934ca495991b7852b855
examples/hello.slim	1779	0	1692	5a77d213edf9a165699655c004bd47c5e07c346a9056856c1922851dcc990c0b	e3b0c44298fc1c149afbf4c8996fb92427ae41e4649b934ca495991b7852b855
examples/hello.slim	1780	0	1692	5a77d213edf9a165699655c004bd47c5e07c346a9056856c1922851dcc990c0b	e3b0c44298fc1c149afbf4c8996fb92427ae41e4649b934ca495991b7852b855
examples/hello.slim	1781	0	1692	5a77d213edf9a165699655c004bd47c5e07c346a9056856c1922851dcc990c0b	e3b0c44298fc1c149afbf4c8996fb92427ae41e4649b934ca495991b7852b855
examples/hello.slim	1782	0	1692	5a77d213edf9a165699655c004bd47c5e07c346a9056856c1922851dcc990c0b	e3b0c44298fc1c149afbf4c8996fb92427ae41e4649b934ca495991b7852b855
examples/hello.slim	1783	0	1692	5a77d213edf9a165699655c004bd47c5e07c346a9056856c1922851dcc990c0b	e3b0c44298fc1c149afbf4c8996fb92427ae41e4649b934ca495991b7852b855
examples/hello.slim	1784	0	1692	5a77d213edf9a165699655c004bd47c5e07c346a9056856c1922851dcc990c0b	e3b0c44298fc1c149afbf4c8996fb92427ae41e4649b934ca495991b7852b855
examples/hello.slim	1785	0	1692	5a77d213edf9a165699655c004bd47c5e07c346a9056856c1922851dcc990c0b	e3b0c44298fc1c149afbf4c8996fb92427ae41e4649b934ca495991b7852b855
examples/hello.slim	1786	0	1692	5a77d213edf9a165699655c004bd47c5e07c346a9056856c1922851dcc990c0b	e3b0c44298fc1c149afbf4c8996fb92427ae41e4649b934ca495991b7852b855
examples/hello.slim	1787	0	1692	5a77d213edf9a165699655c004bd47c5e07c346a9056856c1922851dcc990c0b	e3b0c44298fc1c149afbf4c8996fb92427ae41e4649b934ca495991b7852b855
examples/hello.slim	1788	0	1692	5a77d213edf9a165699655c004bd47c5e07c346a9056856c1922851dcc990c0b	e3b0c44298fc1c149afbf4c8996fb92427ae41e4649b934ca495991b7852b855
examples/hello.slim	1789	0	1692	5a77d213edf9a165699655c004bd47c5e07c346a9056856c1922851dcc990c0b	e3b0c44298fc1c149afbf4c8996fb92427ae41e4649b934ca495991b7852b855
examples/hello.slim	1790	0	1692	5a77d213edf9a165699655c004bd47c5e07c346a9056856c1922851dcc990c0b	e3b0c44298fc1c149afbf4c8996fb92427ae41e4649b934ca495991b7852b855
examples/hello.slim	1791	0	1692	5a77d213edf9a165699655c004bd47c5e07c346a9056856c1922851dcc990c0b	e3b0c44298fc1c149afbf4c8996fb92427ae41e4649b934ca495991b7852b855
examples/hello.slim	1792	0	1692	5a77d213edf9a165699655c004bd47c5e07c346a9056856c1922851dcc990c0b	e3b0c44298fc1c149afbf4c8996fb92427ae41e4649b934ca495991b7852b855
examples/hello.slim	1793	0	1692	5a77d213edf9a165699655c004bd47c5e07c346a9056856c1922851dcc990c0b	e3b0c44298fc1c149afbf4c8996fb92427ae41e4649b934ca495991b7852b855
examples/hello.slim	1794	0	1692	5a77d213edf9a165699655c004bd47c5e07c346a9056856c1922851dcc990c0b	e3b0c44298fc1c149afbf4c8996fb92427ae41e4649b934ca495991b7852b855
examples/hello.slim	1795	0	1692	5a77d213edf9a165699655c004bd47c5e07c346a9056856c1922851dcc990c0b	e3b0c44298fc1c149afbf4c8996fb92427ae41e4649b934ca495991b7852b855
examples/hello.slim	1796	0	1692	5a77d213edf9a165699655c004bd47c5e07c346a9056856c1922851dcc990c0b	e3b0c44298fc1c149afbf4c8996fb92427ae41e4649b934ca495991b7852b855
examples/hello.slim	1797	0	1692	5a77d213edf9a165699655c004bd47c5e07c346a9056856c1922851dcc990c0b	e3b0c44298fc1c149afbf4c8996fb92427ae41e4649b934ca495991b7852b855
examples/hello.slim	1798	0	1692	5a77d213edf9a165699655c004bd47c5e07c346a9056856c1922851dcc990c0b	e3b0c44298fc1c149afbf4c8996fb92427ae41e4649b934ca495991b7852b855
examples/hello.slim	1799	0	1692	5a77d213edf9a165699655c004bd47c5e07c346a9056856c1922851dcc990c0b	e3b0c44298fc1c149afbf4c8996fb92427ae41e4649b934ca495991b7852b855
examples/hello.slim	1800	0	1692	5a77d213edf9a165699655c004bd47c5e07c346a9056856c1922851dcc990c0b	e3b0c44298fc1c149afbf4c8996fb92427ae41e4649b934ca495991b7852b855
examples/hello.slim	1801	0	1692	5a77d213edf9a165699655c004bd47c5e07c346a9056856c1922851dcc990c0b	e3b0c44298fc1c149afbf4c8996fb92427ae41e4649b934ca495991b7852b855
examples/hello.slim	1802	0	1692	5a77d213edf9a165699655c004bd47c5e07c346a9056856c1922851dcc990c0b	e3b0c44298fc1c149afbf4c8996fb92427ae41e4649b934ca495991b7852b855
examples/hello.slim	1803	0	1692	5a77d213edf9a165699655c004bd47c5e07c346a9056856c1922851dcc990c0b	e3b0c44298fc1c149afbf4c8996fb92427ae41e4649b934ca495991b7852b855
examples/hello.slim	1804	0	1692	5a77d213edf9a165699655c004bd47c5e07c346a9056856c1922851dcc990c0b	e3b0c44298fc1c149afbf4c8996fb92427ae41e4649b934ca495991b7852b855
examples/hello.slim	1805	0	1692	5a77d213edf9a165699655c004bd47c5e07c346a9056856c1922851dcc990c0b	e3b0c44298fc1c149afbf4c8996fb92427ae41e4649b934ca495991b7852b855
examples/hello.slim	1806	0	1692	5a77d213edf9a165699655c004bd47c5e07c346a9056856c1922851dcc990c0b	e3b0c44298fc1c149afbf4c8996fb92427ae41e4649b934ca495991b7852b855
examples/hello.slim	1807	0	1692	5a77d213edf9a165699655c004bd47c5e07c346a9056856c1922851dcc990c0b	e3b0c44298fc1c149afbf4c8996fb92427ae41e4649b934ca495991b7852b855
examples/hello.slim	1808	0	1692	5a77d213edf9a165699655c004bd47c5e07c346a9056856c1922851dcc990c0b	e3b0c44298fc1c149afbf4c8996fb92427ae41e4649b934ca495991b7852b855
examples/hello.slim	1809	0	1692	5a77d213edf9a165699655c004bd47c5e07c346a9056856c1922851dcc990c0b	e3b0c44298fc1c149afbf4c8996fb92427ae41e4649b934ca495991b7852b855
examples/hello.slim	1810	0	1692	5a77d213edf9a165699655c004bd47c5e07c346a9056856c1922851dcc990c0b	e3b0c44298fc1c149afbf4c8996fb92427ae41e4649b934ca495991b7852b855
examples/hello.slim	1811	0	1692	5a77d213edf9a165699655c004bd47c5e07c346a9056856c1922851dcc990c0b	e3b0c44298fc1c149afbf4c8996fb92427ae41e4649b934ca495991b7852b855
examples/hello.slim	1812	0	1692	5a77d213edf9a165699655c004bd47c5e07c346a9056856c1922851dcc990c0b	e3b0c44298fc1c149afbf4c8996fb92427ae41e4649b934ca495991b7852b855
examples/hello.slim	1813	0	1692	5a77d213edf9a165699655c004bd47c5e07c346a9056856c1922851dcc990c0b	e3b0c44298fc1c149afbf4c8996fb92427ae41e4649b934ca495991b7852b855
examples/hello.slim	1814	0	1692	5a77d213edf9a165699655c004bd47c5e07c346a9056856c1922851dcc990c0b	e3b0c44298fc1c149afbf4c8996fb92427ae41e4649b934ca495991b7852b855
examples/hello.slim	1815	0	1692	5a77d213edf9a165699655c004bd47c5e07c346a9056856c1922851dcc990c0b	e3b0c44298fc1c149afbf4c8996fb92427ae41e4649b934ca495991b7852b855
examples/hello.slim	1816	0	1692	5a77d213edf9a165699655c004bd47c5e07c346a9056856c1922851dcc990c0b	e3b0c44298fc1c149afbf4c8996fb92427ae41e4649b934ca495991b7852b855
examples/hello.slim	1817	0	1692	5a77d213edf9a165699655c004bd47c5e07c346a9056856c1922851dcc990c0b	e3b0c44298fc1c149afbf4c8996fb92427ae41e4649b934ca495991b7852b855
examples/hello.slim	1818	0	1692	5a77d213edf9a165699655c004bd47c5e07c346a9056856c1922851dcc990c0b	e3b0c44298fc1c149afbf4c8996fb92427ae41e4649b934ca495991b7852b855
examples/hello.slim	1819	0	1692	5a77d213edf9a165699655c004bd47c5e07c346a9056856c1922851dcc990c0b	e3b0c44298fc1c149afbf4c8996fb92427ae41e4649b934ca495991b7852b855
examples/hello.slim	1820	0	1692	5a77d213edf9a165699655c004bd47c5e07c346a9056856c1922851dcc990c0b	e3b0c44298fc1c149afbf4c8996fb92427ae41e4649b934ca495991b7852b855
examples/hello.slim	1821	0	1692	5a77d213edf9a165699655c004bd47c5e07c346a9056856c1922851dcc990c0b	e3b0c44298fc1c149afbf4c8996fb92427ae41e4649b934ca495991b7852b855
examples/hello.slim	1822	0	1692	5a77d213edf9a165699655c004bd47c5e07c346a9056856c1922851dcc990c0b	e3b0c44298fc1c149afbf4c8996fb92427ae41e4649b934ca495991b7852b855
examples/hello.slim	1823	0	1692	5a77d213edf9a165699655c004bd47c5e07c346a9056856c1922851dcc990c0b	e3b0c44298fc1c149afbf4c8996fb92427ae41e4649b934ca495991b7852b855
examples/hello.slim	1824	0	1692	5a77d213edf9a165699655c004bd47c5e07c346a9056856c1922851dcc990c0b	e3b0c44298fc1c149afbf4c8996fb92427ae41e4649b934ca495991b7852b855
examples/hello.slim	1825	0	1692	5a77d213edf9a165699655c004bd47c5e07c346a9056856c1922851dcc990c0b	e3b0c44298fc1c149afbf4c8996fb92427ae41e4649b934ca495991b7852b855
examples/hello.slim	1826	0	1692	5a77d213edf9a165699655c004bd47c5e07c346a9056856c1922851dcc990c0b	e3b0c44298fc1c149afbf4c8996fb92427ae41e4649b934ca495991b7852b855
examples/hello.slim	1827	0	1692	5a77d213edf9a165699655c004bd47c5e07c346a9056856c1922851dcc990c0b	e3b0c44298fc1c149afbf4c8996fb92427ae41e4649b934ca495991b7852b855
examples/hello.slim	1828	0	1692	5a77d213edf9a165699655c004bd47c5e07c346a9056856c1922851dcc990c0b	e3b0c44298fc1c149afbf4c8996fb92427ae41e4649b934ca495991b7852b855
examples/hello.slim	1829	0	1692	5a77d213edf9a165699655c004bd47c5e07c346a9056856c1922851dcc990c0b	e3b0c44298fc1c149afbf4c8996fb92427ae41e4649b934ca495991b7852b855
examples/hello.slim	1830	0	1692	5a77d213edf9a165699655c004bd47c5e07c346a9056856c1922851dcc990c0b	e3b0c44298fc1c149afbf4c8996fb92427ae41e4649b934ca495991b7852b855
examples/hello.slim	1831	0	1692	5a77d213edf9a165699655c004bd47c5e07c346a9056856c1922851dcc990c0b	e3b0c44298fc1c149afbf4c8996fb92427ae41e4649b934ca495991b7852b855
examples/hello.slim	1832	0	1692	5a77d213edf9a165699655c004bd47c5e07c346a9056856c1922851dcc990c0b	e3b0c44298fc1c149afbf4c8996fb92427ae41e4649b934ca495991b7852b855
examples/hello.slim	1833	0	1692	5a77d213edf9a165699655c004bd47c5e07c346a9056856c1922851dcc990c0b	e3b0c44298fc1c149afbf4c8996fb92427ae41e4649b934ca495991b7852b855
examples/hello.slim	1834	0	1692	5a77d213edf9a165699655c004bd47c5e07c346a9056856c1922851dcc990c0b	e3b0c44298fc1c149afbf4c8996fb92427ae41e4649b934ca495991b7852b855
examples/hello.slim	1835	0	1692	5a77d213edf9a165699655c004bd47c5e07c346a9056856c1922851dcc990c0b	e3b0c44298fc1c149afbf4c8996fb92427ae41e4649b934ca495991b7852b855
examples/hello.slim	1836	0	1692	5a77d213edf9a165699655c004bd47c5e07c346a9056856c1922851dcc990c0b	e3b0c44298fc1c149afbf4c8996fb92427ae41e4649b934ca495991b7852b855
examples/hello.slim	1837	0	1692	5a77d213edf9a165699655c004bd47c5e07c346a9056856c1922851dcc990c0b	e3b0c44298fc1c149afbf4c8996fb92427ae41e4649b934ca495991b7852b855
examples/hello.slim	1838	0	1692	5a77d213edf9a165699655c004bd47c5e07c346a9056856c1922851dcc990c0b	e3b0c44298fc1c149afbf4c8996fb92427ae41e4649b934ca495991b7852b855
examples/hello.slim	1839	0	1692	5a77d213edf9a165699655c004bd47c5e07c346a9056856c1922851dcc990c0b	e3b0c44298fc1c149afbf4c8996fb92427ae41e4649b934ca495991b7852b855
examples/hello.slim	1840	0	1692	5a77d213edf9a165699655c004bd47c5e07c346a9056856c1922851dcc990c0b	e3b0c44298fc1c149afbf4c8996fb92427ae41e4649b934ca495991b7852b855
examples/hello.slim	1841	0	1692	5a77d213edf9a165699655c004bd47c5e07c346a9056856c1922851dcc990c0b	e3b0c44298fc1c149afbf4c8996fb92427ae41e4649b934ca495991b7852b855
examples/hello.slim	1842	0	1692	5a77d213edf9a165699655c004bd47c5e07c346a9056856c1922851dcc990c0b	e3b0c44298fc1c149afbf4c8996fb92427ae41e4649b934ca495991b7852b855
examples/hello.slim	1843	0	1692	5a77d213edf9a165699655c004bd47c5e07c346a9056856c1922851dcc990c0b	e3b0c44298fc1c149afbf4c8996fb92427ae41e4649b934ca495991b7852b855
examples/hello.slim	1844	0	1692	5a77d213edf9a165699655c004bd47c5e07c346a9056856c1922851dcc990c0b	e3b0c44298fc1c149afbf4c8996fb92427ae41e4649b934ca495991b7852b855
examples/hello.slim	1845	0	1692	5a77d213edf9a165699655c004bd47c5e07c346a9056856c1922851dcc990c0b	e3b0c44298fc1c149afbf4c8996fb92427ae41e4649b934ca495991b7852b855
examples/hello.slim	1846	0	1692	5a77d213edf9a165699655c004bd47c5e07c346a9056856c1922851dcc990c0b	e3b0c44298fc1c149afbf4c8996fb92427ae41e4649b934ca495991b7852b855
examples/hello.slim	1847	0	1692	5a77d213edf9a165699655c004bd47c5e07c346a9056856c1922851dcc990c0b	e3b0c44298fc1c149afbf4c8996fb92427ae41e4649b934ca495991b7852b855
examples/hello.slim	1848	0	1692	5a77d213edf9a165699655c004bd47c5e07c346a9056856c1922851dcc990c0b	e3b0c44298fc1c149afbf4c8996fb92427ae41e4649b934ca495991b7852b855
examples/hello.slim	1849	0	1692	5a77d213edf9a165699655c004bd47c5e07c346a9056856c1922851dcc990c0b	e3b0c44298fc1c149afbf4c8996fb92427ae41e4649b934ca495991b7852b855
examples/hello.slim	1850	0	1692	5a77d213edf9a165699655c004bd47c5e07c346a9056856c1922851dcc990c0b	e3b0c44298fc1c149afbf4c8996fb92427ae41e4649b934ca495991b7852b855
examples/hello.slim	1851	0	1692	5a77d213edf9a165699655c004bd47c5e07c346a9056856c1922851dcc990c0b	e3b0c44298fc1c149afbf4c8996fb92427ae41e4649b934ca495991b7852b855
examples/hello.slim	1852	0	1692	5a77d213edf9a165699655c004bd47c5e07c346a9056856c1922851dcc990c0b	e3b0c44298fc1c149afbf4c8996fb92427ae41e4649b934ca495991b7852b855
examples/hello.slim	1853	0	1692	5a77d213edf9a165699655c004bd47c5e07c346a9056856c1922851dcc990c0b	e3b0c44298fc1c149afbf4c8996fb92427ae41e4649b934ca495991b7852b855
examples/hello.slim	1854	0	1692	5a77d213edf9a165699655c004bd47c5e07c346a9056856c1922851dcc990c0b	e3b0c44298fc1c149afbf4c8996fb92427ae41e4649b934ca495991b7852b855
examples/hello.slim	1855	0	1692	5a77d213edf9a165699655c004bd47c5e07c346a9056856c1922851dcc990c0b	e3b0c44298fc1c149afbf4c8996fb92427ae41e4649b934ca495991b7852b855
examples/hello.slim	1856	0	1692	5a77d213edf9a165699655c004bd47c5e07c346a9056856c1922851dcc990c0b	e3b0c44298fc1c149afbf4c8996fb92427ae41e4649b934ca495991b7852b855
examples/hello.slim	1857	0	1692	5a77d213edf9a165699655c004bd47c5e07c346a9056856c1922851dcc990c0b	e3b0c44298fc1c149afbf4c8996fb92427ae41e4649b934ca495991b7852b855
examples/hello.slim	1858	0	1692	5a77d213edf9a165699655c004bd47c5e07c346a9056856c1922851dcc990c0b	e3b0c44298fc1c149afbf4c8996fb92427ae41e4649b934ca495991b7852b855
examples/hello.slim	1859	0	1692	5a77d213edf9a165699655c004bd47c5e07c346a9056856c1922851dcc990c0b	e3b0c44298fc1c149afbf4c8996fb92427ae41e4649b934ca495991b7852b855
examples/hello.slim	1860	0	1692	5a77d213edf9a165699655c004bd47c5e07c346a9056856c1922851dcc990c0b	e3b0c44298fc1c149afbf4c8996fb92427ae41e4649b934ca495991b7852b855
examples/hello.slim	1861	0	1692	5a77d213edf9a165699655c004bd47c5e07c346a9056856c1922851dcc990c0b	e3b0c44298fc1c149afbf4c8996fb92427ae41e4649b934ca495991b7852b855
examples/hello.slim	1862	0	1692	5a77d213edf9a165699655c004bd47c5e07c346a9056856c1922851dcc990c0b	e3b0c44298fc1c149afbf4c8996fb92427ae41e4649b934ca495991b7852b855
examples/hello.slim	1863	0	1692	5a77d213edf9a165699655c004bd47c5e07c346a9056856c1922851dcc990c0b	e3b0c44298fc1c149afbf4c8996fb92427ae41e4649b934ca495991b7852b855
examples/hello.slim	1864	0	1692	5a77d213edf9a165699655c004bd47c5e07c346a9056856c1922851dcc990c0b	e3b0c44298fc1c149afbf4c8996fb92427ae41e4649b934ca495991b7852b855
examples/hello.slim	1865	0	1692	5a77d213edf9a165699655c004bd47c5e07c346a9056856c1922851dcc990c0b	e3b0c44298fc1c149afbf4c8996fb92427ae41e4649b934ca495991b7852b855
examples/hello.slim	1866	0	1692	5a77d213edf9a165699655c004bd47c5e07c346a9056856c1922851dcc990c0b	e3b0c44298fc1c149afbf4c8996fb92427ae41e4649b934ca495991b7852b855
examples/hello.slim	1867	0	1692	5a77d213edf9a165699655c004bd47c5e07c346a9056856c1922851dcc990c0b	e3b0c44298fc1c149afbf4c8996fb92427ae41e4649b934ca495991b7852b855
examples/hello.slim	1868	0	1692	5a77d213edf9a165699655c004bd47c5e07c346a9056856c1922851dcc990c0b	e3b0c44298fc1c149afbf4c8996fb92427ae41e4649b934ca495991b7852b855
examples/hello.slim	1869	0	1692	5a77d213edf9a165699655c004bd47c5e07c346a9056856c1922851dcc990c0b	e3b0c44298fc1c149afbf4c8996fb92427ae41e4649b934ca495991b7852b855
examples/hello.slim	1870	0	1692	5a77d213edf9a165699655c004bd47c5e07c346a9056856c1922851dcc990c0b	e3b0c44298fc1c149afbf4c8996fb92427ae41e4649b934ca495991b7852b855
examples/hello.slim	1871	0	1692	5a77d213edf9a165699655c004bd47c5e07c346a9056856c1922851dcc990c0b	e3b0c44298fc1c149afbf4c8996fb92427ae41e4649b934ca495991b7852b855
examples/hello.slim	1872	0	1692	5a77d213edf9a165699655c004bd47c5e07c346a9056856c1922851dcc990c0b	e3b0c44298fc1c149afbf4c8996fb92427ae41e4649b934ca495991b7852b855
examples/hello.slim	1873	0	1692	5a77d213edf9a165699655c004bd47c5e07c346a9056856c1922851dcc990c0b	e3b0c44298fc1c149afbf4c8996fb92427ae41e4649b934ca495991b7852b855
examples/hello.slim	1874	0	1692	5a77d213edf9a165699655c004bd47c5e07c346a9056856c1922851dcc990c0b	e3b0c44298fc1c149afbf4c8996fb92427ae41e4649b934ca495991b7852b855
examples/hello.slim	1875	0	1692	5a77d213edf9a165699655c004bd47c5e07c346a9056856c1922851dcc990c0b	e3b0c44298fc1c149afbf4c8996fb92427ae41e4649b934ca495991b7852b855
examples/hello.slim	1876	0	1692	5a77d213edf9a165699655c004bd47c5e07c346a9056856c1922851dcc990c0b	e3b0c44298fc1c149afbf4c8996fb92427ae41e4649b934ca495991b7852b855
examples/hello.slim	1877	0	1692	5a77d213edf9a165699655c004bd47c5e07c346a9056856c1922851dcc990c0b	e3b0c44298fc1c149afbf4c8996fb92427ae41e4649b934ca495991b7852b855
examples/hello.slim	1878	0	1692	5a77d213edf9a165699655c004bd47c5e07c346a9056856c1922851dcc990c0b	e3b0c44298fc1c149afbf4c8996fb92427ae41e4649b934ca495991b7852b855
examples/hello.slim	1879	0	1692	5a77d213edf9a165699655c004bd47c5e07c346a9056856c1922851dcc990c0b	e3b0c44298fc1c149afbf4c8996fb92427ae41e4649b934ca495991b7852b855
examples/hello.slim	1880	0	1692	5a77d213edf9a165699655c004bd47c5e07c346a9056856c1922851dcc990c0b	e3b0c44298fc1c149afbf4c8996fb92427ae41e4649b934ca495991b7852b855
examples/hello.slim	1881	0	1692	5a77d213edf9a165699655c004bd47c5e07c346a9056856c1922851dcc990c0b	e3b0c44298fc1c149afbf4c8996fb92427ae41e4649b934ca495991b7852b855
examples/hello.slim	1882	0	1692	5a77d213edf9a165699655c004bd47c5e07c346a9056856c1922851dcc990c0b	e3b0c44298fc1c149afbf4c8996fb92427ae41e4649b934ca495991b7852b855
examples/hello.slim	1883	0	1692	5a77d213edf9a165699655c004bd47c5e07c346a9056856c1922851dcc990c0b	e3b0c44298fc1c149afbf4c8996fb92427ae41e4649b934ca495991b7852b855
examples/hello.slim	1884	0	1692	5a77d213edf9a165699655c004bd47c5e07c346a9056856c1922851dcc990c0b	e3b0c44298fc1c149afbf4c8996fb92427ae41e4649b934ca495991b7852b855
examples/hello.slim	1885	0	1692	5a77d213edf9a165699655c004bd47c5e07c346a9056856c1922851dcc990c0b	e3b0c44298fc1c149afbf4c8996fb92427ae41e4649b934ca495991b7852b855
examples/hello.slim	1886	0	1692	5a77d213edf9a165699655c004bd47c5e07c346a9056856c1922851dcc990c0b	e3b0c44298fc1c149afbf4c8996fb92427ae41e4649b934ca495991b7852b855
examples/hello.slim	1887	0	1692	5a77d213edf9a165699655c004bd47c5e07c346a9056856c1922851dcc990c0b	e3b0c44298fc1c149afbf4c8996fb92427ae41e4649b934ca495991b7852b855
examples/hello.slim	1888	0	1692	5a77d213edf9a165699655c004bd47c5e07c346a9056856c1922851dcc990c0b	e3b0c44298fc1c149afbf4c8996fb92427ae41e4649b934ca495991b7852b855
examples/hello.slim	1889	0	1692	5a77d213edf9a165699655c004bd47c5e07c346a9056856c1922851dcc990c0b	e3b0c44298fc1c149afbf4c8996fb92427ae41e4649b934ca495991b7852b855
examples/hello.slim	1890	0	1692	5a77d213edf9a165699655c004bd47c5e07c346a9056856c1922851dcc990c0b	e3b0c44298fc1c149afbf4c8996fb92427ae41e4649b934ca495991b7852b855
examples/hello.slim	1891	0	1692	5a77d213edf9a165699655c004bd47c5e07c346a9056856c1922851dcc990c0b	e3b0c44298fc1c149afbf4c8996fb92427ae41e4649b934ca495991b7852b855
examples/hello.slim	1892	0	1692	5a77d213edf9a165699655c004bd47c5e07c346a9056856c1922851dcc990c0b	e3b0c44298fc1c149afbf4c8996fb92427ae41e4649b934ca495991b7852b855
examples/hello.slim	1893	0	1692	5a77d213edf9a165699655c004bd47c5e07c346a9056856c1922851dcc990c0b	e3b0c44298fc1c149afbf4c8996fb92427ae41e4649b934ca495991b7852b855
examples/hello.slim	1894	0	1692	5a77d213edf9a165699655c004bd47c5e07c346a9056856c1922851dcc990c0b	e3b0c44298fc1c149afbf4c8996fb92427ae41e4649b934ca495991b7852b855
examples/hello.slim	1895	0	1692	5a77d213edf9a165699655c004bd47c5e07c346a9056856c1922851dcc990c0b	e3b0c44298fc1c149afbf4c8996fb92427ae41e4649b934ca495991b7852b855
examples/hello.slim	1896	0	1692	5a77d213edf9a165699655c004bd47c5e07c346a9056856c1922851dcc990c0b	e3b0c44298fc1c149afbf4c8996fb92427ae41e4649b934ca495991b7852b855
examples/hello.slim	1897	0	1692	5a77d213edf9a165699655c004bd47c5e07c346a9056856c1922851dcc990c0b	e3b0c44298fc1c149afbf4c8996fb92427ae41e4649b934ca495991b7852b855
examples/hello.slim	1898	0	1692	5a77d213edf9a165699655c004bd47c5e07c346a9056856c1922851dcc990c0b	e3b0c44298fc1c149afbf4c8996fb92427ae41e4649b934ca495991b7852b855
examples/hello.slim	1899	0	1692	5a77d213edf9a165699655c004bd47c5e07c346a9056856c1922851dcc990c0b	e3b0c44298fc1c149afbf4c8996fb92427ae41e4649b934ca495991b7852b855
examples/hello.slim	1900	0	1692	5a77d213edf9a165699655c004bd47c5e07c346a9056856c1922851dcc990c0b	e3b0c44298fc1c149afbf4c8996fb92427ae41e4649b934ca495991b7852b855
examples/hello.slim	1901	0	1692	5a77d213edf9a165699655c004bd47c5e07c346a9056856c1922851dcc990c0b	e3b0c44298fc1c149afbf4c8996fb92427ae41e4649b934ca495991b7852b855
examples/hello.slim	1902	0	1692	5a77d213edf9a165699655c004bd47c5e07c346a9056856c1922851dcc990c0b	e3b0c44298fc1c149afbf4c8996fb92427ae41e4649b934ca495991b7852b855
examples/hello.slim	1903	0	1692	5a77d213edf9a165699655c004bd47c5e07c346a9056856c1922851dcc990c0b	e3b0c44298fc1c149afbf4c8996fb92427ae41e4649b934ca495991b7852b855
examples/hello.slim	1904	0	1692	5a77d213edf9a165699655c004bd47c5e07c346a9056856c1922851dcc990c0b	e3b0c44298fc1c149afbf4c8996fb92427ae41e4649b934ca495991b7852b855
examples/hello.slim	1905	0	1692	5a77d213edf9a165699655c004bd47c5e07c346a9056856c1922851dcc990c0b	e3b0c44298fc1c149afbf4c8996fb92427ae41e4649b934ca495991b7852b855
examples/hello.slim	1906	0	1692	5a77d213edf9a165699655c004bd47c5e07c346a9056856c1922851dcc990c0b	e3b0c44298fc1c149afbf4c8996fb92427ae41e4649b934ca495991b7852b855
examples/hello.slim	1907	0	1692	5a77d213edf9a165699655c004bd47c5e07c346a9056856c1922851dcc990c0b	e3b0c44298fc1c149afbf4c8996fb92427ae41e4649b934ca495991b7852b855
examples/hello.slim	1908	0	1692	5a77d213edf9a165699655c004bd47c5e07c346a9056856c1922851dcc990c0b	e3b0c44298fc1c149afbf4c8996fb92427ae41e4649b934ca495991b7852b855
examples/hello.slim	1909	0	1692	5a77d213edf9a165699655c004bd47c5e07c346a9056856c1922851dcc990c0b	e3b0c44298fc1c149afbf4c8996fb92427ae41e4649b934ca495991b7852b855
examples/hello.slim	1910	0	1692	5a77d213edf9a165699655c004bd47c5e07c346a9056856c1922851dcc990c0b	e3b0c44298fc1c149afbf4c8996fb92427ae41e4649b934ca495991b7852b855
examples/hello.slim	1911	0	1692	5a77d213edf9a165699655c004bd47c5e07c346a9056856c1922851dcc990c0b	e3b0c44298fc1c149afbf4c8996fb92427ae41e4649b934ca495991b7852b855
examples/hello.slim	1912	0	1692	5a77d213edf9a165699655c004bd47c5e07c346a9056856c1922851dcc990c0b	e3b0c44298fc1c149afbf4c8996fb92427ae41e4649b934ca495991b7852b855
examples/hello.slim	1913	0	1692	5a77d213edf9a165699655c004bd47c5e07c346a9056856c1922851dcc990c0b	e3b0c44298fc1c149afbf4c8996fb92427ae41e4649b934ca495991b7852b855
examples/hello.slim	1914	0	1692	5a77d213edf9a165699655c004bd47c5e07c346a9056856c1922851dcc990c0b	e3b0c44298fc1c149afbf4c8996fb92427ae41e4649b934ca495991b7852b855
examples/hello.slim	1915	0	1692	5a77d213edf9a165699655c004bd47c5e07c346a9056856c1922851dcc990c0b	e3b0c44298fc1c149afbf4c8996fb92427ae41e4649b934ca495991b7852b855
examples/hello.slim	1916	0	1692	5a77d213edf9a165699655c004bd47c5e07c346a9056856c1922851dcc990c0b	e3b0c44298fc1c149afbf4c8996fb92427ae41e4649b934ca495991b7852b855
examples/hello.slim	1917	0	1692	5a77d213edf9a165699655c004bd47c5e07c346a9056856c1922851dcc990c0b	e3b0c44298fc1c149afbf4c8996fb92427ae41e4649b934ca495991b7852b855
examples/hello.slim	1918	0	1692	5a77d213edf9a165699655c004bd47c5e07c346a9056856c1922851dcc990c0b	e3b0c44298fc1c149afbf4c8996fb92427ae41e4649b934ca495991b7852b855
examples/hello.slim	1919	0	1692	5a77d213edf9a165699655c004bd47c5e07c346a9056856c1922851dcc990c0b	e3b0c44298fc1c149afbf4c8996fb92427ae41e4649b934ca495991b7852b855
examples/hello.slim	1920	0	1692	5a77d213edf9a165699655c004bd47c5e07c346a9056856c1922851dcc990c0b	e3b0c44298fc1c149afbf4c8996fb92427ae41e4649b934ca495991b7852b855
examples/hello.slim	1921	0	1692	5a77d213edf9a165699655c004bd47c5e07c346a9056856c1922851dcc990c0b	e3b0c44298fc1c149afbf4c8996fb92427ae41e4649b934ca495991b7852b855
examples/hello.slim	1922	0	1692	5a77d213edf9a165699655c004bd47c5e07c346a9056856c1922851dcc990c0b	e3b0c44298fc1c149afbf4c8996fb92427ae41e4649b934ca495991b7852b855
examples/hello.slim	1923	0	1692	5a77d213edf9a165699655c004bd47c5e07c346a9056856c1922851dcc990c0b	e3b0c44298fc1c149afbf4c8996fb92427ae41e4649b934ca495991b7852b855
examples/hello.slim	1924	0	1692	5a77d213edf9a165699655c004bd47c5e07c346a9056856c1922851dcc990c0b	e3b0c44298fc1c149afbf4c8996fb92427ae41e4649b934ca495991b7852b855
examples/hello.slim	1925	0	1692	5a77d213edf9a165699655c004bd47c5e07c346a9056856c1922851dcc990c0b	e3b0c44298fc1c149afbf4c8996fb92427ae41e4649b934ca495991b7852b855
examples/hello.slim	1926	0	1692	5a77d213edf9a165699655c004bd47c5e07c346a9056856c1922851dcc990c0b	e3b0c44298fc1c149afbf4c8996fb92427ae41e4649b934ca495991b7852b855
examples/hello.slim	1927	0	1692	5a77d213edf9a165699655c004bd47c5e07c346a9056856c1922851dcc990c0b	e3b0c44298fc1c149afbf4c8996fb92427ae41e4649b934ca495991b7852b855
examples/hello.slim	1928	0	1692	5a77d213edf9a165699655c004bd47c5e07c346a9056856c1922851dcc990c0b	e3b0c44298fc1c149afbf4c8996fb92427ae41e4649b934ca495991b7852b855
examples/hello.slim	1929	0	1692	5a77d213edf9a165699655c004bd47c5e07c346a9056856c1922851dcc990c0b	e3b0c44298fc1c149afbf4c8996fb92427ae41e4649b934ca495991b7852b855
examples/hello.slim	1930	0	1692	5a77d213edf9a165699655c004bd47c5e07c346a9056856c1922851dcc990c0b	e3b0c44298fc1c149afbf4c8996fb92427ae41e4649b934ca495991b7852b855
examples/hello.slim	1931	0	1692	5a77d213edf9a165699655c004bd47c5e07c346a9056856c1922851dcc990c0b	e3b0c44298fc1c149afbf4c8996fb92427ae41e4649b934ca495991b7852b855
examples/hello.slim	1932	0	1692	5a77d213edf9a165699655c004bd47c5e07c346a9056856c1922851dcc990c0b	e3b0c44298fc1c149afbf4c8996fb92427ae41e4649b934ca495991b7852b855
examples/hello.slim	1933	0	1692	5a77d213edf9a165699655c004bd47c5e07c346a9056856c1922851dcc990c0b	e3b0c44298fc1c149afbf4c8996fb92427ae41e4649b934ca495991b7852b855
examples/hello.slim	1934	0	1692	5a77d213edf9a165699655c004bd47c5e07c346a9056856c1922851dcc990c0b	e3b0c44298fc1c149afbf4c8996fb92427ae41e4649b934ca495991b7852b855
examples/hello.slim	1935	0	1692	5a77d213edf9a165699655c004bd47c5e07c346a9056856c1922851dcc990c0b	e3b0c44298fc1c149afbf4c8996fb92427ae41e4649b934ca495991b7852b855
examples/hello.slim	1936	0	1692	5a77d213edf9a165699655c004bd47c5e07c346a9056856c1922851dcc990c0b	e3b0c44298fc1c149afbf4c8996fb92427ae41e4649b934ca495991b7852b855
examples/hello.slim	1937	0	1692	5a77d213edf9a165699655c004bd47c5e07c346a9056856c1922851dcc990c0b	e3b0c44298fc1c149afbf4c8996fb92427ae41e4649b934ca495991b7852b855
examples/hello.slim	1938	0	1692	5a77d213edf9a165699655c004bd47c5e07c346a9056856c1922851dcc990c0b	e3b0c44298fc1c149afbf4c8996fb92427ae41e4649b934ca495991b7852b855
examples/hello.slim	1939	0	1692	5a77d213edf9a165699655c004bd47c5e07c346a9056856c1922851dcc990c0b	e3b0c44298fc1c149afbf4c8996fb92427ae41e4649b934ca495991b7852b855
examples/hello.slim	1940	0	1692	5a77d213edf9a165699655c004bd47c5e07c346a9056856c1922851dcc990c0b	e3b0c44298fc1c149afbf4c8996fb92427ae41e4649b934ca495991b7852b855
examples/hello.slim	1941	0	1692	5a77d213edf9a165699655c004bd47c5e07c346a9056856c1922851dcc990c0b	e3b0c44298fc1c149afbf4c8996fb92427ae41e4649b934ca495991b7852b855
examples/hello.slim	1942	0	1692	5a77d213edf9a165699655c004bd47c5e07c346a9056856c1922851dcc990c0b	e3b0c44298fc1c149afbf4c8996fb92427ae41e4649b934ca495991b7852b855
examples/hello.slim	1943	0	1692	5a77d213edf9a165699655c004bd47c5e07c346a9056856c1922851dcc990c0b	e3b0c44298fc1c149afbf4c8996fb92427ae41e4649b934ca495991b7852b855
examples/hello.slim	1944	0	1692	5a77d213edf9a165699655c004bd47c5e07c346a9056856c1922851dcc990c0b	e3b0c44298fc1c149afbf4c8996fb92427ae41e4649b934ca495991b7852b855
examples/hello.slim	1945	0	1692	5a77d213edf9a165699655c004bd47c5e07c346a9056856c1922851dcc990c0b	e3b0c44298fc1c149afbf4c8996fb92427ae41e4649b934ca495991b7852b855
examples/hello.slim	1946	0	1692	5a77d213edf9a165699655c004bd47c5e07c346a9056856c1922851dcc990c0b	e3b0c44298fc1c149afbf4c8996fb92427ae41e4649b934ca495991b7852b855
examples/hello.slim	1947	0	1692	5a77d213edf9a165699655c004bd47c5e07c346a9056856c1922851dcc990c0b	e3b0c44298fc1c149afbf4c8996fb92427ae41e4649b934ca495991b7852b855
examples/hello.slim	1948	0	1692	5a77d213edf9a165699655c004bd47c5e07c346a9056856c1922851dcc990c0b	e3b0c44298fc1c149afbf4c8996fb92427ae41e4649b934ca495991b7852b855
examples/hello.slim	1949	0	1692	5a77d213edf9a165699655c004bd47c5e07c346a9056856c1922851dcc990c0b	e3b0c44298fc1c149afbf4c8996fb92427ae41e4649b934ca495991b7852b855
examples/hello.slim	1950	0	1692	5a77d213edf9a165699655c004bd47c5e07c346a9056856c1922851dcc990c0b	e3b0c44298fc1c149afbf4c8996fb92427ae41e4649b934ca495991b7852b855
examples/hello.slim	1951	0	1692	5a77d213edf9a165699655c004bd47c5e07c346a9056856c1922851dcc990c0b	e3b0c44298fc1c149afbf4c8996fb92427ae41e4649b934ca495991b7852b855
examples/hello.slim	1952	0	1692	5a77d213edf9a165699655c004bd47c5e07c346a9056856c1922851dcc990c0b	e3b0c44298fc1c149afbf4c8996fb92427ae41e4649b934ca495991b7852b855
examples/hello.slim	1953	0	1692	5a77d213edf9a165699655c004bd47c5e07c346a9056856c1922851dcc990c0b	e3b0c44298fc1c149afbf4c8996fb92427ae41e4649b934ca495991b7852b855
examples/hello.slim	1954	0	1692	5a77d213edf9a165699655c004bd47c5e07c346a9056856c1922851dcc990c0b	e3b0c44298fc1c149afbf4c8996fb92427ae41e4649b934ca495991b7852b855
examples/hello.slim	1955	0	1692	5a77d213edf9a165699655c004bd47c5e07c346a9056856c1922851dcc990c0b	e3b0c44298fc1c149afbf4c8996fb92427ae41e4649b934ca495991b7852b855
examples/hello.slim	1956	0	1692	5a77d213edf9a165699655c004bd47c5e07c346a9056856c1922851dcc990c0b	e3b0c44298fc1c149afbf4c8996fb92427ae41e4649b934ca495991b7852b855
examples/hello.slim	1957	0	1692	5a77d213edf9a165699655c004bd47c5e07c346a9056856c1922851dcc990c0b	e3b0c44298fc1c149afbf4c8996fb92427ae41e4649b934ca495991b7852b855
examples/hello.slim	1958	0	1692	5a77d213edf9a165699655c004bd47c5e07c346a9056856c1922851dcc990c0b	e3b0c44298fc1c149afbf4c8996fb92427ae41e4649b934ca495991b7852b855
examples/hello.slim	1959	0	1692	5a77d213edf9a165699655c004bd47c5e07c346a9056856c1922851dcc990c0b	e3b0c44298fc1c149afbf4c8996fb92427ae41e4649b934ca495991b7852b855
examples/hello.slim	1960	0	1692	5a77d213edf9a165699655c004bd47c5e07c346a9056856c1922851dcc990c0b	e3b0c44298fc1c149afbf4c8996fb92427ae41e4649b934ca495991b7852b855
examples/hello.slim	1961	0	1692	5a77d213edf9a165699655c004bd47c5e07c346a9056856c1922851dcc990c0b	e3b0c44298fc1c149afbf4c8996fb92427ae41e4649b934ca495991b7852b855
examples/hello.slim	1962	0	1692	5a77d213edf9a165699655c004bd47c5e07c346a9056856c1922851dcc990c0b	e3b0c44298fc1c149afbf4c8996fb92427ae41e4649b934ca495991b7852b855
examples/hello.slim	1963	0	1692	5a77d213edf9a165699655c004bd47c5e07c346a9056856c1922851dcc990c0b	e3b0c44298fc1c149afbf4c8996fb92427ae41e4649b934ca495991b7852b855
examples/hello.slim	1964	0	1692	5a77d213edf9a165699655c004bd47c5e07c346a9056856c1922851dcc990c0b	e3b0c44298fc1c149afbf4c8996fb92427ae41e4649b934ca495991b7852b855
examples/hello.slim	1965	0	1692	5a77d213edf9a165699655c004bd47c5e07c346a9056856c1922851dcc990c0b	e3b0c44298fc1c149afbf4c8996fb92427ae41e4649b934ca495991b7852b855
examples/hello.slim	1966	0	1692	5a77d213edf9a165699655c004bd47c5e07c346a9056856c1922851dcc990c0b	e3b0c44298fc1c149afbf4c8996fb92427ae41e4649b934ca495991b7852b855
examples/hello.slim	1967	0	1692	5a77d213edf9a165699655c004bd47c5e07c346a9056856c1922851dcc990c0b	e3b0c44298fc1c149afbf4c8996fb92427ae41e4649b934ca495991b7852b855
examples/hello.slim	1968	0	1692	5a77d213edf9a165699655c004bd47c5e07c346a9056856c1922851dcc990c0b	e3b0c44298fc1c149afbf4c8996fb92427ae41e4649b934ca495991b7852b855
examples/hello.slim	1969	0	1692	5a77d213edf9a165699655c004bd47c5e07c346a9056856c1922851dcc990c0b	e3b0c44298fc1c149afbf4c8996fb92427ae41e4649b934ca495991b7852b855
examples/hello.slim	1970	0	1692	5a77d213edf9a165699655c004bd47c5e07c346a9056856c1922851dcc990c0b	e3b0c44298fc1c149afbf4c8996fb92427ae41e4649b934ca495991b7852b855
examples/hello.slim	1971	0	1692	5a77d213edf9a165699655c004bd47c5e07c346a9056856c1922851dcc990c0b	e3b0c44298fc1c149afbf4c8996fb92427ae41e4649b934ca495991b7852b855
examples/hello.slim	1972	0	1692	5a77d213edf9a165699655c004bd47c5e07c346a9056856c1922851dcc990c0b	e3b0c44298fc1c149afbf4c8996fb92427ae41e4649b934ca495991b7852b855
examples/hello.slim	1973	0	1692	5a77d213edf9a165699655c004bd47c5e07c346a9056856c1922851dcc990c0b	e3b0c44298fc1c149afbf4c8996fb92427ae41e4649b934ca495991b7852b855
examples/hello.slim	1974	0	1692	5a77d213edf9a165699655c004bd47c5e07c346a9056856c1922851dcc990c0b	e3b0c44298fc1c149afbf4c8996fb92427ae41e4649b934ca495991b7852b855
examples/hello.slim	1975	0	1692	5a77d213edf9a165699655c004bd47c5e07c346a9056856c1922851dcc990c0b	e3b0c44298fc1c149afbf4c8996fb92427ae41e4649b934ca495991b7852b855
examples/hello.slim	1976	0	1692	5a77d213edf9a165699655c004bd47c5e07c346a9056856c1922851dcc990c0b	e3b0c44298fc1c149afbf4c8996fb92427ae41e4649b934ca495991b7852b855
examples/hello.slim	1977	0	1692	5a77d213edf9a165699655c004bd47c5e07c346a9056856c1922851dcc990c0b	e3b0c44298fc1c149afbf4c8996fb92427ae41e4649b934ca495991b7852b855
examples/hello.slim	1978	0	1692	5a77d213edf9a165699655c004bd47c5e07c346a9056856c1922851dcc990c0b	e3b0c44298fc1c149afbf4c8996fb92427ae41e4649b934ca495991b7852b855
examples/hello.slim	1979	0	1692	5a77d213edf9a165699655c004bd47c5e07c346a9056856c1922851dcc990c0b	e3b0c44298fc1c149afbf4c8996fb92427ae41e4649b934ca495991b7852b855
examples/hello.slim	1980	0	1692	5a77d213edf9a165699655c004bd47c5e07c346a9056856c1922851dcc990c0b	e3b0c44298fc1c149afbf4c8996fb92427ae41e4649b934ca495991b7852b855
examples/hello.slim	1981	0	1692	5a77d213edf9a165699655c004bd47c5e07c346a9056856c1922851dcc990c0b	e3b0c44298fc1c149afbf4c8996fb92427ae41e4649b934ca495991b7852b855
examples/hello.slim	1982	0	1692	5a77d213edf9a165699655c004bd47c5e07c346a9056856c1922851dcc990c0b	e3b0c44298fc1c149afbf4c8996fb92427ae41e4649b934ca495991b7852b855
examples/hello.slim	1983	0	1692	5a77d213edf9a165699655c004bd47c5e07c346a9056856c1922851dcc990c0b	e3b0c44298fc1c149afbf4c8996fb92427ae41e4649b934ca495991b7852b855
examples/hello.slim	1984	0	1692	5a77d213edf9a165699655c004bd47c5e07c346a9056856c1922851dcc990c0b	e3b0c44298fc1c149afbf4c8996fb92427ae41e4649b934ca495991b7852b855
examples/hello.slim	1985	0	1692	5a77d213edf9a165699655c004bd47c5e07c346a9056856c1922851dcc990c0b	e3b0c44298fc1c149afbf4c8996fb92427ae41e4649b934ca495991b7852b855
examples/hello.slim	1986	0	1692	5a77d213edf9a165699655c004bd47c5e07c346a9056856c1922851dcc990c0b	e3b0c44298fc1c149afbf4c8996fb92427ae41e4649b934ca495991b7852b855
examples/hello.slim	1987	0	1692	5a77d213edf9a165699655c004bd47c5e07c346a9056856c1922851dcc990c0b	e3b0c44298fc1c149afbf4c8996fb92427ae41e4649b934ca495991b7852b855
examples/hello.slim	1988	0	1692	5a77d213edf9a165699655c004bd47c5e07c346a9056856c1922851dcc990c0b	e3b0c44298fc1c149afbf4c8996fb92427ae41e4649b934ca495991b7852b855
examples/hello.slim	1989	0	1692	5a77d213edf9a165699655c004bd47c5e07c346a9056856c1922851dcc990c0b	e3b0c44298fc1c149afbf4c8996fb92427ae41e4649b934ca495991b7852b855
examples/hello.slim	1990	0	1692	5a77d213edf9a165699655c004bd47c5e07c346a9056856c1922851dcc990c0b	e3b0c44298fc1c149afbf4c8996fb92427ae41e4649b934ca495991b7852b855
examples/hello.slim	1991	0	1692	5a77d213edf9a165699655c004bd47c5e07c346a9056856c1922851dcc990c0b	e3b0c44298fc1c149afbf4c8996fb92427ae41e4649b934ca495991b7852b855
examples/hello.slim	1992	0	1692	5a77d213edf9a165699655c004bd47c5e07c346a9056856c1922851dcc990c0b	e3b0c44298fc1c149afbf4c8996fb92427ae41e4649b934ca495991b7852b855
examples/hello.slim	1993	0	1692	5a77d213edf9a165699655c004bd47c5e07c346a9056856c1922851dcc990c0b	e3b0c44298fc1c149afbf4c8996fb92427ae41e4649b934ca495991b7852b855
examples/hello.slim	1994	0	1692	5a77d213edf9a165699655c004bd47c5e07c346a9056856c1922851dcc990c0b	e3b0c44298fc1c149afbf4c8996fb92427ae41e4649b934ca495991b7852b855
examples/hello.slim	1995	0	1692	5a77d213edf9a165699655c004bd47c5e07c346a9056856c1922851dcc990c0b	e3b0c44298fc1c149afbf4c8996fb92427ae41e4649b934ca495991b7852b855
examples/hello.slim	1996	0	1692	5a77d213edf9a165699655c004bd47c5e07c346a9056856c1922851dcc990c0b	e3b0c44298fc1c149afbf4c8996fb92427ae41e4649b934ca495991b7852b855
examples/hello.slim	1997	0	1692	5a77d213edf9a165699655c004bd47c5e07c346a9056856c1922851dcc990c0b	e3b0c44298fc1c149afbf4c8996fb92427ae41e4649b934ca495991b7852b855
examples/hello.slim	1998	0	1692	5a77d213edf9a165699655c004bd47c5e07c346a9056856c1922851dcc990c0b	e3b0c44298fc1c149afbf4c8996fb92427ae41e4649b934ca495991b7852b855
examples/hello.slim	1999	0	1692	5a77d213edf9a165699655c004bd47c5e07c346a9056856c1922851dcc990c0b	e3b0c44298fc1c149afbf4c8996fb92427ae41e4649b934ca495991b7852b855
examples/hello.slim	2000	0	1692	5a77d213edf9a165699655c004bd47c5e07c346a9056856c1922851dcc990c0b	e3b0c44298fc1c149afbf4c8996fb92427ae41e4649b934ca495991b7852b855
examples/hello.slim	2001	0	1692	5a77d213edf9a165699655c004bd47c5e07c346a9056856c1922851dcc990c0b	e3b0c44298fc1c149afbf4c8996fb92427ae41e4649b934ca495991b7852b855
examples/hello.slim	2002	0	1692	5a77d213edf9a165699655c004bd47c5e07c346a9056856c1922851dcc990c0b	e3b0c44298fc1c149afbf4c8996fb92427ae41e4649b934ca495991b7852b855
examples/hello.slim	2003	0	1692	5a77d213edf9a165699655c004bd47c5e07c346a9056856c1922851dcc990c0b	e3b0c44298fc1c149afbf4c8996fb92427ae41e4649b934ca495991b7852b855
examples/hello.slim	2004	0	1692	5a77d213edf9a165699655c004bd47c5e07c346a9056856c1922851dcc990c0b	e3b0c44298fc1c149afbf4c8996fb92427ae41e4649b934ca495991b7852b855
examples/hello.slim	2005	0	1692	5a77d213edf9a165699655c004bd47c5e07c346a9056856c1922851dcc990c0b	e3b0c44298fc1c149afbf4c8996fb92427ae41e4649b934ca495991b7852b855
examples/hello.slim	2006	0	1692	5a77d213edf9a165699655c004bd47c5e07c346a9056856c1922851dcc990c0b	e3b0c44298fc1c149afbf4c8996fb92427ae41e4649b934ca495991b7852b855
examples/hello.slim	2007	0	1692	5a77d213edf9a165699655c004bd47c5e07c346a9056856c1922851dcc990c0b	e3b0c44298fc1c149afbf4c8996fb92427ae41e4649b934ca495991b7852b855
examples/hello.slim	2008	0	1692	5a77d213edf9a165699655c004bd47c5e07c346a9056856c1922851dcc990c0b	e3b0c44298fc1c149afbf4c8996fb92427ae41e4649b934ca495991b7852b855
examples/hello.slim	2009	0	1692	5a77d213edf9a165699655c004bd47c5e07c346a9056856c1922851dcc990c0b	e3b0c44298fc1c149afbf4c8996fb92427ae41e4649b934ca495991b7852b855
examples/hello.slim	2010	0	1692	5a77d213edf9a165699655c004bd47c5e07c346a9056856c1922851dcc990c0b	e3b0c44298fc1c149afbf4c8996fb92427ae41e4649b934ca495991b7852b855
examples/hello.slim	2011	0	1692	5a77d213edf9a165699655c004bd47c5e07c346a9056856c1922851dcc990c0b	e3b0c44298fc1c149afbf4c8996fb92427ae41e4649b934ca495991b7852b855
examples/hello.slim	2012	0	1692	5a77d213edf9a165699655c004bd47c5e07c346a9056856c1922851dcc990c0b	e3b0c44298fc1c149afbf4c8996fb92427ae41e4649b934ca495991b7852b855
examples/hello.slim	2013	0	1692	5a77d213edf9a165699655c004bd47c5e07c346a9056856c1922851dcc990c0b	e3b0c44298fc1c149afbf4c8996fb92427ae41e4649b934ca495991b7852b855
examples/hello.slim	2014	0	1692	5a77d213edf9a165699655c004bd47c5e07c346a9056856c1922851dcc990c0b	e3b0c44298fc1c149afbf4c8996fb92427ae41e4649b934ca495991b7852b855
examples/hello.slim	2015	0	1692	5a77d213edf9a165699655c004bd47c5e07c346a9056856c1922851dcc990c0b	e3b0c44298fc1c149afbf4c8996fb92427ae41e4649b934ca495991b7852b855
examples/hello.slim	2016	0	1692	5a77d213edf9a165699655c004bd47c5e07c346a9056856c1922851dcc990c0b	e3b0c44298fc1c149afbf4c8996fb92427ae41e4649b934ca495991b7852b855
examples/hello.slim	2017	0	1692	5a77d213edf9a165699655c004bd47c5e07c346a9056856c1922851dcc990c0b	e3b0c44298fc1c149afbf4c8996fb92427ae41e4649b934ca495991b7852b855
examples/hello.slim	2018	0	1692	5a77d213edf9a165699655c004bd47c5e07c346a9056856c1922851dcc990c0b	e3b0c44298fc1c149afbf4c8996fb92427ae41e4649b934ca495991b7852b855
examples/hello.slim	2019	0	1692	5a77d213edf9a165699655c004bd47c5e07c346a9056856c1922851dcc990c0b	e3b0c44298fc1c149afbf4c8996fb92427ae41e4649b934ca495991b7852b855
examples/hello.slim	2020	0	1692	5a77d213edf9a165699655c004bd47c5e07c346a9056856c1922851dcc990c0b	e3b0c44298fc1c149afbf4c8996fb92427ae41e4649b934ca495991b7852b855
examples/hello.slim	2021	0	1692	5a77d213edf9a165699655c004bd47c5e07c346a9056856c1922851dcc990c0b	e3b0c44298fc1c149afbf4c8996fb92427ae41e4649b934ca495991b7852b855
examples/hello.slim	2022	0	1692	5a77d213edf9a165699655c004bd47c5e07c346a9056856c1922851dcc990c0b	e3b0c44298fc1c149afbf4c8996fb92427ae41e4649b934ca495991b7852b855
examples/hello.slim	2023	0	1692	5a77d213edf9a165699655c004bd47c5e07c346a9056856c1922851dcc990c0b	e3b0c44298fc1c149afbf4c8996fb92427ae41e4649b934ca495991b7852b855
examples/hello.slim	2024	0	1692	5a77d213edf9a165699655c004bd47c5e07c346a9056856c1922851dcc990c0b	e3b0c44298fc1c149afbf4c8996fb92427ae41e4649b934ca495991b7852b855
examples/hello.slim	2025	0	1692	5a77d213edf9a165699655c004bd47c5e07c346a9056856c1922851dcc990c0b	e3b0c44298fc1c149afbf4c8996fb92427ae41e4649b934ca495991b7852b855
examples/hello.slim	2026	0	1692	5a77d213edf9a165699655c004bd47c5e07c346a9056856c1922851dcc990c0b	e3b0c44298fc1c149afbf4c8996fb92427ae41e4649b934ca495991b7852b855
examples/hello.slim	2027	0	1692	5a77d213edf9a165699655c004bd47c5e07c346a9056856c1922851dcc990c0b	e3b0c44298fc1c149afbf4c8996fb92427ae41e4649b934ca495991b7852b855
examples/hello.slim	2028	0	1692	5a77d213edf9a165699655c004bd47c5e07c346a9056856c1922851dcc990c0b	e3b0c44298fc1c149afbf4c8996fb92427ae41e4649b934ca495991b7852b855
examples/hello.slim	2029	0	1692	5a77d213edf9a165699655c004bd47c5e07c346a9056856c1922851dcc990c0b	e3b0c44298fc1c149afbf4c8996fb92427ae41e4649b934ca495991b7852b855
examples/hello.slim	2030	0	1692	5a77d213edf9a165699655c004bd47c5e07c346a9056856c1922851dcc990c0b	e3b0c44298fc1c149afbf4c8996fb92427ae41e4649b934ca495991b7852b855
examples/hello.slim	2031	0	1692	5a77d213edf9a165699655c004bd47c5e07c346a9056856c1922851dcc990c0b	e3b0c44298fc1c149afbf4c8996fb92427ae41e4649b934ca495991b7852b855
examples/hello.slim	2032	0	1692	5a77d213edf9a165699655c004bd47c5e07c346a9056856c1922851dcc990c0b	e3b0c44298fc1c149afbf4c8996fb92427ae41e4649b934ca495991b7852b855
examples/hello.slim	2033	0	1692	5a77d213edf9a165699655c004bd47c5e07c346a9056856c1922851dcc990c0b	e3b0c44298fc1c149afbf4c8996fb92427ae41e4649b934ca495991b7852b855
examples/hello.slim	2034	0	1692	5a77d213edf9a165699655c004bd47c5e07c346a9056856c1922851dcc990c0b	e3b0c44298fc1c149afbf4c8996fb92427ae41e4649b934ca495991b7852b855
examples/hello.slim	2035	0	1692	5a77d213edf9a165699655c004bd47c5e07c346a9056856c1922851dcc990c0b	e3b0c44298fc1c149afbf4c8996fb92427ae41e4649b934ca495991b7852b855
examples/hello.slim	2036	0	1692	5a77d213edf9a165699655c004bd47c5e07c346a9056856c1922851dcc990c0b	e3b0c44298fc1c149afbf4c8996fb92427ae41e4649b934ca495991b7852b855
examples/hello.slim	2037	0	1692	5a77d213edf9a165699655c004bd47c5e07c346a9056856c1922851dcc990c0b	e3b0c44298fc1c149afbf4c8996fb92427ae41e4649b934ca495991b7852b855
examples/hello.slim	2038	0	1692	5a77d213edf9a165699655c004bd47c5e07c346a9056856c1922851dcc990c0b	e3b0c44298fc1c149afbf4c8996fb92427ae41e4649b934ca495991b7852b855
examples/hello.slim	2039	0	1692	5a77d213edf9a165699655c004bd47c5e07c346a9056856c1922851dcc990c0b	e3b0c44298fc1c149afbf4c8996fb92427ae41e4649b934ca495991b7852b855
examples/hello.slim	2040	0	1692	5a77d213edf9a165699655c004bd47c5e07c346a9056856c1922851dcc990c0b	e3b0c44298fc1c149afbf4c8996fb92427ae41e4649b934ca495991b7852b855
examples/hello.slim	2041	0	1692	5a77d213edf9a165699655c004bd47c5e07c346a9056856c1922851dcc990c0b	e3b0c44298fc1c149afbf4c8996fb92427ae41e4649b934ca495991b7852b855
examples/hello.slim	2042	0	1692	5a77d213edf9a165699655c004bd47c5e07c346a9056856c1922851dcc990c0b	e3b0c44298fc1c149afbf4c8996fb92427ae41e4649b934ca495991b7852b855
examples/hello.slim	2043	0	1692	5a77d213edf9a165699655c004bd47c5e07c346a9056856c1922851dcc990c0b	e3b0c44298fc1c149afbf4c8996fb92427ae41e4649b934ca495991b7852b855
examples/hello.slim	2044	0	1692	5a77d213edf9a165699655c004bd47c5e07c346a9056856c1922851dcc990c0b	e3b0c44298fc1c149afbf4c8996fb92427ae41e4649b934ca495991b7852b855
examples/hello.slim	2045	0	1692	5a77d213edf9a165699655c004bd47c5e07c346a9056856c1922851dcc990c0b	e3b0c44298fc1c149afbf4c8996fb92427ae41e4649b934ca495991b7852b855
examples/hello.slim	2046	0	1692	5a77d213edf9a165699655c004bd47c5e07c346a9056856c1922851dcc990c0b	e3b0c44298fc1c149afbf4c8996fb92427ae41e4649b934ca495991b7852b855
examples/hello.slim	2047	0	1692	5a77d213edf9a165699655c004bd47c5e07c346a9056856c1922851dcc990c0b	e3b0c44298fc1c149afbf4c8996fb92427ae41e4649b934ca495991b7852b855
examples/hello.slim	2048	0	1692	5a77d213edf9a165699655c004bd47c5e07c346a9056856c1922851dcc990c0b	e3b0c44298fc1c149afbf4c8996fb92427ae41e4649b934ca495991b7852b855
tests/fixtures/stable_codegen.slim	1	71	0	e3b0c44298fc1c149afbf4c8996fb92427ae41e4649b934ca495991b7852b855	a40fdbf7c96fc5bd0a4c9c446b11f2975d5cf26f5a5c2ffc39d450e5fac9ca58
tests/fixtures/stable_codegen.slim	2	71	0	e3b0c44298fc1c149afbf4c8996fb92427ae41e4649b934ca495991b7852b855	c1eed534f0fb947e264297929c6c8f5668d17383cdd0e5a72dea5757ca14edc6
tests/fixtures/stable_codegen.slim	3	71	0	e3b0c44298fc1c149afbf4c8996fb92427ae41e4649b934ca495991b7852b855	d9384f5d6bcf9f5af242b3a3e8efa3eea3378708e83abf0965494f9054ff23f6
tests/fixtures/stable_codegen.slim	4	71	0	e3b0c44298fc1c149afbf4c8996fb92427ae41e4649b934ca495991b7852b855	3875bd90627ed855c5c17cc5ea26167c00f0972db4c721f691467297dc0dd5e7
tests/fixtures/stable_codegen.slim	5	71	0	e3b0c44298fc1c149afbf4c8996fb92427ae41e4649b934ca495991b7852b855	113bb9f17d0d9e9052872d2f92be065627fa0df12f054cb0e0cbd3bd8f69b4d3
tests/fixtures/stable_codegen.slim	6	71	0	e3b0c44298fc1c149afbf4c8996fb92427ae41e4649b934ca495991b7852b855	7f974964061894b856b19aecbb7d77c29cbc49a336b151881b80d1f15b7c1ff4
tests/fixtures/stable_codegen.slim	7	71	0	e3b0c44298fc1c149afbf4c8996fb92427ae41e4649b934ca495991b7852b855	dc239a703767852665270a87bfc7ac6d423fc071758c921430a514b794f61af1
tests/fixtures/stable_codegen.slim	8	71	0	e3b0c44298fc1c149afbf4c8996fb92427ae41e4649b934ca495991b7852b855	2db2428f1380dd5a4785fd16c6c0c555791ad686875a3d4117453bade7df3f20
tests/fixtures/stable_codegen.slim	9	71	0	e3b0c44298fc1c149afbf4c8996fb92427ae41e4649b934ca495991b7852b855	97185d804ecab3e391977235f7b3785647902d9d075f6acd5a545af809e626fd
tests/fixtures/stable_codegen.slim	10	71	0	e3b0c44298fc1c149afbf4c8996fb92427ae41e4649b934ca495991b7852b855	8dd3574fc94bab362fdbecdbcd79f46332a590a270c69640595caa1af648f2ed
tests/fixtures/stable_codegen.slim	11	71	0	e3b0c44298fc1c149afbf4c8996fb92427ae41e4649b934ca495991b7852b855	3aafd0742c695ab39bce4efb3ac669436a8024cd0c6a7b983a3285a7e33e9de2
tests/fixtures/stable_codegen.slim	12	71	0	e3b0c44298fc1c149afbf4c8996fb92427ae41e4649b934ca495991b7852b855	eb19763fa7c9de59d5f2f2dadd78e04f57736ca54174aedec8300accfbaf0bb2
tests/fixtures/stable_codegen.slim	13	71	0	e3b0c44298fc1c149afbf4c8996fb92427ae41e4649b934ca495991b7852b855	ce215d0e5de993a777827843e049f71cab13b0fecbc58998a6e9257df6940088
tests/fixtures/stable_codegen.slim	14	71	0	e3b0c44298fc1c149afbf4c8996fb92427ae41e4649b934ca495991b7852b855	bd8bb0a30fa7bafdca2e118377a5d7d68c25aead7d4d9855d2ad2e20e864d1bb
tests/fixtures/stable_codegen.slim	15	71	0	e3b0c44298fc1c149afbf4c8996fb92427ae41e4649b934ca495991b7852b855	709492f2a68dfa444d1a14b1dd25ee700472ff5a64d0ff29398b0016d671f6cf
tests/fixtures/stable_codegen.slim	16	71	0	e3b0c44298fc1c149afbf4c8996fb92427ae41e4649b934ca495991b7852b855	29dc4e6acfa117a4106142788e10c4275cd4941b42c7d174924962dbf03ec260
tests/fixtures/stable_codegen.slim	17	71	0	e3b0c44298fc1c149afbf4c8996fb92427ae41e4649b934ca495991b7852b855	e352603376f86ef17efb021294d23d248d75863218f1b9c761eea1599388421e
tests/fixtures/stable_codegen.slim	18	71	0	e3b0c44298fc1c149afbf4c8996fb92427ae41e4649b934ca495991b7852b855	d0629d24d423262e57090f4591b09e2c5232fc7746da05a0fb7217addb0df98d
tests/fixtures/stable_codegen.slim	19	71	0	e3b0c44298fc1c149afbf4c8996fb92427ae41e4649b934ca495991b7852b855	a6a515314617f9ee12462560a3e498bc06cd300dfe729f9dff0760743227b6c4
tests/fixtures/stable_codegen.slim	20	71	0	e3b0c44298fc1c149afbf4c8996fb92427ae41e4649b934ca495991b7852b855	0d83d0a9b39a7ca84f42c9332c419fc51ae845f384b9eb5069e64759d1892291
tests/fixtures/stable_codegen.slim	21	71	0	e3b0c44298fc1c149afbf4c8996fb92427ae41e4649b934ca495991b7852b855	379e74c59489e803a6ebf5bc2f4544298d96d160a82213d7a923775b2b7ad09d
tests/fixtures/stable_codegen.slim	22	71	0	e3b0c44298fc1c149afbf4c8996fb92427ae41e4649b934ca495991b7852b855	19dbe3e1e7b841846dd9505e380a143a2c7bbdbc85c046d33d8cddf6ba000e93
tests/fixtures/stable_codegen.slim	23	71	0	e3b0c44298fc1c149afbf4c8996fb92427ae41e4649b934ca495991b7852b855	5502f2605f249eb6858ff22837c865b8b3d7d86119365facbfabceffc86d18cc
tests/fixtures/stable_codegen.slim	24	71	0	e3b0c44298fc1c149afbf4c8996fb92427ae41e4649b934ca495991b7852b855	1c029199a743cc820340f54b7cbb8b989afd1579caef649eb60d54c9c2cb4240
tests/fixtures/stable_codegen.slim	25	71	0	e3b0c44298fc1c149afbf4c8996fb92427ae41e4649b934ca495991b7852b855	c3189991a6933e68bbddd0bd1a93535609c534b69775eff67a1280bae4978a27
tests/fixtures/stable_codegen.slim	26	71	0	e3b0c44298fc1c149afbf4c8996fb92427ae41e4649b934ca495991b7852b855	6b66bb7795c8494ce66234d0beccfa3aa1b6c39a7ba721fc1e8a0c784abdf119
tests/fixtures/stable_codegen.slim	27	71	0	e3b0c44298fc1c149afbf4c8996fb92427ae41e4649b934ca495991b7852b855	8c2ab3c295ef543a01ccba849df028355f7e24313e1964b0658521ab6e01c2e7
tests/fixtures/stable_codegen.slim	28	71	0	e3b0c44298fc1c149afbf4c8996fb92427ae41e4649b934ca495991b7852b855	423096b3ea011253692d40812cfb54a26c59e281336a5d63433bb508a08ef46e
tests/fixtures/stable_codegen.slim	29	71	0	e3b0c44298fc1c149afbf4c8996fb92427ae41e4649b934ca495991b7852b855	80ec563d0793e5ee069d6c452374ceb5e522bbd8ff6b4ea01407fa1d188af173
tests/fixtures/stable_codegen.slim	30	71	0	e3b0c44298fc1c149afbf4c8996fb92427ae41e4649b934ca495991b7852b855	e173c9b4b835483d1864378a9476023dc6d5b128db9f5746c945c0f4bfe200ad
tests/fixtures/stable_codegen.slim	31	71	0	e3b0c44298fc1c149afbf4c8996fb92427ae41e4649b934ca495991b7852b855	dbd858c0ff135d6ff11ee6c6fc236235076a1303f3ac0845f23e63833b6134d6
tests/fixtures/stable_codegen.slim	32	71	0	e3b0c44298fc1c149afbf4c8996fb92427ae41e4649b934ca495991b7852b855	bfeea1177fd08aede26df44820adedd9aafeda75efaf4587dd8b1034f093ebd9
tests/fixtures/stable_codegen.slim	33	71	0	e3b0c44298fc1c149afbf4c8996fb92427ae41e4649b934ca495991b7852b855	c01d4c5ac58f1962ca975f87e0b1e18eb4fbc5066115f2fa13df211c75f033c7
tests/fixtures/stable_codegen.slim	34	71	0	e3b0c44298fc1c149afbf4c8996fb92427ae41e4649b934ca495991b7852b855	66577105965b4366fa3bc0f3357fe3452bd50c2e91df13923bed559df9f0b0c8
tests/fixtures/stable_codegen.slim	35	71	0	e3b0c44298fc1c149afbf4c8996fb92427ae41e4649b934ca495991b7852b855	32ce41ea6f0f7d8e19a35966fe3f3068d61183e41e70a6fd6b46368f5ced817b
tests/fixtures/stable_codegen.slim	36	71	0	e3b0c44298fc1c149afbf4c8996fb92427ae41e4649b934ca495991b7852b855	82a2ab59c5cc864f17906b81ed46d8c95a997a86b6371fcc504ba1d358b3ae5a
tests/fixtures/stable_codegen.slim	37	71	0	e3b0c44298fc1c149afbf4c8996fb92427ae41e4649b934ca495991b7852b855	9e08aeb1da5ff592bd4141ffb5d4b415bd6e00ef354f97483a65d92c798e48b4
tests/fixtures/stable_codegen.slim	38	71	0	e3b0c44298fc1c149afbf4c8996fb92427ae41e4649b934ca495991b7852b855	66c3893b63c8e554a481ee664a6120cc6682a09c890c523768dcf82bf1f90f94
tests/fixtures/stable_codegen.slim	39	71	0	e3b0c44298fc1c149afbf4c8996fb92427ae41e4649b934ca495991b7852b855	f69ef26d73e9659f6532b66b3b80bc2956cdcbd3af59189a1b0a5306ba40747a
tests/fixtures/stable_codegen.slim	40	71	0	e3b0c44298fc1c149afbf4c8996fb92427ae41e4649b934ca495991b7852b855	a754f8a97d58a9092ad75c73a25a4b4c39ba6c885830b29ff9535eda6f456268
tests/fixtures/stable_codegen.slim	41	71	0	e3b0c44298fc1c149afbf4c8996fb92427ae41e4649b934ca495991b7852b855	42a4eacfc040fe1a549f81d5f3e5a30886803e4616bb4165fb959e9aa9138256
tests/fixtures/stable_codegen.slim	42	71	0	e3b0c44298fc1c149afbf4c8996fb92427ae41e4649b934ca495991b7852b855	fdcb59878c64d4422ced949554025e7ce091624c6ff030fdbec48a4a0c036d8a
tests/fixtures/stable_codegen.slim	43	71	0	e3b0c44298fc1c149afbf4c8996fb92427ae41e4649b934ca495991b7852b855	b2696f41787f9efd6688c165a3c0c0b05cb33947a31cf171e6a97d1785abdb00
tests/fixtures/stable_codegen.slim	44	71	0	e3b0c44298fc1c149afbf4c8996fb92427ae41e4649b934ca495991b7852b855	dcb61d9f415173a158e58dfc0f4d4e12ffc0594c153e47a7eaa9653a279d6105
tests/fixtures/stable_codegen.slim	45	71	0	e3b0c44298fc1c149afbf4c8996fb92427ae41e4649b934ca495991b7852b855	a4cfc184af230085a63404dab0e22d19cf1c16fb7953e0371d1660b8fa429bbc
tests/fixtures/stable_codegen.slim	46	71	0	e3b0c44298fc1c149afbf4c8996fb92427ae41e4649b934ca495991b7852b855	9a07919762ab3e52c5677e7194d886d7d28371d7fd1e60d5c4296065142f6870
tests/fixtures/stable_codegen.slim	47	71	0	e3b0c44298fc1c149afbf4c8996fb92427ae41e4649b934ca495991b7852b855	528b342c8133631d5f5d5a448314e66699b40d157f92472b9aee9101728e549c
tests/fixtures/stable_codegen.slim	48	71	0	e3b0c44298fc1c149afbf4c8996fb92427ae41e4649b934ca495991b7852b855	f32286aaf8641435a7bfeac25232d4f95eb63256d738cbcd92240ec5c44ce1d2
tests/fixtures/stable_codegen.slim	49	71	0	e3b0c44298fc1c149afbf4c8996fb92427ae41e4649b934ca495991b7852b855	077c200d2ea5f47ac2aae56d0953b9ea083b1d9b547d69818d2e00d25a76824d
tests/fixtures/stable_codegen.slim	50	71	0	e3b0c44298fc1c149afbf4c8996fb92427ae41e4649b934ca495991b7852b855	396887afe8c5c1e22a2ce4a7113b31a0249e7d00cacd766c087796389a06ae8f
tests/fixtures/stable_codegen.slim	51	71	0	e3b0c44298fc1c149afbf4c8996fb92427ae41e4649b934ca495991b7852b855	0ca77d66f410a409e16ccef8684f402a4fa7d883499ca2e28b56c10117833ddf
tests/fixtures/stable_codegen.slim	52	71	0	e3b0c44298fc1c149afbf4c8996fb92427ae41e4649b934ca495991b7852b855	e29a5a4988baa10d27b519ef8264c162f7070f399bbbfc293435ba61a0e9251d
tests/fixtures/stable_codegen.slim	53	71	0	e3b0c44298fc1c149afbf4c8996fb92427ae41e4649b934ca495991b7852b855	cd37a8f3ff271bfcce6497ec44f8c1e3c9fdc5c3bc644f85c0b0bc8c2bcaa4c5
tests/fixtures/stable_codegen.slim	54	71	0	e3b0c44298fc1c149afbf4c8996fb92427ae41e4649b934ca495991b7852b855	59574aa6db0507cc3dfb88b55e1de3ae4b88d0966894936e1ae2e026ecadfefb
tests/fixtures/stable_codegen.slim	55	71	0	e3b0c44298fc1c149afbf4c8996fb92427ae41e4649b934ca495991b7852b855	89ee3cd5a5a5023780cd3c97030de1b42dad8dae848e09de7686ebe84eacb379
tests/fixtures/stable_codegen.slim	56	71	0	e3b0c44298fc1c149afbf4c8996fb92427ae41e4649b934ca495991b7852b855	7a1c852958946b594a8cc3acf2ef1db54ac902d8cc44d0b6fc58be57e2d3b077
tests/fixtures/stable_codegen.slim	57	71	0	e3b0c44298fc1c149afbf4c8996fb92427ae41e4649b934ca495991b7852b855	856174d323ae7d8ab62de7785e4d6a872ef09fb9522f0120a4cac4f079cafae3
tests/fixtures/stable_codegen.slim	58	71	0	e3b0c44298fc1c149afbf4c8996fb92427ae41e4649b934ca495991b7852b855	e700b960acf582c6084521c23f74a5a0479202ccc4f04594b2c17b290610bef9
tests/fixtures/stable_codegen.slim	59	71	0	e3b0c44298fc1c149afbf4c8996fb92427ae41e4649b934ca495991b7852b855	3a8bffadb10c72a33b5cccbb2db5ee144f6eb9a0191ced73f28a03d836695cbb
tests/fixtures/stable_codegen.slim	60	71	0	e3b0c44298fc1c149afbf4c8996fb92427ae41e4649b934ca495991b7852b855	c0bc445abf2c2243161b6a54078eb0b9c5c0e6120954665d086354812ce36f54
tests/fixtures/stable_codegen.slim	61	71	0	e3b0c44298fc1c149afbf4c8996fb92427ae41e4649b934ca495991b7852b855	efbaa8982d6105926c2210eec1e05c27f377948271cac8374469d09672370069
tests/fixtures/stable_codegen.slim	62	71	0	e3b0c44298fc1c149afbf4c8996fb92427ae41e4649b934ca495991b7852b855	fcb0cb77c0c401fe188e23486aa3d1c71ce8f1f47ce621d1eecc0af5414c2bf8
tests/fixtures/stable_codegen.slim	63	71	0	e3b0c44298fc1c149afbf4c8996fb92427ae41e4649b934ca495991b7852b855	dae91481f5aaa03102752847f44ea70d1b9c6c27aea6162efc2eb45b103f618b
tests/fixtures/stable_codegen.slim	64	71	0	e3b0c44298fc1c149afbf4c8996fb92427ae41e4649b934ca495991b7852b855	8d0e4b0c5aa03f9d30e66032cc1d5bc17d97de2fb15ed90586c84df8896c3392
tests/fixtures/stable_codegen.slim	65	71	0	e3b0c44298fc1c149afbf4c8996fb92427ae41e4649b934ca495991b7852b855	0712b8bd527e95c34179fb80c0aaed4de36eef8a59477cc130fb5925af11ddb6
tests/fixtures/stable_codegen.slim	66	71	0	e3b0c44298fc1c149afbf4c8996fb92427ae41e4649b934ca495991b7852b855	2b5f26312c33df4a4f0dfe4e497d9b74c7850e0d094510764abd771c96c908ea
tests/fixtures/stable_codegen.slim	67	71	0	e3b0c44298fc1c149afbf4c8996fb92427ae41e4649b934ca495991b7852b855	19f5136ba2fff009ec2bbfa8696189208c76da7d579155b53af5fcc456410a7e
tests/fixtures/stable_codegen.slim	68	71	0	e3b0c44298fc1c149afbf4c8996fb92427ae41e4649b934ca495991b7852b855	034160625084bdf6d0f39f943d82a5bd7aa1f77a9cb8c322454eaeee223b1c8c
tests/fixtures/stable_codegen.slim	69	71	0	e3b0c44298fc1c149afbf4c8996fb92427ae41e4649b934ca495991b7852b855	3aa1a9337520e8914b53730bc6c3630ae0247e6912b2fcb52823b63ce9652be0
tests/fixtures/stable_codegen.slim	70	71	0	e3b0c44298fc1c149afbf4c8996fb92427ae41e4649b934ca495991b7852b855	7cbaaee8069f5239d83c87914f2525bee26ed334323a7883dedbbe69abaef27c
tests/fixtures/stable_codegen.slim	71	71	0	e3b0c44298fc1c149afbf4c8996fb92427ae41e4649b934ca495991b7852b855	8412f4fd1d9e372654dff43ba19669438eaeda550e4f039a2efdc928b4043a40
tests/fixtures/stable_codegen.slim	72	71	0	e3b0c44298fc1c149afbf4c8996fb92427ae41e4649b934ca495991b7852b855	8efbd56dbfadd5b17e9d48914db9a2d35c513c7a5867090aebf2a5d96b6c2b83
tests/fixtures/stable_codegen.slim	73	71	0	e3b0c44298fc1c149afbf4c8996fb92427ae41e4649b934ca495991b7852b855	c995e4b33fa4ef8df690a91e9e4b2994daab445f23867276a02031a7ace89866
tests/fixtures/stable_codegen.slim	74	71	0	e3b0c44298fc1c149afbf4c8996fb92427ae41e4649b934ca495991b7852b855	6163fe39688da343cef1133479ab912828eddf2db200b25177d3c175bbf32ce5
tests/fixtures/stable_codegen.slim	75	71	0	e3b0c44298fc1c149afbf4c8996fb92427ae41e4649b934ca495991b7852b855	f2c901b84af68259b20a74a1ebc1a1964b2b183e2c8a17a141effea7af6e14bd
tests/fixtures/stable_codegen.slim	76	71	0	e3b0c44298fc1c149afbf4c8996fb92427ae41e4649b934ca495991b7852b855	67634158302f4899173cdf9d09eb5ed282f0d4e453691d2fd4f3512393bec08c
tests/fixtures/stable_codegen.slim	77	71	0	e3b0c44298fc1c149afbf4c8996fb92427ae41e4649b934ca495991b7852b855	740abc30f8215e6d401104555a9453c6f067b78ab74f994601d61e3754ff25e6
tests/fixtures/stable_codegen.slim	78	71	0	e3b0c44298fc1c149afbf4c8996fb92427ae41e4649b934ca495991b7852b855	6b511c4aabaa7094bba16d8f725044b76ceb00eb3724c9e3c8981c2f02652217
tests/fixtures/stable_codegen.slim	79	71	0	e3b0c44298fc1c149afbf4c8996fb92427ae41e4649b934ca495991b7852b855	963e199cb2136b2e9362693e3eeebba884e34ed5e98be25d5195fd69668bd1ce
tests/fixtures/stable_codegen.slim	80	71	0	e3b0c44298fc1c149afbf4c8996fb92427ae41e4649b934ca495991b7852b855	a96a128f126fefc9c7051870296b60d5bd9c719b31ddca3a2c70dca7c5274ae3
tests/fixtures/stable_codegen.slim	81	71	0	e3b0c44298fc1c149afbf4c8996fb92427ae41e4649b934ca495991b7852b855	e3873dba94839d9d2af90ccc9c3e40977a9a7184a69cbb2d5189889d9139dfbd
tests/fixtures/stable_codegen.slim	82	71	0	e3b0c44298fc1c149afbf4c8996fb92427ae41e4649b934ca495991b7852b855	bbab5ca46d072cf70847d99c73c91eab6b62ef3943bf927fd6e24abfc787eaa6
tests/fixtures/stable_codegen.slim	83	71	0	e3b0c44298fc1c149afbf4c8996fb92427ae41e4649b934ca495991b7852b855	1c0a780d0c79f94180dbff23f07cbde3c88d2fe7d80e77d86ec077791cfeaf6f
tests/fixtures/stable_codegen.slim	84	71	0	e3b0c44298fc1c149afbf4c8996fb92427ae41e4649b934ca495991b7852b855	cd62b2aa033d076fc6bf38a2990ac0c77a5d986fe9e8081b3c910bd21a610c7c
tests/fixtures/stable_codegen.slim	85	71	0	e3b0c44298fc1c149afbf4c8996fb92427ae41e4649b934ca495991b7852b855	aeccef3eb14dddbaade1f961196f5b6bc78ad7e7db5755da8320050222d0a8d1
tests/fixtures/stable_codegen.slim	86	71	0	e3b0c44298fc1c149afbf4c8996fb92427ae41e4649b934ca495991b7852b855	a0651a47ab83dad774c420b7aa033b9e8ddc4a314ccf4256ab4d566ebd4a2548
tests/fixtures/stable_codegen.slim	87	71	0	e3b0c44298fc1c149afbf4c8996fb92427ae41e4649b934ca495991b7852b855	3361f08010792ca72fa6102577942935b5bbd71d3d10f3157c060f16dd593c3a
tests/fixtures/stable_codegen.slim	88	71	0	e3b0c44298fc1c149afbf4c8996fb92427ae41e4649b934ca495991b7852b855	031f2c5e42f774b06877a514e9bf596e000c24138fc7326949868128c4b94469
tests/fixtures/stable_codegen.slim	89	71	0	e3b0c44298fc1c149afbf4c8996fb92427ae41e4649b934ca495991b7852b855	d1e6cce4c5d281024f65d70c02831eda9b277d1957aa320817388499d8da46fb
tests/fixtures/stable_codegen.slim	90	71	0	e3b0c44298fc1c149afbf4c8996fb92427ae41e4649b934ca495991b7852b855	a545a967601983af4d34a18fde8b253d5d65bd132f10b06f1c3401f475b1e02c
tests/fixtures/stable_codegen.slim	91	71	0	e3b0c44298fc1c149afbf4c8996fb92427ae41e4649b934ca495991b7852b855	a347cc9257d7db944163cbb58a41d32876343e9d4a84ea83d0cfb60a388d942b
tests/fixtures/stable_codegen.slim	92	71	0	e3b0c44298fc1c149afbf4c8996fb92427ae41e4649b934ca495991b7852b855	a54060b7e205e008edbe4be289bd28b3728b125f2d236acc2946e3980074fe14
tests/fixtures/stable_codegen.slim	93	71	0	e3b0c44298fc1c149afbf4c8996fb92427ae41e4649b934ca495991b7852b855	4840aec087fe8ba84826b8bfba5003b419d17fd3e22609189f5b1cf17178d6ba
tests/fixtures/stable_codegen.slim	94	71	0	e3b0c44298fc1c149afbf4c8996fb92427ae41e4649b934ca495991b7852b855	4d325243dee3b12de90bbfa7aaf3cc21ebc086ff5b30649cf69b9d3618a12129
tests/fixtures/stable_codegen.slim	95	71	0	e3b0c44298fc1c149afbf4c8996fb92427ae41e4649b934ca495991b7852b855	5e4028e9e7c5202632d5466fb684a601548d84ba28c1bb90d84b51620c668a02
tests/fixtures/stable_codegen.slim	96	71	0	e3b0c44298fc1c149afbf4c8996fb92427ae41e4649b934ca495991b7852b855	6672f445648172257f842fb03275ed59f02583053be4c9beaf4384748387727c
tests/fixtures/stable_codegen.slim	97	71	0	e3b0c44298fc1c149afbf4c8996fb92427ae41e4649b934ca495991b7852b855	8b12d34e5855c7f5032733fba39c225e43d7b84eb9fa5717e76f430c77153993
tests/fixtures/stable_codegen.slim	98	71	0	e3b0c44298fc1c149afbf4c8996fb92427ae41e4649b934ca495991b7852b855	12de7a66c82a3e2040ee8b6f1d877d6a0b1aa21249a321bb20b69407c938a04e
tests/fixtures/stable_codegen.slim	99	71	0	e3b0c44298fc1c149afbf4c8996fb92427ae41e4649b934ca495991b7852b855	6bb5a79cbd6f4d0d0defc1bc21bec52e19df3899de64f6f80f9ce16791304dcb
tests/fixtures/stable_codegen.slim	100	71	0	e3b0c44298fc1c149afbf4c8996fb92427ae41e4649b934ca495991b7852b855	5dfe6a47e0013e7a2ae844f298d0539b576577d783eab0d6848d63d2e50302dc
tests/fixtures/stable_codegen.slim	101	71	0	e3b0c44298fc1c149afbf4c8996fb92427ae41e4649b934ca495991b7852b855	196fd6fd685309bf0a6ff596287923eb1853117b4ce16f52c4ee7a1c95d8a75b
tests/fixtures/stable_codegen.slim	102	71	0	e3b0c44298fc1c149afbf4c8996fb92427ae41e4649b934ca495991b7852b855	ab0f3f533007e1fd372df5e7bf5512345cfa13c67696ba2496d83c9389f08743
tests/fixtures/stable_codegen.slim	103	71	0	e3b0c44298fc1c149afbf4c8996fb92427ae41e4649b934ca495991b7852b855	6290e318743a1b7720074964838366eb93b0ea59ca29147f90b71bf0938c76cf
tests/fixtures/stable_codegen.slim	104	71	0	e3b0c44298fc1c149afbf4c8996fb92427ae41e4649b934ca495991b7852b855	e7500b00de785c9d530aab71b2af64b57690e2e6109d7e12f4f79b3d484881f3
tests/fixtures/stable_codegen.slim	105	71	0	e3b0c44298fc1c149afbf4c8996fb92427ae41e4649b934ca495991b7852b855	e8e2515aacbc347f1f3747dd7ce0e8f7e003d45561007990d231388807e9b40c
tests/fixtures/stable_codegen.slim	106	71	0	e3b0c44298fc1c149afbf4c8996fb92427ae41e4649b934ca495991b7852b855	d39f3a0156be7ff3fda0bd307c6bee1252cd87594488b1ab47a33b013407363e
tests/fixtures/stable_codegen.slim	107	71	0	e3b0c44298fc1c149afbf4c8996fb92427ae41e4649b934ca495991b7852b855	5925bfeb43b912765ff761d7a3720ef2f1883079731516a07eeadb21cb3b3600
tests/fixtures/stable_codegen.slim	108	71	0	e3b0c44298fc1c149afbf4c8996fb92427ae41e4649b934ca495991b7852b855	097f35b0160bc739f88f3a252935bacf296d505831e1a17d4455dbd920c3cb65
tests/fixtures/stable_codegen.slim	109	71	0	e3b0c44298fc1c149afbf4c8996fb92427ae41e4649b934ca495991b7852b855	d8efeef63c69d5fc7d9f4a33689dbca43d335abe8716d4d558ffb17d4d6edbfd
tests/fixtures/stable_codegen.slim	110	71	0	e3b0c44298fc1c149afbf4c8996fb92427ae41e4649b934ca495991b7852b855	bc0593851a07b581d4c0ade8b65034f456d60875a8c334919bb689b9b961cb0f
tests/fixtures/stable_codegen.slim	111	71	0	e3b0c44298fc1c149afbf4c8996fb92427ae41e4649b934ca495991b7852b855	0439963f895a19255b399f75aeb338d550cc8a4a2c6e90a9b6dfa23ecfbb5131
tests/fixtures/stable_codegen.slim	112	71	0	e3b0c44298fc1c149afbf4c8996fb92427ae41e4649b934ca495991b7852b855	78d31717c87c05700a96e865eabd20eef05f0a95e7dea3cf6af1d7732c5ae470
tests/fixtures/stable_codegen.slim	113	71	0	e3b0c44298fc1c149afbf4c8996fb92427ae41e4649b934ca495991b7852b855	721ece5a5835302fbab2bdfc40acb167bd13b17ac8825653ae30f71f5e7397f1
tests/fixtures/stable_codegen.slim	114	71	0	e3b0c44298fc1c149afbf4c8996fb92427ae41e4649b934ca495991b7852b855	0c3f74e9ad662b0d5c8e62fc5ba7c9a39e9c47711a065d8e2db2df3f52121277
tests/fixtures/stable_codegen.slim	115	71	0	e3b0c44298fc1c149afbf4c8996fb92427ae41e4649b934ca495991b7852b855	0d2f69ab1be25e0a00ab258fc5cc70c19e46871990dbf3e1649cac050843183b
tests/fixtures/stable_codegen.slim	116	71	0	e3b0c44298fc1c149afbf4c8996fb92427ae41e4649b934ca495991b7852b855	9a6b295f7a2cfb44a6f4cc271b97f95b8f2c06b6f20851ec47f3566803e258ef
tests/fixtures/stable_codegen.slim	117	71	0	e3b0c44298fc1c149afbf4c8996fb92427ae41e4649b934ca495991b7852b855	92eb5a1f85eb87508df17441bae977809e6537b241fb77c2ec0ce163cb1449fb
tests/fixtures/stable_codegen.slim	118	71	0	e3b0c44298fc1c149afbf4c8996fb92427ae41e4649b934ca495991b7852b855	b3510cffe9a26af86dc0fa6ad28a15e8724cd8e7cc10251341b54ee0e1e0e99d
tests/fixtures/stable_codegen.slim	119	71	0	e3b0c44298fc1c149afbf4c8996fb92427ae41e4649b934ca495991b7852b855	5436d469861985c1eeb886d9ef13959c93fddab14139152b3898759e7043bde7
tests/fixtures/stable_codegen.slim	120	71	0	e3b0c44298fc1c149afbf4c8996fb92427ae41e4649b934ca495991b7852b855	8b4825411c4a539cc2992486fbee29ad8dbf01d0b1e89410acf9efb51ed18a10
tests/fixtures/stable_codegen.slim	121	71	0	e3b0c44298fc1c149afbf4c8996fb92427ae41e4649b934ca495991b7852b855	6a69a3b52a7b82ddb0235667d23e72dc29524bce283df7a413d0b9a8f147057e
tests/fixtures/stable_codegen.slim	122	71	0	e3b0c44298fc1c149afbf4c8996fb92427ae41e4649b934ca495991b7852b855	6960d0704eb451cde6cf47c0f1f86982ab5532da6d6aca077624965f0ecc0a71
tests/fixtures/stable_codegen.slim	123	71	0	e3b0c44298fc1c149afbf4c8996fb92427ae41e4649b934ca495991b7852b855	dd18d1cd712090a75072cada23ed4d91abb50913f410ceed4db5e8044b844f58
tests/fixtures/stable_codegen.slim	124	71	0	e3b0c44298fc1c149afbf4c8996fb92427ae41e4649b934ca495991b7852b855	41b9d01e11004eb0358b7b758d8507d55aa3363611f725df5c85502fe7007e66
tests/fixtures/stable_codegen.slim	125	71	0	e3b0c44298fc1c149afbf4c8996fb92427ae41e4649b934ca495991b7852b855	90cfa6ae07330a99fe76af65c8cc332da9e541baa96bf8f290dd2283052161d6
tests/fixtures/stable_codegen.slim	126	71	0	e3b0c44298fc1c149afbf4c8996fb92427ae41e4649b934ca495991b7852b855	04ec9191f84783fff7fa39168e669724f3d8990d73e116d846d8e4c859f9fd96
tests/fixtures/stable_codegen.slim	127	71	0	e3b0c44298fc1c149afbf4c8996fb92427ae41e4649b934ca495991b7852b855	1f47e44b5b5c052b8cb3948dfad67372dda698e72342d641277725691e1406d9
tests/fixtures/stable_codegen.slim	128	71	0	e3b0c44298fc1c149afbf4c8996fb92427ae41e4649b934ca495991b7852b855	32f544479073f0882e7065fa8a823c46a54ebb2244566404d2a37642e691381b
tests/fixtures/stable_codegen.slim	129	71	0	e3b0c44298fc1c149afbf4c8996fb92427ae41e4649b934ca495991b7852b855	790c67fc60a1fb4c7d030bb5fb641dda61c04b14485cd427dab57ef72fc894b2
tests/fixtures/stable_codegen.slim	130	71	0	e3b0c44298fc1c149afbf4c8996fb92427ae41e4649b934ca495991b7852b855	c8de69bdef3250f85a061de058bb99919b78170df08ed6e41e383d96137acf30
tests/fixtures/stable_codegen.slim	131	71	0	e3b0c44298fc1c149afbf4c8996fb92427ae41e4649b934ca495991b7852b855	8904f97a6d483670a5edd251457cf5e2ab0a261dab5581fbaabe2c3544fdcf81
tests/fixtures/stable_codegen.slim	132	71	0	e3b0c44298fc1c149afbf4c8996fb92427ae41e4649b934ca495991b7852b855	824ece49bbb2c9064dbe5556f2f3bb4f36d1e893549d2fb81017760f34648ae0
tests/fixtures/stable_codegen.slim	133	71	0	e3b0c44298fc1c149afbf4c8996fb92427ae41e4649b934ca495991b7852b855	232381225c5769f51a3edabc8287c710c6bbc30224f36a7f4fad0eac5b92ae67
tests/fixtures/stable_codegen.slim	134	71	0	e3b0c44298fc1c149afbf4c8996fb92427ae41e4649b934ca495991b7852b855	b011757a57963e43dabd352f7e7f995d15770ab555d5dff13cd70dc8864a9f61
tests/fixtures/stable_codegen.slim	135	71	0	e3b0c44298fc1c149afbf4c8996fb92427ae41e4649b934ca495991b7852b855	bf4948e79e59c06c39acc7f39f79d503a8f8769c49ddebfd01ea590c5f3fc68b
tests/fixtures/stable_codegen.slim	136	71	0	e3b0c44298fc1c149afbf4c8996fb92427ae41e4649b934ca495991b7852b855	0782256b7a4e151f70d93b2ab6ba44bdba0f7b92b3530bda8597d68d0dd8f54f
tests/fixtures/stable_codegen.slim	137	71	0	e3b0c44298fc1c149afbf4c8996fb92427ae41e4649b934ca495991b7852b855	7e40546d39ab71b7bb1b377ef1e06064efb8372f951b25ff16eb95a7dd47dcd4
tests/fixtures/stable_codegen.slim	138	71	0	e3b0c44298fc1c149afbf4c8996fb92427ae41e4649b934ca495991b7852b855	244869e22485034cf862bdc72b6944616a12433a38121a6e8d0fc2a359db4297
tests/fixtures/stable_codegen.slim	139	71	0	e3b0c44298fc1c149afbf4c8996fb92427ae41e4649b934ca495991b7852b855	a48132e3c6065517f8d1bb15d0156ca4894917e009dbfb323eca9665367892c7
tests/fixtures/stable_codegen.slim	140	71	0	e3b0c44298fc1c149afbf4c8996fb92427ae41e4649b934ca495991b7852b855	bbde6786db8613b7df7bee383ce364dfff2b8047b2f5c00affcd342e6128a55e
tests/fixtures/stable_codegen.slim	141	71	0	e3b0c44298fc1c149afbf4c8996fb92427ae41e4649b934ca495991b7852b855	d6805267a7d16941c462d92812274801c08e01951f479c895a292277d3fb2439
tests/fixtures/stable_codegen.slim	142	71	0	e3b0c44298fc1c149afbf4c8996fb92427ae41e4649b934ca495991b7852b855	7f3316e6830e33720074154f50e00f5eee4a6efca17848b204b4fdd46930d164
tests/fixtures/stable_codegen.slim	143	71	0	e3b0c44298fc1c149afbf4c8996fb92427ae41e4649b934ca495991b7852b855	8c80491dd8def8fc35553cc783c1d0722c54ffa21f101a740896bc0e1013c09d
tests/fixtures/stable_codegen.slim	144	71	0	e3b0c44298fc1c149afbf4c8996fb92427ae41e4649b934ca495991b7852b855	a84344c75f450578e239c8436b37a0686aed81c728f7e401462cbedd49e40940
tests/fixtures/stable_codegen.slim	145	71	0	e3b0c44298fc1c149afbf4c8996fb92427ae41e4649b934ca495991b7852b855	29ff4fcf8eae4578696ad6ef4877a2fc2924da7fd26eb5cdf3808ab5e6bcaac0
tests/fixtures/stable_codegen.slim	146	71	0	e3b0c44298fc1c149afbf4c8996fb92427ae41e4649b934ca495991b7852b855	b7cbea29cbcef09cc5b6d2dfcf0dc8b847eb840a033a7d74d897bf4d510f9979
tests/fixtures/stable_codegen.slim	147	71	0	e3b0c44298fc1c149afbf4c8996fb92427ae41e4649b934ca495991b7852b855	467c9c1a4bd01eb6a4f22d3da4e98dcf4af5116db0513570be3f14e17ab044bd
tests/fixtures/stable_codegen.slim	148	71	0	e3b0c44298fc1c149afbf4c8996fb92427ae41e4649b934ca495991b7852b855	f94189a6a1c8cc9781e26c561da791f421a59d6a20060ec8962b4ef53f9e20b0
tests/fixtures/stable_codegen.slim	149	71	0	e3b0c44298fc1c149afbf4c8996fb92427ae41e4649b934ca495991b7852b855	ddf1141f0b7f05f0916de30072e6c60977b8297bf85b529523bc7a7783b1fdd8
tests/fixtures/stable_codegen.slim	150	71	0	e3b0c44298fc1c149afbf4c8996fb92427ae41e4649b934ca495991b7852b855	e0c7dc57c680474983e43f61eabb4f9454825e9027beaf7d6f67410c8f84bcbe
tests/fixtures/stable_codegen.slim	151	71	0	e3b0c44298fc1c149afbf4c8996fb92427ae41e4649b934ca495991b7852b855	8ce88fdafa35b5b59d982cbb134c119522d787f08d8e8724e4a14cd7ef6500ac
tests/fixtures/stable_codegen.slim	152	71	0	e3b0c44298fc1c149afbf4c8996fb92427ae41e4649b934ca495991b7852b855	b3a0d4a1a0d379d7ab2f7a1c9ca396b3c728cdd9ab4c1a80778f4750c7a8f511
tests/fixtures/stable_codegen.slim	153	71	0	e3b0c44298fc1c149afbf4c8996fb92427ae41e4649b934ca495991b7852b855	9de4ecb78a6224f8576e6db665e3d79e5a2e83110c5abab2b34a9e86c6650e42
tests/fixtures/stable_codegen.slim	154	71	0	e3b0c44298fc1c149afbf4c8996fb92427ae41e4649b934ca495991b7852b855	88e6b63f70769cd1316cce53acc116835f1c6c78ef8a632cda4bb78e9d8e03a5
tests/fixtures/stable_codegen.slim	155	71	0	e3b0c44298fc1c149afbf4c8996fb92427ae41e4649b934ca495991b7852b855	d0f0181bac3a4da8a769b7ae4df2ada679f98c91c9e2032c99d14492e64c8d9f
tests/fixtures/stable_codegen.slim	156	71	0	e3b0c44298fc1c149afbf4c8996fb92427ae41e4649b934ca495991b7852b855	6fd6c05a1879cb996e8203a73bd99c08821908eb5325bac6b1c34d76f034dae6
tests/fixtures/stable_codegen.slim	157	71	0	e3b0c44298fc1c149afbf4c8996fb92427ae41e4649b934ca495991b7852b855	09a5af04b7bb226cf544d10c069d4a6d8fc36c5ed2cfa0321bbb10a4b21abe0c
tests/fixtures/stable_codegen.slim	158	71	0	e3b0c44298fc1c149afbf4c8996fb92427ae41e4649b934ca495991b7852b855	d0258ae507a3cebe93798cfa7c7af91cb616c73619e6486216468d08585f0566
tests/fixtures/stable_codegen.slim	159	71	0	e3b0c44298fc1c149afbf4c8996fb92427ae41e4649b934ca495991b7852b855	cc41ba31ea1237fb090a5fb9a445ff7bded5b1ea69c209bf3a3a42570f5664b5
tests/fixtures/stable_codegen.slim	160	71	0	e3b0c44298fc1c149afbf4c8996fb92427ae41e4649b934ca495991b7852b855	8ecee2dac1a0ceab29e66f5f055ca6dce6e0c56ef9904a5249a53d4fa4a00565
tests/fixtures/stable_codegen.slim	161	71	0	e3b0c44298fc1c149afbf4c8996fb92427ae41e4649b934ca495991b7852b855	3451f90c6aa16fb2bb7ff57416f347cba9df795845cec2fc2554dff6da4d7efa
tests/fixtures/stable_codegen.slim	162	71	0	e3b0c44298fc1c149afbf4c8996fb92427ae41e4649b934ca495991b7852b855	468d9dc42ab537fefc29c3469ad29f116a95fccadb0051437f2607167d3ee6b6
tests/fixtures/stable_codegen.slim	163	71	0	e3b0c44298fc1c149afbf4c8996fb92427ae41e4649b934ca495991b7852b855	6b85d92cc203b4e077470fb34bd8e4820e35fedac75e2521876db73126b20d19
tests/fixtures/stable_codegen.slim	164	71	0	e3b0c44298fc1c149afbf4c8996fb92427ae41e4649b934ca495991b7852b855	7a18fb5c9f789d39ded3ad24085280509fc9a7e15629372d5d9ce777570cde83
tests/fixtures/stable_codegen.slim	165	71	0	e3b0c44298fc1c149afbf4c8996fb92427ae41e4649b934ca495991b7852b855	06752012e2f968a6046a2b03c8e08083fb46471686a74c4c562f95d9b332add5
tests/fixtures/stable_codegen.slim	166	71	0	e3b0c44298fc1c149afbf4c8996fb92427ae41e4649b934ca495991b7852b855	68e3eadda2e6d7b8b2d8039649255f39663982bde23fde573add4a0c543f1c5d
tests/fixtures/stable_codegen.slim	167	71	0	e3b0c44298fc1c149afbf4c8996fb92427ae41e4649b934ca495991b7852b855	7530cf2ce08aca1e508c01e95cf479ecb2c3e38b5b3d65432c7ebfc4dfb5eefe
tests/fixtures/stable_codegen.slim	168	71	0	e3b0c44298fc1c149afbf4c8996fb92427ae41e4649b934ca495991b7852b855	66888bf6aeeb122394b12213f3d6a2028c7773b5f3d6ff993c26f121a65f67bc
tests/fixtures/stable_codegen.slim	169	71	0	e3b0c44298fc1c149afbf4c8996fb92427ae41e4649b934ca495991b7852b855	ef0804849f63425dac35f13ff904f437cec339773e628c9134cf759839f182b5
tests/fixtures/stable_codegen.slim	170	71	0	e3b0c44298fc1c149afbf4c8996fb92427ae41e4649b934ca495991b7852b855	3bf2c7d50bdd1403a29e670d90f8cd48d343e14d499939217e4444c86d61c4cb
tests/fixtures/stable_codegen.slim	171	71	0	e3b0c44298fc1c149afbf4c8996fb92427ae41e4649b934ca495991b7852b855	68d113b9d95afc8cc98e22270a6b9a7d5affe64e5f783f255dac90c4f95860f9
tests/fixtures/stable_codegen.slim	172	71	0	e3b0c44298fc1c149afbf4c8996fb92427ae41e4649b934ca495991b7852b855	42d50812fd39ad38c9365f7ed17834991cd3a96f14b4ed9e0a923e2f9a6509ab
tests/fixtures/stable_codegen.slim	173	71	0	e3b0c44298fc1c149afbf4c8996fb92427ae41e4649b934ca495991b7852b855	45d37d70ce1e7c9a8136deeb3343e02a893f2f487d608f94dccdc425d8ee68b6
tests/fixtures/stable_codegen.slim	174	71	0	e3b0c44298fc1c149afbf4c8996fb92427ae41e4649b934ca495991b7852b855	3d8cf68780180d39a7564aab7e74f6e163c607e28f3081d7fea429bb5ecf28e3
tests/fixtures/stable_codegen.slim	175	71	0	e3b0c44298fc1c149afbf4c8996fb92427ae41e4649b934ca495991b7852b855	3b9081418ae6b5af4692a011b0bb8f03e586774d8bd8ce0dc49db493c84a112b
tests/fixtures/stable_codegen.slim	176	71	0	e3b0c44298fc1c149afbf4c8996fb92427ae41e4649b934ca495991b7852b855	6a02012e08b2a5839a1ef904a70a24733dacf66b68e1972f56961928ad4b2bb0
tests/fixtures/stable_codegen.slim	177	71	0	e3b0c44298fc1c149afbf4c8996fb92427ae41e4649b934ca495991b7852b855	89640fa27799ae27a26127c361d50a188bb6502488472253304c30cf9aef4bcb
tests/fixtures/stable_codegen.slim	178	71	0	e3b0c44298fc1c149afbf4c8996fb92427ae41e4649b934ca495991b7852b855	13b9a9c606c2e073b527f9dde58f61fc5152cd8ca46ff1b5cf0102d3e076c201
tests/fixtures/stable_codegen.slim	179	71	0	e3b0c44298fc1c149afbf4c8996fb92427ae41e4649b934ca495991b7852b855	280d496e75f8f1632cb9391cef914f81e1d666d148e86a5dd7754dca0fca2228
tests/fixtures/stable_codegen.slim	180	71	0	e3b0c44298fc1c149afbf4c8996fb92427ae41e4649b934ca495991b7852b855	244f65cce396675ddd4d2fbcde51fb5ce02b8d4377842455f0cd39b493dfd71c
tests/fixtures/stable_codegen.slim	181	71	0	e3b0c44298fc1c149afbf4c8996fb92427ae41e4649b934ca495991b7852b855	f20710336415c3f0147ca6d2a17f9a3027d6b741d6892c7fbaebbbf4323ad065
tests/fixtures/stable_codegen.slim	182	71	0	e3b0c44298fc1c149afbf4c8996fb92427ae41e4649b934ca495991b7852b855	6aabc0642f54e682a2913b77fc1e9f21c2b4538ee2d996750b2af581ae667309
tests/fixtures/stable_codegen.slim	183	71	0	e3b0c44298fc1c149afbf4c8996fb92427ae41e4649b934ca495991b7852b855	0534c12e1356f79e8c87cac3d18423f593c694d44c9ff7dd5735e4841a08b190
tests/fixtures/stable_codegen.slim	184	71	0	e3b0c44298fc1c149afbf4c8996fb92427ae41e4649b934ca495991b7852b855	5375d43017fa5bb6f639f995b9d24437c0e676cd8fa237c408c07dfd4410f138
tests/fixtures/stable_codegen.slim	185	71	0	e3b0c44298fc1c149afbf4c8996fb92427ae41e4649b934ca495991b7852b855	ed351d0ed4c165874b0d56bf27b3300f4f39f0649e37a9e7f2632cd37cf022d0
tests/fixtures/stable_codegen.slim	186	71	0	e3b0c44298fc1c149afbf4c8996fb92427ae41e4649b934ca495991b7852b855	c4489bf1bfb7e48ad49d51ac198c05f816a7bc1586561919e81583cfddf90720
tests/fixtures/stable_codegen.slim	187	71	0	e3b0c44298fc1c149afbf4c8996fb92427ae41e4649b934ca495991b7852b855	0499d094dd1c241e9639cf0a47478628873af45e3ebb42d973f9f4bc12a3ac03
tests/fixtures/stable_codegen.slim	188	71	0	e3b0c44298fc1c149afbf4c8996fb92427ae41e4649b934ca495991b7852b855	904024a1601161f1edce22886eea1358f16f60eb50ae9b3c996c65e48b46392d
tests/fixtures/stable_codegen.slim	189	71	0	e3b0c44298fc1c149afbf4c8996fb92427ae41e4649b934ca495991b7852b855	78f65ee9b91009cbdd46ff17f8335ee1365d17550e11948357b4642976413c73
tests/fixtures/stable_codegen.slim	190	71	0	e3b0c44298fc1c149afbf4c8996fb92427ae41e4649b934ca495991b7852b855	21a6cc233cb9a56b635c1ca1f30289e3fd54db50b29a09fa48da5d31ad2be6a0
tests/fixtures/stable_codegen.slim	191	71	0	e3b0c44298fc1c149afbf4c8996fb92427ae41e4649b934ca495991b7852b855	e24cc1df7c74b79727d95dd28953807b89fcafec47dbb604ddcab1b756273049
tests/fixtures/stable_codegen.slim	192	71	0	e3b0c44298fc1c149afbf4c8996fb92427ae41e4649b934ca495991b7852b855	874831d8d03542790d332fa6cb54076bfa1742492fcf73bcc642f8c2818f34a3
tests/fixtures/stable_codegen.slim	193	71	0	e3b0c44298fc1c149afbf4c8996fb92427ae41e4649b934ca495991b7852b855	f8187de5bd62f327b169849e0d9a7a3399756de4b94f3bc778cc635d7e3b10e3
tests/fixtures/stable_codegen.slim	194	71	0	e3b0c44298fc1c149afbf4c8996fb92427ae41e4649b934ca495991b7852b855	00697bb2ba44750027309695a56a5a5cac466b93f77d87828440f807e3bfdf08
tests/fixtures/stable_codegen.slim	195	71	0	e3b0c44298fc1c149afbf4c8996fb92427ae41e4649b934ca495991b7852b855	0e263c460f8f63239baa276ae361654ef526b53c5b0ece3c612a6aeaf45c68fd
tests/fixtures/stable_codegen.slim	196	71	0	e3b0c44298fc1c149afbf4c8996fb92427ae41e4649b934ca495991b7852b855	8221b4f85ab854b7c6964f1422ac2652419ff0b47d5f466dead5c2369d10cd01
tests/fixtures/stable_codegen.slim	197	71	0	e3b0c44298fc1c149afbf4c8996fb92427ae41e4649b934ca495991b7852b855	ebb146c1ab264ce4ef526b6855729d1c87100039cd7238a75687235fe9f1c082
tests/fixtures/stable_codegen.slim	198	71	0	e3b0c44298fc1c149afbf4c8996fb92427ae41e4649b934ca495991b7852b855	6f02dfae04aaa6efe18274ba10e72c2b5b544192a532e52bca3ed9a3dfd45314
tests/fixtures/stable_codegen.slim	199	71	0	e3b0c44298fc1c149afbf4c8996fb92427ae41e4649b934ca495991b7852b855	3bd676dc2635c3856e497c270fb5f370a4cf11de46af64bd312e6af3df4e8412
tests/fixtures/stable_codegen.slim	200	71	0	e3b0c44298fc1c149afbf4c8996fb92427ae41e4649b934ca495991b7852b855	7b8bcf82bb3b1a9ff05dd5e02c647c957218be29d98d2be12d1ed6f8cc99b07a
tests/fixtures/stable_codegen.slim	201	71	0	e3b0c44298fc1c149afbf4c8996fb92427ae41e4649b934ca495991b7852b855	d733d2a06186a7b0cdac53637fe3091ce0035195af546d13edaf7dd9bc544603
tests/fixtures/stable_codegen.slim	202	71	0	e3b0c44298fc1c149afbf4c8996fb92427ae41e4649b934ca495991b7852b855	4c106a8ae9612a53ce89ef49afbdc74821c6c31de8335d92a94761eb86306648
tests/fixtures/stable_codegen.slim	203	71	0	e3b0c44298fc1c149afbf4c8996fb92427ae41e4649b934ca495991b7852b855	6af975eb449f85059a04966b50751e5a7ae4f8eb604232a2699f03121d7c1be6
tests/fixtures/stable_codegen.slim	204	71	0	e3b0c44298fc1c149afbf4c8996fb92427ae41e4649b934ca495991b7852b855	26e9913298b20227684065a1589444199d381086ee7a0cff078500ca9fdfbb68
tests/fixtures/stable_codegen.slim	205	71	0	e3b0c44298fc1c149afbf4c8996fb92427ae41e4649b934ca495991b7852b855	1de76d8924073bd21d5e14727777f2d1142a387e29160dd040377c62d71e0381
tests/fixtures/stable_codegen.slim	206	71	0	e3b0c44298fc1c149afbf4c8996fb92427ae41e4649b934ca495991b7852b855	69b88354425b99dcd5a9927b203df60788d4caa5be733eadad0e72c524fa207f
tests/fixtures/stable_codegen.slim	207	71	0	e3b0c44298fc1c149afbf4c8996fb92427ae41e4649b934ca495991b7852b855	f87e32b525dc5b946153e47ba9394653c622e16a9c647dc20e2268dde1934d3b
tests/fixtures/stable_codegen.slim	208	71	0	e3b0c44298fc1c149afbf4c8996fb92427ae41e4649b934ca495991b7852b855	77a972104d058c5b70649668f7a10bd3ced928fea861881a99b73519b4a4cf3f
tests/fixtures/stable_codegen.slim	209	71	0	e3b0c44298fc1c149afbf4c8996fb92427ae41e4649b934ca495991b7852b855	bbd2ab0f939385dc22c31811b6aa077d3a45b9e65d8053c67e19c369355965d5
tests/fixtures/stable_codegen.slim	210	71	0	e3b0c44298fc1c149afbf4c8996fb92427ae41e4649b934ca495991b7852b855	770003bf4dc1f63117bd515235cf6f46b6fc178f9f0a5a2c9c09d7888f430814
tests/fixtures/stable_codegen.slim	211	71	0	e3b0c44298fc1c149afbf4c8996fb92427ae41e4649b934ca495991b7852b855	30ae26a5b321c8f9db5cb5bd9dffc0bce2abf8d858f717849d6f02f735551127
tests/fixtures/stable_codegen.slim	212	71	0	e3b0c44298fc1c149afbf4c8996fb92427ae41e4649b934ca495991b7852b855	a62e403f6d8d15c63ee8ff995c068d993594585a2585e1f604e439140e37f092
tests/fixtures/stable_codegen.slim	213	71	0	e3b0c44298fc1c149afbf4c8996fb92427ae41e4649b934ca495991b7852b855	c283f91d24530fedb8d68b420ba1ed13775528465c9a374e34d7bcf489af0fe4
tests/fixtures/stable_codegen.slim	214	71	0	e3b0c44298fc1c149afbf4c8996fb92427ae41e4649b934ca495991b7852b855	a61ff85651e693f38e87e531288212dd2e7b7e55f25de91c581890d19914babb
tests/fixtures/stable_codegen.slim	215	71	0	e3b0c44298fc1c149afbf4c8996fb92427ae41e4649b934ca495991b7852b855	b7a0f2d10b216edc7fc325d9cbccbd8b76fb2d3cfb739d556360288ee62f66c5
tests/fixtures/stable_codegen.slim	216	71	0	e3b0c44298fc1c149afbf4c8996fb92427ae41e4649b934ca495991b7852b855	5022ca4082854a42f139a87a89ae7865657b0d3d1f04e515df936ebd32a5da78
tests/fixtures/stable_codegen.slim	217	71	0	e3b0c44298fc1c149afbf4c8996fb92427ae41e4649b934ca495991b7852b855	e309044fa27d67fd16f14302c128fb9e1e416b6851f7bd5c18bdbb9a2a0a8f80
tests/fixtures/stable_codegen.slim	218	71	0	e3b0c44298fc1c149afbf4c8996fb92427ae41e4649b934ca495991b7852b855	4b41835ca4703cc4442f19bcf53ab0a776847adb11a4b54be8605d232611d7b3
tests/fixtures/stable_codegen.slim	219	71	0	e3b0c44298fc1c149afbf4c8996fb92427ae41e4649b934ca495991b7852b855	87af6d74be98275bca034517e04ad2847a8e227aea63aa8e1220f11667c0c369
tests/fixtures/stable_codegen.slim	220	71	0	e3b0c44298fc1c149afbf4c8996fb92427ae41e4649b934ca495991b7852b855	d056652a72d93064249c99ffa35088668eafd4f54486942cbb455a0e56da63a1
tests/fixtures/stable_codegen.slim	221	71	0	e3b0c44298fc1c149afbf4c8996fb92427ae41e4649b934ca495991b7852b855	c1265d3c4e39422794eedae2c0f4c6034c2459d7edfc36ed119b13e6f42a88b8
tests/fixtures/stable_codegen.slim	222	71	0	e3b0c44298fc1c149afbf4c8996fb92427ae41e4649b934ca495991b7852b855	4fd27d641ebb014bf6b0452a4a7874d466233119d59ea10a34fb9b4d9d2d04d8
tests/fixtures/stable_codegen.slim	223	71	0	e3b0c44298fc1c149afbf4c8996fb92427ae41e4649b934ca495991b7852b855	a735d536488b5e9dad3b9b36c6613c40b5fa866b6192c01181691144202d8342
tests/fixtures/stable_codegen.slim	224	71	0	e3b0c44298fc1c149afbf4c8996fb92427ae41e4649b934ca495991b7852b855	2ef5bc9ef7d5cce4b2fbf79d896410a8393be238f130f4967a425ba612037b0e
tests/fixtures/stable_codegen.slim	225	71	0	e3b0c44298fc1c149afbf4c8996fb92427ae41e4649b934ca495991b7852b855	48f58c3464e926dfa24158e8380ba8b5dd7991266a4f96265bb4b59b3f6bb78e
tests/fixtures/stable_codegen.slim	226	71	0	e3b0c44298fc1c149afbf4c8996fb92427ae41e4649b934ca495991b7852b855	861741867b3a317e8d5ebc6b7557547978e79ab7c588d3232f4d6b8efdb67012
tests/fixtures/stable_codegen.slim	227	71	0	e3b0c44298fc1c149afbf4c8996fb92427ae41e4649b934ca495991b7852b855	699c5f7559a6d421415f7ac246d93c8dfb1d113e0b0a9562e9c9a4ce4a73ad19
tests/fixtures/stable_codegen.slim	228	71	0	e3b0c44298fc1c149afbf4c8996fb92427ae41e4649b934ca495991b7852b855	5f5173df7c9787e821b62577a5d1a053031598af3474b4860c15ef6ba0d4ea79
tests/fixtures/stable_codegen.slim	229	71	0	e3b0c44298fc1c149afbf4c8996fb92427ae41e4649b934ca495991b7852b855	6af3ec6dbe649657dd5caeed4bef64476d128fe259f967fcf280824e4867f82b
tests/fixtures/stable_codegen.slim	230	71	0	e3b0c44298fc1c149afbf4c8996fb92427ae41e4649b934ca495991b7852b855	432ed8e7fe2bfac2999e6b67073cf4a8a73e1c8650bf7927c66c7184be854c11
tests/fixtures/stable_codegen.slim	231	71	0	e3b0c44298fc1c149afbf4c8996fb92427ae41e4649b934ca495991b7852b855	5f9659dde6fd59d158b01da917f36debf5a0b265b7a2db41a17b63afefb16c17
tests/fixtures/stable_codegen.slim	232	71	0	e3b0c44298fc1c149afbf4c8996fb92427ae41e4649b934ca495991b7852b855	05d48632597c69f46684856a6d595bd82370b0acfd4a2ff1f43fb249491dd2a9
tests/fixtures/stable_codegen.slim	233	71	0	e3b0c44298fc1c149afbf4c8996fb92427ae41e4649b934ca495991b7852b855	b085a5b22fc4e0d32b43aab7a34535b04f92c4c205942083521c09e6f1361bc9
tests/fixtures/stable_codegen.slim	234	71	0	e3b0c44298fc1c149afbf4c8996fb92427ae41e4649b934ca495991b7852b855	1e4c3305c2e9b67ce3b45bccd1d00e576625539d297e96e2c987f9bc704feb67
tests/fixtures/stable_codegen.slim	235	71	0	e3b0c44298fc1c149afbf4c8996fb92427ae41e4649b934ca495991b7852b855	d11b402567560ece5c68b6a331ae0a23dfd644d0dcdcf803973c78721606cc1a
tests/fixtures/stable_codegen.slim	236	71	0	e3b0c44298fc1c149afbf4c8996fb92427ae41e4649b934ca495991b7852b855	7692922b41538353fd6a80e545ad43cdee6deb2965c947bebd19921327abf734
tests/fixtures/stable_codegen.slim	237	71	0	e3b0c44298fc1c149afbf4c8996fb92427ae41e4649b934ca495991b7852b855	7b5c80573ff9b84e02bc588e9f47593769e4558eed887c9b0f3a36f45d91da86
tests/fixtures/stable_codegen.slim	238	71	0	e3b0c44298fc1c149afbf4c8996fb92427ae41e4649b934ca495991b7852b855	ea7d2d64868ae01059aca06c45c9ad4e71ec29322d479ac348ceca86eb694f80
tests/fixtures/stable_codegen.slim	239	71	0	e3b0c44298fc1c149afbf4c8996fb92427ae41e4649b934ca495991b7852b855	0e24a7645d2877c99c2b30499300099f6cf146db4ad6a9f7e4324ad592e355d0
tests/fixtures/stable_codegen.slim	240	71	0	e3b0c44298fc1c149afbf4c8996fb92427ae41e4649b934ca495991b7852b855	f0ddc8e7eb003e9dff9283dc806621f10fef5ad48cc48eba448429baeab26778
tests/fixtures/stable_codegen.slim	241	71	0	e3b0c44298fc1c149afbf4c8996fb92427ae41e4649b934ca495991b7852b855	ab88a29d739d443bdb84a476d1066efbc918129bec9697d96e873ee26159b9f3
tests/fixtures/stable_codegen.slim	242	71	0	e3b0c44298fc1c149afbf4c8996fb92427ae41e4649b934ca495991b7852b855	ecd6eb9aa43c277c86e86817773ae8a58c162fbdd83b86b64f2249a111f41eb7
tests/fixtures/stable_codegen.slim	243	71	0	e3b0c44298fc1c149afbf4c8996fb92427ae41e4649b934ca495991b7852b855	18d62f3e6298bc9909fb545d87b0a6c2a486c88238ca9f834767093c5cf2877d
tests/fixtures/stable_codegen.slim	244	71	0	e3b0c44298fc1c149afbf4c8996fb92427ae41e4649b934ca495991b7852b855	b31c532045e9dab10e6e303fcde240a62475bd95e45c00979c81119ff7d22a3c
tests/fixtures/stable_codegen.slim	245	71	0	e3b0c44298fc1c149afbf4c8996fb92427ae41e4649b934ca495991b7852b855	f5ce0cb26dcaad5910701c1bd350d4db11ef8fe17b498be56b813b25f9fdceef
tests/fixtures/stable_codegen.slim	246	71	0	e3b0c44298fc1c149afbf4c8996fb92427ae41e4649b934ca495991b7852b855	583b586c9cd4a77431007d4b3fd98857d074b52d1af7002fccee7b8d77551935
tests/fixtures/stable_codegen.slim	247	71	0	e3b0c44298fc1c149afbf4c8996fb92427ae41e4649b934ca495991b7852b855	558f325ddac8c703889fa6cde9f7f7d97964e0aac0754340784d604bdc7b67ab
tests/fixtures/stable_codegen.slim	248	71	0	e3b0c44298fc1c149afbf4c8996fb92427ae41e4649b934ca495991b7852b855	947c5241c461d90ca4843e949add15e7c82b3c27a5943d17495a62be9ac9fb6c
tests/fixtures/stable_codegen.slim	249	71	0	e3b0c44298fc1c149afbf4c8996fb92427ae41e4649b934ca495991b7852b855	a90e085c1065d9d0cec8637a963cbd4d0700448c4afc8794da77a2ffd4880dc4
tests/fixtures/stable_codegen.slim	250	71	0	e3b0c44298fc1c149afbf4c8996fb92427ae41e4649b934ca495991b7852b855	d412f0579eaac5b095aaf8c5c2fc7c91ffc904f497b6d570300faa24c0a7a01f
tests/fixtures/stable_codegen.slim	251	71	0	e3b0c44298fc1c149afbf4c8996fb92427ae41e4649b934ca495991b7852b855	989fc89a435fe87173317d32a86969face55c89ab8654f5a37aa379bbf22639b
tests/fixtures/stable_codegen.slim	252	71	0	e3b0c44298fc1c149afbf4c8996fb92427ae41e4649b934ca495991b7852b855	de662347069b920a96a734239f8f7a1ca9b6d207f4623c65ebab9364bda30531
tests/fixtures/stable_codegen.slim	253	71	0	e3b0c44298fc1c149afbf4c8996fb92427ae41e4649b934ca495991b7852b855	26c7653b0ea4c85b40e4553e4ae201a1a2f221c744ee2e9b77cf6befa04e05d6
tests/fixtures/stable_codegen.slim	254	71	0	e3b0c44298fc1c149afbf4c8996fb92427ae41e4649b934ca495991b7852b855	f8229da0d48b0b8f12a20ba23e0848c80a12365880b3eb098a246a610b86290a
tests/fixtures/stable_codegen.slim	255	71	0	e3b0c44298fc1c149afbf4c8996fb92427ae41e4649b934ca495991b7852b855	84c36713687ca3e3ef3376717f448cc8f7cac3b58199070f1673c682de560276
tests/fixtures/stable_codegen.slim	256	71	0	e3b0c44298fc1c149afbf4c8996fb92427ae41e4649b934ca495991b7852b855	c5c67b455cc27f43d9be2209daca2bf8259e8b3806785ba953d72d76234d4ce4
tests/fixtures/stable_codegen.slim	257	71	0	e3b0c44298fc1c149afbf4c8996fb92427ae41e4649b934ca495991b7852b855	79fd383afadac5b0aa2ca6328208bbd18e802f369f2695e5e0a575bcf462ba56
tests/fixtures/stable_codegen.slim	258	71	0	e3b0c44298fc1c149afbf4c8996fb92427ae41e4649b934ca495991b7852b855	13df4f65caaf295227f3ebd6809e9b8f862c2e26ce31e3331567d571a0033820
tests/fixtures/stable_codegen.slim	259	71	0	e3b0c44298fc1c149afbf4c8996fb92427ae41e4649b934ca495991b7852b855	7a3559b5293f62474076ffbad82993c93551210149a72a845130b76dc0504713
tests/fixtures/stable_codegen.slim	260	71	0	e3b0c44298fc1c149afbf4c8996fb92427ae41e4649b934ca495991b7852b855	41395d51b1563fd9263dc634a90273be8a9cc155060ce895456f024a8352a956
tests/fixtures/stable_codegen.slim	261	71	0	e3b0c44298fc1c149afbf4c8996fb92427ae41e4649b934ca495991b7852b855	41cdf05a6bd0bc06f850fc7de4bbe6c6fb5027a497a8d8f441b9390f8cab30a5
tests/fixtures/stable_codegen.slim	262	71	0	e3b0c44298fc1c149afbf4c8996fb92427ae41e4649b934ca495991b7852b855	35dbe6b92b9d796aaa26c101919bf76235dd63f9a78652ac239f208d57d60bdd
tests/fixtures/stable_codegen.slim	263	71	0	e3b0c44298fc1c149afbf4c8996fb92427ae41e4649b934ca495991b7852b855	b3bd78f7131ebb4db34a6165ac8d397cc534819e47519e4142cb08f28ac86d02
tests/fixtures/stable_codegen.slim	264	71	0	e3b0c44298fc1c149afbf4c8996fb92427ae41e4649b934ca495991b7852b855	dadfa4e90f43a5c57b5e8041eddb5bc7e0e578c9becee8b7270227fbda435f7a
tests/fixtures/stable_codegen.slim	265	71	0	e3b0c44298fc1c149afbf4c8996fb92427ae41e4649b934ca495991b7852b855	2ac4e92d0e1da9ecf722af56410367f690f7fa6cf2d08877067eb80242514746
tests/fixtures/stable_codegen.slim	266	71	0	e3b0c44298fc1c149afbf4c8996fb92427ae41e4649b934ca495991b7852b855	7f051b2247dc89bfd0f81803bf530615b37ec69dee61dbc53f633b282e76ce79
tests/fixtures/stable_codegen.slim	267	71	0	e3b0c44298fc1c149afbf4c8996fb92427ae41e4649b934ca495991b7852b855	40fe01512e3123a72c6e5a1861560287fd1c0d3265b2040f63d34d7eae88737a
tests/fixtures/stable_codegen.slim	268	71	0	e3b0c44298fc1c149afbf4c8996fb92427ae41e4649b934ca495991b7852b855	a456cc2590ce3e8f27e73f2e3137cfe4bfbb4cd3bd6680ddc042c33c5b22094b
tests/fixtures/stable_codegen.slim	269	71	0	e3b0c44298fc1c149afbf4c8996fb92427ae41e4649b934ca495991b7852b855	a39920f205d9e14a5224c427fbb089b27ff3fdb1670294c679fe11ce489e12d4
tests/fixtures/stable_codegen.slim	270	71	0	e3b0c44298fc1c149afbf4c8996fb92427ae41e4649b934ca495991b7852b855	42a5e4ace2b10d3a8f0dd6219de036da0dbbb169f05f18e7317d3caf20b42a9e
tests/fixtures/stable_codegen.slim	271	71	0	e3b0c44298fc1c149afbf4c8996fb92427ae41e4649b934ca495991b7852b855	b1ae6b171452056108f255907f0d8513e71284c771f6c96d5412052c682cd263
tests/fixtures/stable_codegen.slim	272	71	0	e3b0c44298fc1c149afbf4c8996fb92427ae41e4649b934ca495991b7852b855	8828f0436ef06cf496ba7f55b0eab869793b4d9564407db022ca99d4e38fe83b
tests/fixtures/stable_codegen.slim	273	71	0	e3b0c44298fc1c149afbf4c8996fb92427ae41e4649b934ca495991b7852b855	ab8684b26f0b13ce28d41676f0c95482882fa95b4527f21091f58505e6eaab6f
tests/fixtures/stable_codegen.slim	274	71	0	e3b0c44298fc1c149afbf4c8996fb92427ae41e4649b934ca495991b7852b855	5d9fe5551f3f8b1f6021ea1d687da121bbe3954280fd2a6ab03e8b4d71400b55
tests/fixtures/stable_codegen.slim	275	71	0	e3b0c44298fc1c149afbf4c8996fb92427ae41e4649b934ca495991b7852b855	a355eb93714e2677568d30007e494f5a8f207934afe731049406bfff8aee4624
tests/fixtures/stable_codegen.slim	276	71	0	e3b0c44298fc1c149afbf4c8996fb92427ae41e4649b934ca495991b7852b855	2d16bfddc339fdb14e4200a9069580a652cfc135244ea199951ea253cf37fdee
tests/fixtures/stable_codegen.slim	277	71	0	e3b0c44298fc1c149afbf4c8996fb92427ae41e4649b934ca495991b7852b855	d03bc76e7e82d016e042af96ec815786e9059ca7fc94cf0e4bc6cc4d5abb3993
tests/fixtures/stable_codegen.slim	278	71	0	e3b0c44298fc1c149afbf4c8996fb92427ae41e4649b934ca495991b7852b855	c0e8992272e2b6d25572018b43f1f401d7fcecddf50a38c81d49ffc26ca0b9a7
tests/fixtures/stable_codegen.slim	279	71	0	e3b0c44298fc1c149afbf4c8996fb92427ae41e4649b934ca495991b7852b855	4486b6ae5000b54485995b1cee303e10a929846756f774d85d3e4fe131ae1150
tests/fixtures/stable_codegen.slim	280	71	0	e3b0c44298fc1c149afbf4c8996fb92427ae41e4649b934ca495991b7852b855	35e35e4ee00473b92caee6ddaf0aee6a15fe62c15df35df6dc1d2e7e7197e745
tests/fixtures/stable_codegen.slim	281	71	0	e3b0c44298fc1c149afbf4c8996fb92427ae41e4649b934ca495991b7852b855	bb0267de28f072574ae9b7031d27ce2ae6bf77ae7b47b03708c1df2eb284f2db
tests/fixtures/stable_codegen.slim	282	71	0	e3b0c44298fc1c149afbf4c8996fb92427ae41e4649b934ca495991b7852b855	f7cc1db49783feba32ab148b7be77fd5f4c356f44f830262822ca117568bfd0b
tests/fixtures/stable_codegen.slim	283	71	0	e3b0c44298fc1c149afbf4c8996fb92427ae41e4649b934ca495991b7852b855	57ef4624d9b13d7ce1a6c1ef21320ff6a4252ba18f09912657cce419c5edf794
tests/fixtures/stable_codegen.slim	284	71	0	e3b0c44298fc1c149afbf4c8996fb92427ae41e4649b934ca495991b7852b855	a703e8ee48d4116707b6f9f0fcfd0f415765cb300411252a5eee160c4323c00f
tests/fixtures/stable_codegen.slim	285	71	0	e3b0c44298fc1c149afbf4c8996fb92427ae41e4649b934ca495991b7852b855	884cc3872d5ddd525575f60d9269c0d9938bd4e4ab9305697876d3dee43f7681
tests/fixtures/stable_codegen.slim	286	71	0	e3b0c44298fc1c149afbf4c8996fb92427ae41e4649b934ca495991b7852b855	91fd6f627c2f97e860e1b83db902bc9d6e1958eec0322488ffa0ad417b2756b7
tests/fixtures/stable_codegen.slim	287	71	0	e3b0c44298fc1c149afbf4c8996fb92427ae41e4649b934ca495991b7852b855	87b324b5c1e197106729d9bed214abc9394398908df7af8f407e357f27555a16
tests/fixtures/stable_codegen.slim	288	71	0	e3b0c44298fc1c149afbf4c8996fb92427ae41e4649b934ca495991b7852b855	628685a55604709469570c5fb8fa64f741cb5db48b5813760d27101d48897417
tests/fixtures/stable_codegen.slim	289	71	0	e3b0c44298fc1c149afbf4c8996fb92427ae41e4649b934ca495991b7852b855	7ba0d76da9e22fb58c55de8b5dfc686c92f9c743441c44e8c869caca63ea65b1
tests/fixtures/stable_codegen.slim	290	71	0	e3b0c44298fc1c149afbf4c8996fb92427ae41e4649b934ca495991b7852b855	c4b57d2d298625c8568064f9403bea8329deeb294a42fcad69536c25445876b2
tests/fixtures/stable_codegen.slim	291	71	0	e3b0c44298fc1c149afbf4c8996fb92427ae41e4649b934ca495991b7852b855	d9b654790afaec98110f98a515a3c0ef1db8f9cf30064c610ca0dac71d0ed662
tests/fixtures/stable_codegen.slim	292	71	0	e3b0c44298fc1c149afbf4c8996fb92427ae41e4649b934ca495991b7852b855	6ab555cdb12ee9af6a12db83b412726e298b2d41d75c99d86eaaaf56278e7a3c
tests/fixtures/stable_codegen.slim	293	71	0	e3b0c44298fc1c149afbf4c8996fb92427ae41e4649b934ca495991b7852b855	9172d9cf8831dcd8927c9c1d683735e3f6c54d187d8e10f72f9bb065a07951e7
tests/fixtures/stable_codegen.slim	294	71	0	e3b0c44298fc1c149afbf4c8996fb92427ae41e4649b934ca495991b7852b855	ba61164ed8042d2af656cf04266f147210c9f9a7be78382c8240f2713cdeb6e7
tests/fixtures/stable_codegen.slim	295	71	0	e3b0c44298fc1c149afbf4c8996fb92427ae41e4649b934ca495991b7852b855	cad01cd58f65a946478a1b62cf7d21a1bc5ed97fce168b9e422c42dc65f04ef4
tests/fixtures/stable_codegen.slim	296	71	0	e3b0c44298fc1c149afbf4c8996fb92427ae41e4649b934ca495991b7852b855	2be351b593e9b401244a0fcf034b1681854e44424679846dcca28f707532b9b7
tests/fixtures/stable_codegen.slim	297	71	0	e3b0c44298fc1c149afbf4c8996fb92427ae41e4649b934ca495991b7852b855	7d2d37d1ee899f2d441633a23604f0c4ecbdd010593f059947cf4de472e15d5a
tests/fixtures/stable_codegen.slim	298	71	0	e3b0c44298fc1c149afbf4c8996fb92427ae41e4649b934ca495991b7852b855	71b5cd38a195d5309bb9b0291abaf970be13a7e573e7e6eaee3d76c3f2f22ce8
tests/fixtures/stable_codegen.slim	299	71	0	e3b0c44298fc1c149afbf4c8996fb92427ae41e4649b934ca495991b7852b855	7078f9b8abe301470914a3f9ba90ca38b276c42c7b23c9a04cc8cf9e370e3c90
tests/fixtures/stable_codegen.slim	300	71	0	e3b0c44298fc1c149afbf4c8996fb92427ae41e4649b934ca495991b7852b855	79956b635cc352f6b66c8cdc0a22bded03b18133079220f7aa11d9ff7b7ebd20
tests/fixtures/stable_codegen.slim	301	71	0	e3b0c44298fc1c149afbf4c8996fb92427ae41e4649b934ca495991b7852b855	255feffa7bd3276dfe3009a1701e7aa014cb3a5f6248be5ceec96991c6ed767b
tests/fixtures/stable_codegen.slim	302	71	0	e3b0c44298fc1c149afbf4c8996fb92427ae41e4649b934ca495991b7852b855	772980f53d6fff8cc817250e71fbe4034bf7cc1e0c892a620c1536a782a9a28d
tests/fixtures/stable_codegen.slim	303	71	0	e3b0c44298fc1c149afbf4c8996fb92427ae41e4649b934ca495991b7852b855	531f42c3fe1052c14b465308a843b2aa700d2308c58396b22c24c3616720a00e
tests/fixtures/stable_codegen.slim	304	71	0	e3b0c44298fc1c149afbf4c8996fb92427ae41e4649b934ca495991b7852b855	ba7cb9b33c93f259e5f931d8f2ac635c7530b3a8c4be54bc9bcd63150adfa3fe
tests/fixtures/stable_codegen.slim	305	71	0	e3b0c44298fc1c149afbf4c8996fb92427ae41e4649b934ca495991b7852b855	45f5fb9622f920071ddca84baa7869c775324b77f9965279c46ede68cce66660
tests/fixtures/stable_codegen.slim	306	71	0	e3b0c44298fc1c149afbf4c8996fb92427ae41e4649b934ca495991b7852b855	62f91dcbcdb2b8e3920d66a499805934df2f1320da0359dcd08b8e1bcf704ac2
tests/fixtures/stable_codegen.slim	307	71	0	e3b0c44298fc1c149afbf4c8996fb92427ae41e4649b934ca495991b7852b855	f8a8bfb500f9fa3ca7f158f698f882260d44ede1139430b3213584d4062280ca
tests/fixtures/stable_codegen.slim	308	71	0	e3b0c44298fc1c149afbf4c8996fb92427ae41e4649b934ca495991b7852b855	70df09e10408f1415ec4c29ec66d0da0fa1fc99fa5ef72b9b0a215bcd035ade2
tests/fixtures/stable_codegen.slim	309	71	0	e3b0c44298fc1c149afbf4c8996fb92427ae41e4649b934ca495991b7852b855	7cb7a60c25100ff6875a39362dfcc31c4a17ce9e6fa479dfd7fa3ed584e76b1a
tests/fixtures/stable_codegen.slim	310	71	0	e3b0c44298fc1c149afbf4c8996fb92427ae41e4649b934ca495991b7852b855	98a2b3ad129abc615dbcff40794b6db1b72dee57013f105e803620abcb628f8d
tests/fixtures/stable_codegen.slim	311	71	0	e3b0c44298fc1c149afbf4c8996fb92427ae41e4649b934ca495991b7852b855	7ec7e13d99bbc3449a16b216e9c4212819f424fc96e4e14ae28ddb3614e680c1
tests/fixtures/stable_codegen.slim	312	71	0	e3b0c44298fc1c149afbf4c8996fb92427ae41e4649b934ca495991b7852b855	19e7d085e5324ff3f5e42dcb223c66105e012d1ec61fa4086498097e7b7e6fa5
tests/fixtures/stable_codegen.slim	313	71	0	e3b0c44298fc1c149afbf4c8996fb92427ae41e4649b934ca495991b7852b855	bdaac144e98779c0c105941c596a2fcb06932ab34e1be0bed098b72eb1a50971
tests/fixtures/stable_codegen.slim	314	71	0	e3b0c44298fc1c149afbf4c8996fb92427ae41e4649b934ca495991b7852b855	108a9db8b13f08cec47e93d85967ce38c07f49c25dfb42b2817a3dd4d0c0f73a
tests/fixtures/stable_codegen.slim	315	71	0	e3b0c44298fc1c149afbf4c8996fb92427ae41e4649b934ca495991b7852b855	fb601aa729bc24b0453c52477a5a3abfc328eef6c5622c01759af0128755ae0d
tests/fixtures/stable_codegen.slim	316	71	0	e3b0c44298fc1c149afbf4c8996fb92427ae41e4649b934ca495991b7852b855	772b1072a66431ae54fce8f673bbfe324331228423293bb5de879d1743882de9
tests/fixtures/stable_codegen.slim	317	71	0	e3b0c44298fc1c149afbf4c8996fb92427ae41e4649b934ca495991b7852b855	5609dc95f37302bf0749bf0c91595452c5cc8c5f3af6b84268a99b113c004024
tests/fixtures/stable_codegen.slim	318	71	0	e3b0c44298fc1c149afbf4c8996fb92427ae41e4649b934ca495991b7852b855	5b0c591e9b4ea4d563fe7f6a41953001c501ca6d72090eeb0aa8990d8704b16b
tests/fixtures/stable_codegen.slim	319	71	0	e3b0c44298fc1c149afbf4c8996fb92427ae41e4649b934ca495991b7852b855	46e6aba2980b6889b7fa4cd95354aa1bea5530f61dbef63496b6137bfcfa8a72
tests/fixtures/stable_codegen.slim	320	71	0	e3b0c44298fc1c149afbf4c8996fb92427ae41e4649b934ca495991b7852b855	9c56d066c84fb9b02f621478905f64d5fc3596a44b1f4363fdcd1e88f161b2fd
tests/fixtures/stable_codegen.slim	321	71	0	e3b0c44298fc1c149afbf4c8996fb92427ae41e4649b934ca495991b7852b855	074a126992c5f5205110278117c6b33b2bff50fecf61cfd7d94d1771f3fc6669
tests/fixtures/stable_codegen.slim	322	71	0	e3b0c44298fc1c149afbf4c8996fb92427ae41e4649b934ca495991b7852b855	5f93cf3d847953ba407c610b80a12dad2722537ce06be5d4b7f13888722234d9
tests/fixtures/stable_codegen.slim	323	71	0	e3b0c44298fc1c149afbf4c8996fb92427ae41e4649b934ca495991b7852b855	8c5541206741d34d6cf7de63b8388cee8757cf5fdeca0da6b284704f56697d70
tests/fixtures/stable_codegen.slim	324	71	0	e3b0c44298fc1c149afbf4c8996fb92427ae41e4649b934ca495991b7852b855	4058999500bba6ee384200f1848dd4bafc8201517779aca639e7f3390d9829da
tests/fixtures/stable_codegen.slim	325	71	0	e3b0c44298fc1c149afbf4c8996fb92427ae41e4649b934ca495991b7852b855	ea5bb84b1341ea89b0e0083981715b34fc999739db5f4ef4acb12a540cbc6b9a
tests/fixtures/stable_codegen.slim	326	71	0	e3b0c44298fc1c149afbf4c8996fb92427ae41e4649b934ca495991b7852b855	9114f052e8099929174622b8fb180622acda07ac69a10728cfaef344163b7d99
tests/fixtures/stable_codegen.slim	327	71	0	e3b0c44298fc1c149afbf4c8996fb92427ae41e4649b934ca495991b7852b855	4f742516919bc20827d45de663186c79694bf419d1cf4b4753fd133989ff38a2
tests/fixtures/stable_codegen.slim	328	71	0	e3b0c44298fc1c149afbf4c8996fb92427ae41e4649b934ca495991b7852b855	896f2ea84c2f3e954583ca9ace38195c716f10a9202f50d70bdd2c2babff0d93
tests/fixtures/stable_codegen.slim	329	71	0	e3b0c44298fc1c149afbf4c8996fb92427ae41e4649b934ca495991b7852b855	775501ed998a44cfcaa5585ef0450d06303541068ef9864a39461d25d05b43d4
tests/fixtures/stable_codegen.slim	330	71	0	e3b0c44298fc1c149afbf4c8996fb92427ae41e4649b934ca495991b7852b855	496b84fe3c139f82859d5723e55d27e1a56c27ec1a9a5797ee616a8b5622f0d5
tests/fixtures/stable_codegen.slim	331	71	0	e3b0c44298fc1c149afbf4c8996fb92427ae41e4649b934ca495991b7852b855	935e89daae7ce49cf8d78e95b5930bfcf5decd8b8cdabe5ac8e337c66c1e55ed
tests/fixtures/stable_codegen.slim	332	71	0	e3b0c44298fc1c149afbf4c8996fb92427ae41e4649b934ca495991b7852b855	41946c592093e6b1efe156522151ea1db6a304c4bc6936577790ffdfa994a1eb
tests/fixtures/stable_codegen.slim	333	71	0	e3b0c44298fc1c149afbf4c8996fb92427ae41e4649b934ca495991b7852b855	08b4f47dd785a231bef2850b43f8a7c67b7572dc115faa546ecbc0bf8b44406e
tests/fixtures/stable_codegen.slim	334	71	0	e3b0c44298fc1c149afbf4c8996fb92427ae41e4649b934ca495991b7852b855	0340d499e5ef420e8a3119fb6777b1fb82b9c8645f4d0620f371384d350fa877
tests/fixtures/stable_codegen.slim	335	71	0	e3b0c44298fc1c149afbf4c8996fb92427ae41e4649b934ca495991b7852b855	982877fc5a7d811d3c6f82d3c7bd772d33be7c34f3c95af39096e821ba21ca3e
tests/fixtures/stable_codegen.slim	336	71	0	e3b0c44298fc1c149afbf4c8996fb92427ae41e4649b934ca495991b7852b855	393ac1f6223a1a57fe8243f93358aa9e88c3f64abc869c8994ab4a435d33c8db
tests/fixtures/stable_codegen.slim	337	71	0	e3b0c44298fc1c149afbf4c8996fb92427ae41e4649b934ca495991b7852b855	1cde05f450b984225b6b8b5ae2276ab59cd37f4126750ab6fb34c771ba8faef6
tests/fixtures/stable_codegen.slim	338	71	0	e3b0c44298fc1c149afbf4c8996fb92427ae41e4649b934ca495991b7852b855	8424544750ca51fc12cd5ba7479b658687d2c05b412a8bac4e5756cc656f1b05
tests/fixtures/stable_codegen.slim	339	71	0	e3b0c44298fc1c149afbf4c8996fb92427ae41e4649b934ca495991b7852b855	ec579cb38efe85a0b85d4beefcb235915a89d35a980d8e521b280d1d30b05ba6
tests/fixtures/stable_codegen.slim	340	71	0	e3b0c44298fc1c149afbf4c8996fb92427ae41e4649b934ca495991b7852b855	71c916746a6512ae6dc83d759cfa3d6e91216ac7ddd94c81a9542d03ea3fed78
tests/fixtures/stable_codegen.slim	341	71	0	e3b0c44298fc1c149afbf4c8996fb92427ae41e4649b934ca495991b7852b855	facc7fcdc3c7c233bd03aec93dff57a09c911c4b6bb392b519c354400582c2de
tests/fixtures/stable_codegen.slim	342	71	0	e3b0c44298fc1c149afbf4c8996fb92427ae41e4649b934ca495991b7852b855	ee248aafbb7b7743f4ea19e16caad0afeed24954b3de61afe950ba41b350762b
tests/fixtures/stable_codegen.slim	343	71	0	e3b0c44298fc1c149afbf4c8996fb92427ae41e4649b934ca495991b7852b855	d01d9a6f7786f7b9448df3dea69087ca6c1d269179382c451158b9b6c04d7a83
tests/fixtures/stable_codegen.slim	344	71	0	e3b0c44298fc1c149afbf4c8996fb92427ae41e4649b934ca495991b7852b855	268a1f225a8fa9312d8173c977dd8c3179b782827c9519cae15f6f228d63dec0
tests/fixtures/stable_codegen.slim	345	71	0	e3b0c44298fc1c149afbf4c8996fb92427ae41e4649b934ca495991b7852b855	f3a8e751dc65260b1e580fbf0e394922b23eecd6751d3a923732443c3a6230b6
tests/fixtures/stable_codegen.slim	346	0	13833	9063ed9f9fa5fccf9d43a13344e38d9abfc0f23a90eaee7dfb3ed614fe061db5	e3b0c44298fc1c149afbf4c8996fb92427ae41e4649b934ca495991b7852b855
tests/fixtures/stable_codegen.slim	347	0	13833	9063ed9f9fa5fccf9d43a13344e38d9abfc0f23a90eaee7dfb3ed614fe061db5	e3b0c44298fc1c149afbf4c8996fb92427ae41e4649b934ca495991b7852b855
tests/fixtures/stable_codegen.slim	348	0	13833	9063ed9f9fa5fccf9d43a13344e38d9abfc0f23a90eaee7dfb3ed614fe061db5	e3b0c44298fc1c149afbf4c8996fb92427ae41e4649b934ca495991b7852b855
tests/fixtures/stable_codegen.slim	349	0	13833	9063ed9f9fa5fccf9d43a13344e38d9abfc0f23a90eaee7dfb3ed614fe061db5	e3b0c44298fc1c149afbf4c8996fb92427ae41e4649b934ca495991b7852b855
tests/fixtures/stable_codegen.slim	350	0	13833	9063ed9f9fa5fccf9d43a13344e38d9abfc0f23a90eaee7dfb3ed614fe061db5	e3b0c44298fc1c149afbf4c8996fb92427ae41e4649b934ca495991b7852b855
tests/fixtures/stable_codegen.slim	351	0	13833	9063ed9f9fa5fccf9d43a13344e38d9abfc0f23a90eaee7dfb3ed614fe061db5	e3b0c44298fc1c149afbf4c8996fb92427ae41e4649b934ca495991b7852b855
tests/fixtures/stable_codegen.slim	352	0	13833	9063ed9f9fa5fccf9d43a13344e38d9abfc0f23a90eaee7dfb3ed614fe061db5	e3b0c44298fc1c149afbf4c8996fb92427ae41e4649b934ca495991b7852b855
tests/fixtures/stable_codegen.slim	353	0	13833	9063ed9f9fa5fccf9d43a13344e38d9abfc0f23a90eaee7dfb3ed614fe061db5	e3b0c44298fc1c149afbf4c8996fb92427ae41e4649b934ca495991b7852b855
tests/fixtures/stable_codegen.slim	354	0	13833	9063ed9f9fa5fccf9d43a13344e38d9abfc0f23a90eaee7dfb3ed614fe061db5	e3b0c44298fc1c149afbf4c8996fb92427ae41e4649b934ca495991b7852b855
tests/fixtures/stable_codegen.slim	355	0	13833	9063ed9f9fa5fccf9d43a13344e38d9abfc0f23a90eaee7dfb3ed614fe061db5	e3b0c44298fc1c149afbf4c8996fb92427ae41e4649b934ca495991b7852b855
tests/fixtures/stable_codegen.slim	356	0	13833	9063ed9f9fa5fccf9d43a13344e38d9abfc0f23a90eaee7dfb3ed614fe061db5	e3b0c44298fc1c149afbf4c8996fb92427ae41e4649b934ca495991b7852b855
tests/fixtures/stable_codegen.slim	357	0	13833	9063ed9f9fa5fccf9d43a13344e38d9abfc0f23a90eaee7dfb3ed614fe061db5	e3b0c44298fc1c149afbf4c8996fb92427ae41e4649b934ca495991b7852b855
tests/fixtures/stable_codegen.slim	358	0	13833	9063ed9f9fa5fccf9d43a13344e38d9abfc0f23a90eaee7dfb3ed614fe061db5	e3b0c44298fc1c149afbf4c8996fb92427ae41e4649b934ca495991b7852b855
tests/fixtures/stable_codegen.slim	359	0	13833	9063ed9f9fa5fccf9d43a13344e38d9abfc0f23a90eaee7dfb3ed614fe061db5	e3b0c44298fc1c149afbf4c8996fb92427ae41e4649b934ca495991b7852b855
tests/fixtures/stable_codegen.slim	360	0	13833	9063ed9f9fa5fccf9d43a13344e38d9abfc0f23a90eaee7dfb3ed614fe061db5	e3b0c44298fc1c149afbf4c8996fb92427ae41e4649b934ca495991b7852b855
tests/fixtures/stable_codegen.slim	361	0	13833	9063ed9f9fa5fccf9d43a13344e38d9abfc0f23a90eaee7dfb3ed614fe061db5	e3b0c44298fc1c149afbf4c8996fb92427ae41e4649b934ca495991b7852b855
tests/fixtures/stable_codegen.slim	362	0	13833	9063ed9f9fa5fccf9d43a13344e38d9abfc0f23a90eaee7dfb3ed614fe061db5	e3b0c44298fc1c149afbf4c8996fb92427ae41e4649b934ca495991b7852b855
tests/fixtures/stable_codegen.slim	363	0	13833	9063ed9f9fa5fccf9d43a13344e38d9abfc0f23a90eaee7dfb3ed614fe061db5	e3b0c44298fc1c149afbf4c8996fb92427ae41e4649b934ca495991b7852b855
tests/fixtures/stable_codegen.slim	364	0	13833	9063ed9f9fa5fccf9d43a13344e38d9abfc0f23a90eaee7dfb3ed614fe061db5	e3b0c44298fc1c149afbf4c8996fb92427ae41e4649b934ca495991b7852b855
tests/fixtures/stable_codegen.slim	365	0	13833	9063ed9f9fa5fccf9d43a13344e38d9abfc0f23a90eaee7dfb3ed614fe061db5	e3b0c44298fc1c149afbf4c8996fb92427ae41e4649b934ca495991b7852b855
tests/fixtures/stable_codegen.slim	366	0	13833	9063ed9f9fa5fccf9d43a13344e38d9abfc0f23a90eaee7dfb3ed614fe061db5	e3b0c44298fc1c149afbf4c8996fb92427ae41e4649b934ca495991b7852b855
tests/fixtures/stable_codegen.slim	367	0	13833	9063ed9f9fa5fccf9d43a13344e38d9abfc0f23a90eaee7dfb3ed614fe061db5	e3b0c44298fc1c149afbf4c8996fb92427ae41e4649b934ca495991b7852b855
tests/fixtures/stable_codegen.slim	368	0	13833	9063ed9f9fa5fccf9d43a13344e38d9abfc0f23a90eaee7dfb3ed614fe061db5	e3b0c44298fc1c149afbf4c8996fb92427ae41e4649b934ca495991b7852b855
tests/fixtures/stable_codegen.slim	369	0	13833	9063ed9f9fa5fccf9d43a13344e38d9abfc0f23a90eaee7dfb3ed614fe061db5	e3b0c44298fc1c149afbf4c8996fb92427ae41e4649b934ca495991b7852b855
tests/fixtures/stable_codegen.slim	370	0	13833	9063ed9f9fa5fccf9d43a13344e38d9abfc0f23a90eaee7dfb3ed614fe061db5	e3b0c44298fc1c149afbf4c8996fb92427ae41e4649b934ca495991b7852b855
tests/fixtures/stable_codegen.slim	371	0	13833	9063ed9f9fa5fccf9d43a13344e38d9abfc0f23a90eaee7dfb3ed614fe061db5	e3b0c44298fc1c149afbf4c8996fb92427ae41e4649b934ca495991b7852b855
tests/fixtures/stable_codegen.slim	372	0	13833	9063ed9f9fa5fccf9d43a13344e38d9abfc0f23a90eaee7dfb3ed614fe061db5	e3b0c44298fc1c149afbf4c8996fb92427ae41e4649b934ca495991b7852b855
tests/fixtures/stable_codegen.slim	373	0	13833	9063ed9f9fa5fccf9d43a13344e38d9abfc0f23a90eaee7dfb3ed614fe061db5	e3b0c44298fc1c149afbf4c8996fb92427ae41e4649b934ca495991b7852b855
tests/fixtures/stable_codegen.slim	374	0	13833	9063ed9f9fa5fccf9d43a13344e38d9abfc0f23a90eaee7dfb3ed614fe061db5	e3b0c44298fc1c149afbf4c8996fb92427ae41e4649b934ca495991b7852b855
tests/fixtures/stable_codegen.slim	375	0	13833	9063ed9f9fa5fccf9d43a13344e38d9abfc0f23a90eaee7dfb3ed614fe061db5	e3b0c44298fc1c149afbf4c8996fb92427ae41e4649b934ca495991b7852b855
tests/fixtures/stable_codegen.slim	376	0	13833	9063ed9f9fa5fccf9d43a13344e38d9abfc0f23a90eaee7dfb3ed614fe061db5	e3b0c44298fc1c149afbf4c8996fb92427ae41e4649b934ca495991b7852b855
tests/fixtures/stable_codegen.slim	377	0	13833	9063ed9f9fa5fccf9d43a13344e38d9abfc0f23a90eaee7dfb3ed614fe061db5	e3b0c44298fc1c149afbf4c8996fb92427ae41e4649b934ca495991b7852b855
tests/fixtures/stable_codegen.slim	378	0	13833	9063ed9f9fa5fccf9d43a13344e38d9abfc0f23a90eaee7dfb3ed614fe061db5	e3b0c44298fc1c149afbf4c8996fb92427ae41e4649b934ca495991b7852b855
tests/fixtures/stable_codegen.slim	379	0	13833	9063ed9f9fa5fccf9d43a13344e38d9abfc0f23a90eaee7dfb3ed614fe061db5	e3b0c44298fc1c149afbf4c8996fb92427ae41e4649b934ca495991b7852b855
tests/fixtures/stable_codegen.slim	380	0	13833	9063ed9f9fa5fccf9d43a13344e38d9abfc0f23a90eaee7dfb3ed614fe061db5	e3b0c44298fc1c149afbf4c8996fb92427ae41e4649b934ca495991b7852b855
tests/fixtures/stable_codegen.slim	381	0	13833	9063ed9f9fa5fccf9d43a13344e38d9abfc0f23a90eaee7dfb3ed614fe061db5	e3b0c44298fc1c149afbf4c8996fb92427ae41e4649b934ca495991b7852b855
tests/fixtures/stable_codegen.slim	382	0	13833	9063ed9f9fa5fccf9d43a13344e38d9abfc0f23a90eaee7dfb3ed614fe061db5	e3b0c44298fc1c149afbf4c8996fb92427ae41e4649b934ca495991b7852b855
tests/fixtures/stable_codegen.slim	383	0	13833	9063ed9f9fa5fccf9d43a13344e38d9abfc0f23a90eaee7dfb3ed614fe061db5	e3b0c44298fc1c149afbf4c8996fb92427ae41e4649b934ca495991b7852b855
tests/fixtures/stable_codegen.slim	384	0	13833	9063ed9f9fa5fccf9d43a13344e38d9abfc0f23a90eaee7dfb3ed614fe061db5	e3b0c44298fc1c149afbf4c8996fb92427ae41e4649b934ca495991b7852b855
tests/fixtures/stable_codegen.slim	385	0	13833	9063ed9f9fa5fccf9d43a13344e38d9abfc0f23a90eaee7dfb3ed614fe061db5	e3b0c44298fc1c149afbf4c8996fb92427ae41e4649b934ca495991b7852b855
tests/fixtures/stable_codegen.slim	386	0	13833	9063ed9f9fa5fccf9d43a13344e38d9abfc0f23a90eaee7dfb3ed614fe061db5	e3b0c44298fc1c149afbf4c8996fb92427ae41e4649b934ca495991b7852b855
tests/fixtures/stable_codegen.slim	387	0	13833	9063ed9f9fa5fccf9d43a13344e38d9abfc0f23a90eaee7dfb3ed614fe061db5	e3b0c44298fc1c149afbf4c8996fb92427ae41e4649b934ca495991b7852b855
tests/fixtures/stable_codegen.slim	388	0	13833	9063ed9f9fa5fccf9d43a13344e38d9abfc0f23a90eaee7dfb3ed614fe061db5	e3b0c44298fc1c149afbf4c8996fb92427ae41e4649b934ca495991b7852b855
tests/fixtures/stable_codegen.slim	389	0	13833	9063ed9f9fa5fccf9d43a13344e38d9abfc0f23a90eaee7dfb3ed614fe061db5	e3b0c44298fc1c149afbf4c8996fb92427ae41e4649b934ca495991b7852b855
tests/fixtures/stable_codegen.slim	390	0	13833	9063ed9f9fa5fccf9d43a13344e38d9abfc0f23a90eaee7dfb3ed614fe061db5	e3b0c44298fc1c149afbf4c8996fb92427ae41e4649b934ca495991b7852b855
tests/fixtures/stable_codegen.slim	391	0	13833	9063ed9f9fa5fccf9d43a13344e38d9abfc0f23a90eaee7dfb3ed614fe061db5	e3b0c44298fc1c149afbf4c8996fb92427ae41e4649b934ca495991b7852b855
tests/fixtures/stable_codegen.slim	392	0	13833	9063ed9f9fa5fccf9d43a13344e38d9abfc0f23a90eaee7dfb3ed614fe061db5	e3b0c44298fc1c149afbf4c8996fb92427ae41e4649b934ca495991b7852b855
tests/fixtures/stable_codegen.slim	393	0	13833	9063ed9f9fa5fccf9d43a13344e38d9abfc0f23a90eaee7dfb3ed614fe061db5	e3b0c44298fc1c149afbf4c8996fb92427ae41e4649b934ca495991b7852b855
tests/fixtures/stable_codegen.slim	394	0	13833	9063ed9f9fa5fccf9d43a13344e38d9abfc0f23a90eaee7dfb3ed614fe061db5	e3b0c44298fc1c149afbf4c8996fb92427ae41e4649b934ca495991b7852b855
tests/fixtures/stable_codegen.slim	395	0	13833	9063ed9f9fa5fccf9d43a13344e38d9abfc0f23a90eaee7dfb3ed614fe061db5	e3b0c44298fc1c149afbf4c8996fb92427ae41e4649b934ca495991b7852b855
tests/fixtures/stable_codegen.slim	396	0	13833	9063ed9f9fa5fccf9d43a13344e38d9abfc0f23a90eaee7dfb3ed614fe061db5	e3b0c44298fc1c149afbf4c8996fb92427ae41e4649b934ca495991b7852b855
tests/fixtures/stable_codegen.slim	397	0	13833	9063ed9f9fa5fccf9d43a13344e38d9abfc0f23a90eaee7dfb3ed614fe061db5	e3b0c44298fc1c149afbf4c8996fb92427ae41e4649b934ca495991b7852b855
tests/fixtures/stable_codegen.slim	398	0	13833	9063ed9f9fa5fccf9d43a13344e38d9abfc0f23a90eaee7dfb3ed614fe061db5	e3b0c44298fc1c149afbf4c8996fb92427ae41e4649b934ca495991b7852b855
tests/fixtures/stable_codegen.slim	399	0	13833	9063ed9f9fa5fccf9d43a13344e38d9abfc0f23a90eaee7dfb3ed614fe061db5	e3b0c44298fc1c149afbf4c8996fb92427ae41e4649b934ca495991b7852b855
tests/fixtures/stable_codegen.slim	400	0	13833	9063ed9f9fa5fccf9d43a13344e38d9abfc0f23a90eaee7dfb3ed614fe061db5	e3b0c44298fc1c149afbf4c8996fb92427ae41e4649b934ca495991b7852b855
tests/fixtures/stable_codegen.slim	401	0	13833	9063ed9f9fa5fccf9d43a13344e38d9abfc0f23a90eaee7dfb3ed614fe061db5	e3b0c44298fc1c149afbf4c8996fb92427ae41e4649b934ca495991b7852b855
tests/fixtures/stable_codegen.slim	402	0	13833	9063ed9f9fa5fccf9d43a13344e38d9abfc0f23a90eaee7dfb3ed614fe061db5	e3b0c44298fc1c149afbf4c8996fb92427ae41e4649b934ca495991b7852b855
tests/fixtures/stable_codegen.slim	403	0	13833	9063ed9f9fa5fccf9d43a13344e38d9abfc0f23a90eaee7dfb3ed614fe061db5	e3b0c44298fc1c149afbf4c8996fb92427ae41e4649b934ca495991b7852b855
tests/fixtures/stable_codegen.slim	404	0	13833	9063ed9f9fa5fccf9d43a13344e38d9abfc0f23a90eaee7dfb3ed614fe061db5	e3b0c44298fc1c149afbf4c8996fb92427ae41e4649b934ca495991b7852b855
tests/fixtures/stable_codegen.slim	405	0	13833	9063ed9f9fa5fccf9d43a13344e38d9abfc0f23a90eaee7dfb3ed614fe061db5	e3b0c44298fc1c149afbf4c8996fb92427ae41e4649b934ca495991b7852b855
tests/fixtures/stable_codegen.slim	406	0	13833	9063ed9f9fa5fccf9d43a13344e38d9abfc0f23a90eaee7dfb3ed614fe061db5	e3b0c44298fc1c149afbf4c8996fb92427ae41e4649b934ca495991b7852b855
tests/fixtures/stable_codegen.slim	407	0	13833	9063ed9f9fa5fccf9d43a13344e38d9abfc0f23a90eaee7dfb3ed614fe061db5	e3b0c44298fc1c149afbf4c8996fb92427ae41e4649b934ca495991b7852b855
tests/fixtures/stable_codegen.slim	408	0	13833	9063ed9f9fa5fccf9d43a13344e38d9abfc0f23a90eaee7dfb3ed614fe061db5	e3b0c44298fc1c149afbf4c8996fb92427ae41e4649b934ca495991b7852b855
tests/fixtures/stable_codegen.slim	409	0	13833	9063ed9f9fa5fccf9d43a13344e38d9abfc0f23a90eaee7dfb3ed614fe061db5	e3b0c44298fc1c149afbf4c8996fb92427ae41e4649b934ca495991b7852b855
tests/fixtures/stable_codegen.slim	410	0	13833	9063ed9f9fa5fccf9d43a13344e38d9abfc0f23a90eaee7dfb3ed614fe061db5	e3b0c44298fc1c149afbf4c8996fb92427ae41e4649b934ca495991b7852b855
tests/fixtures/stable_codegen.slim	411	0	13833	9063ed9f9fa5fccf9d43a13344e38d9abfc0f23a90eaee7dfb3ed614fe061db5	e3b0c44298fc1c149afbf4c8996fb92427ae41e4649b934ca495991b7852b855
tests/fixtures/stable_codegen.slim	412	0	13833	9063ed9f9fa5fccf9d43a13344e38d9abfc0f23a90eaee7dfb3ed614fe061db5	e3b0c44298fc1c149afbf4c8996fb92427ae41e4649b934ca495991b7852b855
tests/fixtures/stable_codegen.slim	413	0	13833	9063ed9f9fa5fccf9d43a13344e38d9abfc0f23a90eaee7dfb3ed614fe061db5	e3b0c44298fc1c149afbf4c8996fb92427ae41e4649b934ca495991b7852b855
tests/fixtures/stable_codegen.slim	414	0	13833	9063ed9f9fa5fccf9d43a13344e38d9abfc0f23a90eaee7dfb3ed614fe061db5	e3b0c44298fc1c149afbf4c8996fb92427ae41e4649b934ca495991b7852b855
tests/fixtures/stable_codegen.slim	415	0	13833	9063ed9f9fa5fccf9d43a13344e38d9abfc0f23a90eaee7dfb3ed614fe061db5	e3b0c44298fc1c149afbf4c8996fb92427ae41e4649b934ca495991b7852b855
tests/fixtures/stable_codegen.slim	416	0	13833	9063ed9f9fa5fccf9d43a13344e38d9abfc0f23a90eaee7dfb3ed614fe061db5	e3b0c44298fc1c149afbf4c8996fb92427ae41e4649b934ca495991b7852b855
tests/fixtures/stable_codegen.slim	417	0	13833	9063ed9f9fa5fccf9d43a13344e38d9abfc0f23a90eaee7dfb3ed614fe061db5	e3b0c44298fc1c149afbf4c8996fb92427ae41e4649b934ca495991b7852b855
tests/fixtures/stable_codegen.slim	418	0	13833	9063ed9f9fa5fccf9d43a13344e38d9abfc0f23a90eaee7dfb3ed614fe061db5	e3b0c44298fc1c149afbf4c8996fb92427ae41e4649b934ca495991b7852b855
tests/fixtures/stable_codegen.slim	419	0	13833	9063ed9f9fa5fccf9d43a13344e38d9abfc0f23a90eaee7dfb3ed614fe061db5	e3b0c44298fc1c149afbf4c8996fb92427ae41e4649b934ca495991b7852b855
tests/fixtures/stable_codegen.slim	420	0	13833	9063ed9f9fa5fccf9d43a13344e38d9abfc0f23a90eaee7dfb3ed614fe061db5	e3b0c44298fc1c149afbf4c8996fb92427ae41e4649b934ca495991b7852b855
tests/fixtures/stable_codegen.slim	421	0	13833	9063ed9f9fa5fccf9d43a13344e38d9abfc0f23a90eaee7dfb3ed614fe061db5	e3b0c44298fc1c149afbf4c8996fb92427ae41e4649b934ca495991b7852b855
tests/fixtures/stable_codegen.slim	422	0	13833	9063ed9f9fa5fccf9d43a13344e38d9abfc0f23a90eaee7dfb3ed614fe061db5	e3b0c44298fc1c149afbf4c8996fb92427ae41e4649b934ca495991b7852b855
tests/fixtures/stable_codegen.slim	423	0	13833	9063ed9f9fa5fccf9d43a13344e38d9abfc0f23a90eaee7dfb3ed614fe061db5	e3b0c44298fc1c149afbf4c8996fb92427ae41e4649b934ca495991b7852b855
tests/fixtures/stable_codegen.slim	424	0	13833	9063ed9f9fa5fccf9d43a13344e38d9abfc0f23a90eaee7dfb3ed614fe061db5	e3b0c44298fc1c149afbf4c8996fb92427ae41e4649b934ca495991b7852b855
tests/fixtures/stable_codegen.slim	425	0	13833	9063ed9f9fa5fccf9d43a13344e38d9abfc0f23a90eaee7dfb3ed614fe061db5	e3b0c44298fc1c149afbf4c8996fb92427ae41e4649b934ca495991b7852b855
tests/fixtures/stable_codegen.slim	426	0	13833	9063ed9f9fa5fccf9d43a13344e38d9abfc0f23a90eaee7dfb3ed614fe061db5	e3b0c44298fc1c149afbf4c8996fb92427ae41e4649b934ca495991b7852b855
tests/fixtures/stable_codegen.slim	427	0	13833	9063ed9f9fa5fccf9d43a13344e38d9abfc0f23a90eaee7dfb3ed614fe061db5	e3b0c44298fc1c149afbf4c8996fb92427ae41e4649b934ca495991b7852b855
tests/fixtures/stable_codegen.slim	428	0	13833	9063ed9f9fa5fccf9d43a13344e38d9abfc0f23a90eaee7dfb3ed614fe061db5	e3b0c44298fc1c149afbf4c8996fb92427ae41e4649b934ca495991b7852b855
tests/fixtures/stable_codegen.slim	429	0	13833	9063ed9f9fa5fccf9d43a13344e38d9abfc0f23a90eaee7dfb3ed614fe061db5	e3b0c44298fc1c149afbf4c8996fb92427ae41e4649b934ca495991b7852b855
tests/fixtures/stable_codegen.slim	430	0	13833	9063ed9f9fa5fccf9d43a13344e38d9abfc0f23a90eaee7dfb3ed614fe061db5	e3b0c44298fc1c149afbf4c8996fb92427ae41e4649b934ca495991b7852b855
tests/fixtures/stable_codegen.slim	431	0	13833	9063ed9f9fa5fccf9d43a13344e38d9abfc0f23a90eaee7dfb3ed614fe061db5	e3b0c44298fc1c149afbf4c8996fb92427ae41e4649b934ca495991b7852b855
tests/fixtures/stable_codegen.slim	432	0	13833	9063ed9f9fa5fccf9d43a13344e38d9abfc0f23a90eaee7dfb3ed614fe061db5	e3b0c44298fc1c149afbf4c8996fb92427ae41e4649b934ca495991b7852b855
tests/fixtures/stable_codegen.slim	433	0	13833	9063ed9f9fa5fccf9d43a13344e38d9abfc0f23a90eaee7dfb3ed614fe061db5	e3b0c44298fc1c149afbf4c8996fb92427ae41e4649b934ca495991b7852b855
tests/fixtures/stable_codegen.slim	434	0	13833	9063ed9f9fa5fccf9d43a13344e38d9abfc0f23a90eaee7dfb3ed614fe061db5	e3b0c44298fc1c149afbf4c8996fb92427ae41e4649b934ca495991b7852b855
tests/fixtures/stable_codegen.slim	435	0	13833	9063ed9f9fa5fccf9d43a13344e38d9abfc0f23a90eaee7dfb3ed614fe061db5	e3b0c44298fc1c149afbf4c8996fb92427ae41e4649b934ca495991b7852b855
tests/fixtures/stable_codegen.slim	436	0	13833	9063ed9f9fa5fccf9d43a13344e38d9abfc0f23a90eaee7dfb3ed614fe061db5	e3b0c44298fc1c149afbf4c8996fb92427ae41e4649b934ca495991b7852b855
tests/fixtures/stable_codegen.slim	437	0	13833	9063ed9f9fa5fccf9d43a13344e38d9abfc0f23a90eaee7dfb3ed614fe061db5	e3b0c44298fc1c149afbf4c8996fb92427ae41e4649b934ca495991b7852b855
tests/fixtures/stable_codegen.slim	438	0	13833	9063ed9f9fa5fccf9d43a13344e38d9abfc0f23a90eaee7dfb3ed614fe061db5	e3b0c44298fc1c149afbf4c8996fb92427ae41e4649b934ca495991b7852b855
tests/fixtures/stable_codegen.slim	439	0	13833	9063ed9f9fa5fccf9d43a13344e38d9abfc0f23a90eaee7dfb3ed614fe061db5	e3b0c44298fc1c149afbf4c8996fb92427ae41e4649b934ca495991b7852b855
tests/fixtures/stable_codegen.slim	440	0	13833	9063ed9f9fa5fccf9d43a13344e38d9abfc0f23a90eaee7dfb3ed614fe061db5	e3b0c44298fc1c149afbf4c8996fb92427ae41e4649b934ca495991b7852b855
tests/fixtures/stable_codegen.slim	441	0	13833	9063ed9f9fa5fccf9d43a13344e38d9abfc0f23a90eaee7dfb3ed614fe061db5	e3b0c44298fc1c149afbf4c8996fb92427ae41e4649b934ca495991b7852b855
tests/fixtures/stable_codegen.slim	442	0	13833	9063ed9f9fa5fccf9d43a13344e38d9abfc0f23a90eaee7dfb3ed614fe061db5	e3b0c44298fc1c149afbf4c8996fb92427ae41e4649b934ca495991b7852b855
tests/fixtures/stable_codegen.slim	443	0	13833	9063ed9f9fa5fccf9d43a13344e38d9abfc0f23a90eaee7dfb3ed614fe061db5	e3b0c44298fc1c149afbf4c8996fb92427ae41e4649b934ca495991b7852b855
tests/fixtures/stable_codegen.slim	444	0	13833	9063ed9f9fa5fccf9d43a13344e38d9abfc0f23a90eaee7dfb3ed614fe061db5	e3b0c44298fc1c149afbf4c8996fb92427ae41e4649b934ca495991b7852b855
tests/fixtures/stable_codegen.slim	445	0	13833	9063ed9f9fa5fccf9d43a13344e38d9abfc0f23a90eaee7dfb3ed614fe061db5	e3b0c44298fc1c149afbf4c8996fb92427ae41e4649b934ca495991b7852b855
tests/fixtures/stable_codegen.slim	446	0	13833	9063ed9f9fa5fccf9d43a13344e38d9abfc0f23a90eaee7dfb3ed614fe061db5	e3b0c44298fc1c149afbf4c8996fb92427ae41e4649b934ca495991b7852b855
tests/fixtures/stable_codegen.slim	447	0	13833	9063ed9f9fa5fccf9d43a13344e38d9abfc0f23a90eaee7dfb3ed614fe061db5	e3b0c44298fc1c149afbf4c8996fb92427ae41e4649b934ca495991b7852b855
tests/fixtures/stable_codegen.slim	448	0	13833	9063ed9f9fa5fccf9d43a13344e38d9abfc0f23a90eaee7dfb3ed614fe061db5	e3b0c44298fc1c149afbf4c8996fb92427ae41e4649b934ca495991b7852b855
tests/fixtures/stable_codegen.slim	449	0	13833	9063ed9f9fa5fccf9d43a13344e38d9abfc0f23a90eaee7dfb3ed614fe061db5	e3b0c44298fc1c149afbf4c8996fb92427ae41e4649b934ca495991b7852b855
tests/fixtures/stable_codegen.slim	450	0	13833	9063ed9f9fa5fccf9d43a13344e38d9abfc0f23a90eaee7dfb3ed614fe061db5	e3b0c44298fc1c149afbf4c8996fb92427ae41e4649b934ca495991b7852b855
tests/fixtures/stable_codegen.slim	451	0	13833	9063ed9f9fa5fccf9d43a13344e38d9abfc0f23a90eaee7dfb3ed614fe061db5	e3b0c44298fc1c149afbf4c8996fb92427ae41e4649b934ca495991b7852b855
tests/fixtures/stable_codegen.slim	452	0	13833	9063ed9f9fa5fccf9d43a13344e38d9abfc0f23a90eaee7dfb3ed614fe061db5	e3b0c44298fc1c149afbf4c8996fb92427ae41e4649b934ca495991b7852b855
tests/fixtures/stable_codegen.slim	453	0	13833	9063ed9f9fa5fccf9d43a13344e38d9abfc0f23a90eaee7dfb3ed614fe061db5	e3b0c44298fc1c149afbf4c8996fb92427ae41e4649b934ca495991b7852b855
tests/fixtures/stable_codegen.slim	454	0	13833	9063ed9f9fa5fccf9d43a13344e38d9abfc0f23a90eaee7dfb3ed614fe061db5	e3b0c44298fc1c149afbf4c8996fb92427ae41e4649b934ca495991b7852b855
tests/fixtures/stable_codegen.slim	455	0	13833	9063ed9f9fa5fccf9d43a13344e38d9abfc0f23a90eaee7dfb3ed614fe061db5	e3b0c44298fc1c149afbf4c8996fb92427ae41e4649b934ca495991b7852b855
tests/fixtures/stable_codegen.slim	456	0	13833	9063ed9f9fa5fccf9d43a13344e38d9abfc0f23a90eaee7dfb3ed614fe061db5	e3b0c44298fc1c149afbf4c8996fb92427ae41e4649b934ca495991b7852b855
tests/fixtures/stable_codegen.slim	457	0	13833	9063ed9f9fa5fccf9d43a13344e38d9abfc0f23a90eaee7dfb3ed614fe061db5	e3b0c44298fc1c149afbf4c8996fb92427ae41e4649b934ca495991b7852b855
tests/fixtures/stable_codegen.slim	458	0	13833	9063ed9f9fa5fccf9d43a13344e38d9abfc0f23a90eaee7dfb3ed614fe061db5	e3b0c44298fc1c149afbf4c8996fb92427ae41e4649b934ca495991b7852b855
tests/fixtures/stable_codegen.slim	459	0	13833	9063ed9f9fa5fccf9d43a13344e38d9abfc0f23a90eaee7dfb3ed614fe061db5	e3b0c44298fc1c149afbf4c8996fb92427ae41e4649b934ca495991b7852b855
tests/fixtures/stable_codegen.slim	460	0	13833	9063ed9f9fa5fccf9d43a13344e38d9abfc0f23a90eaee7dfb3ed614fe061db5	e3b0c44298fc1c149afbf4c8996fb92427ae41e4649b934ca495991b7852b855
tests/fixtures/stable_codegen.slim	461	0	13833	9063ed9f9fa5fccf9d43a13344e38d9abfc0f23a90eaee7dfb3ed614fe061db5	e3b0c44298fc1c149afbf4c8996fb92427ae41e4649b934ca495991b7852b855
tests/fixtures/stable_codegen.slim	462	0	13833	9063ed9f9fa5fccf9d43a13344e38d9abfc0f23a90eaee7dfb3ed614fe061db5	e3b0c44298fc1c149afbf4c8996fb92427ae41e4649b934ca495991b7852b855
tests/fixtures/stable_codegen.slim	463	0	13833	9063ed9f9fa5fccf9d43a13344e38d9abfc0f23a90eaee7dfb3ed614fe061db5	e3b0c44298fc1c149afbf4c8996fb92427ae41e4649b934ca495991b7852b855
tests/fixtures/stable_codegen.slim	464	0	13833	9063ed9f9fa5fccf9d43a13344e38d9abfc0f23a90eaee7dfb3ed614fe061db5	e3b0c44298fc1c149afbf4c8996fb92427ae41e4649b934ca495991b7852b855
tests/fixtures/stable_codegen.slim	465	0	13833	9063ed9f9fa5fccf9d43a13344e38d9abfc0f23a90eaee7dfb3ed614fe061db5	e3b0c44298fc1c149afbf4c8996fb92427ae41e4649b934ca495991b7852b855
tests/fixtures/stable_codegen.slim	466	0	13833	9063ed9f9fa5fccf9d43a13344e38d9abfc0f23a90eaee7dfb3ed614fe061db5	e3b0c44298fc1c149afbf4c8996fb92427ae41e4649b934ca495991b7852b855
tests/fixtures/stable_codegen.slim	467	0	13833	9063ed9f9fa5fccf9d43a13344e38d9abfc0f23a90eaee7dfb3ed614fe061db5	e3b0c44298fc1c149afbf4c8996fb92427ae41e4649b934ca495991b7852b855
tests/fixtures/stable_codegen.slim	468	0	13833	9063ed9f9fa5fccf9d43a13344e38d9abfc0f23a90eaee7dfb3ed614fe061db5	e3b0c44298fc1c149afbf4c8996fb92427ae41e4649b934ca495991b7852b855
tests/fixtures/stable_codegen.slim	469	0	13833	9063ed9f9fa5fccf9d43a13344e38d9abfc0f23a90eaee7dfb3ed614fe061db5	e3b0c44298fc1c149afbf4c8996fb92427ae41e4649b934ca495991b7852b855
tests/fixtures/stable_codegen.slim	470	0	13833	9063ed9f9fa5fccf9d43a13344e38d9abfc0f23a90eaee7dfb3ed614fe061db5	e3b0c44298fc1c149afbf4c8996fb92427ae41e4649b934ca495991b7852b855
tests/fixtures/stable_codegen.slim	471	0	13833	9063ed9f9fa5fccf9d43a13344e38d9abfc0f23a90eaee7dfb3ed614fe061db5	e3b0c44298fc1c149afbf4c8996fb92427ae41e4649b934ca495991b7852b855
tests/fixtures/stable_codegen.slim	472	0	13833	9063ed9f9fa5fccf9d43a13344e38d9abfc0f23a90eaee7dfb3ed614fe061db5	e3b0c44298fc1c149afbf4c8996fb92427ae41e4649b934ca495991b7852b855
tests/fixtures/stable_codegen.slim	473	0	13833	9063ed9f9fa5fccf9d43a13344e38d9abfc0f23a90eaee7dfb3ed614fe061db5	e3b0c44298fc1c149afbf4c8996fb92427ae41e4649b934ca495991b7852b855
tests/fixtures/stable_codegen.slim	474	0	13833	9063ed9f9fa5fccf9d43a13344e38d9abfc0f23a90eaee7dfb3ed614fe061db5	e3b0c44298fc1c149afbf4c8996fb92427ae41e4649b934ca495991b7852b855
tests/fixtures/stable_codegen.slim	475	0	13833	9063ed9f9fa5fccf9d43a13344e38d9abfc0f23a90eaee7dfb3ed614fe061db5	e3b0c44298fc1c149afbf4c8996fb92427ae41e4649b934ca495991b7852b855
tests/fixtures/stable_codegen.slim	476	0	13833	9063ed9f9fa5fccf9d43a13344e38d9abfc0f23a90eaee7dfb3ed614fe061db5	e3b0c44298fc1c149afbf4c8996fb92427ae41e4649b934ca495991b7852b855
tests/fixtures/stable_codegen.slim	477	0	13833	9063ed9f9fa5fccf9d43a13344e38d9abfc0f23a90eaee7dfb3ed614fe061db5	e3b0c44298fc1c149afbf4c8996fb92427ae41e4649b934ca495991b7852b855
tests/fixtures/stable_codegen.slim	478	0	13833	9063ed9f9fa5fccf9d43a13344e38d9abfc0f23a90eaee7dfb3ed614fe061db5	e3b0c44298fc1c149afbf4c8996fb92427ae41e4649b934ca495991b7852b855
tests/fixtures/stable_codegen.slim	479	0	13833	9063ed9f9fa5fccf9d43a13344e38d9abfc0f23a90eaee7dfb3ed614fe061db5	e3b0c44298fc1c149afbf4c8996fb92427ae41e4649b934ca495991b7852b855
tests/fixtures/stable_codegen.slim	480	0	13833	9063ed9f9fa5fccf9d43a13344e38d9abfc0f23a90eaee7dfb3ed614fe061db5	e3b0c44298fc1c149afbf4c8996fb92427ae41e4649b934ca495991b7852b855
tests/fixtures/stable_codegen.slim	481	0	13833	9063ed9f9fa5fccf9d43a13344e38d9abfc0f23a90eaee7dfb3ed614fe061db5	e3b0c44298fc1c149afbf4c8996fb92427ae41e4649b934ca495991b7852b855
tests/fixtures/stable_codegen.slim	482	0	13833	9063ed9f9fa5fccf9d43a13344e38d9abfc0f23a90eaee7dfb3ed614fe061db5	e3b0c44298fc1c149afbf4c8996fb92427ae41e4649b934ca495991b7852b855
tests/fixtures/stable_codegen.slim	483	0	13833	9063ed9f9fa5fccf9d43a13344e38d9abfc0f23a90eaee7dfb3ed614fe061db5	e3b0c44298fc1c149afbf4c8996fb92427ae41e4649b934ca495991b7852b855
tests/fixtures/stable_codegen.slim	484	0	13833	9063ed9f9fa5fccf9d43a13344e38d9abfc0f23a90eaee7dfb3ed614fe061db5	e3b0c44298fc1c149afbf4c8996fb92427ae41e4649b934ca495991b7852b855
tests/fixtures/stable_codegen.slim	485	0	13833	9063ed9f9fa5fccf9d43a13344e38d9abfc0f23a90eaee7dfb3ed614fe061db5	e3b0c44298fc1c149afbf4c8996fb92427ae41e4649b934ca495991b7852b855
tests/fixtures/stable_codegen.slim	486	0	13833	9063ed9f9fa5fccf9d43a13344e38d9abfc0f23a90eaee7dfb3ed614fe061db5	e3b0c44298fc1c149afbf4c8996fb92427ae41e4649b934ca495991b7852b855
tests/fixtures/stable_codegen.slim	487	0	13833	9063ed9f9fa5fccf9d43a13344e38d9abfc0f23a90eaee7dfb3ed614fe061db5	e3b0c44298fc1c149afbf4c8996fb92427ae41e4649b934ca495991b7852b855
tests/fixtures/stable_codegen.slim	488	0	13833	9063ed9f9fa5fccf9d43a13344e38d9abfc0f23a90eaee7dfb3ed614fe061db5	e3b0c44298fc1c149afbf4c8996fb92427ae41e4649b934ca495991b7852b855
tests/fixtures/stable_codegen.slim	489	0	13833	9063ed9f9fa5fccf9d43a13344e38d9abfc0f23a90eaee7dfb3ed614fe061db5	e3b0c44298fc1c149afbf4c8996fb92427ae41e4649b934ca495991b7852b855
tests/fixtures/stable_codegen.slim	490	0	13833	9063ed9f9fa5fccf9d43a13344e38d9abfc0f23a90eaee7dfb3ed614fe061db5	e3b0c44298fc1c149afbf4c8996fb92427ae41e4649b934ca495991b7852b855
tests/fixtures/stable_codegen.slim	491	0	13833	9063ed9f9fa5fccf9d43a13344e38d9abfc0f23a90eaee7dfb3ed614fe061db5	e3b0c44298fc1c149afbf4c8996fb92427ae41e4649b934ca495991b7852b855
tests/fixtures/stable_codegen.slim	492	0	13833	9063ed9f9fa5fccf9d43a13344e38d9abfc0f23a90eaee7dfb3ed614fe061db5	e3b0c44298fc1c149afbf4c8996fb92427ae41e4649b934ca495991b7852b855
tests/fixtures/stable_codegen.slim	493	0	13833	9063ed9f9fa5fccf9d43a13344e38d9abfc0f23a90eaee7dfb3ed614fe061db5	e3b0c44298fc1c149afbf4c8996fb92427ae41e4649b934ca495991b7852b855
tests/fixtures/stable_codegen.slim	494	0	13833	9063ed9f9fa5fccf9d43a13344e38d9abfc0f23a90eaee7dfb3ed614fe061db5	e3b0c44298fc1c149afbf4c8996fb92427ae41e4649b934ca495991b7852b855
tests/fixtures/stable_codegen.slim	495	0	13833	9063ed9f9fa5fccf9d43a13344e38d9abfc0f23a90eaee7dfb3ed614fe061db5	e3b0c44298fc1c149afbf4c8996fb92427ae41e4649b934ca495991b7852b855
tests/fixtures/stable_codegen.slim	496	0	13833	9063ed9f9fa5fccf9d43a13344e38d9abfc0f23a90eaee7dfb3ed614fe061db5	e3b0c44298fc1c149afbf4c8996fb92427ae41e4649b934ca495991b7852b855
tests/fixtures/stable_codegen.slim	497	0	13833	9063ed9f9fa5fccf9d43a13344e38d9abfc0f23a90eaee7dfb3ed614fe061db5	e3b0c44298fc1c149afbf4c8996fb92427ae41e4649b934ca495991b7852b855
tests/fixtures/stable_codegen.slim	498	0	13833	9063ed9f9fa5fccf9d43a13344e38d9abfc0f23a90eaee7dfb3ed614fe061db5	e3b0c44298fc1c149afbf4c8996fb92427ae41e4649b934ca495991b7852b855
tests/fixtures/stable_codegen.slim	499	0	13833	9063ed9f9fa5fccf9d43a13344e38d9abfc0f23a90eaee7dfb3ed614fe061db5	e3b0c44298fc1c149afbf4c8996fb92427ae41e4649b934ca495991b7852b855
tests/fixtures/stable_codegen.slim	500	0	13833	9063ed9f9fa5fccf9d43a13344e38d9abfc0f23a90eaee7dfb3ed614fe061db5	e3b0c44298fc1c149afbf4c8996fb92427ae41e4649b934ca495991b7852b855
tests/fixtures/stable_codegen.slim	501	0	13833	9063ed9f9fa5fccf9d43a13344e38d9abfc0f23a90eaee7dfb3ed614fe061db5	e3b0c44298fc1c149afbf4c8996fb92427ae41e4649b934ca495991b7852b855
tests/fixtures/stable_codegen.slim	502	0	13833	9063ed9f9fa5fccf9d43a13344e38d9abfc0f23a90eaee7dfb3ed614fe061db5	e3b0c44298fc1c149afbf4c8996fb92427ae41e4649b934ca495991b7852b855
tests/fixtures/stable_codegen.slim	503	0	13833	9063ed9f9fa5fccf9d43a13344e38d9abfc0f23a90eaee7dfb3ed614fe061db5	e3b0c44298fc1c149afbf4c8996fb92427ae41e4649b934ca495991b7852b855
tests/fixtures/stable_codegen.slim	504	0	13833	9063ed9f9fa5fccf9d43a13344e38d9abfc0f23a90eaee7dfb3ed614fe061db5	e3b0c44298fc1c149afbf4c8996fb92427ae41e4649b934ca495991b7852b855
tests/fixtures/stable_codegen.slim	505	0	13833	9063ed9f9fa5fccf9d43a13344e38d9abfc0f23a90eaee7dfb3ed614fe061db5	e3b0c44298fc1c149afbf4c8996fb92427ae41e4649b934ca495991b7852b855
tests/fixtures/stable_codegen.slim	506	0	13833	9063ed9f9fa5fccf9d43a13344e38d9abfc0f23a90eaee7dfb3ed614fe061db5	e3b0c44298fc1c149afbf4c8996fb92427ae41e4649b934ca495991b7852b855
tests/fixtures/stable_codegen.slim	507	0	13833	9063ed9f9fa5fccf9d43a13344e38d9abfc0f23a90eaee7dfb3ed614fe061db5	e3b0c44298fc1c149afbf4c8996fb92427ae41e4649b934ca495991b7852b855
tests/fixtures/stable_codegen.slim	508	0	13833	9063ed9f9fa5fccf9d43a13344e38d9abfc0f23a90eaee7dfb3ed614fe061db5	e3b0c44298fc1c149afbf4c8996fb92427ae41e4649b934ca495991b7852b855
tests/fixtures/stable_codegen.slim	509	0	13833	9063ed9f9fa5fccf9d43a13344e38d9abfc0f23a90eaee7dfb3ed614fe061db5	e3b0c44298fc1c149afbf4c8996fb92427ae41e4649b934ca495991b7852b855
tests/fixtures/stable_codegen.slim	510	0	13833	9063ed9f9fa5fccf9d43a13344e38d9abfc0f23a90eaee7dfb3ed614fe061db5	e3b0c44298fc1c149afbf4c8996fb92427ae41e4649b934ca495991b7852b855
tests/fixtures/stable_codegen.slim	511	0	13833	9063ed9f9fa5fccf9d43a13344e38d9abfc0f23a90eaee7dfb3ed614fe061db5	e3b0c44298fc1c149afbf4c8996fb92427ae41e4649b934ca495991b7852b855
tests/fixtures/stable_codegen.slim	512	0	13833	9063ed9f9fa5fccf9d43a13344e38d9abfc0f23a90eaee7dfb3ed614fe061db5	e3b0c44298fc1c149afbf4c8996fb92427ae41e4649b934ca495991b7852b855
tests/fixtures/stable_codegen.slim	513	0	13833	9063ed9f9fa5fccf9d43a13344e38d9abfc0f23a90eaee7dfb3ed614fe061db5	e3b0c44298fc1c149afbf4c8996fb92427ae41e4649b934ca495991b7852b855
tests/fixtures/stable_codegen.slim	514	0	13833	9063ed9f9fa5fccf9d43a13344e38d9abfc0f23a90eaee7dfb3ed614fe061db5	e3b0c44298fc1c149afbf4c8996fb92427ae41e4649b934ca495991b7852b855
tests/fixtures/stable_codegen.slim	515	0	13833	9063ed9f9fa5fccf9d43a13344e38d9abfc0f23a90eaee7dfb3ed614fe061db5	e3b0c44298fc1c149afbf4c8996fb92427ae41e4649b934ca495991b7852b855
tests/fixtures/stable_codegen.slim	516	0	13833	9063ed9f9fa5fccf9d43a13344e38d9abfc0f23a90eaee7dfb3ed614fe061db5	e3b0c44298fc1c149afbf4c8996fb92427ae41e4649b934ca495991b7852b855
tests/fixtures/stable_codegen.slim	517	0	13833	9063ed9f9fa5fccf9d43a13344e38d9abfc0f23a90eaee7dfb3ed614fe061db5	e3b0c44298fc1c149afbf4c8996fb92427ae41e4649b934ca495991b7852b855
tests/fixtures/stable_codegen.slim	518	0	13833	9063ed9f9fa5fccf9d43a13344e38d9abfc0f23a90eaee7dfb3ed614fe061db5	e3b0c44298fc1c149afbf4c8996fb92427ae41e4649b934ca495991b7852b855
tests/fixtures/stable_codegen.slim	519	0	13833	9063ed9f9fa5fccf9d43a13344e38d9abfc0f23a90eaee7dfb3ed614fe061db5	e3b0c44298fc1c149afbf4c8996fb92427ae41e4649b934ca495991b7852b855
tests/fixtures/stable_codegen.slim	520	0	13833	9063ed9f9fa5fccf9d43a13344e38d9abfc0f23a90eaee7dfb3ed614fe061db5	e3b0c44298fc1c149afbf4c8996fb92427ae41e4649b934ca495991b7852b855
tests/fixtures/stable_codegen.slim	521	0	13833	9063ed9f9fa5fccf9d43a13344e38d9abfc0f23a90eaee7dfb3ed614fe061db5	e3b0c44298fc1c149afbf4c8996fb92427ae41e4649b934ca495991b7852b855
tests/fixtures/stable_codegen.slim	522	0	13833	9063ed9f9fa5fccf9d43a13344e38d9abfc0f23a90eaee7dfb3ed614fe061db5	e3b0c44298fc1c149afbf4c8996fb92427ae41e4649b934ca495991b7852b855
tests/fixtures/stable_codegen.slim	523	0	13833	9063ed9f9fa5fccf9d43a13344e38d9abfc0f23a90eaee7dfb3ed614fe061db5	e3b0c44298fc1c149afbf4c8996fb92427ae41e4649b934ca495991b7852b855
tests/fixtures/stable_codegen.slim	524	0	13833	9063ed9f9fa5fccf9d43a13344e38d9abfc0f23a90eaee7dfb3ed614fe061db5	e3b0c44298fc1c149afbf4c8996fb92427ae41e4649b934ca495991b7852b855
tests/fixtures/stable_codegen.slim	525	0	13833	9063ed9f9fa5fccf9d43a13344e38d9abfc0f23a90eaee7dfb3ed614fe061db5	e3b0c44298fc1c149afbf4c8996fb92427ae41e4649b934ca495991b7852b855
tests/fixtures/stable_codegen.slim	526	0	13833	9063ed9f9fa5fccf9d43a13344e38d9abfc0f23a90eaee7dfb3ed614fe061db5	e3b0c44298fc1c149afbf4c8996fb92427ae41e4649b934ca495991b7852b855
tests/fixtures/stable_codegen.slim	527	0	13833	9063ed9f9fa5fccf9d43a13344e38d9abfc0f23a90eaee7dfb3ed614fe061db5	e3b0c44298fc1c149afbf4c8996fb92427ae41e4649b934ca495991b7852b855
tests/fixtures/stable_codegen.slim	528	0	13833	9063ed9f9fa5fccf9d43a13344e38d9abfc0f23a90eaee7dfb3ed614fe061db5	e3b0c44298fc1c149afbf4c8996fb92427ae41e4649b934ca495991b7852b855
tests/fixtures/stable_codegen.slim	529	0	13833	9063ed9f9fa5fccf9d43a13344e38d9abfc0f23a90eaee7dfb3ed614fe061db5	e3b0c44298fc1c149afbf4c8996fb92427ae41e4649b934ca495991b7852b855
tests/fixtures/stable_codegen.slim	530	0	13833	9063ed9f9fa5fccf9d43a13344e38d9abfc0f23a90eaee7dfb3ed614fe061db5	e3b0c44298fc1c149afbf4c8996fb92427ae41e4649b934ca495991b7852b855
tests/fixtures/stable_codegen.slim	531	0	13833	9063ed9f9fa5fccf9d43a13344e38d9abfc0f23a90eaee7dfb3ed614fe061db5	e3b0c44298fc1c149afbf4c8996fb92427ae41e4649b934ca495991b7852b855
tests/fixtures/stable_codegen.slim	532	0	13833	9063ed9f9fa5fccf9d43a13344e38d9abfc0f23a90eaee7dfb3ed614fe061db5	e3b0c44298fc1c149afbf4c8996fb92427ae41e4649b934ca495991b7852b855
tests/fixtures/stable_codegen.slim	533	0	13833	9063ed9f9fa5fccf9d43a13344e38d9abfc0f23a90eaee7dfb3ed614fe061db5	e3b0c44298fc1c149afbf4c8996fb92427ae41e4649b934ca495991b7852b855
tests/fixtures/stable_codegen.slim	534	0	13833	9063ed9f9fa5fccf9d43a13344e38d9abfc0f23a90eaee7dfb3ed614fe061db5	e3b0c44298fc1c149afbf4c8996fb92427ae41e4649b934ca495991b7852b855
tests/fixtures/stable_codegen.slim	535	0	13833	9063ed9f9fa5fccf9d43a13344e38d9abfc0f23a90eaee7dfb3ed614fe061db5	e3b0c44298fc1c149afbf4c8996fb92427ae41e4649b934ca495991b7852b855
tests/fixtures/stable_codegen.slim	536	0	13833	9063ed9f9fa5fccf9d43a13344e38d9abfc0f23a90eaee7dfb3ed614fe061db5	e3b0c44298fc1c149afbf4c8996fb92427ae41e4649b934ca495991b7852b855
tests/fixtures/stable_codegen.slim	537	0	13833	9063ed9f9fa5fccf9d43a13344e38d9abfc0f23a90eaee7dfb3ed614fe061db5	e3b0c44298fc1c149afbf4c8996fb92427ae41e4649b934ca495991b7852b855
tests/fixtures/stable_codegen.slim	538	0	13833	9063ed9f9fa5fccf9d43a13344e38d9abfc0f23a90eaee7dfb3ed614fe061db5	e3b0c44298fc1c149afbf4c8996fb92427ae41e4649b934ca495991b7852b855
tests/fixtures/stable_codegen.slim	539	0	13833	9063ed9f9fa5fccf9d43a13344e38d9abfc0f23a90eaee7dfb3ed614fe061db5	e3b0c44298fc1c149afbf4c8996fb92427ae41e4649b934ca495991b7852b855
tests/fixtures/stable_codegen.slim	540	0	13833	9063ed9f9fa5fccf9d43a13344e38d9abfc0f23a90eaee7dfb3ed614fe061db5	e3b0c44298fc1c149afbf4c8996fb92427ae41e4649b934ca495991b7852b855
tests/fixtures/stable_codegen.slim	541	0	13833	9063ed9f9fa5fccf9d43a13344e38d9abfc0f23a90eaee7dfb3ed614fe061db5	e3b0c44298fc1c149afbf4c8996fb92427ae41e4649b934ca495991b7852b855
tests/fixtures/stable_codegen.slim	542	0	13833	9063ed9f9fa5fccf9d43a13344e38d9abfc0f23a90eaee7dfb3ed614fe061db5	e3b0c44298fc1c149afbf4c8996fb92427ae41e4649b934ca495991b7852b855
tests/fixtures/stable_codegen.slim	543	0	13833	9063ed9f9fa5fccf9d43a13344e38d9abfc0f23a90eaee7dfb3ed614fe061db5	e3b0c44298fc1c149afbf4c8996fb92427ae41e4649b934ca495991b7852b855
tests/fixtures/stable_codegen.slim	544	0	13833	9063ed9f9fa5fccf9d43a13344e38d9abfc0f23a90eaee7dfb3ed614fe061db5	e3b0c44298fc1c149afbf4c8996fb92427ae41e4649b934ca495991b7852b855
tests/fixtures/stable_codegen.slim	545	0	13833	9063ed9f9fa5fccf9d43a13344e38d9abfc0f23a90eaee7dfb3ed614fe061db5	e3b0c44298fc1c149afbf4c8996fb92427ae41e4649b934ca495991b7852b855
tests/fixtures/stable_codegen.slim	546	0	13833	9063ed9f9fa5fccf9d43a13344e38d9abfc0f23a90eaee7dfb3ed614fe061db5	e3b0c44298fc1c149afbf4c8996fb92427ae41e4649b934ca495991b7852b855
tests/fixtures/stable_codegen.slim	547	0	13833	9063ed9f9fa5fccf9d43a13344e38d9abfc0f23a90eaee7dfb3ed614fe061db5	e3b0c44298fc1c149afbf4c8996fb92427ae41e4649b934ca495991b7852b855
tests/fixtures/stable_codegen.slim	548	0	13833	9063ed9f9fa5fccf9d43a13344e38d9abfc0f23a90eaee7dfb3ed614fe061db5	e3b0c44298fc1c149afbf4c8996fb92427ae41e4649b934ca495991b7852b855
tests/fixtures/stable_codegen.slim	549	0	13833	9063ed9f9fa5fccf9d43a13344e38d9abfc0f23a90eaee7dfb3ed614fe061db5	e3b0c44298fc1c149afbf4c8996fb92427ae41e4649b934ca495991b7852b855
tests/fixtures/stable_codegen.slim	550	0	13833	9063ed9f9fa5fccf9d43a13344e38d9abfc0f23a90eaee7dfb3ed614fe061db5	e3b0c44298fc1c149afbf4c8996fb92427ae41e4649b934ca495991b7852b855
tests/fixtures/stable_codegen.slim	551	0	13833	9063ed9f9fa5fccf9d43a13344e38d9abfc0f23a90eaee7dfb3ed614fe061db5	e3b0c44298fc1c149afbf4c8996fb92427ae41e4649b934ca495991b7852b855
tests/fixtures/stable_codegen.slim	552	0	13833	9063ed9f9fa5fccf9d43a13344e38d9abfc0f23a90eaee7dfb3ed614fe061db5	e3b0c44298fc1c149afbf4c8996fb92427ae41e4649b934ca495991b7852b855
tests/fixtures/stable_codegen.slim	553	0	13833	9063ed9f9fa5fccf9d43a13344e38d9abfc0f23a90eaee7dfb3ed614fe061db5	e3b0c44298fc1c149afbf4c8996fb92427ae41e4649b934ca495991b7852b855
tests/fixtures/stable_codegen.slim	554	0	13833	9063ed9f9fa5fccf9d43a13344e38d9abfc0f23a90eaee7dfb3ed614fe061db5	e3b0c44298fc1c149afbf4c8996fb92427ae41e4649b934ca495991b7852b855
tests/fixtures/stable_codegen.slim	555	0	13833	9063ed9f9fa5fccf9d43a13344e38d9abfc0f23a90eaee7dfb3ed614fe061db5	e3b0c44298fc1c149afbf4c8996fb92427ae41e4649b934ca495991b7852b855
tests/fixtures/stable_codegen.slim	556	0	13833	9063ed9f9fa5fccf9d43a13344e38d9abfc0f23a90eaee7dfb3ed614fe061db5	e3b0c44298fc1c149afbf4c8996fb92427ae41e4649b934ca495991b7852b855
tests/fixtures/stable_codegen.slim	557	0	13833	9063ed9f9fa5fccf9d43a13344e38d9abfc0f23a90eaee7dfb3ed614fe061db5	e3b0c44298fc1c149afbf4c8996fb92427ae41e4649b934ca495991b7852b855
tests/fixtures/stable_codegen.slim	558	0	13833	9063ed9f9fa5fccf9d43a13344e38d9abfc0f23a90eaee7dfb3ed614fe061db5	e3b0c44298fc1c149afbf4c8996fb92427ae41e4649b934ca495991b7852b855
tests/fixtures/stable_codegen.slim	559	0	13833	9063ed9f9fa5fccf9d43a13344e38d9abfc0f23a90eaee7dfb3ed614fe061db5	e3b0c44298fc1c149afbf4c8996fb92427ae41e4649b934ca495991b7852b855
tests/fixtures/stable_codegen.slim	560	0	13833	9063ed9f9fa5fccf9d43a13344e38d9abfc0f23a90eaee7dfb3ed614fe061db5	e3b0c44298fc1c149afbf4c8996fb92427ae41e4649b934ca495991b7852b855
tests/fixtures/stable_codegen.slim	561	0	13833	9063ed9f9fa5fccf9d43a13344e38d9abfc0f23a90eaee7dfb3ed614fe061db5	e3b0c44298fc1c149afbf4c8996fb92427ae41e4649b934ca495991b7852b855
tests/fixtures/stable_codegen.slim	562	0	13833	9063ed9f9fa5fccf9d43a13344e38d9abfc0f23a90eaee7dfb3ed614fe061db5	e3b0c44298fc1c149afbf4c8996fb92427ae41e4649b934ca495991b7852b855
tests/fixtures/stable_codegen.slim	563	0	13833	9063ed9f9fa5fccf9d43a13344e38d9abfc0f23a90eaee7dfb3ed614fe061db5	e3b0c44298fc1c149afbf4c8996fb92427ae41e4649b934ca495991b7852b855
tests/fixtures/stable_codegen.slim	564	0	13833	9063ed9f9fa5fccf9d43a13344e38d9abfc0f23a90eaee7dfb3ed614fe061db5	e3b0c44298fc1c149afbf4c8996fb92427ae41e4649b934ca495991b7852b855
tests/fixtures/stable_codegen.slim	565	0	13833	9063ed9f9fa5fccf9d43a13344e38d9abfc0f23a90eaee7dfb3ed614fe061db5	e3b0c44298fc1c149afbf4c8996fb92427ae41e4649b934ca495991b7852b855
tests/fixtures/stable_codegen.slim	566	0	13833	9063ed9f9fa5fccf9d43a13344e38d9abfc0f23a90eaee7dfb3ed614fe061db5	e3b0c44298fc1c149afbf4c8996fb92427ae41e4649b934ca495991b7852b855
tests/fixtures/stable_codegen.slim	567	0	13833	9063ed9f9fa5fccf9d43a13344e38d9abfc0f23a90eaee7dfb3ed614fe061db5	e3b0c44298fc1c149afbf4c8996fb92427ae41e4649b934ca495991b7852b855
tests/fixtures/stable_codegen.slim	568	0	13833	9063ed9f9fa5fccf9d43a13344e38d9abfc0f23a90eaee7dfb3ed614fe061db5	e3b0c44298fc1c149afbf4c8996fb92427ae41e4649b934ca495991b7852b855
tests/fixtures/stable_codegen.slim	569	0	13833	9063ed9f9fa5fccf9d43a13344e38d9abfc0f23a90eaee7dfb3ed614fe061db5	e3b0c44298fc1c149afbf4c8996fb92427ae41e4649b934ca495991b7852b855
tests/fixtures/stable_codegen.slim	570	0	13833	9063ed9f9fa5fccf9d43a13344e38d9abfc0f23a90eaee7dfb3ed614fe061db5	e3b0c44298fc1c149afbf4c8996fb92427ae41e4649b934ca495991b7852b855
tests/fixtures/stable_codegen.slim	571	0	13833	9063ed9f9fa5fccf9d43a13344e38d9abfc0f23a90eaee7dfb3ed614fe061db5	e3b0c44298fc1c149afbf4c8996fb92427ae41e4649b934ca495991b7852b855
tests/fixtures/stable_codegen.slim	572	0	13833	9063ed9f9fa5fccf9d43a13344e38d9abfc0f23a90eaee7dfb3ed614fe061db5	e3b0c44298fc1c149afbf4c8996fb92427ae41e4649b934ca495991b7852b855
tests/fixtures/stable_codegen.slim	573	0	13833	9063ed9f9fa5fccf9d43a13344e38d9abfc0f23a90eaee7dfb3ed614fe061db5	e3b0c44298fc1c149afbf4c8996fb92427ae41e4649b934ca495991b7852b855
tests/fixtures/stable_codegen.slim	574	0	13833	9063ed9f9fa5fccf9d43a13344e38d9abfc0f23a90eaee7dfb3ed614fe061db5	e3b0c44298fc1c149afbf4c8996fb92427ae41e4649b934ca495991b7852b855
tests/fixtures/stable_codegen.slim	575	0	13833	9063ed9f9fa5fccf9d43a13344e38d9abfc0f23a90eaee7dfb3ed614fe061db5	e3b0c44298fc1c149afbf4c8996fb92427ae41e4649b934ca495991b7852b855
tests/fixtures/stable_codegen.slim	576	0	13833	9063ed9f9fa5fccf9d43a13344e38d9abfc0f23a90eaee7dfb3ed614fe061db5	e3b0c44298fc1c149afbf4c8996fb92427ae41e4649b934ca495991b7852b855
tests/fixtures/stable_codegen.slim	577	0	13833	9063ed9f9fa5fccf9d43a13344e38d9abfc0f23a90eaee7dfb3ed614fe061db5	e3b0c44298fc1c149afbf4c8996fb92427ae41e4649b934ca495991b7852b855
tests/fixtures/stable_codegen.slim	578	0	13833	9063ed9f9fa5fccf9d43a13344e38d9abfc0f23a90eaee7dfb3ed614fe061db5	e3b0c44298fc1c149afbf4c8996fb92427ae41e4649b934ca495991b7852b855
tests/fixtures/stable_codegen.slim	579	0	13833	9063ed9f9fa5fccf9d43a13344e38d9abfc0f23a90eaee7dfb3ed614fe061db5	e3b0c44298fc1c149afbf4c8996fb92427ae41e4649b934ca495991b7852b855
tests/fixtures/stable_codegen.slim	580	0	13833	9063ed9f9fa5fccf9d43a13344e38d9abfc0f23a90eaee7dfb3ed614fe061db5	e3b0c44298fc1c149afbf4c8996fb92427ae41e4649b934ca495991b7852b855
tests/fixtures/stable_codegen.slim	581	0	13833	9063ed9f9fa5fccf9d43a13344e38d9abfc0f23a90eaee7dfb3ed614fe061db5	e3b0c44298fc1c149afbf4c8996fb92427ae41e4649b934ca495991b7852b855
tests/fixtures/stable_codegen.slim	582	0	13833	9063ed9f9fa5fccf9d43a13344e38d9abfc0f23a90eaee7dfb3ed614fe061db5	e3b0c44298fc1c149afbf4c8996fb92427ae41e4649b934ca495991b7852b855
tests/fixtures/stable_codegen.slim	583	0	13833	9063ed9f9fa5fccf9d43a13344e38d9abfc0f23a90eaee7dfb3ed614fe061db5	e3b0c44298fc1c149afbf4c8996fb92427ae41e4649b934ca495991b7852b855
tests/fixtures/stable_codegen.slim	584	0	13833	9063ed9f9fa5fccf9d43a13344e38d9abfc0f23a90eaee7dfb3ed614fe061db5	e3b0c44298fc1c149afbf4c8996fb92427ae41e4649b934ca495991b7852b855
tests/fixtures/stable_codegen.slim	585	0	13833	9063ed9f9fa5fccf9d43a13344e38d9abfc0f23a90eaee7dfb3ed614fe061db5	e3b0c44298fc1c149afbf4c8996fb92427ae41e4649b934ca495991b7852b855
tests/fixtures/stable_codegen.slim	586	0	13833	9063ed9f9fa5fccf9d43a13344e38d9abfc0f23a90eaee7dfb3ed614fe061db5	e3b0c44298fc1c149afbf4c8996fb92427ae41e4649b934ca495991b7852b855
tests/fixtures/stable_codegen.slim	587	0	13833	9063ed9f9fa5fccf9d43a13344e38d9abfc0f23a90eaee7dfb3ed614fe061db5	e3b0c44298fc1c149afbf4c8996fb92427ae41e4649b934ca495991b7852b855
tests/fixtures/stable_codegen.slim	588	0	13833	9063ed9f9fa5fccf9d43a13344e38d9abfc0f23a90eaee7dfb3ed614fe061db5	e3b0c44298fc1c149afbf4c8996fb92427ae41e4649b934ca495991b7852b855
tests/fixtures/stable_codegen.slim	589	0	13833	9063ed9f9fa5fccf9d43a13344e38d9abfc0f23a90eaee7dfb3ed614fe061db5	e3b0c44298fc1c149afbf4c8996fb92427ae41e4649b934ca495991b7852b855
tests/fixtures/stable_codegen.slim	590	0	13833	9063ed9f9fa5fccf9d43a13344e38d9abfc0f23a90eaee7dfb3ed614fe061db5	e3b0c44298fc1c149afbf4c8996fb92427ae41e4649b934ca495991b7852b855
tests/fixtures/stable_codegen.slim	591	0	13833	9063ed9f9fa5fccf9d43a13344e38d9abfc0f23a90eaee7dfb3ed614fe061db5	e3b0c44298fc1c149afbf4c8996fb92427ae41e4649b934ca495991b7852b855
tests/fixtures/stable_codegen.slim	592	0	13833	9063ed9f9fa5fccf9d43a13344e38d9abfc0f23a90eaee7dfb3ed614fe061db5	e3b0c44298fc1c149afbf4c8996fb92427ae41e4649b934ca495991b7852b855
tests/fixtures/stable_codegen.slim	593	0	13833	9063ed9f9fa5fccf9d43a13344e38d9abfc0f23a90eaee7dfb3ed614fe061db5	e3b0c44298fc1c149afbf4c8996fb92427ae41e4649b934ca495991b7852b855
tests/fixtures/stable_codegen.slim	594	0	13833	9063ed9f9fa5fccf9d43a13344e38d9abfc0f23a90eaee7dfb3ed614fe061db5	e3b0c44298fc1c149afbf4c8996fb92427ae41e4649b934ca495991b7852b855
tests/fixtures/stable_codegen.slim	595	0	13833	9063ed9f9fa5fccf9d43a13344e38d9abfc0f23a90eaee7dfb3ed614fe061db5	e3b0c44298fc1c149afbf4c8996fb92427ae41e4649b934ca495991b7852b855
tests/fixtures/stable_codegen.slim	596	0	13833	9063ed9f9fa5fccf9d43a13344e38d9abfc0f23a90eaee7dfb3ed614fe061db5	e3b0c44298fc1c149afbf4c8996fb92427ae41e4649b934ca495991b7852b855
tests/fixtures/stable_codegen.slim	597	0	13833	9063ed9f9fa5fccf9d43a13344e38d9abfc0f23a90eaee7dfb3ed614fe061db5	e3b0c44298fc1c149afbf4c8996fb92427ae41e4649b934ca495991b7852b855
tests/fixtures/stable_codegen.slim	598	0	13833	9063ed9f9fa5fccf9d43a13344e38d9abfc0f23a90eaee7dfb3ed614fe061db5	e3b0c44298fc1c149afbf4c8996fb92427ae41e4649b934ca495991b7852b855
tests/fixtures/stable_codegen.slim	599	0	13833	9063ed9f9fa5fccf9d43a13344e38d9abfc0f23a90eaee7dfb3ed614fe061db5	e3b0c44298fc1c149afbf4c8996fb92427ae41e4649b934ca495991b7852b855
tests/fixtures/stable_codegen.slim	600	0	13833	9063ed9f9fa5fccf9d43a13344e38d9abfc0f23a90eaee7dfb3ed614fe061db5	e3b0c44298fc1c149afbf4c8996fb92427ae41e4649b934ca495991b7852b855
tests/fixtures/stable_codegen.slim	601	0	13833	9063ed9f9fa5fccf9d43a13344e38d9abfc0f23a90eaee7dfb3ed614fe061db5	e3b0c44298fc1c149afbf4c8996fb92427ae41e4649b934ca495991b7852b855
tests/fixtures/stable_codegen.slim	602	0	13833	9063ed9f9fa5fccf9d43a13344e38d9abfc0f23a90eaee7dfb3ed614fe061db5	e3b0c44298fc1c149afbf4c8996fb92427ae41e4649b934ca495991b7852b855
tests/fixtures/stable_codegen.slim	603	0	13833	9063ed9f9fa5fccf9d43a13344e38d9abfc0f23a90eaee7dfb3ed614fe061db5	e3b0c44298fc1c149afbf4c8996fb92427ae41e4649b934ca495991b7852b855
tests/fixtures/stable_codegen.slim	604	0	13833	9063ed9f9fa5fccf9d43a13344e38d9abfc0f23a90eaee7dfb3ed614fe061db5	e3b0c44298fc1c149afbf4c8996fb92427ae41e4649b934ca495991b7852b855
tests/fixtures/stable_codegen.slim	605	0	13833	9063ed9f9fa5fccf9d43a13344e38d9abfc0f23a90eaee7dfb3ed614fe061db5	e3b0c44298fc1c149afbf4c8996fb92427ae41e4649b934ca495991b7852b855
tests/fixtures/stable_codegen.slim	606	0	13833	9063ed9f9fa5fccf9d43a13344e38d9abfc0f23a90eaee7dfb3ed614fe061db5	e3b0c44298fc1c149afbf4c8996fb92427ae41e4649b934ca495991b7852b855
tests/fixtures/stable_codegen.slim	607	0	13833	9063ed9f9fa5fccf9d43a13344e38d9abfc0f23a90eaee7dfb3ed614fe061db5	e3b0c44298fc1c149afbf4c8996fb92427ae41e4649b934ca495991b7852b855
tests/fixtures/stable_codegen.slim	608	0	13833	9063ed9f9fa5fccf9d43a13344e38d9abfc0f23a90eaee7dfb3ed614fe061db5	e3b0c44298fc1c149afbf4c8996fb92427ae41e4649b934ca495991b7852b855
tests/fixtures/stable_codegen.slim	609	0	13833	9063ed9f9fa5fccf9d43a13344e38d9abfc0f23a90eaee7dfb3ed614fe061db5	e3b0c44298fc1c149afbf4c8996fb92427ae41e4649b934ca495991b7852b855
tests/fixtures/stable_codegen.slim	610	0	13833	9063ed9f9fa5fccf9d43a13344e38d9abfc0f23a90eaee7dfb3ed614fe061db5	e3b0c44298fc1c149afbf4c8996fb92427ae41e4649b934ca495991b7852b855
tests/fixtures/stable_codegen.slim	611	0	13833	9063ed9f9fa5fccf9d43a13344e38d9abfc0f23a90eaee7dfb3ed614fe061db5	e3b0c44298fc1c149afbf4c8996fb92427ae41e4649b934ca495991b7852b855
tests/fixtures/stable_codegen.slim	612	0	13833	9063ed9f9fa5fccf9d43a13344e38d9abfc0f23a90eaee7dfb3ed614fe061db5	e3b0c44298fc1c149afbf4c8996fb92427ae41e4649b934ca495991b7852b855
tests/fixtures/stable_codegen.slim	613	0	13833	9063ed9f9fa5fccf9d43a13344e38d9abfc0f23a90eaee7dfb3ed614fe061db5	e3b0c44298fc1c149afbf4c8996fb92427ae41e4649b934ca495991b7852b855
tests/fixtures/stable_codegen.slim	614	0	13833	9063ed9f9fa5fccf9d43a13344e38d9abfc0f23a90eaee7dfb3ed614fe061db5	e3b0c44298fc1c149afbf4c8996fb92427ae41e4649b934ca495991b7852b855
tests/fixtures/stable_codegen.slim	615	0	13833	9063ed9f9fa5fccf9d43a13344e38d9abfc0f23a90eaee7dfb3ed614fe061db5	e3b0c44298fc1c149afbf4c8996fb92427ae41e4649b934ca495991b7852b855
tests/fixtures/stable_codegen.slim	616	0	13833	9063ed9f9fa5fccf9d43a13344e38d9abfc0f23a90eaee7dfb3ed614fe061db5	e3b0c44298fc1c149afbf4c8996fb92427ae41e4649b934ca495991b7852b855
tests/fixtures/stable_codegen.slim	617	0	13833	9063ed9f9fa5fccf9d43a13344e38d9abfc0f23a90eaee7dfb3ed614fe061db5	e3b0c44298fc1c149afbf4c8996fb92427ae41e4649b934ca495991b7852b855
tests/fixtures/stable_codegen.slim	618	0	13833	9063ed9f9fa5fccf9d43a13344e38d9abfc0f23a90eaee7dfb3ed614fe061db5	e3b0c44298fc1c149afbf4c8996fb92427ae41e4649b934ca495991b7852b855
tests/fixtures/stable_codegen.slim	619	0	13833	9063ed9f9fa5fccf9d43a13344e38d9abfc0f23a90eaee7dfb3ed614fe061db5	e3b0c44298fc1c149afbf4c8996fb92427ae41e4649b934ca495991b7852b855
tests/fixtures/stable_codegen.slim	620	0	13833	9063ed9f9fa5fccf9d43a13344e38d9abfc0f23a90eaee7dfb3ed614fe061db5	e3b0c44298fc1c149afbf4c8996fb92427ae41e4649b934ca495991b7852b855
tests/fixtures/stable_codegen.slim	621	0	13833	9063ed9f9fa5fccf9d43a13344e38d9abfc0f23a90eaee7dfb3ed614fe061db5	e3b0c44298fc1c149afbf4c8996fb92427ae41e4649b934ca495991b7852b855
tests/fixtures/stable_codegen.slim	622	0	13833	9063ed9f9fa5fccf9d43a13344e38d9abfc0f23a90eaee7dfb3ed614fe061db5	e3b0c44298fc1c149afbf4c8996fb92427ae41e4649b934ca495991b7852b855
tests/fixtures/stable_codegen.slim	623	0	13833	9063ed9f9fa5fccf9d43a13344e38d9abfc0f23a90eaee7dfb3ed614fe061db5	e3b0c44298fc1c149afbf4c8996fb92427ae41e4649b934ca495991b7852b855
tests/fixtures/stable_codegen.slim	624	0	13833	9063ed9f9fa5fccf9d43a13344e38d9abfc0f23a90eaee7dfb3ed614fe061db5	e3b0c44298fc1c149afbf4c8996fb92427ae41e4649b934ca495991b7852b855
tests/fixtures/stable_codegen.slim	625	0	13833	9063ed9f9fa5fccf9d43a13344e38d9abfc0f23a90eaee7dfb3ed614fe061db5	e3b0c44298fc1c149afbf4c8996fb92427ae41e4649b934ca495991b7852b855
tests/fixtures/stable_codegen.slim	626	0	13833	9063ed9f9fa5fccf9d43a13344e38d9abfc0f23a90eaee7dfb3ed614fe061db5	e3b0c44298fc1c149afbf4c8996fb92427ae41e4649b934ca495991b7852b855
tests/fixtures/stable_codegen.slim	627	0	13833	9063ed9f9fa5fccf9d43a13344e38d9abfc0f23a90eaee7dfb3ed614fe061db5	e3b0c44298fc1c149afbf4c8996fb92427ae41e4649b934ca495991b7852b855
tests/fixtures/stable_codegen.slim	628	0	13833	9063ed9f9fa5fccf9d43a13344e38d9abfc0f23a90eaee7dfb3ed614fe061db5	e3b0c44298fc1c149afbf4c8996fb92427ae41e4649b934ca495991b7852b855
tests/fixtures/stable_codegen.slim	629	0	13833	9063ed9f9fa5fccf9d43a13344e38d9abfc0f23a90eaee7dfb3ed614fe061db5	e3b0c44298fc1c149afbf4c8996fb92427ae41e4649b934ca495991b7852b855
tests/fixtures/stable_codegen.slim	630	0	13833	9063ed9f9fa5fccf9d43a13344e38d9abfc0f23a90eaee7dfb3ed614fe061db5	e3b0c44298fc1c149afbf4c8996fb92427ae41e4649b934ca495991b7852b855
tests/fixtures/stable_codegen.slim	631	0	13833	9063ed9f9fa5fccf9d43a13344e38d9abfc0f23a90eaee7dfb3ed614fe061db5	e3b0c44298fc1c149afbf4c8996fb92427ae41e4649b934ca495991b7852b855
tests/fixtures/stable_codegen.slim	632	0	13833	9063ed9f9fa5fccf9d43a13344e38d9abfc0f23a90eaee7dfb3ed614fe061db5	e3b0c44298fc1c149afbf4c8996fb92427ae41e4649b934ca495991b7852b855
tests/fixtures/stable_codegen.slim	633	0	13833	9063ed9f9fa5fccf9d43a13344e38d9abfc0f23a90eaee7dfb3ed614fe061db5	e3b0c44298fc1c149afbf4c8996fb92427ae41e4649b934ca495991b7852b855
tests/fixtures/stable_codegen.slim	634	0	13833	9063ed9f9fa5fccf9d43a13344e38d9abfc0f23a90eaee7dfb3ed614fe061db5	e3b0c44298fc1c149afbf4c8996fb92427ae41e4649b934ca495991b7852b855
tests/fixtures/stable_codegen.slim	635	0	13833	9063ed9f9fa5fccf9d43a13344e38d9abfc0f23a90eaee7dfb3ed614fe061db5	e3b0c44298fc1c149afbf4c8996fb92427ae41e4649b934ca495991b7852b855
tests/fixtures/stable_codegen.slim	636	0	13833	9063ed9f9fa5fccf9d43a13344e38d9abfc0f23a90eaee7dfb3ed614fe061db5	e3b0c44298fc1c149afbf4c8996fb92427ae41e4649b934ca495991b7852b855
tests/fixtures/stable_codegen.slim	637	0	13833	9063ed9f9fa5fccf9d43a13344e38d9abfc0f23a90eaee7dfb3ed614fe061db5	e3b0c44298fc1c149afbf4c8996fb92427ae41e4649b934ca495991b7852b855
tests/fixtures/stable_codegen.slim	638	0	13833	9063ed9f9fa5fccf9d43a13344e38d9abfc0f23a90eaee7dfb3ed614fe061db5	e3b0c44298fc1c149afbf4c8996fb92427ae41e4649b934ca495991b7852b855
tests/fixtures/stable_codegen.slim	639	0	13833	9063ed9f9fa5fccf9d43a13344e38d9abfc0f23a90eaee7dfb3ed614fe061db5	e3b0c44298fc1c149afbf4c8996fb92427ae41e4649b934ca495991b7852b855
tests/fixtures/stable_codegen.slim	640	0	13833	9063ed9f9fa5fccf9d43a13344e38d9abfc0f23a90eaee7dfb3ed614fe061db5	e3b0c44298fc1c149afbf4c8996fb92427ae41e4649b934ca495991b7852b855
tests/fixtures/stable_codegen.slim	641	0	13833	9063ed9f9fa5fccf9d43a13344e38d9abfc0f23a90eaee7dfb3ed614fe061db5	e3b0c44298fc1c149afbf4c8996fb92427ae41e4649b934ca495991b7852b855
tests/fixtures/stable_codegen.slim	642	0	13833	9063ed9f9fa5fccf9d43a13344e38d9abfc0f23a90eaee7dfb3ed614fe061db5	e3b0c44298fc1c149afbf4c8996fb92427ae41e4649b934ca495991b7852b855
tests/fixtures/stable_codegen.slim	643	0	13833	9063ed9f9fa5fccf9d43a13344e38d9abfc0f23a90eaee7dfb3ed614fe061db5	e3b0c44298fc1c149afbf4c8996fb92427ae41e4649b934ca495991b7852b855
tests/fixtures/stable_codegen.slim	644	0	13833	9063ed9f9fa5fccf9d43a13344e38d9abfc0f23a90eaee7dfb3ed614fe061db5	e3b0c44298fc1c149afbf4c8996fb92427ae41e4649b934ca495991b7852b855
tests/fixtures/stable_codegen.slim	645	0	13833	9063ed9f9fa5fccf9d43a13344e38d9abfc0f23a90eaee7dfb3ed614fe061db5	e3b0c44298fc1c149afbf4c8996fb92427ae41e4649b934ca495991b7852b855
tests/fixtures/stable_codegen.slim	646	0	13833	9063ed9f9fa5fccf9d43a13344e38d9abfc0f23a90eaee7dfb3ed614fe061db5	e3b0c44298fc1c149afbf4c8996fb92427ae41e4649b934ca495991b7852b855
tests/fixtures/stable_codegen.slim	647	0	13833	9063ed9f9fa5fccf9d43a13344e38d9abfc0f23a90eaee7dfb3ed614fe061db5	e3b0c44298fc1c149afbf4c8996fb92427ae41e4649b934ca495991b7852b855
tests/fixtures/stable_codegen.slim	648	0	13833	9063ed9f9fa5fccf9d43a13344e38d9abfc0f23a90eaee7dfb3ed614fe061db5	e3b0c44298fc1c149afbf4c8996fb92427ae41e4649b934ca495991b7852b855
tests/fixtures/stable_codegen.slim	649	0	13833	9063ed9f9fa5fccf9d43a13344e38d9abfc0f23a90eaee7dfb3ed614fe061db5	e3b0c44298fc1c149afbf4c8996fb92427ae41e4649b934ca495991b7852b855
tests/fixtures/stable_codegen.slim	650	0	13833	9063ed9f9fa5fccf9d43a13344e38d9abfc0f23a90eaee7dfb3ed614fe061db5	e3b0c44298fc1c149afbf4c8996fb92427ae41e4649b934ca495991b7852b855
tests/fixtures/stable_codegen.slim	651	0	13833	9063ed9f9fa5fccf9d43a13344e38d9abfc0f23a90eaee7dfb3ed614fe061db5	e3b0c44298fc1c149afbf4c8996fb92427ae41e4649b934ca495991b7852b855
tests/fixtures/stable_codegen.slim	652	0	13833	9063ed9f9fa5fccf9d43a13344e38d9abfc0f23a90eaee7dfb3ed614fe061db5	e3b0c44298fc1c149afbf4c8996fb92427ae41e4649b934ca495991b7852b855
tests/fixtures/stable_codegen.slim	653	0	13833	9063ed9f9fa5fccf9d43a13344e38d9abfc0f23a90eaee7dfb3ed614fe061db5	e3b0c44298fc1c149afbf4c8996fb92427ae41e4649b934ca495991b7852b855
tests/fixtures/stable_codegen.slim	654	0	13833	9063ed9f9fa5fccf9d43a13344e38d9abfc0f23a90eaee7dfb3ed614fe061db5	e3b0c44298fc1c149afbf4c8996fb92427ae41e4649b934ca495991b7852b855
tests/fixtures/stable_codegen.slim	655	0	13833	9063ed9f9fa5fccf9d43a13344e38d9abfc0f23a90eaee7dfb3ed614fe061db5	e3b0c44298fc1c149afbf4c8996fb92427ae41e4649b934ca495991b7852b855
tests/fixtures/stable_codegen.slim	656	0	13833	9063ed9f9fa5fccf9d43a13344e38d9abfc0f23a90eaee7dfb3ed614fe061db5	e3b0c44298fc1c149afbf4c8996fb92427ae41e4649b934ca495991b7852b855
tests/fixtures/stable_codegen.slim	657	0	13833	9063ed9f9fa5fccf9d43a13344e38d9abfc0f23a90eaee7dfb3ed614fe061db5	e3b0c44298fc1c149afbf4c8996fb92427ae41e4649b934ca495991b7852b855
tests/fixtures/stable_codegen.slim	658	0	13833	9063ed9f9fa5fccf9d43a13344e38d9abfc0f23a90eaee7dfb3ed614fe061db5	e3b0c44298fc1c149afbf4c8996fb92427ae41e4649b934ca495991b7852b855
tests/fixtures/stable_codegen.slim	659	0	13833	9063ed9f9fa5fccf9d43a13344e38d9abfc0f23a90eaee7dfb3ed614fe061db5	e3b0c44298fc1c149afbf4c8996fb92427ae41e4649b934ca495991b7852b855
tests/fixtures/stable_codegen.slim	660	0	13833	9063ed9f9fa5fccf9d43a13344e38d9abfc0f23a90eaee7dfb3ed614fe061db5	e3b0c44298fc1c149afbf4c8996fb92427ae41e4649b934ca495991b7852b855
tests/fixtures/stable_codegen.slim	661	0	13833	9063ed9f9fa5fccf9d43a13344e38d9abfc0f23a90eaee7dfb3ed614fe061db5	e3b0c44298fc1c149afbf4c8996fb92427ae41e4649b934ca495991b7852b855
tests/fixtures/stable_codegen.slim	662	0	13833	9063ed9f9fa5fccf9d43a13344e38d9abfc0f23a90eaee7dfb3ed614fe061db5	e3b0c44298fc1c149afbf4c8996fb92427ae41e4649b934ca495991b7852b855
tests/fixtures/stable_codegen.slim	663	0	13833	9063ed9f9fa5fccf9d43a13344e38d9abfc0f23a90eaee7dfb3ed614fe061db5	e3b0c44298fc1c149afbf4c8996fb92427ae41e4649b934ca495991b7852b855
tests/fixtures/stable_codegen.slim	664	0	13833	9063ed9f9fa5fccf9d43a13344e38d9abfc0f23a90eaee7dfb3ed614fe061db5	e3b0c44298fc1c149afbf4c8996fb92427ae41e4649b934ca495991b7852b855
tests/fixtures/stable_codegen.slim	665	0	13833	9063ed9f9fa5fccf9d43a13344e38d9abfc0f23a90eaee7dfb3ed614fe061db5	e3b0c44298fc1c149afbf4c8996fb92427ae41e4649b934ca495991b7852b855
tests/fixtures/stable_codegen.slim	666	0	13833	9063ed9f9fa5fccf9d43a13344e38d9abfc0f23a90eaee7dfb3ed614fe061db5	e3b0c44298fc1c149afbf4c8996fb92427ae41e4649b934ca495991b7852b855
tests/fixtures/stable_codegen.slim	667	0	13833	9063ed9f9fa5fccf9d43a13344e38d9abfc0f23a90eaee7dfb3ed614fe061db5	e3b0c44298fc1c149afbf4c8996fb92427ae41e4649b934ca495991b7852b855
tests/fixtures/stable_codegen.slim	668	0	13833	9063ed9f9fa5fccf9d43a13344e38d9abfc0f23a90eaee7dfb3ed614fe061db5	e3b0c44298fc1c149afbf4c8996fb92427ae41e4649b934ca495991b7852b855
tests/fixtures/stable_codegen.slim	669	0	13833	9063ed9f9fa5fccf9d43a13344e38d9abfc0f23a90eaee7dfb3ed614fe061db5	e3b0c44298fc1c149afbf4c8996fb92427ae41e4649b934ca495991b7852b855
tests/fixtures/stable_codegen.slim	670	0	13833	9063ed9f9fa5fccf9d43a13344e38d9abfc0f23a90eaee7dfb3ed614fe061db5	e3b0c44298fc1c149afbf4c8996fb92427ae41e4649b934ca495991b7852b855
tests/fixtures/stable_codegen.slim	671	0	13833	9063ed9f9fa5fccf9d43a13344e38d9abfc0f23a90eaee7dfb3ed614fe061db5	e3b0c44298fc1c149afbf4c8996fb92427ae41e4649b934ca495991b7852b855
tests/fixtures/stable_codegen.slim	672	0	13833	9063ed9f9fa5fccf9d43a13344e38d9abfc0f23a90eaee7dfb3ed614fe061db5	e3b0c44298fc1c149afbf4c8996fb92427ae41e4649b934ca495991b7852b855
tests/fixtures/stable_codegen.slim	673	0	13833	9063ed9f9fa5fccf9d43a13344e38d9abfc0f23a90eaee7dfb3ed614fe061db5	e3b0c44298fc1c149afbf4c8996fb92427ae41e4649b934ca495991b7852b855
tests/fixtures/stable_codegen.slim	674	0	13833	9063ed9f9fa5fccf9d43a13344e38d9abfc0f23a90eaee7dfb3ed614fe061db5	e3b0c44298fc1c149afbf4c8996fb92427ae41e4649b934ca495991b7852b855
tests/fixtures/stable_codegen.slim	675	0	13833	9063ed9f9fa5fccf9d43a13344e38d9abfc0f23a90eaee7dfb3ed614fe061db5	e3b0c44298fc1c149afbf4c8996fb92427ae41e4649b934ca495991b7852b855
tests/fixtures/stable_codegen.slim	676	0	13833	9063ed9f9fa5fccf9d43a13344e38d9abfc0f23a90eaee7dfb3ed614fe061db5	e3b0c44298fc1c149afbf4c8996fb92427ae41e4649b934ca495991b7852b855
tests/fixtures/stable_codegen.slim	677	0	13833	9063ed9f9fa5fccf9d43a13344e38d9abfc0f23a90eaee7dfb3ed614fe061db5	e3b0c44298fc1c149afbf4c8996fb92427ae41e4649b934ca495991b7852b855
tests/fixtures/stable_codegen.slim	678	0	13833	9063ed9f9fa5fccf9d43a13344e38d9abfc0f23a90eaee7dfb3ed614fe061db5	e3b0c44298fc1c149afbf4c8996fb92427ae41e4649b934ca495991b7852b855
tests/fixtures/stable_codegen.slim	679	0	13833	9063ed9f9fa5fccf9d43a13344e38d9abfc0f23a90eaee7dfb3ed614fe061db5	e3b0c44298fc1c149afbf4c8996fb92427ae41e4649b934ca495991b7852b855
tests/fixtures/stable_codegen.slim	680	0	13833	9063ed9f9fa5fccf9d43a13344e38d9abfc0f23a90eaee7dfb3ed614fe061db5	e3b0c44298fc1c149afbf4c8996fb92427ae41e4649b934ca495991b7852b855
tests/fixtures/stable_codegen.slim	681	0	13833	9063ed9f9fa5fccf9d43a13344e38d9abfc0f23a90eaee7dfb3ed614fe061db5	e3b0c44298fc1c149afbf4c8996fb92427ae41e4649b934ca495991b7852b855
tests/fixtures/stable_codegen.slim	682	0	13833	9063ed9f9fa5fccf9d43a13344e38d9abfc0f23a90eaee7dfb3ed614fe061db5	e3b0c44298fc1c149afbf4c8996fb92427ae41e4649b934ca495991b7852b855
tests/fixtures/stable_codegen.slim	683	0	13833	9063ed9f9fa5fccf9d43a13344e38d9abfc0f23a90eaee7dfb3ed614fe061db5	e3b0c44298fc1c149afbf4c8996fb92427ae41e4649b934ca495991b7852b855
tests/fixtures/stable_codegen.slim	684	0	13833	9063ed9f9fa5fccf9d43a13344e38d9abfc0f23a90eaee7dfb3ed614fe061db5	e3b0c44298fc1c149afbf4c8996fb92427ae41e4649b934ca495991b7852b855
tests/fixtures/stable_codegen.slim	685	0	13833	9063ed9f9fa5fccf9d43a13344e38d9abfc0f23a90eaee7dfb3ed614fe061db5	e3b0c44298fc1c149afbf4c8996fb92427ae41e4649b934ca495991b7852b855
tests/fixtures/stable_codegen.slim	686	0	13833	9063ed9f9fa5fccf9d43a13344e38d9abfc0f23a90eaee7dfb3ed614fe061db5	e3b0c44298fc1c149afbf4c8996fb92427ae41e4649b934ca495991b7852b855
tests/fixtures/stable_codegen.slim	687	0	13833	9063ed9f9fa5fccf9d43a13344e38d9abfc0f23a90eaee7dfb3ed614fe061db5	e3b0c44298fc1c149afbf4c8996fb92427ae41e4649b934ca495991b7852b855
tests/fixtures/stable_codegen.slim	688	0	13833	9063ed9f9fa5fccf9d43a13344e38d9abfc0f23a90eaee7dfb3ed614fe061db5	e3b0c44298fc1c149afbf4c8996fb92427ae41e4649b934ca495991b7852b855
tests/fixtures/stable_codegen.slim	689	0	13833	9063ed9f9fa5fccf9d43a13344e38d9abfc0f23a90eaee7dfb3ed614fe061db5	e3b0c44298fc1c149afbf4c8996fb92427ae41e4649b934ca495991b7852b855
tests/fixtures/stable_codegen.slim	690	0	13833	9063ed9f9fa5fccf9d43a13344e38d9abfc0f23a90eaee7dfb3ed614fe061db5	e3b0c44298fc1c149afbf4c8996fb92427ae41e4649b934ca495991b7852b855
tests/fixtures/stable_codegen.slim	691	0	13833	9063ed9f9fa5fccf9d43a13344e38d9abfc0f23a90eaee7dfb3ed614fe061db5	e3b0c44298fc1c149afbf4c8996fb92427ae41e4649b934ca495991b7852b855
tests/fixtures/stable_codegen.slim	692	0	13833	9063ed9f9fa5fccf9d43a13344e38d9abfc0f23a90eaee7dfb3ed614fe061db5	e3b0c44298fc1c149afbf4c8996fb92427ae41e4649b934ca495991b7852b855
tests/fixtures/stable_codegen.slim	693	0	13833	9063ed9f9fa5fccf9d43a13344e38d9abfc0f23a90eaee7dfb3ed614fe061db5	e3b0c44298fc1c149afbf4c8996fb92427ae41e4649b934ca495991b7852b855
tests/fixtures/stable_codegen.slim	694	0	13833	9063ed9f9fa5fccf9d43a13344e38d9abfc0f23a90eaee7dfb3ed614fe061db5	e3b0c44298fc1c149afbf4c8996fb92427ae41e4649b934ca495991b7852b855
tests/fixtures/stable_codegen.slim	695	0	13833	9063ed9f9fa5fccf9d43a13344e38d9abfc0f23a90eaee7dfb3ed614fe061db5	e3b0c44298fc1c149afbf4c8996fb92427ae41e4649b934ca495991b7852b855
tests/fixtures/stable_codegen.slim	696	0	13833	9063ed9f9fa5fccf9d43a13344e38d9abfc0f23a90eaee7dfb3ed614fe061db5	e3b0c44298fc1c149afbf4c8996fb92427ae41e4649b934ca495991b7852b855
tests/fixtures/stable_codegen.slim	697	0	13833	9063ed9f9fa5fccf9d43a13344e38d9abfc0f23a90eaee7dfb3ed614fe061db5	e3b0c44298fc1c149afbf4c8996fb92427ae41e4649b934ca495991b7852b855
tests/fixtures/stable_codegen.slim	698	0	13833	9063ed9f9fa5fccf9d43a13344e38d9abfc0f23a90eaee7dfb3ed614fe061db5	e3b0c44298fc1c149afbf4c8996fb92427ae41e4649b934ca495991b7852b855
tests/fixtures/stable_codegen.slim	699	0	13833	9063ed9f9fa5fccf9d43a13344e38d9abfc0f23a90eaee7dfb3ed614fe061db5	e3b0c44298fc1c149afbf4c8996fb92427ae41e4649b934ca495991b7852b855
tests/fixtures/stable_codegen.slim	700	0	13833	9063ed9f9fa5fccf9d43a13344e38d9abfc0f23a90eaee7dfb3ed614fe061db5	e3b0c44298fc1c149afbf4c8996fb92427ae41e4649b934ca495991b7852b855
tests/fixtures/stable_codegen.slim	701	0	13833	9063ed9f9fa5fccf9d43a13344e38d9abfc0f23a90eaee7dfb3ed614fe061db5	e3b0c44298fc1c149afbf4c8996fb92427ae41e4649b934ca495991b7852b855
tests/fixtures/stable_codegen.slim	702	0	13833	9063ed9f9fa5fccf9d43a13344e38d9abfc0f23a90eaee7dfb3ed614fe061db5	e3b0c44298fc1c149afbf4c8996fb92427ae41e4649b934ca495991b7852b855
tests/fixtures/stable_codegen.slim	703	0	13833	9063ed9f9fa5fccf9d43a13344e38d9abfc0f23a90eaee7dfb3ed614fe061db5	e3b0c44298fc1c149afbf4c8996fb92427ae41e4649b934ca495991b7852b855
tests/fixtures/stable_codegen.slim	704	0	13833	9063ed9f9fa5fccf9d43a13344e38d9abfc0f23a90eaee7dfb3ed614fe061db5	e3b0c44298fc1c149afbf4c8996fb92427ae41e4649b934ca495991b7852b855
tests/fixtures/stable_codegen.slim	705	0	13833	9063ed9f9fa5fccf9d43a13344e38d9abfc0f23a90eaee7dfb3ed614fe061db5	e3b0c44298fc1c149afbf4c8996fb92427ae41e4649b934ca495991b7852b855
tests/fixtures/stable_codegen.slim	706	0	13833	9063ed9f9fa5fccf9d43a13344e38d9abfc0f23a90eaee7dfb3ed614fe061db5	e3b0c44298fc1c149afbf4c8996fb92427ae41e4649b934ca495991b7852b855
tests/fixtures/stable_codegen.slim	707	0	13833	9063ed9f9fa5fccf9d43a13344e38d9abfc0f23a90eaee7dfb3ed614fe061db5	e3b0c44298fc1c149afbf4c8996fb92427ae41e4649b934ca495991b7852b855
tests/fixtures/stable_codegen.slim	708	0	13833	9063ed9f9fa5fccf9d43a13344e38d9abfc0f23a90eaee7dfb3ed614fe061db5	e3b0c44298fc1c149afbf4c8996fb92427ae41e4649b934ca495991b7852b855
tests/fixtures/stable_codegen.slim	709	0	13833	9063ed9f9fa5fccf9d43a13344e38d9abfc0f23a90eaee7dfb3ed614fe061db5	e3b0c44298fc1c149afbf4c8996fb92427ae41e4649b934ca495991b7852b855
tests/fixtures/stable_codegen.slim	710	0	13833	9063ed9f9fa5fccf9d43a13344e38d9abfc0f23a90eaee7dfb3ed614fe061db5	e3b0c44298fc1c149afbf4c8996fb92427ae41e4649b934ca495991b7852b855
tests/fixtures/stable_codegen.slim	711	0	13833	9063ed9f9fa5fccf9d43a13344e38d9abfc0f23a90eaee7dfb3ed614fe061db5	e3b0c44298fc1c149afbf4c8996fb92427ae41e4649b934ca495991b7852b855
tests/fixtures/stable_codegen.slim	712	0	13833	9063ed9f9fa5fccf9d43a13344e38d9abfc0f23a90eaee7dfb3ed614fe061db5	e3b0c44298fc1c149afbf4c8996fb92427ae41e4649b934ca495991b7852b855
tests/fixtures/stable_codegen.slim	713	0	13833	9063ed9f9fa5fccf9d43a13344e38d9abfc0f23a90eaee7dfb3ed614fe061db5	e3b0c44298fc1c149afbf4c8996fb92427ae41e4649b934ca495991b7852b855
tests/fixtures/stable_codegen.slim	714	0	13833	9063ed9f9fa5fccf9d43a13344e38d9abfc0f23a90eaee7dfb3ed614fe061db5	e3b0c44298fc1c149afbf4c8996fb92427ae41e4649b934ca495991b7852b855
tests/fixtures/stable_codegen.slim	715	0	13833	9063ed9f9fa5fccf9d43a13344e38d9abfc0f23a90eaee7dfb3ed614fe061db5	e3b0c44298fc1c149afbf4c8996fb92427ae41e4649b934ca495991b7852b855
tests/fixtures/stable_codegen.slim	716	0	13833	9063ed9f9fa5fccf9d43a13344e38d9abfc0f23a90eaee7dfb3ed614fe061db5	e3b0c44298fc1c149afbf4c8996fb92427ae41e4649b934ca495991b7852b855
tests/fixtures/stable_codegen.slim	717	0	13833	9063ed9f9fa5fccf9d43a13344e38d9abfc0f23a90eaee7dfb3ed614fe061db5	e3b0c44298fc1c149afbf4c8996fb92427ae41e4649b934ca495991b7852b855
tests/fixtures/stable_codegen.slim	718	0	13833	9063ed9f9fa5fccf9d43a13344e38d9abfc0f23a90eaee7dfb3ed614fe061db5	e3b0c44298fc1c149afbf4c8996fb92427ae41e4649b934ca495991b7852b855
tests/fixtures/stable_codegen.slim	719	0	13833	9063ed9f9fa5fccf9d43a13344e38d9abfc0f23a90eaee7dfb3ed614fe061db5	e3b0c44298fc1c149afbf4c8996fb92427ae41e4649b934ca495991b7852b855
tests/fixtures/stable_codegen.slim	720	0	13833	9063ed9f9fa5fccf9d43a13344e38d9abfc0f23a90eaee7dfb3ed614fe061db5	e3b0c44298fc1c149afbf4c8996fb92427ae41e4649b934ca495991b7852b855
tests/fixtures/stable_codegen.slim	721	0	13833	9063ed9f9fa5fccf9d43a13344e38d9abfc0f23a90eaee7dfb3ed614fe061db5	e3b0c44298fc1c149afbf4c8996fb92427ae41e4649b934ca495991b7852b855
tests/fixtures/stable_codegen.slim	722	0	13833	9063ed9f9fa5fccf9d43a13344e38d9abfc0f23a90eaee7dfb3ed614fe061db5	e3b0c44298fc1c149afbf4c8996fb92427ae41e4649b934ca495991b7852b855
tests/fixtures/stable_codegen.slim	723	0	13833	9063ed9f9fa5fccf9d43a13344e38d9abfc0f23a90eaee7dfb3ed614fe061db5	e3b0c44298fc1c149afbf4c8996fb92427ae41e4649b934ca495991b7852b855
tests/fixtures/stable_codegen.slim	724	0	13833	9063ed9f9fa5fccf9d43a13344e38d9abfc0f23a90eaee7dfb3ed614fe061db5	e3b0c44298fc1c149afbf4c8996fb92427ae41e4649b934ca495991b7852b855
tests/fixtures/stable_codegen.slim	725	0	13833	9063ed9f9fa5fccf9d43a13344e38d9abfc0f23a90eaee7dfb3ed614fe061db5	e3b0c44298fc1c149afbf4c8996fb92427ae41e4649b934ca495991b7852b855
tests/fixtures/stable_codegen.slim	726	0	13833	9063ed9f9fa5fccf9d43a13344e38d9abfc0f23a90eaee7dfb3ed614fe061db5	e3b0c44298fc1c149afbf4c8996fb92427ae41e4649b934ca495991b7852b855
tests/fixtures/stable_codegen.slim	727	0	13833	9063ed9f9fa5fccf9d43a13344e38d9abfc0f23a90eaee7dfb3ed614fe061db5	e3b0c44298fc1c149afbf4c8996fb92427ae41e4649b934ca495991b7852b855
tests/fixtures/stable_codegen.slim	728	0	13833	9063ed9f9fa5fccf9d43a13344e38d9abfc0f23a90eaee7dfb3ed614fe061db5	e3b0c44298fc1c149afbf4c8996fb92427ae41e4649b934ca495991b7852b855
tests/fixtures/stable_codegen.slim	729	0	13833	9063ed9f9fa5fccf9d43a13344e38d9abfc0f23a90eaee7dfb3ed614fe061db5	e3b0c44298fc1c149afbf4c8996fb92427ae41e4649b934ca495991b7852b855
tests/fixtures/stable_codegen.slim	730	0	13833	9063ed9f9fa5fccf9d43a13344e38d9abfc0f23a90eaee7dfb3ed614fe061db5	e3b0c44298fc1c149afbf4c8996fb92427ae41e4649b934ca495991b7852b855
tests/fixtures/stable_codegen.slim	731	0	13833	9063ed9f9fa5fccf9d43a13344e38d9abfc0f23a90eaee7dfb3ed614fe061db5	e3b0c44298fc1c149afbf4c8996fb92427ae41e4649b934ca495991b7852b855
tests/fixtures/stable_codegen.slim	732	0	13833	9063ed9f9fa5fccf9d43a13344e38d9abfc0f23a90eaee7dfb3ed614fe061db5	e3b0c44298fc1c149afbf4c8996fb92427ae41e4649b934ca495991b7852b855
tests/fixtures/stable_codegen.slim	733	0	13833	9063ed9f9fa5fccf9d43a13344e38d9abfc0f23a90eaee7dfb3ed614fe061db5	e3b0c44298fc1c149afbf4c8996fb92427ae41e4649b934ca495991b7852b855
tests/fixtures/stable_codegen.slim	734	0	13833	9063ed9f9fa5fccf9d43a13344e38d9abfc0f23a90eaee7dfb3ed614fe061db5	e3b0c44298fc1c149afbf4c8996fb92427ae41e4649b934ca495991b7852b855
tests/fixtures/stable_codegen.slim	735	0	13833	9063ed9f9fa5fccf9d43a13344e38d9abfc0f23a90eaee7dfb3ed614fe061db5	e3b0c44298fc1c149afbf4c8996fb92427ae41e4649b934ca495991b7852b855
tests/fixtures/stable_codegen.slim	736	0	13833	9063ed9f9fa5fccf9d43a13344e38d9abfc0f23a90eaee7dfb3ed614fe061db5	e3b0c44298fc1c149afbf4c8996fb92427ae41e4649b934ca495991b7852b855
tests/fixtures/stable_codegen.slim	737	0	13833	9063ed9f9fa5fccf9d43a13344e38d9abfc0f23a90eaee7dfb3ed614fe061db5	e3b0c44298fc1c149afbf4c8996fb92427ae41e4649b934ca495991b7852b855
tests/fixtures/stable_codegen.slim	738	0	13833	9063ed9f9fa5fccf9d43a13344e38d9abfc0f23a90eaee7dfb3ed614fe061db5	e3b0c44298fc1c149afbf4c8996fb92427ae41e4649b934ca495991b7852b855
tests/fixtures/stable_codegen.slim	739	0	13833	9063ed9f9fa5fccf9d43a13344e38d9abfc0f23a90eaee7dfb3ed614fe061db5	e3b0c44298fc1c149afbf4c8996fb92427ae41e4649b934ca495991b7852b855
tests/fixtures/stable_codegen.slim	740	0	13833	9063ed9f9fa5fccf9d43a13344e38d9abfc0f23a90eaee7dfb3ed614fe061db5	e3b0c44298fc1c149afbf4c8996fb92427ae41e4649b934ca495991b7852b855
tests/fixtures/stable_codegen.slim	741	0	13833	9063ed9f9fa5fccf9d43a13344e38d9abfc0f23a90eaee7dfb3ed614fe061db5	e3b0c44298fc1c149afbf4c8996fb92427ae41e4649b934ca495991b7852b855
tests/fixtures/stable_codegen.slim	742	0	13833	9063ed9f9fa5fccf9d43a13344e38d9abfc0f23a90eaee7dfb3ed614fe061db5	e3b0c44298fc1c149afbf4c8996fb92427ae41e4649b934ca495991b7852b855
tests/fixtures/stable_codegen.slim	743	0	13833	9063ed9f9fa5fccf9d43a13344e38d9abfc0f23a90eaee7dfb3ed614fe061db5	e3b0c44298fc1c149afbf4c8996fb92427ae41e4649b934ca495991b7852b855
tests/fixtures/stable_codegen.slim	744	0	13833	9063ed9f9fa5fccf9d43a13344e38d9abfc0f23a90eaee7dfb3ed614fe061db5	e3b0c44298fc1c149afbf4c8996fb92427ae41e4649b934ca495991b7852b855
tests/fixtures/stable_codegen.slim	745	0	13833	9063ed9f9fa5fccf9d43a13344e38d9abfc0f23a90eaee7dfb3ed614fe061db5	e3b0c44298fc1c149afbf4c8996fb92427ae41e4649b934ca495991b7852b855
tests/fixtures/stable_codegen.slim	746	0	13833	9063ed9f9fa5fccf9d43a13344e38d9abfc0f23a90eaee7dfb3ed614fe061db5	e3b0c44298fc1c149afbf4c8996fb92427ae41e4649b934ca495991b7852b855
tests/fixtures/stable_codegen.slim	747	0	13833	9063ed9f9fa5fccf9d43a13344e38d9abfc0f23a90eaee7dfb3ed614fe061db5	e3b0c44298fc1c149afbf4c8996fb92427ae41e4649b934ca495991b7852b855
tests/fixtures/stable_codegen.slim	748	0	13833	9063ed9f9fa5fccf9d43a13344e38d9abfc0f23a90eaee7dfb3ed614fe061db5	e3b0c44298fc1c149afbf4c8996fb92427ae41e4649b934ca495991b7852b855
tests/fixtures/stable_codegen.slim	749	0	13833	9063ed9f9fa5fccf9d43a13344e38d9abfc0f23a90eaee7dfb3ed614fe061db5	e3b0c44298fc1c149afbf4c8996fb92427ae41e4649b934ca495991b7852b855
tests/fixtures/stable_codegen.slim	750	0	13833	9063ed9f9fa5fccf9d43a13344e38d9abfc0f23a90eaee7dfb3ed614fe061db5	e3b0c44298fc1c149afbf4c8996fb92427ae41e4649b934ca495991b7852b855
tests/fixtures/stable_codegen.slim	751	0	13833	9063ed9f9fa5fccf9d43a13344e38d9abfc0f23a90eaee7dfb3ed614fe061db5	e3b0c44298fc1c149afbf4c8996fb92427ae41e4649b934ca495991b7852b855
tests/fixtures/stable_codegen.slim	752	0	13833	9063ed9f9fa5fccf9d43a13344e38d9abfc0f23a90eaee7dfb3ed614fe061db5	e3b0c44298fc1c149afbf4c8996fb92427ae41e4649b934ca495991b7852b855
tests/fixtures/stable_codegen.slim	753	0	13833	9063ed9f9fa5fccf9d43a13344e38d9abfc0f23a90eaee7dfb3ed614fe061db5	e3b0c44298fc1c149afbf4c8996fb92427ae41e4649b934ca495991b7852b855
tests/fixtures/stable_codegen.slim	754	0	13833	9063ed9f9fa5fccf9d43a13344e38d9abfc0f23a90eaee7dfb3ed614fe061db5	e3b0c44298fc1c149afbf4c8996fb92427ae41e4649b934ca495991b7852b855
tests/fixtures/stable_codegen.slim	755	0	13833	9063ed9f9fa5fccf9d43a13344e38d9abfc0f23a90eaee7dfb3ed614fe061db5	e3b0c44298fc1c149afbf4c8996fb92427ae41e4649b934ca495991b7852b855
tests/fixtures/stable_codegen.slim	756	0	13833	9063ed9f9fa5fccf9d43a13344e38d9abfc0f23a90eaee7dfb3ed614fe061db5	e3b0c44298fc1c149afbf4c8996fb92427ae41e4649b934ca495991b7852b855
tests/fixtures/stable_codegen.slim	757	0	13833	9063ed9f9fa5fccf9d43a13344e38d9abfc0f23a90eaee7dfb3ed614fe061db5	e3b0c44298fc1c149afbf4c8996fb92427ae41e4649b934ca495991b7852b855
tests/fixtures/stable_codegen.slim	758	0	13833	9063ed9f9fa5fccf9d43a13344e38d9abfc0f23a90eaee7dfb3ed614fe061db5	e3b0c44298fc1c149afbf4c8996fb92427ae41e4649b934ca495991b7852b855
tests/fixtures/stable_codegen.slim	759	0	13833	9063ed9f9fa5fccf9d43a13344e38d9abfc0f23a90eaee7dfb3ed614fe061db5	e3b0c44298fc1c149afbf4c8996fb92427ae41e4649b934ca495991b7852b855
tests/fixtures/stable_codegen.slim	760	0	13833	9063ed9f9fa5fccf9d43a13344e38d9abfc0f23a90eaee7dfb3ed614fe061db5	e3b0c44298fc1c149afbf4c8996fb92427ae41e4649b934ca495991b7852b855
tests/fixtures/stable_codegen.slim	761	0	13833	9063ed9f9fa5fccf9d43a13344e38d9abfc0f23a90eaee7dfb3ed614fe061db5	e3b0c44298fc1c149afbf4c8996fb92427ae41e4649b934ca495991b7852b855
tests/fixtures/stable_codegen.slim	762	0	13833	9063ed9f9fa5fccf9d43a13344e38d9abfc0f23a90eaee7dfb3ed614fe061db5	e3b0c44298fc1c149afbf4c8996fb92427ae41e4649b934ca495991b7852b855
tests/fixtures/stable_codegen.slim	763	0	13833	9063ed9f9fa5fccf9d43a13344e38d9abfc0f23a90eaee7dfb3ed614fe061db5	e3b0c44298fc1c149afbf4c8996fb92427ae41e4649b934ca495991b7852b855
tests/fixtures/stable_codegen.slim	764	0	13833	9063ed9f9fa5fccf9d43a13344e38d9abfc0f23a90eaee7dfb3ed614fe061db5	e3b0c44298fc1c149afbf4c8996fb92427ae41e4649b934ca495991b7852b855
tests/fixtures/stable_codegen.slim	765	0	13833	9063ed9f9fa5fccf9d43a13344e38d9abfc0f23a90eaee7dfb3ed614fe061db5	e3b0c44298fc1c149afbf4c8996fb92427ae41e4649b934ca495991b7852b855
tests/fixtures/stable_codegen.slim	766	0	13833	9063ed9f9fa5fccf9d43a13344e38d9abfc0f23a90eaee7dfb3ed614fe061db5	e3b0c44298fc1c149afbf4c8996fb92427ae41e4649b934ca495991b7852b855
tests/fixtures/stable_codegen.slim	767	0	13833	9063ed9f9fa5fccf9d43a13344e38d9abfc0f23a90eaee7dfb3ed614fe061db5	e3b0c44298fc1c149afbf4c8996fb92427ae41e4649b934ca495991b7852b855
tests/fixtures/stable_codegen.slim	768	0	13833	9063ed9f9fa5fccf9d43a13344e38d9abfc0f23a90eaee7dfb3ed614fe061db5	e3b0c44298fc1c149afbf4c8996fb92427ae41e4649b934ca495991b7852b855
tests/fixtures/stable_codegen.slim	769	0	13833	9063ed9f9fa5fccf9d43a13344e38d9abfc0f23a90eaee7dfb3ed614fe061db5	e3b0c44298fc1c149afbf4c8996fb92427ae41e4649b934ca495991b7852b855
tests/fixtures/stable_codegen.slim	770	0	13833	9063ed9f9fa5fccf9d43a13344e38d9abfc0f23a90eaee7dfb3ed614fe061db5	e3b0c44298fc1c149afbf4c8996fb92427ae41e4649b934ca495991b7852b855
tests/fixtures/stable_codegen.slim	771	0	13833	9063ed9f9fa5fccf9d43a13344e38d9abfc0f23a90eaee7dfb3ed614fe061db5	e3b0c44298fc1c149afbf4c8996fb92427ae41e4649b934ca495991b7852b855
tests/fixtures/stable_codegen.slim	772	0	13833	9063ed9f9fa5fccf9d43a13344e38d9abfc0f23a90eaee7dfb3ed614fe061db5	e3b0c44298fc1c149afbf4c8996fb92427ae41e4649b934ca495991b7852b855
tests/fixtures/stable_codegen.slim	773	0	13833	9063ed9f9fa5fccf9d43a13344e38d9abfc0f23a90eaee7dfb3ed614fe061db5	e3b0c44298fc1c149afbf4c8996fb92427ae41e4649b934ca495991b7852b855
tests/fixtures/stable_codegen.slim	774	0	13833	9063ed9f9fa5fccf9d43a13344e38d9abfc0f23a90eaee7dfb3ed614fe061db5	e3b0c44298fc1c149afbf4c8996fb92427ae41e4649b934ca495991b7852b855
tests/fixtures/stable_codegen.slim	775	0	13833	9063ed9f9fa5fccf9d43a13344e38d9abfc0f23a90eaee7dfb3ed614fe061db5	e3b0c44298fc1c149afbf4c8996fb92427ae41e4649b934ca495991b7852b855
tests/fixtures/stable_codegen.slim	776	0	13833	9063ed9f9fa5fccf9d43a13344e38d9abfc0f23a90eaee7dfb3ed614fe061db5	e3b0c44298fc1c149afbf4c8996fb92427ae41e4649b934ca495991b7852b855
tests/fixtures/stable_codegen.slim	777	0	13833	9063ed9f9fa5fccf9d43a13344e38d9abfc0f23a90eaee7dfb3ed614fe061db5	e3b0c44298fc1c149afbf4c8996fb92427ae41e4649b934ca495991b7852b855
tests/fixtures/stable_codegen.slim	778	0	13833	9063ed9f9fa5fccf9d43a13344e38d9abfc0f23a90eaee7dfb3ed614fe061db5	e3b0c44298fc1c149afbf4c8996fb92427ae41e4649b934ca495991b7852b855
tests/fixtures/stable_codegen.slim	779	0	13833	9063ed9f9fa5fccf9d43a13344e38d9abfc0f23a90eaee7dfb3ed614fe061db5	e3b0c44298fc1c149afbf4c8996fb92427ae41e4649b934ca495991b7852b855
tests/fixtures/stable_codegen.slim	780	0	13833	9063ed9f9fa5fccf9d43a13344e38d9abfc0f23a90eaee7dfb3ed614fe061db5	e3b0c44298fc1c149afbf4c8996fb92427ae41e4649b934ca495991b7852b855
tests/fixtures/stable_codegen.slim	781	0	13833	9063ed9f9fa5fccf9d43a13344e38d9abfc0f23a90eaee7dfb3ed614fe061db5	e3b0c44298fc1c149afbf4c8996fb92427ae41e4649b934ca495991b7852b855
tests/fixtures/stable_codegen.slim	782	0	13833	9063ed9f9fa5fccf9d43a13344e38d9abfc0f23a90eaee7dfb3ed614fe061db5	e3b0c44298fc1c149afbf4c8996fb92427ae41e4649b934ca495991b7852b855
tests/fixtures/stable_codegen.slim	783	0	13833	9063ed9f9fa5fccf9d43a13344e38d9abfc0f23a90eaee7dfb3ed614fe061db5	e3b0c44298fc1c149afbf4c8996fb92427ae41e4649b934ca495991b7852b855
tests/fixtures/stable_codegen.slim	784	0	13833	9063ed9f9fa5fccf9d43a13344e38d9abfc0f23a90eaee7dfb3ed614fe061db5	e3b0c44298fc1c149afbf4c8996fb92427ae41e4649b934ca495991b7852b855
tests/fixtures/stable_codegen.slim	785	0	13833	9063ed9f9fa5fccf9d43a13344e38d9abfc0f23a90eaee7dfb3ed614fe061db5	e3b0c44298fc1c149afbf4c8996fb92427ae41e4649b934ca495991b7852b855
tests/fixtures/stable_codegen.slim	786	0	13833	9063ed9f9fa5fccf9d43a13344e38d9abfc0f23a90eaee7dfb3ed614fe061db5	e3b0c44298fc1c149afbf4c8996fb92427ae41e4649b934ca495991b7852b855
tests/fixtures/stable_codegen.slim	787	0	13833	9063ed9f9fa5fccf9d43a13344e38d9abfc0f23a90eaee7dfb3ed614fe061db5	e3b0c44298fc1c149afbf4c8996fb92427ae41e4649b934ca495991b7852b855
tests/fixtures/stable_codegen.slim	788	0	13833	9063ed9f9fa5fccf9d43a13344e38d9abfc0f23a90eaee7dfb3ed614fe061db5	e3b0c44298fc1c149afbf4c8996fb92427ae41e4649b934ca495991b7852b855
tests/fixtures/stable_codegen.slim	789	0	13833	9063ed9f9fa5fccf9d43a13344e38d9abfc0f23a90eaee7dfb3ed614fe061db5	e3b0c44298fc1c149afbf4c8996fb92427ae41e4649b934ca495991b7852b855
tests/fixtures/stable_codegen.slim	790	0	13833	9063ed9f9fa5fccf9d43a13344e38d9abfc0f23a90eaee7dfb3ed614fe061db5	e3b0c44298fc1c149afbf4c8996fb92427ae41e4649b934ca495991b7852b855
tests/fixtures/stable_codegen.slim	791	0	13833	9063ed9f9fa5fccf9d43a13344e38d9abfc0f23a90eaee7dfb3ed614fe061db5	e3b0c44298fc1c149afbf4c8996fb92427ae41e4649b934ca495991b7852b855
tests/fixtures/stable_codegen.slim	792	0	13833	9063ed9f9fa5fccf9d43a13344e38d9abfc0f23a90eaee7dfb3ed614fe061db5	e3b0c44298fc1c149afbf4c8996fb92427ae41e4649b934ca495991b7852b855
tests/fixtures/stable_codegen.slim	793	0	13833	9063ed9f9fa5fccf9d43a13344e38d9abfc0f23a90eaee7dfb3ed614fe061db5	e3b0c44298fc1c149afbf4c8996fb92427ae41e4649b934ca495991b7852b855
tests/fixtures/stable_codegen.slim	794	0	13833	9063ed9f9fa5fccf9d43a13344e38d9abfc0f23a90eaee7dfb3ed614fe061db5	e3b0c44298fc1c149afbf4c8996fb92427ae41e4649b934ca495991b7852b855
tests/fixtures/stable_codegen.slim	795	0	13833	9063ed9f9fa5fccf9d43a13344e38d9abfc0f23a90eaee7dfb3ed614fe061db5	e3b0c44298fc1c149afbf4c8996fb92427ae41e4649b934ca495991b7852b855
tests/fixtures/stable_codegen.slim	796	0	13833	9063ed9f9fa5fccf9d43a13344e38d9abfc0f23a90eaee7dfb3ed614fe061db5	e3b0c44298fc1c149afbf4c8996fb92427ae41e4649b934ca495991b7852b855
tests/fixtures/stable_codegen.slim	797	0	13833	9063ed9f9fa5fccf9d43a13344e38d9abfc0f23a90eaee7dfb3ed614fe061db5	e3b0c44298fc1c149afbf4c8996fb92427ae41e4649b934ca495991b7852b855
tests/fixtures/stable_codegen.slim	798	0	13833	9063ed9f9fa5fccf9d43a13344e38d9abfc0f23a90eaee7dfb3ed614fe061db5	e3b0c44298fc1c149afbf4c8996fb92427ae41e4649b934ca495991b7852b855
tests/fixtures/stable_codegen.slim	799	0	13833	9063ed9f9fa5fccf9d43a13344e38d9abfc0f23a90eaee7dfb3ed614fe061db5	e3b0c44298fc1c149afbf4c8996fb92427ae41e4649b934ca495991b7852b855
tests/fixtures/stable_codegen.slim	800	0	13833	9063ed9f9fa5fccf9d43a13344e38d9abfc0f23a90eaee7dfb3ed614fe061db5	e3b0c44298fc1c149afbf4c8996fb92427ae41e4649b934ca495991b7852b855
tests/fixtures/stable_codegen.slim	801	0	13833	9063ed9f9fa5fccf9d43a13344e38d9abfc0f23a90eaee7dfb3ed614fe061db5	e3b0c44298fc1c149afbf4c8996fb92427ae41e4649b934ca495991b7852b855
tests/fixtures/stable_codegen.slim	802	0	13833	9063ed9f9fa5fccf9d43a13344e38d9abfc0f23a90eaee7dfb3ed614fe061db5	e3b0c44298fc1c149afbf4c8996fb92427ae41e4649b934ca495991b7852b855
tests/fixtures/stable_codegen.slim	803	0	13833	9063ed9f9fa5fccf9d43a13344e38d9abfc0f23a90eaee7dfb3ed614fe061db5	e3b0c44298fc1c149afbf4c8996fb92427ae41e4649b934ca495991b7852b855
tests/fixtures/stable_codegen.slim	804	0	13833	9063ed9f9fa5fccf9d43a13344e38d9abfc0f23a90eaee7dfb3ed614fe061db5	e3b0c44298fc1c149afbf4c8996fb92427ae41e4649b934ca495991b7852b855
tests/fixtures/stable_codegen.slim	805	0	13833	9063ed9f9fa5fccf9d43a13344e38d9abfc0f23a90eaee7dfb3ed614fe061db5	e3b0c44298fc1c149afbf4c8996fb92427ae41e4649b934ca495991b7852b855
tests/fixtures/stable_codegen.slim	806	0	13833	9063ed9f9fa5fccf9d43a13344e38d9abfc0f23a90eaee7dfb3ed614fe061db5	e3b0c44298fc1c149afbf4c8996fb92427ae41e4649b934ca495991b7852b855
tests/fixtures/stable_codegen.slim	807	0	13833	9063ed9f9fa5fccf9d43a13344e38d9abfc0f23a90eaee7dfb3ed614fe061db5	e3b0c44298fc1c149afbf4c8996fb92427ae41e4649b934ca495991b7852b855
tests/fixtures/stable_codegen.slim	808	0	13833	9063ed9f9fa5fccf9d43a13344e38d9abfc0f23a90eaee7dfb3ed614fe061db5	e3b0c44298fc1c149afbf4c8996fb92427ae41e4649b934ca495991b7852b855
tests/fixtures/stable_codegen.slim	809	0	13833	9063ed9f9fa5fccf9d43a13344e38d9abfc0f23a90eaee7dfb3ed614fe061db5	e3b0c44298fc1c149afbf4c8996fb92427ae41e4649b934ca495991b7852b855
tests/fixtures/stable_codegen.slim	810	0	13833	9063ed9f9fa5fccf9d43a13344e38d9abfc0f23a90eaee7dfb3ed614fe061db5	e3b0c44298fc1c149afbf4c8996fb92427ae41e4649b934ca495991b7852b855
tests/fixtures/stable_codegen.slim	811	0	13833	9063ed9f9fa5fccf9d43a13344e38d9abfc0f23a90eaee7dfb3ed614fe061db5	e3b0c44298fc1c149afbf4c8996fb92427ae41e4649b934ca495991b7852b855
tests/fixtures/stable_codegen.slim	812	0	13833	9063ed9f9fa5fccf9d43a13344e38d9abfc0f23a90eaee7dfb3ed614fe061db5	e3b0c44298fc1c149afbf4c8996fb92427ae41e4649b934ca495991b7852b855
tests/fixtures/stable_codegen.slim	813	0	13833	9063ed9f9fa5fccf9d43a13344e38d9abfc0f23a90eaee7dfb3ed614fe061db5	e3b0c44298fc1c149afbf4c8996fb92427ae41e4649b934ca495991b7852b855
tests/fixtures/stable_codegen.slim	814	0	13833	9063ed9f9fa5fccf9d43a13344e38d9abfc0f23a90eaee7dfb3ed614fe061db5	e3b0c44298fc1c149afbf4c8996fb92427ae41e4649b934ca495991b7852b855
tests/fixtures/stable_codegen.slim	815	0	13833	9063ed9f9fa5fccf9d43a13344e38d9abfc0f23a90eaee7dfb3ed614fe061db5	e3b0c44298fc1c149afbf4c8996fb92427ae41e4649b934ca495991b7852b855
tests/fixtures/stable_codegen.slim	816	0	13833	9063ed9f9fa5fccf9d43a13344e38d9abfc0f23a90eaee7dfb3ed614fe061db5	e3b0c44298fc1c149afbf4c8996fb92427ae41e4649b934ca495991b7852b855
tests/fixtures/stable_codegen.slim	817	0	13833	9063ed9f9fa5fccf9d43a13344e38d9abfc0f23a90eaee7dfb3ed614fe061db5	e3b0c44298fc1c149afbf4c8996fb92427ae41e4649b934ca495991b7852b855
tests/fixtures/stable_codegen.slim	818	0	13833	9063ed9f9fa5fccf9d43a13344e38d9abfc0f23a90eaee7dfb3ed614fe061db5	e3b0c44298fc1c149afbf4c8996fb92427ae41e4649b934ca495991b7852b855
tests/fixtures/stable_codegen.slim	819	0	13833	9063ed9f9fa5fccf9d43a13344e38d9abfc0f23a90eaee7dfb3ed614fe061db5	e3b0c44298fc1c149afbf4c8996fb92427ae41e4649b934ca495991b7852b855
tests/fixtures/stable_codegen.slim	820	0	13833	9063ed9f9fa5fccf9d43a13344e38d9abfc0f23a90eaee7dfb3ed614fe061db5	e3b0c44298fc1c149afbf4c8996fb92427ae41e4649b934ca495991b7852b855
tests/fixtures/stable_codegen.slim	821	0	13833	9063ed9f9fa5fccf9d43a13344e38d9abfc0f23a90eaee7dfb3ed614fe061db5	e3b0c44298fc1c149afbf4c8996fb92427ae41e4649b934ca495991b7852b855
tests/fixtures/stable_codegen.slim	822	0	13833	9063ed9f9fa5fccf9d43a13344e38d9abfc0f23a90eaee7dfb3ed614fe061db5	e3b0c44298fc1c149afbf4c8996fb92427ae41e4649b934ca495991b7852b855
tests/fixtures/stable_codegen.slim	823	0	13833	9063ed9f9fa5fccf9d43a13344e38d9abfc0f23a90eaee7dfb3ed614fe061db5	e3b0c44298fc1c149afbf4c8996fb92427ae41e4649b934ca495991b7852b855
tests/fixtures/stable_codegen.slim	824	0	13833	9063ed9f9fa5fccf9d43a13344e38d9abfc0f23a90eaee7dfb3ed614fe061db5	e3b0c44298fc1c149afbf4c8996fb92427ae41e4649b934ca495991b7852b855
tests/fixtures/stable_codegen.slim	825	0	13833	9063ed9f9fa5fccf9d43a13344e38d9abfc0f23a90eaee7dfb3ed614fe061db5	e3b0c44298fc1c149afbf4c8996fb92427ae41e4649b934ca495991b7852b855
tests/fixtures/stable_codegen.slim	826	0	13833	9063ed9f9fa5fccf9d43a13344e38d9abfc0f23a90eaee7dfb3ed614fe061db5	e3b0c44298fc1c149afbf4c8996fb92427ae41e4649b934ca495991b7852b855
tests/fixtures/stable_codegen.slim	827	0	13833	9063ed9f9fa5fccf9d43a13344e38d9abfc0f23a90eaee7dfb3ed614fe061db5	e3b0c44298fc1c149afbf4c8996fb92427ae41e4649b934ca495991b7852b855
tests/fixtures/stable_codegen.slim	828	0	13833	9063ed9f9fa5fccf9d43a13344e38d9abfc0f23a90eaee7dfb3ed614fe061db5	e3b0c44298fc1c149afbf4c8996fb92427ae41e4649b934ca495991b7852b855
tests/fixtures/stable_codegen.slim	829	0	13833	9063ed9f9fa5fccf9d43a13344e38d9abfc0f23a90eaee7dfb3ed614fe061db5	e3b0c44298fc1c149afbf4c8996fb92427ae41e4649b934ca495991b7852b855
tests/fixtures/stable_codegen.slim	830	0	13833	9063ed9f9fa5fccf9d43a13344e38d9abfc0f23a90eaee7dfb3ed614fe061db5	e3b0c44298fc1c149afbf4c8996fb92427ae41e4649b934ca495991b7852b855
tests/fixtures/stable_codegen.slim	831	0	13833	9063ed9f9fa5fccf9d43a13344e38d9abfc0f23a90eaee7dfb3ed614fe061db5	e3b0c44298fc1c149afbf4c8996fb92427ae41e4649b934ca495991b7852b855
tests/fixtures/stable_codegen.slim	832	0	13833	9063ed9f9fa5fccf9d43a13344e38d9abfc0f23a90eaee7dfb3ed614fe061db5	e3b0c44298fc1c149afbf4c8996fb92427ae41e4649b934ca495991b7852b855
tests/fixtures/stable_codegen.slim	833	0	13833	9063ed9f9fa5fccf9d43a13344e38d9abfc0f23a90eaee7dfb3ed614fe061db5	e3b0c44298fc1c149afbf4c8996fb92427ae41e4649b934ca495991b7852b855
tests/fixtures/stable_codegen.slim	834	0	13833	9063ed9f9fa5fccf9d43a13344e38d9abfc0f23a90eaee7dfb3ed614fe061db5	e3b0c44298fc1c149afbf4c8996fb92427ae41e4649b934ca495991b7852b855
tests/fixtures/stable_codegen.slim	835	0	13833	9063ed9f9fa5fccf9d43a13344e38d9abfc0f23a90eaee7dfb3ed614fe061db5	e3b0c44298fc1c149afbf4c8996fb92427ae41e4649b934ca495991b7852b855
tests/fixtures/stable_codegen.slim	836	0	13833	9063ed9f9fa5fccf9d43a13344e38d9abfc0f23a90eaee7dfb3ed614fe061db5	e3b0c44298fc1c149afbf4c8996fb92427ae41e4649b934ca495991b7852b855
tests/fixtures/stable_codegen.slim	837	0	13833	9063ed9f9fa5fccf9d43a13344e38d9abfc0f23a90eaee7dfb3ed614fe061db5	e3b0c44298fc1c149afbf4c8996fb92427ae41e4649b934ca495991b7852b855
tests/fixtures/stable_codegen.slim	838	0	13833	9063ed9f9fa5fccf9d43a13344e38d9abfc0f23a90eaee7dfb3ed614fe061db5	e3b0c44298fc1c149afbf4c8996fb92427ae41e4649b934ca495991b7852b855
tests/fixtures/stable_codegen.slim	839	0	13833	9063ed9f9fa5fccf9d43a13344e38d9abfc0f23a90eaee7dfb3ed614fe061db5	e3b0c44298fc1c149afbf4c8996fb92427ae41e4649b934ca495991b7852b855
tests/fixtures/stable_codegen.slim	840	0	13833	9063ed9f9fa5fccf9d43a13344e38d9abfc0f23a90eaee7dfb3ed614fe061db5	e3b0c44298fc1c149afbf4c8996fb92427ae41e4649b934ca495991b7852b855
tests/fixtures/stable_codegen.slim	841	0	13833	9063ed9f9fa5fccf9d43a13344e38d9abfc0f23a90eaee7dfb3ed614fe061db5	e3b0c44298fc1c149afbf4c8996fb92427ae41e4649b934ca495991b7852b855
tests/fixtures/stable_codegen.slim	842	0	13833	9063ed9f9fa5fccf9d43a13344e38d9abfc0f23a90eaee7dfb3ed614fe061db5	e3b0c44298fc1c149afbf4c8996fb92427ae41e4649b934ca495991b7852b855
tests/fixtures/stable_codegen.slim	843	0	13833	9063ed9f9fa5fccf9d43a13344e38d9abfc0f23a90eaee7dfb3ed614fe061db5	e3b0c44298fc1c149afbf4c8996fb92427ae41e4649b934ca495991b7852b855
tests/fixtures/stable_codegen.slim	844	0	13833	9063ed9f9fa5fccf9d43a13344e38d9abfc0f23a90eaee7dfb3ed614fe061db5	e3b0c44298fc1c149afbf4c8996fb92427ae41e4649b934ca495991b7852b855
tests/fixtures/stable_codegen.slim	845	0	13833	9063ed9f9fa5fccf9d43a13344e38d9abfc0f23a90eaee7dfb3ed614fe061db5	e3b0c44298fc1c149afbf4c8996fb92427ae41e4649b934ca495991b7852b855
tests/fixtures/stable_codegen.slim	846	0	13833	9063ed9f9fa5fccf9d43a13344e38d9abfc0f23a90eaee7dfb3ed614fe061db5	e3b0c44298fc1c149afbf4c8996fb92427ae41e4649b934ca495991b7852b855
tests/fixtures/stable_codegen.slim	847	0	13833	9063ed9f9fa5fccf9d43a13344e38d9abfc0f23a90eaee7dfb3ed614fe061db5	e3b0c44298fc1c149afbf4c8996fb92427ae41e4649b934ca495991b7852b855
tests/fixtures/stable_codegen.slim	848	0	13833	9063ed9f9fa5fccf9d43a13344e38d9abfc0f23a90eaee7dfb3ed614fe061db5	e3b0c44298fc1c149afbf4c8996fb92427ae41e4649b934ca495991b7852b855
tests/fixtures/stable_codegen.slim	849	0	13833	9063ed9f9fa5fccf9d43a13344e38d9abfc0f23a90eaee7dfb3ed614fe061db5	e3b0c44298fc1c149afbf4c8996fb92427ae41e4649b934ca495991b7852b855
tests/fixtures/stable_codegen.slim	850	0	13833	9063ed9f9fa5fccf9d43a13344e38d9abfc0f23a90eaee7dfb3ed614fe061db5	e3b0c44298fc1c149afbf4c8996fb92427ae41e4649b934ca495991b7852b855
tests/fixtures/stable_codegen.slim	851	0	13833	9063ed9f9fa5fccf9d43a13344e38d9abfc0f23a90eaee7dfb3ed614fe061db5	e3b0c44298fc1c149afbf4c8996fb92427ae41e4649b934ca495991b7852b855
tests/fixtures/stable_codegen.slim	852	0	13833	9063ed9f9fa5fccf9d43a13344e38d9abfc0f23a90eaee7dfb3ed614fe061db5	e3b0c44298fc1c149afbf4c8996fb92427ae41e4649b934ca495991b7852b855
tests/fixtures/stable_codegen.slim	853	0	13833	9063ed9f9fa5fccf9d43a13344e38d9abfc0f23a90eaee7dfb3ed614fe061db5	e3b0c44298fc1c149afbf4c8996fb92427ae41e4649b934ca495991b7852b855
tests/fixtures/stable_codegen.slim	854	0	13833	9063ed9f9fa5fccf9d43a13344e38d9abfc0f23a90eaee7dfb3ed614fe061db5	e3b0c44298fc1c149afbf4c8996fb92427ae41e4649b934ca495991b7852b855
tests/fixtures/stable_codegen.slim	855	0	13833	9063ed9f9fa5fccf9d43a13344e38d9abfc0f23a90eaee7dfb3ed614fe061db5	e3b0c44298fc1c149afbf4c8996fb92427ae41e4649b934ca495991b7852b855
tests/fixtures/stable_codegen.slim	856	0	13833	9063ed9f9fa5fccf9d43a13344e38d9abfc0f23a90eaee7dfb3ed614fe061db5	e3b0c44298fc1c149afbf4c8996fb92427ae41e4649b934ca495991b7852b855
tests/fixtures/stable_codegen.slim	857	0	13833	9063ed9f9fa5fccf9d43a13344e38d9abfc0f23a90eaee7dfb3ed614fe061db5	e3b0c44298fc1c149afbf4c8996fb92427ae41e4649b934ca495991b7852b855
tests/fixtures/stable_codegen.slim	858	0	13833	9063ed9f9fa5fccf9d43a13344e38d9abfc0f23a90eaee7dfb3ed614fe061db5	e3b0c44298fc1c149afbf4c8996fb92427ae41e4649b934ca495991b7852b855
tests/fixtures/stable_codegen.slim	859	0	13833	9063ed9f9fa5fccf9d43a13344e38d9abfc0f23a90eaee7dfb3ed614fe061db5	e3b0c44298fc1c149afbf4c8996fb92427ae41e4649b934ca495991b7852b855
tests/fixtures/stable_codegen.slim	860	0	13833	9063ed9f9fa5fccf9d43a13344e38d9abfc0f23a90eaee7dfb3ed614fe061db5	e3b0c44298fc1c149afbf4c8996fb92427ae41e4649b934ca495991b7852b855
tests/fixtures/stable_codegen.slim	861	0	13833	9063ed9f9fa5fccf9d43a13344e38d9abfc0f23a90eaee7dfb3ed614fe061db5	e3b0c44298fc1c149afbf4c8996fb92427ae41e4649b934ca495991b7852b855
tests/fixtures/stable_codegen.slim	862	0	13833	9063ed9f9fa5fccf9d43a13344e38d9abfc0f23a90eaee7dfb3ed614fe061db5	e3b0c44298fc1c149afbf4c8996fb92427ae41e4649b934ca495991b7852b855
tests/fixtures/stable_codegen.slim	863	0	13833	9063ed9f9fa5fccf9d43a13344e38d9abfc0f23a90eaee7dfb3ed614fe061db5	e3b0c44298fc1c149afbf4c8996fb92427ae41e4649b934ca495991b7852b855
tests/fixtures/stable_codegen.slim	864	0	13833	9063ed9f9fa5fccf9d43a13344e38d9abfc0f23a90eaee7dfb3ed614fe061db5	e3b0c44298fc1c149afbf4c8996fb92427ae41e4649b934ca495991b7852b855
tests/fixtures/stable_codegen.slim	865	0	13833	9063ed9f9fa5fccf9d43a13344e38d9abfc0f23a90eaee7dfb3ed614fe061db5	e3b0c44298fc1c149afbf4c8996fb92427ae41e4649b934ca495991b7852b855
tests/fixtures/stable_codegen.slim	866	0	13833	9063ed9f9fa5fccf9d43a13344e38d9abfc0f23a90eaee7dfb3ed614fe061db5	e3b0c44298fc1c149afbf4c8996fb92427ae41e4649b934ca495991b7852b855
tests/fixtures/stable_codegen.slim	867	0	13833	9063ed9f9fa5fccf9d43a13344e38d9abfc0f23a90eaee7dfb3ed614fe061db5	e3b0c44298fc1c149afbf4c8996fb92427ae41e4649b934ca495991b7852b855
tests/fixtures/stable_codegen.slim	868	0	13833	9063ed9f9fa5fccf9d43a13344e38d9abfc0f23a90eaee7dfb3ed614fe061db5	e3b0c44298fc1c149afbf4c8996fb92427ae41e4649b934ca495991b7852b855
tests/fixtures/stable_codegen.slim	869	0	13833	9063ed9f9fa5fccf9d43a13344e38d9abfc0f23a90eaee7dfb3ed614fe061db5	e3b0c44298fc1c149afbf4c8996fb92427ae41e4649b934ca495991b7852b855
tests/fixtures/stable_codegen.slim	870	0	13833	9063ed9f9fa5fccf9d43a13344e38d9abfc0f23a90eaee7dfb3ed614fe061db5	e3b0c44298fc1c149afbf4c8996fb92427ae41e4649b934ca495991b7852b855
tests/fixtures/stable_codegen.slim	871	0	13833	9063ed9f9fa5fccf9d43a13344e38d9abfc0f23a90eaee7dfb3ed614fe061db5	e3b0c44298fc1c149afbf4c8996fb92427ae41e4649b934ca495991b7852b855
tests/fixtures/stable_codegen.slim	872	0	13833	9063ed9f9fa5fccf9d43a13344e38d9abfc0f23a90eaee7dfb3ed614fe061db5	e3b0c44298fc1c149afbf4c8996fb92427ae41e4649b934ca495991b7852b855
tests/fixtures/stable_codegen.slim	873	0	13833	9063ed9f9fa5fccf9d43a13344e38d9abfc0f23a90eaee7dfb3ed614fe061db5	e3b0c44298fc1c149afbf4c8996fb92427ae41e4649b934ca495991b7852b855
tests/fixtures/stable_codegen.slim	874	0	13833	9063ed9f9fa5fccf9d43a13344e38d9abfc0f23a90eaee7dfb3ed614fe061db5	e3b0c44298fc1c149afbf4c8996fb92427ae41e4649b934ca495991b7852b855
tests/fixtures/stable_codegen.slim	875	0	13833	9063ed9f9fa5fccf9d43a13344e38d9abfc0f23a90eaee7dfb3ed614fe061db5	e3b0c44298fc1c149afbf4c8996fb92427ae41e4649b934ca495991b7852b855
tests/fixtures/stable_codegen.slim	876	0	13833	9063ed9f9fa5fccf9d43a13344e38d9abfc0f23a90eaee7dfb3ed614fe061db5	e3b0c44298fc1c149afbf4c8996fb92427ae41e4649b934ca495991b7852b855
tests/fixtures/stable_codegen.slim	877	0	13833	9063ed9f9fa5fccf9d43a13344e38d9abfc0f23a90eaee7dfb3ed614fe061db5	e3b0c44298fc1c149afbf4c8996fb92427ae41e4649b934ca495991b7852b855
tests/fixtures/stable_codegen.slim	878	0	13833	9063ed9f9fa5fccf9d43a13344e38d9abfc0f23a90eaee7dfb3ed614fe061db5	e3b0c44298fc1c149afbf4c8996fb92427ae41e4649b934ca495991b7852b855
tests/fixtures/stable_codegen.slim	879	0	13833	9063ed9f9fa5fccf9d43a13344e38d9abfc0f23a90eaee7dfb3ed614fe061db5	e3b0c44298fc1c149afbf4c8996fb92427ae41e4649b934ca495991b7852b855
tests/fixtures/stable_codegen.slim	880	0	13833	9063ed9f9fa5fccf9d43a13344e38d9abfc0f23a90eaee7dfb3ed614fe061db5	e3b0c44298fc1c149afbf4c8996fb92427ae41e4649b934ca495991b7852b855
tests/fixtures/stable_codegen.slim	881	0	13833	9063ed9f9fa5fccf9d43a13344e38d9abfc0f23a90eaee7dfb3ed614fe061db5	e3b0c44298fc1c149afbf4c8996fb92427ae41e4649b934ca495991b7852b855
tests/fixtures/stable_codegen.slim	882	0	13833	9063ed9f9fa5fccf9d43a13344e38d9abfc0f23a90eaee7dfb3ed614fe061db5	e3b0c44298fc1c149afbf4c8996fb92427ae41e4649b934ca495991b7852b855
tests/fixtures/stable_codegen.slim	883	0	13833	9063ed9f9fa5fccf9d43a13344e38d9abfc0f23a90eaee7dfb3ed614fe061db5	e3b0c44298fc1c149afbf4c8996fb92427ae41e4649b934ca495991b7852b855
tests/fixtures/stable_codegen.slim	884	0	13833	9063ed9f9fa5fccf9d43a13344e38d9abfc0f23a90eaee7dfb3ed614fe061db5	e3b0c44298fc1c149afbf4c8996fb92427ae41e4649b934ca495991b7852b855
tests/fixtures/stable_codegen.slim	885	0	13833	9063ed9f9fa5fccf9d43a13344e38d9abfc0f23a90eaee7dfb3ed614fe061db5	e3b0c44298fc1c149afbf4c8996fb92427ae41e4649b934ca495991b7852b855
tests/fixtures/stable_codegen.slim	886	0	13833	9063ed9f9fa5fccf9d43a13344e38d9abfc0f23a90eaee7dfb3ed614fe061db5	e3b0c44298fc1c149afbf4c8996fb92427ae41e4649b934ca495991b7852b855
tests/fixtures/stable_codegen.slim	887	0	13833	9063ed9f9fa5fccf9d43a13344e38d9abfc0f23a90eaee7dfb3ed614fe061db5	e3b0c44298fc1c149afbf4c8996fb92427ae41e4649b934ca495991b7852b855
tests/fixtures/stable_codegen.slim	888	0	13833	9063ed9f9fa5fccf9d43a13344e38d9abfc0f23a90eaee7dfb3ed614fe061db5	e3b0c44298fc1c149afbf4c8996fb92427ae41e4649b934ca495991b7852b855
tests/fixtures/stable_codegen.slim	889	0	13833	9063ed9f9fa5fccf9d43a13344e38d9abfc0f23a90eaee7dfb3ed614fe061db5	e3b0c44298fc1c149afbf4c8996fb92427ae41e4649b934ca495991b7852b855
tests/fixtures/stable_codegen.slim	890	0	13833	9063ed9f9fa5fccf9d43a13344e38d9abfc0f23a90eaee7dfb3ed614fe061db5	e3b0c44298fc1c149afbf4c8996fb92427ae41e4649b934ca495991b7852b855
tests/fixtures/stable_codegen.slim	891	0	13833	9063ed9f9fa5fccf9d43a13344e38d9abfc0f23a90eaee7dfb3ed614fe061db5	e3b0c44298fc1c149afbf4c8996fb92427ae41e4649b934ca495991b7852b855
tests/fixtures/stable_codegen.slim	892	0	13833	9063ed9f9fa5fccf9d43a13344e38d9abfc0f23a90eaee7dfb3ed614fe061db5	e3b0c44298fc1c149afbf4c8996fb92427ae41e4649b934ca495991b7852b855
tests/fixtures/stable_codegen.slim	893	0	13833	9063ed9f9fa5fccf9d43a13344e38d9abfc0f23a90eaee7dfb3ed614fe061db5	e3b0c44298fc1c149afbf4c8996fb92427ae41e4649b934ca495991b7852b855
tests/fixtures/stable_codegen.slim	894	0	13833	9063ed9f9fa5fccf9d43a13344e38d9abfc0f23a90eaee7dfb3ed614fe061db5	e3b0c44298fc1c149afbf4c8996fb92427ae41e4649b934ca495991b7852b855
tests/fixtures/stable_codegen.slim	895	0	13833	9063ed9f9fa5fccf9d43a13344e38d9abfc0f23a90eaee7dfb3ed614fe061db5	e3b0c44298fc1c149afbf4c8996fb92427ae41e4649b934ca495991b7852b855
tests/fixtures/stable_codegen.slim	896	0	13833	9063ed9f9fa5fccf9d43a13344e38d9abfc0f23a90eaee7dfb3ed614fe061db5	e3b0c44298fc1c149afbf4c8996fb92427ae41e4649b934ca495991b7852b855
tests/fixtures/stable_codegen.slim	897	0	13833	9063ed9f9fa5fccf9d43a13344e38d9abfc0f23a90eaee7dfb3ed614fe061db5	e3b0c44298fc1c149afbf4c8996fb92427ae41e4649b934ca495991b7852b855
tests/fixtures/stable_codegen.slim	898	0	13833	9063ed9f9fa5fccf9d43a13344e38d9abfc0f23a90eaee7dfb3ed614fe061db5	e3b0c44298fc1c149afbf4c8996fb92427ae41e4649b934ca495991b7852b855
tests/fixtures/stable_codegen.slim	899	0	13833	9063ed9f9fa5fccf9d43a13344e38d9abfc0f23a90eaee7dfb3ed614fe061db5	e3b0c44298fc1c149afbf4c8996fb92427ae41e4649b934ca495991b7852b855
tests/fixtures/stable_codegen.slim	900	0	13833	9063ed9f9fa5fccf9d43a13344e38d9abfc0f23a90eaee7dfb3ed614fe061db5	e3b0c44298fc1c149afbf4c8996fb92427ae41e4649b934ca495991b7852b855
tests/fixtures/stable_codegen.slim	901	0	13833	9063ed9f9fa5fccf9d43a13344e38d9abfc0f23a90eaee7dfb3ed614fe061db5	e3b0c44298fc1c149afbf4c8996fb92427ae41e4649b934ca495991b7852b855
tests/fixtures/stable_codegen.slim	902	0	13833	9063ed9f9fa5fccf9d43a13344e38d9abfc0f23a90eaee7dfb3ed614fe061db5	e3b0c44298fc1c149afbf4c8996fb92427ae41e4649b934ca495991b7852b855
tests/fixtures/stable_codegen.slim	903	0	13833	9063ed9f9fa5fccf9d43a13344e38d9abfc0f23a90eaee7dfb3ed614fe061db5	e3b0c44298fc1c149afbf4c8996fb92427ae41e4649b934ca495991b7852b855
tests/fixtures/stable_codegen.slim	904	0	13833	9063ed9f9fa5fccf9d43a13344e38d9abfc0f23a90eaee7dfb3ed614fe061db5	e3b0c44298fc1c149afbf4c8996fb92427ae41e4649b934ca495991b7852b855
tests/fixtures/stable_codegen.slim	905	0	13833	9063ed9f9fa5fccf9d43a13344e38d9abfc0f23a90eaee7dfb3ed614fe061db5	e3b0c44298fc1c149afbf4c8996fb92427ae41e4649b934ca495991b7852b855
tests/fixtures/stable_codegen.slim	906	0	13833	9063ed9f9fa5fccf9d43a13344e38d9abfc0f23a90eaee7dfb3ed614fe061db5	e3b0c44298fc1c149afbf4c8996fb92427ae41e4649b934ca495991b7852b855
tests/fixtures/stable_codegen.slim	907	0	13833	9063ed9f9fa5fccf9d43a13344e38d9abfc0f23a90eaee7dfb3ed614fe061db5	e3b0c44298fc1c149afbf4c8996fb92427ae41e4649b934ca495991b7852b855
tests/fixtures/stable_codegen.slim	908	0	13833	9063ed9f9fa5fccf9d43a13344e38d9abfc0f23a90eaee7dfb3ed614fe061db5	e3b0c44298fc1c149afbf4c8996fb92427ae41e4649b934ca495991b7852b855
tests/fixtures/stable_codegen.slim	909	0	13833	9063ed9f9fa5fccf9d43a13344e38d9abfc0f23a90eaee7dfb3ed614fe061db5	e3b0c44298fc1c149afbf4c8996fb92427ae41e4649b934ca495991b7852b855
tests/fixtures/stable_codegen.slim	910	0	13833	9063ed9f9fa5fccf9d43a13344e38d9abfc0f23a90eaee7dfb3ed614fe061db5	e3b0c44298fc1c149afbf4c8996fb92427ae41e4649b934ca495991b7852b855
tests/fixtures/stable_codegen.slim	911	0	13833	9063ed9f9fa5fccf9d43a13344e38d9abfc0f23a90eaee7dfb3ed614fe061db5	e3b0c44298fc1c149afbf4c8996fb92427ae41e4649b934ca495991b7852b855
tests/fixtures/stable_codegen.slim	912	0	13833	9063ed9f9fa5fccf9d43a13344e38d9abfc0f23a90eaee7dfb3ed614fe061db5	e3b0c44298fc1c149afbf4c8996fb92427ae41e4649b934ca495991b7852b855
tests/fixtures/stable_codegen.slim	913	0	13833	9063ed9f9fa5fccf9d43a13344e38d9abfc0f23a90eaee7dfb3ed614fe061db5	e3b0c44298fc1c149afbf4c8996fb92427ae41e4649b934ca495991b7852b855
tests/fixtures/stable_codegen.slim	914	0	13833	9063ed9f9fa5fccf9d43a13344e38d9abfc0f23a90eaee7dfb3ed614fe061db5	e3b0c44298fc1c149afbf4c8996fb92427ae41e4649b934ca495991b7852b855
tests/fixtures/stable_codegen.slim	915	0	13833	9063ed9f9fa5fccf9d43a13344e38d9abfc0f23a90eaee7dfb3ed614fe061db5	e3b0c44298fc1c149afbf4c8996fb92427ae41e4649b934ca495991b7852b855
tests/fixtures/stable_codegen.slim	916	0	13833	9063ed9f9fa5fccf9d43a13344e38d9abfc0f23a90eaee7dfb3ed614fe061db5	e3b0c44298fc1c149afbf4c8996fb92427ae41e4649b934ca495991b7852b855
tests/fixtures/stable_codegen.slim	917	0	13833	9063ed9f9fa5fccf9d43a13344e38d9abfc0f23a90eaee7dfb3ed614fe061db5	e3b0c44298fc1c149afbf4c8996fb92427ae41e4649b934ca495991b7852b855
tests/fixtures/stable_codegen.slim	918	0	13833	9063ed9f9fa5fccf9d43a13344e38d9abfc0f23a90eaee7dfb3ed614fe061db5	e3b0c44298fc1c149afbf4c8996fb92427ae41e4649b934ca495991b7852b855
tests/fixtures/stable_codegen.slim	919	0	13833	9063ed9f9fa5fccf9d43a13344e38d9abfc0f23a90eaee7dfb3ed614fe061db5	e3b0c44298fc1c149afbf4c8996fb92427ae41e4649b934ca495991b7852b855
tests/fixtures/stable_codegen.slim	920	0	13833	9063ed9f9fa5fccf9d43a13344e38d9abfc0f23a90eaee7dfb3ed614fe061db5	e3b0c44298fc1c149afbf4c8996fb92427ae41e4649b934ca495991b7852b855
tests/fixtures/stable_codegen.slim	921	0	13833	9063ed9f9fa5fccf9d43a13344e38d9abfc0f23a90eaee7dfb3ed614fe061db5	e3b0c44298fc1c149afbf4c8996fb92427ae41e4649b934ca495991b7852b855
tests/fixtures/stable_codegen.slim	922	0	13833	9063ed9f9fa5fccf9d43a13344e38d9abfc0f23a90eaee7dfb3ed614fe061db5	e3b0c44298fc1c149afbf4c8996fb92427ae41e4649b934ca495991b7852b855
tests/fixtures/stable_codegen.slim	923	0	13833	9063ed9f9fa5fccf9d43a13344e38d9abfc0f23a90eaee7dfb3ed614fe061db5	e3b0c44298fc1c149afbf4c8996fb92427ae41e4649b934ca495991b7852b855
tests/fixtures/stable_codegen.slim	924	0	13833	9063ed9f9fa5fccf9d43a13344e38d9abfc0f23a90eaee7dfb3ed614fe061db5	e3b0c44298fc1c149afbf4c8996fb92427ae41e4649b934ca495991b7852b855
tests/fixtures/stable_codegen.slim	925	0	13833	9063ed9f9fa5fccf9d43a13344e38d9abfc0f23a90eaee7dfb3ed614fe061db5	e3b0c44298fc1c149afbf4c8996fb92427ae41e4649b934ca495991b7852b855
tests/fixtures/stable_codegen.slim	926	0	13833	9063ed9f9fa5fccf9d43a13344e38d9abfc0f23a90eaee7dfb3ed614fe061db5	e3b0c44298fc1c149afbf4c8996fb92427ae41e4649b934ca495991b7852b855
tests/fixtures/stable_codegen.slim	927	0	13833	9063ed9f9fa5fccf9d43a13344e38d9abfc0f23a90eaee7dfb3ed614fe061db5	e3b0c44298fc1c149afbf4c8996fb92427ae41e4649b934ca495991b7852b855
tests/fixtures/stable_codegen.slim	928	0	13833	9063ed9f9fa5fccf9d43a13344e38d9abfc0f23a90eaee7dfb3ed614fe061db5	e3b0c44298fc1c149afbf4c8996fb92427ae41e4649b934ca495991b7852b855
tests/fixtures/stable_codegen.slim	929	0	13833	9063ed9f9fa5fccf9d43a13344e38d9abfc0f23a90eaee7dfb3ed614fe061db5	e3b0c44298fc1c149afbf4c8996fb92427ae41e4649b934ca495991b7852b855
tests/fixtures/stable_codegen.slim	930	0	13833	9063ed9f9fa5fccf9d43a13344e38d9abfc0f23a90eaee7dfb3ed614fe061db5	e3b0c44298fc1c149afbf4c8996fb92427ae41e4649b934ca495991b7852b855
tests/fixtures/stable_codegen.slim	931	0	13833	9063ed9f9fa5fccf9d43a13344e38d9abfc0f23a90eaee7dfb3ed614fe061db5	e3b0c44298fc1c149afbf4c8996fb92427ae41e4649b934ca495991b7852b855
tests/fixtures/stable_codegen.slim	932	0	13833	9063ed9f9fa5fccf9d43a13344e38d9abfc0f23a90eaee7dfb3ed614fe061db5	e3b0c44298fc1c149afbf4c8996fb92427ae41e4649b934ca495991b7852b855
tests/fixtures/stable_codegen.slim	933	0	13833	9063ed9f9fa5fccf9d43a13344e38d9abfc0f23a90eaee7dfb3ed614fe061db5	e3b0c44298fc1c149afbf4c8996fb92427ae41e4649b934ca495991b7852b855
tests/fixtures/stable_codegen.slim	934	0	13833	9063ed9f9fa5fccf9d43a13344e38d9abfc0f23a90eaee7dfb3ed614fe061db5	e3b0c44298fc1c149afbf4c8996fb92427ae41e4649b934ca495991b7852b855
tests/fixtures/stable_codegen.slim	935	0	13833	9063ed9f9fa5fccf9d43a13344e38d9abfc0f23a90eaee7dfb3ed614fe061db5	e3b0c44298fc1c149afbf4c8996fb92427ae41e4649b934ca495991b7852b855
tests/fixtures/stable_codegen.slim	936	0	13833	9063ed9f9fa5fccf9d43a13344e38d9abfc0f23a90eaee7dfb3ed614fe061db5	e3b0c44298fc1c149afbf4c8996fb92427ae41e4649b934ca495991b7852b855
tests/fixtures/stable_codegen.slim	937	0	13833	9063ed9f9fa5fccf9d43a13344e38d9abfc0f23a90eaee7dfb3ed614fe061db5	e3b0c44298fc1c149afbf4c8996fb92427ae41e4649b934ca495991b7852b855
tests/fixtures/stable_codegen.slim	938	0	13833	9063ed9f9fa5fccf9d43a13344e38d9abfc0f23a90eaee7dfb3ed614fe061db5	e3b0c44298fc1c149afbf4c8996fb92427ae41e4649b934ca495991b7852b855
tests/fixtures/stable_codegen.slim	939	0	13833	9063ed9f9fa5fccf9d43a13344e38d9abfc0f23a90eaee7dfb3ed614fe061db5	e3b0c44298fc1c149afbf4c8996fb92427ae41e4649b934ca495991b7852b855
tests/fixtures/stable_codegen.slim	940	0	13833	9063ed9f9fa5fccf9d43a13344e38d9abfc0f23a90eaee7dfb3ed614fe061db5	e3b0c44298fc1c149afbf4c8996fb92427ae41e4649b934ca495991b7852b855
tests/fixtures/stable_codegen.slim	941	0	13833	9063ed9f9fa5fccf9d43a13344e38d9abfc0f23a90eaee7dfb3ed614fe061db5	e3b0c44298fc1c149afbf4c8996fb92427ae41e4649b934ca495991b7852b855
tests/fixtures/stable_codegen.slim	942	0	13833	9063ed9f9fa5fccf9d43a13344e38d9abfc0f23a90eaee7dfb3ed614fe061db5	e3b0c44298fc1c149afbf4c8996fb92427ae41e4649b934ca495991b7852b855
tests/fixtures/stable_codegen.slim	943	0	13833	9063ed9f9fa5fccf9d43a13344e38d9abfc0f23a90eaee7dfb3ed614fe061db5	e3b0c44298fc1c149afbf4c8996fb92427ae41e4649b934ca495991b7852b855
tests/fixtures/stable_codegen.slim	944	0	13833	9063ed9f9fa5fccf9d43a13344e38d9abfc0f23a90eaee7dfb3ed614fe061db5	e3b0c44298fc1c149afbf4c8996fb92427ae41e4649b934ca495991b7852b855
tests/fixtures/stable_codegen.slim	945	0	13833	9063ed9f9fa5fccf9d43a13344e38d9abfc0f23a90eaee7dfb3ed614fe061db5	e3b0c44298fc1c149afbf4c8996fb92427ae41e4649b934ca495991b7852b855
tests/fixtures/stable_codegen.slim	946	0	13833	9063ed9f9fa5fccf9d43a13344e38d9abfc0f23a90eaee7dfb3ed614fe061db5	e3b0c44298fc1c149afbf4c8996fb92427ae41e4649b934ca495991b7852b855
tests/fixtures/stable_codegen.slim	947	0	13833	9063ed9f9fa5fccf9d43a13344e38d9abfc0f23a90eaee7dfb3ed614fe061db5	e3b0c44298fc1c149afbf4c8996fb92427ae41e4649b934ca495991b7852b855
tests/fixtures/stable_codegen.slim	948	0	13833	9063ed9f9fa5fccf9d43a13344e38d9abfc0f23a90eaee7dfb3ed614fe061db5	e3b0c44298fc1c149afbf4c8996fb92427ae41e4649b934ca495991b7852b855
tests/fixtures/stable_codegen.slim	949	0	13833	9063ed9f9fa5fccf9d43a13344e38d9abfc0f23a90eaee7dfb3ed614fe061db5	e3b0c44298fc1c149afbf4c8996fb92427ae41e4649b934ca495991b7852b855
tests/fixtures/stable_codegen.slim	950	0	13833	9063ed9f9fa5fccf9d43a13344e38d9abfc0f23a90eaee7dfb3ed614fe061db5	e3b0c44298fc1c149afbf4c8996fb92427ae41e4649b934ca495991b7852b855
tests/fixtures/stable_codegen.slim	951	0	13833	9063ed9f9fa5fccf9d43a13344e38d9abfc0f23a90eaee7dfb3ed614fe061db5	e3b0c44298fc1c149afbf4c8996fb92427ae41e4649b934ca495991b7852b855
tests/fixtures/stable_codegen.slim	952	0	13833	9063ed9f9fa5fccf9d43a13344e38d9abfc0f23a90eaee7dfb3ed614fe061db5	e3b0c44298fc1c149afbf4c8996fb92427ae41e4649b934ca495991b7852b855
tests/fixtures/stable_codegen.slim	953	0	13833	9063ed9f9fa5fccf9d43a13344e38d9abfc0f23a90eaee7dfb3ed614fe061db5	e3b0c44298fc1c149afbf4c8996fb92427ae41e4649b934ca495991b7852b855
tests/fixtures/stable_codegen.slim	954	0	13833	9063ed9f9fa5fccf9d43a13344e38d9abfc0f23a90eaee7dfb3ed614fe061db5	e3b0c44298fc1c149afbf4c8996fb92427ae41e4649b934ca495991b7852b855
tests/fixtures/stable_codegen.slim	955	0	13833	9063ed9f9fa5fccf9d43a13344e38d9abfc0f23a90eaee7dfb3ed614fe061db5	e3b0c44298fc1c149afbf4c8996fb92427ae41e4649b934ca495991b7852b855
tests/fixtures/stable_codegen.slim	956	0	13833	9063ed9f9fa5fccf9d43a13344e38d9abfc0f23a90eaee7dfb3ed614fe061db5	e3b0c44298fc1c149afbf4c8996fb92427ae41e4649b934ca495991b7852b855
tests/fixtures/stable_codegen.slim	957	0	13833	9063ed9f9fa5fccf9d43a13344e38d9abfc0f23a90eaee7dfb3ed614fe061db5	e3b0c44298fc1c149afbf4c8996fb92427ae41e4649b934ca495991b7852b855
tests/fixtures/stable_codegen.slim	958	0	13833	9063ed9f9fa5fccf9d43a13344e38d9abfc0f23a90eaee7dfb3ed614fe061db5	e3b0c44298fc1c149afbf4c8996fb92427ae41e4649b934ca495991b7852b855
tests/fixtures/stable_codegen.slim	959	0	13833	9063ed9f9fa5fccf9d43a13344e38d9abfc0f23a90eaee7dfb3ed614fe061db5	e3b0c44298fc1c149afbf4c8996fb92427ae41e4649b934ca495991b7852b855
tests/fixtures/stable_codegen.slim	960	0	13833	9063ed9f9fa5fccf9d43a13344e38d9abfc0f23a90eaee7dfb3ed614fe061db5	e3b0c44298fc1c149afbf4c8996fb92427ae41e4649b934ca495991b7852b855
tests/fixtures/stable_codegen.slim	961	0	13833	9063ed9f9fa5fccf9d43a13344e38d9abfc0f23a90eaee7dfb3ed614fe061db5	e3b0c44298fc1c149afbf4c8996fb92427ae41e4649b934ca495991b7852b855
tests/fixtures/stable_codegen.slim	962	0	13833	9063ed9f9fa5fccf9d43a13344e38d9abfc0f23a90eaee7dfb3ed614fe061db5	e3b0c44298fc1c149afbf4c8996fb92427ae41e4649b934ca495991b7852b855
tests/fixtures/stable_codegen.slim	963	0	13833	9063ed9f9fa5fccf9d43a13344e38d9abfc0f23a90eaee7dfb3ed614fe061db5	e3b0c44298fc1c149afbf4c8996fb92427ae41e4649b934ca495991b7852b855
tests/fixtures/stable_codegen.slim	964	0	13833	9063ed9f9fa5fccf9d43a13344e38d9abfc0f23a90eaee7dfb3ed614fe061db5	e3b0c44298fc1c149afbf4c8996fb92427ae41e4649b934ca495991b7852b855
tests/fixtures/stable_codegen.slim	965	0	13833	9063ed9f9fa5fccf9d43a13344e38d9abfc0f23a90eaee7dfb3ed614fe061db5	e3b0c44298fc1c149afbf4c8996fb92427ae41e4649b934ca495991b7852b855
tests/fixtures/stable_codegen.slim	966	0	13833	9063ed9f9fa5fccf9d43a13344e38d9abfc0f23a90eaee7dfb3ed614fe061db5	e3b0c44298fc1c149afbf4c8996fb92427ae41e4649b934ca495991b7852b855
tests/fixtures/stable_codegen.slim	967	0	13833	9063ed9f9fa5fccf9d43a13344e38d9abfc0f23a90eaee7dfb3ed614fe061db5	e3b0c44298fc1c149afbf4c8996fb92427ae41e4649b934ca495991b7852b855
tests/fixtures/stable_codegen.slim	968	0	13833	9063ed9f9fa5fccf9d43a13344e38d9abfc0f23a90eaee7dfb3ed614fe061db5	e3b0c44298fc1c149afbf4c8996fb92427ae41e4649b934ca495991b7852b855
tests/fixtures/stable_codegen.slim	969	0	13833	9063ed9f9fa5fccf9d43a13344e38d9abfc0f23a90eaee7dfb3ed614fe061db5	e3b0c44298fc1c149afbf4c8996fb92427ae41e4649b934ca495991b7852b855
tests/fixtures/stable_codegen.slim	970	0	13833	9063ed9f9fa5fccf9d43a13344e38d9abfc0f23a90eaee7dfb3ed614fe061db5	e3b0c44298fc1c149afbf4c8996fb92427ae41e4649b934ca495991b7852b855
tests/fixtures/stable_codegen.slim	971	0	13833	9063ed9f9fa5fccf9d43a13344e38d9abfc0f23a90eaee7dfb3ed614fe061db5	e3b0c44298fc1c149afbf4c8996fb92427ae41e4649b934ca495991b7852b855
tests/fixtures/stable_codegen.slim	972	0	13833	9063ed9f9fa5fccf9d43a13344e38d9abfc0f23a90eaee7dfb3ed614fe061db5	e3b0c44298fc1c149afbf4c8996fb92427ae41e4649b934ca495991b7852b855
tests/fixtures/stable_codegen.slim	973	0	13833	9063ed9f9fa5fccf9d43a13344e38d9abfc0f23a90eaee7dfb3ed614fe061db5	e3b0c44298fc1c149afbf4c8996fb92427ae41e4649b934ca495991b7852b855
tests/fixtures/stable_codegen.slim	974	0	13833	9063ed9f9fa5fccf9d43a13344e38d9abfc0f23a90eaee7dfb3ed614fe061db5	e3b0c44298fc1c149afbf4c8996fb92427ae41e4649b934ca495991b7852b855
tests/fixtures/stable_codegen.slim	975	0	13833	9063ed9f9fa5fccf9d43a13344e38d9abfc0f23a90eaee7dfb3ed614fe061db5	e3b0c44298fc1c149afbf4c8996fb92427ae41e4649b934ca495991b7852b855
tests/fixtures/stable_codegen.slim	976	0	13833	9063ed9f9fa5fccf9d43a13344e38d9abfc0f23a90eaee7dfb3ed614fe061db5	e3b0c44298fc1c149afbf4c8996fb92427ae41e4649b934ca495991b7852b855
tests/fixtures/stable_codegen.slim	977	0	13833	9063ed9f9fa5fccf9d43a13344e38d9abfc0f23a90eaee7dfb3ed614fe061db5	e3b0c44298fc1c149afbf4c8996fb92427ae41e4649b934ca495991b7852b855
tests/fixtures/stable_codegen.slim	978	0	13833	9063ed9f9fa5fccf9d43a13344e38d9abfc0f23a90eaee7dfb3ed614fe061db5	e3b0c44298fc1c149afbf4c8996fb92427ae41e4649b934ca495991b7852b855
tests/fixtures/stable_codegen.slim	979	0	13833	9063ed9f9fa5fccf9d43a13344e38d9abfc0f23a90eaee7dfb3ed614fe061db5	e3b0c44298fc1c149afbf4c8996fb92427ae41e4649b934ca495991b7852b855
tests/fixtures/stable_codegen.slim	980	0	13833	9063ed9f9fa5fccf9d43a13344e38d9abfc0f23a90eaee7dfb3ed614fe061db5	e3b0c44298fc1c149afbf4c8996fb92427ae41e4649b934ca495991b7852b855
tests/fixtures/stable_codegen.slim	981	0	13833	9063ed9f9fa5fccf9d43a13344e38d9abfc0f23a90eaee7dfb3ed614fe061db5	e3b0c44298fc1c149afbf4c8996fb92427ae41e4649b934ca495991b7852b855
tests/fixtures/stable_codegen.slim	982	0	13833	9063ed9f9fa5fccf9d43a13344e38d9abfc0f23a90eaee7dfb3ed614fe061db5	e3b0c44298fc1c149afbf4c8996fb92427ae41e4649b934ca495991b7852b855
tests/fixtures/stable_codegen.slim	983	0	13833	9063ed9f9fa5fccf9d43a13344e38d9abfc0f23a90eaee7dfb3ed614fe061db5	e3b0c44298fc1c149afbf4c8996fb92427ae41e4649b934ca495991b7852b855
tests/fixtures/stable_codegen.slim	984	0	13833	9063ed9f9fa5fccf9d43a13344e38d9abfc0f23a90eaee7dfb3ed614fe061db5	e3b0c44298fc1c149afbf4c8996fb92427ae41e4649b934ca495991b7852b855
tests/fixtures/stable_codegen.slim	985	0	13833	9063ed9f9fa5fccf9d43a13344e38d9abfc0f23a90eaee7dfb3ed614fe061db5	e3b0c44298fc1c149afbf4c8996fb92427ae41e4649b934ca495991b7852b855
tests/fixtures/stable_codegen.slim	986	0	13833	9063ed9f9fa5fccf9d43a13344e38d9abfc0f23a90eaee7dfb3ed614fe061db5	e3b0c44298fc1c149afbf4c8996fb92427ae41e4649b934ca495991b7852b855
tests/fixtures/stable_codegen.slim	987	0	13833	9063ed9f9fa5fccf9d43a13344e38d9abfc0f23a90eaee7dfb3ed614fe061db5	e3b0c44298fc1c149afbf4c8996fb92427ae41e4649b934ca495991b7852b855
tests/fixtures/stable_codegen.slim	988	0	13833	9063ed9f9fa5fccf9d43a13344e38d9abfc0f23a90eaee7dfb3ed614fe061db5	e3b0c44298fc1c149afbf4c8996fb92427ae41e4649b934ca495991b7852b855
tests/fixtures/stable_codegen.slim	989	0	13833	9063ed9f9fa5fccf9d43a13344e38d9abfc0f23a90eaee7dfb3ed614fe061db5	e3b0c44298fc1c149afbf4c8996fb92427ae41e4649b934ca495991b7852b855
tests/fixtures/stable_codegen.slim	990	0	13833	9063ed9f9fa5fccf9d43a13344e38d9abfc0f23a90eaee7dfb3ed614fe061db5	e3b0c44298fc1c149afbf4c8996fb92427ae41e4649b934ca495991b7852b855
tests/fixtures/stable_codegen.slim	991	0	13833	9063ed9f9fa5fccf9d43a13344e38d9abfc0f23a90eaee7dfb3ed614fe061db5	e3b0c44298fc1c149afbf4c8996fb92427ae41e4649b934ca495991b7852b855
tests/fixtures/stable_codegen.slim	992	0	13833	9063ed9f9fa5fccf9d43a13344e38d9abfc0f23a90eaee7dfb3ed614fe061db5	e3b0c44298fc1c149afbf4c8996fb92427ae41e4649b934ca495991b7852b855
tests/fixtures/stable_codegen.slim	993	0	13833	9063ed9f9fa5fccf9d43a13344e38d9abfc0f23a90eaee7dfb3ed614fe061db5	e3b0c44298fc1c149afbf4c8996fb92427ae41e4649b934ca495991b7852b855
tests/fixtures/stable_codegen.slim	994	0	13833	9063ed9f9fa5fccf9d43a13344e38d9abfc0f23a90eaee7dfb3ed614fe061db5	e3b0c44298fc1c149afbf4c8996fb92427ae41e4649b934ca495991b7852b855
tests/fixtures/stable_codegen.slim	995	0	13833	9063ed9f9fa5fccf9d43a13344e38d9abfc0f23a90eaee7dfb3ed614fe061db5	e3b0c44298fc1c149afbf4c8996fb92427ae41e4649b934ca495991b7852b855
tests/fixtures/stable_codegen.slim	996	0	13833	9063ed9f9fa5fccf9d43a13344e38d9abfc0f23a90eaee7dfb3ed614fe061db5	e3b0c44298fc1c149afbf4c8996fb92427ae41e4649b934ca495991b7852b855
tests/fixtures/stable_codegen.slim	997	0	13833	9063ed9f9fa5fccf9d43a13344e38d9abfc0f23a90eaee7dfb3ed614fe061db5	e3b0c44298fc1c149afbf4c8996fb92427ae41e4649b934ca495991b7852b855
tests/fixtures/stable_codegen.slim	998	0	13833	9063ed9f9fa5fccf9d43a13344e38d9abfc0f23a90eaee7dfb3ed614fe061db5	e3b0c44298fc1c149afbf4c8996fb92427ae41e4649b934ca495991b7852b855
tests/fixtures/stable_codegen.slim	999	0	13833	9063ed9f9fa5fccf9d43a13344e38d9abfc0f23a90eaee7dfb3ed614fe061db5	e3b0c44298fc1c149afbf4c8996fb92427ae41e4649b934ca495991b7852b855
tests/fixtures/stable_codegen.slim	1000	0	13833	9063ed9f9fa5fccf9d43a13344e38d9abfc0f23a90eaee7dfb3ed614fe061db5	e3b0c44298fc1c149afbf4c8996fb92427ae41e4649b934ca495991b7852b855
tests/fixtures/stable_codegen.slim	1001	0	13833	9063ed9f9fa5fccf9d43a13344e38d9abfc0f23a90eaee7dfb3ed614fe061db5	e3b0c44298fc1c149afbf4c8996fb92427ae41e4649b934ca495991b7852b855
tests/fixtures/stable_codegen.slim	1002	0	13833	9063ed9f9fa5fccf9d43a13344e38d9abfc0f23a90eaee7dfb3ed614fe061db5	e3b0c44298fc1c149afbf4c8996fb92427ae41e4649b934ca495991b7852b855
tests/fixtures/stable_codegen.slim	1003	0	13833	9063ed9f9fa5fccf9d43a13344e38d9abfc0f23a90eaee7dfb3ed614fe061db5	e3b0c44298fc1c149afbf4c8996fb92427ae41e4649b934ca495991b7852b855
tests/fixtures/stable_codegen.slim	1004	0	13833	9063ed9f9fa5fccf9d43a13344e38d9abfc0f23a90eaee7dfb3ed614fe061db5	e3b0c44298fc1c149afbf4c8996fb92427ae41e4649b934ca495991b7852b855
tests/fixtures/stable_codegen.slim	1005	0	13833	9063ed9f9fa5fccf9d43a13344e38d9abfc0f23a90eaee7dfb3ed614fe061db5	e3b0c44298fc1c149afbf4c8996fb92427ae41e4649b934ca495991b7852b855
tests/fixtures/stable_codegen.slim	1006	0	13833	9063ed9f9fa5fccf9d43a13344e38d9abfc0f23a90eaee7dfb3ed614fe061db5	e3b0c44298fc1c149afbf4c8996fb92427ae41e4649b934ca495991b7852b855
tests/fixtures/stable_codegen.slim	1007	0	13833	9063ed9f9fa5fccf9d43a13344e38d9abfc0f23a90eaee7dfb3ed614fe061db5	e3b0c44298fc1c149afbf4c8996fb92427ae41e4649b934ca495991b7852b855
tests/fixtures/stable_codegen.slim	1008	0	13833	9063ed9f9fa5fccf9d43a13344e38d9abfc0f23a90eaee7dfb3ed614fe061db5	e3b0c44298fc1c149afbf4c8996fb92427ae41e4649b934ca495991b7852b855
tests/fixtures/stable_codegen.slim	1009	0	13833	9063ed9f9fa5fccf9d43a13344e38d9abfc0f23a90eaee7dfb3ed614fe061db5	e3b0c44298fc1c149afbf4c8996fb92427ae41e4649b934ca495991b7852b855
tests/fixtures/stable_codegen.slim	1010	0	13833	9063ed9f9fa5fccf9d43a13344e38d9abfc0f23a90eaee7dfb3ed614fe061db5	e3b0c44298fc1c149afbf4c8996fb92427ae41e4649b934ca495991b7852b855
tests/fixtures/stable_codegen.slim	1011	0	13833	9063ed9f9fa5fccf9d43a13344e38d9abfc0f23a90eaee7dfb3ed614fe061db5	e3b0c44298fc1c149afbf4c8996fb92427ae41e4649b934ca495991b7852b855
tests/fixtures/stable_codegen.slim	1012	0	13833	9063ed9f9fa5fccf9d43a13344e38d9abfc0f23a90eaee7dfb3ed614fe061db5	e3b0c44298fc1c149afbf4c8996fb92427ae41e4649b934ca495991b7852b855
tests/fixtures/stable_codegen.slim	1013	0	13833	9063ed9f9fa5fccf9d43a13344e38d9abfc0f23a90eaee7dfb3ed614fe061db5	e3b0c44298fc1c149afbf4c8996fb92427ae41e4649b934ca495991b7852b855
tests/fixtures/stable_codegen.slim	1014	0	13833	9063ed9f9fa5fccf9d43a13344e38d9abfc0f23a90eaee7dfb3ed614fe061db5	e3b0c44298fc1c149afbf4c8996fb92427ae41e4649b934ca495991b7852b855
tests/fixtures/stable_codegen.slim	1015	0	13833	9063ed9f9fa5fccf9d43a13344e38d9abfc0f23a90eaee7dfb3ed614fe061db5	e3b0c44298fc1c149afbf4c8996fb92427ae41e4649b934ca495991b7852b855
tests/fixtures/stable_codegen.slim	1016	0	13833	9063ed9f9fa5fccf9d43a13344e38d9abfc0f23a90eaee7dfb3ed614fe061db5	e3b0c44298fc1c149afbf4c8996fb92427ae41e4649b934ca495991b7852b855
tests/fixtures/stable_codegen.slim	1017	0	13833	9063ed9f9fa5fccf9d43a13344e38d9abfc0f23a90eaee7dfb3ed614fe061db5	e3b0c44298fc1c149afbf4c8996fb92427ae41e4649b934ca495991b7852b855
tests/fixtures/stable_codegen.slim	1018	0	13833	9063ed9f9fa5fccf9d43a13344e38d9abfc0f23a90eaee7dfb3ed614fe061db5	e3b0c44298fc1c149afbf4c8996fb92427ae41e4649b934ca495991b7852b855
tests/fixtures/stable_codegen.slim	1019	0	13833	9063ed9f9fa5fccf9d43a13344e38d9abfc0f23a90eaee7dfb3ed614fe061db5	e3b0c44298fc1c149afbf4c8996fb92427ae41e4649b934ca495991b7852b855
tests/fixtures/stable_codegen.slim	1020	0	13833	9063ed9f9fa5fccf9d43a13344e38d9abfc0f23a90eaee7dfb3ed614fe061db5	e3b0c44298fc1c149afbf4c8996fb92427ae41e4649b934ca495991b7852b855
tests/fixtures/stable_codegen.slim	1021	0	13833	9063ed9f9fa5fccf9d43a13344e38d9abfc0f23a90eaee7dfb3ed614fe061db5	e3b0c44298fc1c149afbf4c8996fb92427ae41e4649b934ca495991b7852b855
tests/fixtures/stable_codegen.slim	1022	0	13833	9063ed9f9fa5fccf9d43a13344e38d9abfc0f23a90eaee7dfb3ed614fe061db5	e3b0c44298fc1c149afbf4c8996fb92427ae41e4649b934ca495991b7852b855
tests/fixtures/stable_codegen.slim	1023	0	13833	9063ed9f9fa5fccf9d43a13344e38d9abfc0f23a90eaee7dfb3ed614fe061db5	e3b0c44298fc1c149afbf4c8996fb92427ae41e4649b934ca495991b7852b855
tests/fixtures/stable_codegen.slim	1024	0	13833	9063ed9f9fa5fccf9d43a13344e38d9abfc0f23a90eaee7dfb3ed614fe061db5	e3b0c44298fc1c149afbf4c8996fb92427ae41e4649b934ca495991b7852b855
tests/fixtures/stable_codegen.slim	1025	0	13833	9063ed9f9fa5fccf9d43a13344e38d9abfc0f23a90eaee7dfb3ed614fe061db5	e3b0c44298fc1c149afbf4c8996fb92427ae41e4649b934ca495991b7852b855
tests/fixtures/stable_codegen.slim	1026	0	13833	9063ed9f9fa5fccf9d43a13344e38d9abfc0f23a90eaee7dfb3ed614fe061db5	e3b0c44298fc1c149afbf4c8996fb92427ae41e4649b934ca495991b7852b855
tests/fixtures/stable_codegen.slim	1027	0	13833	9063ed9f9fa5fccf9d43a13344e38d9abfc0f23a90eaee7dfb3ed614fe061db5	e3b0c44298fc1c149afbf4c8996fb92427ae41e4649b934ca495991b7852b855
tests/fixtures/stable_codegen.slim	1028	0	13833	9063ed9f9fa5fccf9d43a13344e38d9abfc0f23a90eaee7dfb3ed614fe061db5	e3b0c44298fc1c149afbf4c8996fb92427ae41e4649b934ca495991b7852b855
tests/fixtures/stable_codegen.slim	1029	0	13833	9063ed9f9fa5fccf9d43a13344e38d9abfc0f23a90eaee7dfb3ed614fe061db5	e3b0c44298fc1c149afbf4c8996fb92427ae41e4649b934ca495991b7852b855
tests/fixtures/stable_codegen.slim	1030	0	13833	9063ed9f9fa5fccf9d43a13344e38d9abfc0f23a90eaee7dfb3ed614fe061db5	e3b0c44298fc1c149afbf4c8996fb92427ae41e4649b934ca495991b7852b855
tests/fixtures/stable_codegen.slim	1031	0	13833	9063ed9f9fa5fccf9d43a13344e38d9abfc0f23a90eaee7dfb3ed614fe061db5	e3b0c44298fc1c149afbf4c8996fb92427ae41e4649b934ca495991b7852b855
tests/fixtures/stable_codegen.slim	1032	0	13833	9063ed9f9fa5fccf9d43a13344e38d9abfc0f23a90eaee7dfb3ed614fe061db5	e3b0c44298fc1c149afbf4c8996fb92427ae41e4649b934ca495991b7852b855
tests/fixtures/stable_codegen.slim	1033	0	13833	9063ed9f9fa5fccf9d43a13344e38d9abfc0f23a90eaee7dfb3ed614fe061db5	e3b0c44298fc1c149afbf4c8996fb92427ae41e4649b934ca495991b7852b855
tests/fixtures/stable_codegen.slim	1034	0	13833	9063ed9f9fa5fccf9d43a13344e38d9abfc0f23a90eaee7dfb3ed614fe061db5	e3b0c44298fc1c149afbf4c8996fb92427ae41e4649b934ca495991b7852b855
tests/fixtures/stable_codegen.slim	1035	0	13833	9063ed9f9fa5fccf9d43a13344e38d9abfc0f23a90eaee7dfb3ed614fe061db5	e3b0c44298fc1c149afbf4c8996fb92427ae41e4649b934ca495991b7852b855
tests/fixtures/stable_codegen.slim	1036	0	13833	9063ed9f9fa5fccf9d43a13344e38d9abfc0f23a90eaee7dfb3ed614fe061db5	e3b0c44298fc1c149afbf4c8996fb92427ae41e4649b934ca495991b7852b855
tests/fixtures/stable_codegen.slim	1037	0	13833	9063ed9f9fa5fccf9d43a13344e38d9abfc0f23a90eaee7dfb3ed614fe061db5	e3b0c44298fc1c149afbf4c8996fb92427ae41e4649b934ca495991b7852b855
tests/fixtures/stable_codegen.slim	1038	0	13833	9063ed9f9fa5fccf9d43a13344e38d9abfc0f23a90eaee7dfb3ed614fe061db5	e3b0c44298fc1c149afbf4c8996fb92427ae41e4649b934ca495991b7852b855
tests/fixtures/stable_codegen.slim	1039	0	13833	9063ed9f9fa5fccf9d43a13344e38d9abfc0f23a90eaee7dfb3ed614fe061db5	e3b0c44298fc1c149afbf4c8996fb92427ae41e4649b934ca495991b7852b855
tests/fixtures/stable_codegen.slim	1040	0	13833	9063ed9f9fa5fccf9d43a13344e38d9abfc0f23a90eaee7dfb3ed614fe061db5	e3b0c44298fc1c149afbf4c8996fb92427ae41e4649b934ca495991b7852b855
tests/fixtures/stable_codegen.slim	1041	0	13833	9063ed9f9fa5fccf9d43a13344e38d9abfc0f23a90eaee7dfb3ed614fe061db5	e3b0c44298fc1c149afbf4c8996fb92427ae41e4649b934ca495991b7852b855
tests/fixtures/stable_codegen.slim	1042	0	13833	9063ed9f9fa5fccf9d43a13344e38d9abfc0f23a90eaee7dfb3ed614fe061db5	e3b0c44298fc1c149afbf4c8996fb92427ae41e4649b934ca495991b7852b855
tests/fixtures/stable_codegen.slim	1043	0	13833	9063ed9f9fa5fccf9d43a13344e38d9abfc0f23a90eaee7dfb3ed614fe061db5	e3b0c44298fc1c149afbf4c8996fb92427ae41e4649b934ca495991b7852b855
tests/fixtures/stable_codegen.slim	1044	0	13833	9063ed9f9fa5fccf9d43a13344e38d9abfc0f23a90eaee7dfb3ed614fe061db5	e3b0c44298fc1c149afbf4c8996fb92427ae41e4649b934ca495991b7852b855
tests/fixtures/stable_codegen.slim	1045	0	13833	9063ed9f9fa5fccf9d43a13344e38d9abfc0f23a90eaee7dfb3ed614fe061db5	e3b0c44298fc1c149afbf4c8996fb92427ae41e4649b934ca495991b7852b855
tests/fixtures/stable_codegen.slim	1046	0	13833	9063ed9f9fa5fccf9d43a13344e38d9abfc0f23a90eaee7dfb3ed614fe061db5	e3b0c44298fc1c149afbf4c8996fb92427ae41e4649b934ca495991b7852b855
tests/fixtures/stable_codegen.slim	1047	0	13833	9063ed9f9fa5fccf9d43a13344e38d9abfc0f23a90eaee7dfb3ed614fe061db5	e3b0c44298fc1c149afbf4c8996fb92427ae41e4649b934ca495991b7852b855
tests/fixtures/stable_codegen.slim	1048	0	13833	9063ed9f9fa5fccf9d43a13344e38d9abfc0f23a90eaee7dfb3ed614fe061db5	e3b0c44298fc1c149afbf4c8996fb92427ae41e4649b934ca495991b7852b855
tests/fixtures/stable_codegen.slim	1049	0	13833	9063ed9f9fa5fccf9d43a13344e38d9abfc0f23a90eaee7dfb3ed614fe061db5	e3b0c44298fc1c149afbf4c8996fb92427ae41e4649b934ca495991b7852b855
tests/fixtures/stable_codegen.slim	1050	0	13833	9063ed9f9fa5fccf9d43a13344e38d9abfc0f23a90eaee7dfb3ed614fe061db5	e3b0c44298fc1c149afbf4c8996fb92427ae41e4649b934ca495991b7852b855
tests/fixtures/stable_codegen.slim	1051	0	13833	9063ed9f9fa5fccf9d43a13344e38d9abfc0f23a90eaee7dfb3ed614fe061db5	e3b0c44298fc1c149afbf4c8996fb92427ae41e4649b934ca495991b7852b855
tests/fixtures/stable_codegen.slim	1052	0	13833	9063ed9f9fa5fccf9d43a13344e38d9abfc0f23a90eaee7dfb3ed614fe061db5	e3b0c44298fc1c149afbf4c8996fb92427ae41e4649b934ca495991b7852b855
tests/fixtures/stable_codegen.slim	1053	0	13833	9063ed9f9fa5fccf9d43a13344e38d9abfc0f23a90eaee7dfb3ed614fe061db5	e3b0c44298fc1c149afbf4c8996fb92427ae41e4649b934ca495991b7852b855
tests/fixtures/stable_codegen.slim	1054	0	13833	9063ed9f9fa5fccf9d43a13344e38d9abfc0f23a90eaee7dfb3ed614fe061db5	e3b0c44298fc1c149afbf4c8996fb92427ae41e4649b934ca495991b7852b855
tests/fixtures/stable_codegen.slim	1055	0	13833	9063ed9f9fa5fccf9d43a13344e38d9abfc0f23a90eaee7dfb3ed614fe061db5	e3b0c44298fc1c149afbf4c8996fb92427ae41e4649b934ca495991b7852b855
tests/fixtures/stable_codegen.slim	1056	0	13833	9063ed9f9fa5fccf9d43a13344e38d9abfc0f23a90eaee7dfb3ed614fe061db5	e3b0c44298fc1c149afbf4c8996fb92427ae41e4649b934ca495991b7852b855
tests/fixtures/stable_codegen.slim	1057	0	13833	9063ed9f9fa5fccf9d43a13344e38d9abfc0f23a90eaee7dfb3ed614fe061db5	e3b0c44298fc1c149afbf4c8996fb92427ae41e4649b934ca495991b7852b855
tests/fixtures/stable_codegen.slim	1058	0	13833	9063ed9f9fa5fccf9d43a13344e38d9abfc0f23a90eaee7dfb3ed614fe061db5	e3b0c44298fc1c149afbf4c8996fb92427ae41e4649b934ca495991b7852b855
tests/fixtures/stable_codegen.slim	1059	0	13833	9063ed9f9fa5fccf9d43a13344e38d9abfc0f23a90eaee7dfb3ed614fe061db5	e3b0c44298fc1c149afbf4c8996fb92427ae41e4649b934ca495991b7852b855
tests/fixtures/stable_codegen.slim	1060	0	13833	9063ed9f9fa5fccf9d43a13344e38d9abfc0f23a90eaee7dfb3ed614fe061db5	e3b0c44298fc1c149afbf4c8996fb92427ae41e4649b934ca495991b7852b855
tests/fixtures/stable_codegen.slim	1061	0	13833	9063ed9f9fa5fccf9d43a13344e38d9abfc0f23a90eaee7dfb3ed614fe061db5	e3b0c44298fc1c149afbf4c8996fb92427ae41e4649b934ca495991b7852b855
tests/fixtures/stable_codegen.slim	1062	0	13833	9063ed9f9fa5fccf9d43a13344e38d9abfc0f23a90eaee7dfb3ed614fe061db5	e3b0c44298fc1c149afbf4c8996fb92427ae41e4649b934ca495991b7852b855
tests/fixtures/stable_codegen.slim	1063	0	13833	9063ed9f9fa5fccf9d43a13344e38d9abfc0f23a90eaee7dfb3ed614fe061db5	e3b0c44298fc1c149afbf4c8996fb92427ae41e4649b934ca495991b7852b855
tests/fixtures/stable_codegen.slim	1064	0	13833	9063ed9f9fa5fccf9d43a13344e38d9abfc0f23a90eaee7dfb3ed614fe061db5	e3b0c44298fc1c149afbf4c8996fb92427ae41e4649b934ca495991b7852b855
tests/fixtures/stable_codegen.slim	1065	0	13833	9063ed9f9fa5fccf9d43a13344e38d9abfc0f23a90eaee7dfb3ed614fe061db5	e3b0c44298fc1c149afbf4c8996fb92427ae41e4649b934ca495991b7852b855
tests/fixtures/stable_codegen.slim	1066	0	13833	9063ed9f9fa5fccf9d43a13344e38d9abfc0f23a90eaee7dfb3ed614fe061db5	e3b0c44298fc1c149afbf4c8996fb92427ae41e4649b934ca495991b7852b855
tests/fixtures/stable_codegen.slim	1067	0	13833	9063ed9f9fa5fccf9d43a13344e38d9abfc0f23a90eaee7dfb3ed614fe061db5	e3b0c44298fc1c149afbf4c8996fb92427ae41e4649b934ca495991b7852b855
tests/fixtures/stable_codegen.slim	1068	0	13833	9063ed9f9fa5fccf9d43a13344e38d9abfc0f23a90eaee7dfb3ed614fe061db5	e3b0c44298fc1c149afbf4c8996fb92427ae41e4649b934ca495991b7852b855
tests/fixtures/stable_codegen.slim	1069	0	13833	9063ed9f9fa5fccf9d43a13344e38d9abfc0f23a90eaee7dfb3ed614fe061db5	e3b0c44298fc1c149afbf4c8996fb92427ae41e4649b934ca495991b7852b855
tests/fixtures/stable_codegen.slim	1070	0	13833	9063ed9f9fa5fccf9d43a13344e38d9abfc0f23a90eaee7dfb3ed614fe061db5	e3b0c44298fc1c149afbf4c8996fb92427ae41e4649b934ca495991b7852b855
tests/fixtures/stable_codegen.slim	1071	0	13833	9063ed9f9fa5fccf9d43a13344e38d9abfc0f23a90eaee7dfb3ed614fe061db5	e3b0c44298fc1c149afbf4c8996fb92427ae41e4649b934ca495991b7852b855
tests/fixtures/stable_codegen.slim	1072	0	13833	9063ed9f9fa5fccf9d43a13344e38d9abfc0f23a90eaee7dfb3ed614fe061db5	e3b0c44298fc1c149afbf4c8996fb92427ae41e4649b934ca495991b7852b855
tests/fixtures/stable_codegen.slim	1073	0	13833	9063ed9f9fa5fccf9d43a13344e38d9abfc0f23a90eaee7dfb3ed614fe061db5	e3b0c44298fc1c149afbf4c8996fb92427ae41e4649b934ca495991b7852b855
tests/fixtures/stable_codegen.slim	1074	0	13833	9063ed9f9fa5fccf9d43a13344e38d9abfc0f23a90eaee7dfb3ed614fe061db5	e3b0c44298fc1c149afbf4c8996fb92427ae41e4649b934ca495991b7852b855
tests/fixtures/stable_codegen.slim	1075	0	13833	9063ed9f9fa5fccf9d43a13344e38d9abfc0f23a90eaee7dfb3ed614fe061db5	e3b0c44298fc1c149afbf4c8996fb92427ae41e4649b934ca495991b7852b855
tests/fixtures/stable_codegen.slim	1076	0	13833	9063ed9f9fa5fccf9d43a13344e38d9abfc0f23a90eaee7dfb3ed614fe061db5	e3b0c44298fc1c149afbf4c8996fb92427ae41e4649b934ca495991b7852b855
tests/fixtures/stable_codegen.slim	1077	0	13833	9063ed9f9fa5fccf9d43a13344e38d9abfc0f23a90eaee7dfb3ed614fe061db5	e3b0c44298fc1c149afbf4c8996fb92427ae41e4649b934ca495991b7852b855
tests/fixtures/stable_codegen.slim	1078	0	13833	9063ed9f9fa5fccf9d43a13344e38d9abfc0f23a90eaee7dfb3ed614fe061db5	e3b0c44298fc1c149afbf4c8996fb92427ae41e4649b934ca495991b7852b855
tests/fixtures/stable_codegen.slim	1079	0	13833	9063ed9f9fa5fccf9d43a13344e38d9abfc0f23a90eaee7dfb3ed614fe061db5	e3b0c44298fc1c149afbf4c8996fb92427ae41e4649b934ca495991b7852b855
tests/fixtures/stable_codegen.slim	1080	0	13833	9063ed9f9fa5fccf9d43a13344e38d9abfc0f23a90eaee7dfb3ed614fe061db5	e3b0c44298fc1c149afbf4c8996fb92427ae41e4649b934ca495991b7852b855
tests/fixtures/stable_codegen.slim	1081	0	13833	9063ed9f9fa5fccf9d43a13344e38d9abfc0f23a90eaee7dfb3ed614fe061db5	e3b0c44298fc1c149afbf4c8996fb92427ae41e4649b934ca495991b7852b855
tests/fixtures/stable_codegen.slim	1082	0	13833	9063ed9f9fa5fccf9d43a13344e38d9abfc0f23a90eaee7dfb3ed614fe061db5	e3b0c44298fc1c149afbf4c8996fb92427ae41e4649b934ca495991b7852b855
tests/fixtures/stable_codegen.slim	1083	0	13833	9063ed9f9fa5fccf9d43a13344e38d9abfc0f23a90eaee7dfb3ed614fe061db5	e3b0c44298fc1c149afbf4c8996fb92427ae41e4649b934ca495991b7852b855
tests/fixtures/stable_codegen.slim	1084	0	13833	9063ed9f9fa5fccf9d43a13344e38d9abfc0f23a90eaee7dfb3ed614fe061db5	e3b0c44298fc1c149afbf4c8996fb92427ae41e4649b934ca495991b7852b855
tests/fixtures/stable_codegen.slim	1085	0	13833	9063ed9f9fa5fccf9d43a13344e38d9abfc0f23a90eaee7dfb3ed614fe061db5	e3b0c44298fc1c149afbf4c8996fb92427ae41e4649b934ca495991b7852b855
tests/fixtures/stable_codegen.slim	1086	0	13833	9063ed9f9fa5fccf9d43a13344e38d9abfc0f23a90eaee7dfb3ed614fe061db5	e3b0c44298fc1c149afbf4c8996fb92427ae41e4649b934ca495991b7852b855
tests/fixtures/stable_codegen.slim	1087	0	13833	9063ed9f9fa5fccf9d43a13344e38d9abfc0f23a90eaee7dfb3ed614fe061db5	e3b0c44298fc1c149afbf4c8996fb92427ae41e4649b934ca495991b7852b855
tests/fixtures/stable_codegen.slim	1088	0	13833	9063ed9f9fa5fccf9d43a13344e38d9abfc0f23a90eaee7dfb3ed614fe061db5	e3b0c44298fc1c149afbf4c8996fb92427ae41e4649b934ca495991b7852b855
tests/fixtures/stable_codegen.slim	1089	0	13833	9063ed9f9fa5fccf9d43a13344e38d9abfc0f23a90eaee7dfb3ed614fe061db5	e3b0c44298fc1c149afbf4c8996fb92427ae41e4649b934ca495991b7852b855
tests/fixtures/stable_codegen.slim	1090	0	13833	9063ed9f9fa5fccf9d43a13344e38d9abfc0f23a90eaee7dfb3ed614fe061db5	e3b0c44298fc1c149afbf4c8996fb92427ae41e4649b934ca495991b7852b855
tests/fixtures/stable_codegen.slim	1091	0	13833	9063ed9f9fa5fccf9d43a13344e38d9abfc0f23a90eaee7dfb3ed614fe061db5	e3b0c44298fc1c149afbf4c8996fb92427ae41e4649b934ca495991b7852b855
tests/fixtures/stable_codegen.slim	1092	0	13833	9063ed9f9fa5fccf9d43a13344e38d9abfc0f23a90eaee7dfb3ed614fe061db5	e3b0c44298fc1c149afbf4c8996fb92427ae41e4649b934ca495991b7852b855
tests/fixtures/stable_codegen.slim	1093	0	13833	9063ed9f9fa5fccf9d43a13344e38d9abfc0f23a90eaee7dfb3ed614fe061db5	e3b0c44298fc1c149afbf4c8996fb92427ae41e4649b934ca495991b7852b855
tests/fixtures/stable_codegen.slim	1094	0	13833	9063ed9f9fa5fccf9d43a13344e38d9abfc0f23a90eaee7dfb3ed614fe061db5	e3b0c44298fc1c149afbf4c8996fb92427ae41e4649b934ca495991b7852b855
tests/fixtures/stable_codegen.slim	1095	0	13833	9063ed9f9fa5fccf9d43a13344e38d9abfc0f23a90eaee7dfb3ed614fe061db5	e3b0c44298fc1c149afbf4c8996fb92427ae41e4649b934ca495991b7852b855
tests/fixtures/stable_codegen.slim	1096	0	13833	9063ed9f9fa5fccf9d43a13344e38d9abfc0f23a90eaee7dfb3ed614fe061db5	e3b0c44298fc1c149afbf4c8996fb92427ae41e4649b934ca495991b7852b855
tests/fixtures/stable_codegen.slim	1097	0	13833	9063ed9f9fa5fccf9d43a13344e38d9abfc0f23a90eaee7dfb3ed614fe061db5	e3b0c44298fc1c149afbf4c8996fb92427ae41e4649b934ca495991b7852b855
tests/fixtures/stable_codegen.slim	1098	0	13833	9063ed9f9fa5fccf9d43a13344e38d9abfc0f23a90eaee7dfb3ed614fe061db5	e3b0c44298fc1c149afbf4c8996fb92427ae41e4649b934ca495991b7852b855
tests/fixtures/stable_codegen.slim	1099	0	13833	9063ed9f9fa5fccf9d43a13344e38d9abfc0f23a90eaee7dfb3ed614fe061db5	e3b0c44298fc1c149afbf4c8996fb92427ae41e4649b934ca495991b7852b855
tests/fixtures/stable_codegen.slim	1100	0	13833	9063ed9f9fa5fccf9d43a13344e38d9abfc0f23a90eaee7dfb3ed614fe061db5	e3b0c44298fc1c149afbf4c8996fb92427ae41e4649b934ca495991b7852b855
tests/fixtures/stable_codegen.slim	1101	0	13833	9063ed9f9fa5fccf9d43a13344e38d9abfc0f23a90eaee7dfb3ed614fe061db5	e3b0c44298fc1c149afbf4c8996fb92427ae41e4649b934ca495991b7852b855
tests/fixtures/stable_codegen.slim	1102	0	13833	9063ed9f9fa5fccf9d43a13344e38d9abfc0f23a90eaee7dfb3ed614fe061db5	e3b0c44298fc1c149afbf4c8996fb92427ae41e4649b934ca495991b7852b855
tests/fixtures/stable_codegen.slim	1103	0	13833	9063ed9f9fa5fccf9d43a13344e38d9abfc0f23a90eaee7dfb3ed614fe061db5	e3b0c44298fc1c149afbf4c8996fb92427ae41e4649b934ca495991b7852b855
tests/fixtures/stable_codegen.slim	1104	0	13833	9063ed9f9fa5fccf9d43a13344e38d9abfc0f23a90eaee7dfb3ed614fe061db5	e3b0c44298fc1c149afbf4c8996fb92427ae41e4649b934ca495991b7852b855
tests/fixtures/stable_codegen.slim	1105	0	13833	9063ed9f9fa5fccf9d43a13344e38d9abfc0f23a90eaee7dfb3ed614fe061db5	e3b0c44298fc1c149afbf4c8996fb92427ae41e4649b934ca495991b7852b855
tests/fixtures/stable_codegen.slim	1106	0	13833	9063ed9f9fa5fccf9d43a13344e38d9abfc0f23a90eaee7dfb3ed614fe061db5	e3b0c44298fc1c149afbf4c8996fb92427ae41e4649b934ca495991b7852b855
tests/fixtures/stable_codegen.slim	1107	0	13833	9063ed9f9fa5fccf9d43a13344e38d9abfc0f23a90eaee7dfb3ed614fe061db5	e3b0c44298fc1c149afbf4c8996fb92427ae41e4649b934ca495991b7852b855
tests/fixtures/stable_codegen.slim	1108	0	13833	9063ed9f9fa5fccf9d43a13344e38d9abfc0f23a90eaee7dfb3ed614fe061db5	e3b0c44298fc1c149afbf4c8996fb92427ae41e4649b934ca495991b7852b855
tests/fixtures/stable_codegen.slim	1109	0	13833	9063ed9f9fa5fccf9d43a13344e38d9abfc0f23a90eaee7dfb3ed614fe061db5	e3b0c44298fc1c149afbf4c8996fb92427ae41e4649b934ca495991b7852b855
tests/fixtures/stable_codegen.slim	1110	0	13833	9063ed9f9fa5fccf9d43a13344e38d9abfc0f23a90eaee7dfb3ed614fe061db5	e3b0c44298fc1c149afbf4c8996fb92427ae41e4649b934ca495991b7852b855
tests/fixtures/stable_codegen.slim	1111	0	13833	9063ed9f9fa5fccf9d43a13344e38d9abfc0f23a90eaee7dfb3ed614fe061db5	e3b0c44298fc1c149afbf4c8996fb92427ae41e4649b934ca495991b7852b855
tests/fixtures/stable_codegen.slim	1112	0	13833	9063ed9f9fa5fccf9d43a13344e38d9abfc0f23a90eaee7dfb3ed614fe061db5	e3b0c44298fc1c149afbf4c8996fb92427ae41e4649b934ca495991b7852b855
tests/fixtures/stable_codegen.slim	1113	0	13833	9063ed9f9fa5fccf9d43a13344e38d9abfc0f23a90eaee7dfb3ed614fe061db5	e3b0c44298fc1c149afbf4c8996fb92427ae41e4649b934ca495991b7852b855
tests/fixtures/stable_codegen.slim	1114	0	13833	9063ed9f9fa5fccf9d43a13344e38d9abfc0f23a90eaee7dfb3ed614fe061db5	e3b0c44298fc1c149afbf4c8996fb92427ae41e4649b934ca495991b7852b855
tests/fixtures/stable_codegen.slim	1115	0	13833	9063ed9f9fa5fccf9d43a13344e38d9abfc0f23a90eaee7dfb3ed614fe061db5	e3b0c44298fc1c149afbf4c8996fb92427ae41e4649b934ca495991b7852b855
tests/fixtures/stable_codegen.slim	1116	0	13833	9063ed9f9fa5fccf9d43a13344e38d9abfc0f23a90eaee7dfb3ed614fe061db5	e3b0c44298fc1c149afbf4c8996fb92427ae41e4649b934ca495991b7852b855
tests/fixtures/stable_codegen.slim	1117	0	13833	9063ed9f9fa5fccf9d43a13344e38d9abfc0f23a90eaee7dfb3ed614fe061db5	e3b0c44298fc1c149afbf4c8996fb92427ae41e4649b934ca495991b7852b855
tests/fixtures/stable_codegen.slim	1118	0	13833	9063ed9f9fa5fccf9d43a13344e38d9abfc0f23a90eaee7dfb3ed614fe061db5	e3b0c44298fc1c149afbf4c8996fb92427ae41e4649b934ca495991b7852b855
tests/fixtures/stable_codegen.slim	1119	0	13833	9063ed9f9fa5fccf9d43a13344e38d9abfc0f23a90eaee7dfb3ed614fe061db5	e3b0c44298fc1c149afbf4c8996fb92427ae41e4649b934ca495991b7852b855
tests/fixtures/stable_codegen.slim	1120	0	13833	9063ed9f9fa5fccf9d43a13344e38d9abfc0f23a90eaee7dfb3ed614fe061db5	e3b0c44298fc1c149afbf4c8996fb92427ae41e4649b934ca495991b7852b855
tests/fixtures/stable_codegen.slim	1121	0	13833	9063ed9f9fa5fccf9d43a13344e38d9abfc0f23a90eaee7dfb3ed614fe061db5	e3b0c44298fc1c149afbf4c8996fb92427ae41e4649b934ca495991b7852b855
tests/fixtures/stable_codegen.slim	1122	0	13833	9063ed9f9fa5fccf9d43a13344e38d9abfc0f23a90eaee7dfb3ed614fe061db5	e3b0c44298fc1c149afbf4c8996fb92427ae41e4649b934ca495991b7852b855
tests/fixtures/stable_codegen.slim	1123	0	13833	9063ed9f9fa5fccf9d43a13344e38d9abfc0f23a90eaee7dfb3ed614fe061db5	e3b0c44298fc1c149afbf4c8996fb92427ae41e4649b934ca495991b7852b855
tests/fixtures/stable_codegen.slim	1124	0	13833	9063ed9f9fa5fccf9d43a13344e38d9abfc0f23a90eaee7dfb3ed614fe061db5	e3b0c44298fc1c149afbf4c8996fb92427ae41e4649b934ca495991b7852b855
tests/fixtures/stable_codegen.slim	1125	0	13833	9063ed9f9fa5fccf9d43a13344e38d9abfc0f23a90eaee7dfb3ed614fe061db5	e3b0c44298fc1c149afbf4c8996fb92427ae41e4649b934ca495991b7852b855
tests/fixtures/stable_codegen.slim	1126	0	13833	9063ed9f9fa5fccf9d43a13344e38d9abfc0f23a90eaee7dfb3ed614fe061db5	e3b0c44298fc1c149afbf4c8996fb92427ae41e4649b934ca495991b7852b855
tests/fixtures/stable_codegen.slim	1127	0	13833	9063ed9f9fa5fccf9d43a13344e38d9abfc0f23a90eaee7dfb3ed614fe061db5	e3b0c44298fc1c149afbf4c8996fb92427ae41e4649b934ca495991b7852b855
tests/fixtures/stable_codegen.slim	1128	0	13833	9063ed9f9fa5fccf9d43a13344e38d9abfc0f23a90eaee7dfb3ed614fe061db5	e3b0c44298fc1c149afbf4c8996fb92427ae41e4649b934ca495991b7852b855
tests/fixtures/stable_codegen.slim	1129	0	13833	9063ed9f9fa5fccf9d43a13344e38d9abfc0f23a90eaee7dfb3ed614fe061db5	e3b0c44298fc1c149afbf4c8996fb92427ae41e4649b934ca495991b7852b855
tests/fixtures/stable_codegen.slim	1130	0	13833	9063ed9f9fa5fccf9d43a13344e38d9abfc0f23a90eaee7dfb3ed614fe061db5	e3b0c44298fc1c149afbf4c8996fb92427ae41e4649b934ca495991b7852b855
tests/fixtures/stable_codegen.slim	1131	0	13833	9063ed9f9fa5fccf9d43a13344e38d9abfc0f23a90eaee7dfb3ed614fe061db5	e3b0c44298fc1c149afbf4c8996fb92427ae41e4649b934ca495991b7852b855
tests/fixtures/stable_codegen.slim	1132	0	13833	9063ed9f9fa5fccf9d43a13344e38d9abfc0f23a90eaee7dfb3ed614fe061db5	e3b0c44298fc1c149afbf4c8996fb92427ae41e4649b934ca495991b7852b855
tests/fixtures/stable_codegen.slim	1133	0	13833	9063ed9f9fa5fccf9d43a13344e38d9abfc0f23a90eaee7dfb3ed614fe061db5	e3b0c44298fc1c149afbf4c8996fb92427ae41e4649b934ca495991b7852b855
tests/fixtures/stable_codegen.slim	1134	0	13833	9063ed9f9fa5fccf9d43a13344e38d9abfc0f23a90eaee7dfb3ed614fe061db5	e3b0c44298fc1c149afbf4c8996fb92427ae41e4649b934ca495991b7852b855
tests/fixtures/stable_codegen.slim	1135	0	13833	9063ed9f9fa5fccf9d43a13344e38d9abfc0f23a90eaee7dfb3ed614fe061db5	e3b0c44298fc1c149afbf4c8996fb92427ae41e4649b934ca495991b7852b855
tests/fixtures/stable_codegen.slim	1136	0	13833	9063ed9f9fa5fccf9d43a13344e38d9abfc0f23a90eaee7dfb3ed614fe061db5	e3b0c44298fc1c149afbf4c8996fb92427ae41e4649b934ca495991b7852b855
tests/fixtures/stable_codegen.slim	1137	0	13833	9063ed9f9fa5fccf9d43a13344e38d9abfc0f23a90eaee7dfb3ed614fe061db5	e3b0c44298fc1c149afbf4c8996fb92427ae41e4649b934ca495991b7852b855
tests/fixtures/stable_codegen.slim	1138	0	13833	9063ed9f9fa5fccf9d43a13344e38d9abfc0f23a90eaee7dfb3ed614fe061db5	e3b0c44298fc1c149afbf4c8996fb92427ae41e4649b934ca495991b7852b855
tests/fixtures/stable_codegen.slim	1139	0	13833	9063ed9f9fa5fccf9d43a13344e38d9abfc0f23a90eaee7dfb3ed614fe061db5	e3b0c44298fc1c149afbf4c8996fb92427ae41e4649b934ca495991b7852b855
tests/fixtures/stable_codegen.slim	1140	0	13833	9063ed9f9fa5fccf9d43a13344e38d9abfc0f23a90eaee7dfb3ed614fe061db5	e3b0c44298fc1c149afbf4c8996fb92427ae41e4649b934ca495991b7852b855
tests/fixtures/stable_codegen.slim	1141	0	13833	9063ed9f9fa5fccf9d43a13344e38d9abfc0f23a90eaee7dfb3ed614fe061db5	e3b0c44298fc1c149afbf4c8996fb92427ae41e4649b934ca495991b7852b855
tests/fixtures/stable_codegen.slim	1142	0	13833	9063ed9f9fa5fccf9d43a13344e38d9abfc0f23a90eaee7dfb3ed614fe061db5	e3b0c44298fc1c149afbf4c8996fb92427ae41e4649b934ca495991b7852b855
tests/fixtures/stable_codegen.slim	1143	0	13833	9063ed9f9fa5fccf9d43a13344e38d9abfc0f23a90eaee7dfb3ed614fe061db5	e3b0c44298fc1c149afbf4c8996fb92427ae41e4649b934ca495991b7852b855
tests/fixtures/stable_codegen.slim	1144	0	13833	9063ed9f9fa5fccf9d43a13344e38d9abfc0f23a90eaee7dfb3ed614fe061db5	e3b0c44298fc1c149afbf4c8996fb92427ae41e4649b934ca495991b7852b855
tests/fixtures/stable_codegen.slim	1145	0	13833	9063ed9f9fa5fccf9d43a13344e38d9abfc0f23a90eaee7dfb3ed614fe061db5	e3b0c44298fc1c149afbf4c8996fb92427ae41e4649b934ca495991b7852b855
tests/fixtures/stable_codegen.slim	1146	0	13833	9063ed9f9fa5fccf9d43a13344e38d9abfc0f23a90eaee7dfb3ed614fe061db5	e3b0c44298fc1c149afbf4c8996fb92427ae41e4649b934ca495991b7852b855
tests/fixtures/stable_codegen.slim	1147	0	13833	9063ed9f9fa5fccf9d43a13344e38d9abfc0f23a90eaee7dfb3ed614fe061db5	e3b0c44298fc1c149afbf4c8996fb92427ae41e4649b934ca495991b7852b855
tests/fixtures/stable_codegen.slim	1148	0	13833	9063ed9f9fa5fccf9d43a13344e38d9abfc0f23a90eaee7dfb3ed614fe061db5	e3b0c44298fc1c149afbf4c8996fb92427ae41e4649b934ca495991b7852b855
tests/fixtures/stable_codegen.slim	1149	0	13833	9063ed9f9fa5fccf9d43a13344e38d9abfc0f23a90eaee7dfb3ed614fe061db5	e3b0c44298fc1c149afbf4c8996fb92427ae41e4649b934ca495991b7852b855
tests/fixtures/stable_codegen.slim	1150	0	13833	9063ed9f9fa5fccf9d43a13344e38d9abfc0f23a90eaee7dfb3ed614fe061db5	e3b0c44298fc1c149afbf4c8996fb92427ae41e4649b934ca495991b7852b855
tests/fixtures/stable_codegen.slim	1151	0	13833	9063ed9f9fa5fccf9d43a13344e38d9abfc0f23a90eaee7dfb3ed614fe061db5	e3b0c44298fc1c149afbf4c8996fb92427ae41e4649b934ca495991b7852b855
tests/fixtures/stable_codegen.slim	1152	0	13833	9063ed9f9fa5fccf9d43a13344e38d9abfc0f23a90eaee7dfb3ed614fe061db5	e3b0c44298fc1c149afbf4c8996fb92427ae41e4649b934ca495991b7852b855
tests/fixtures/stable_codegen.slim	1153	0	13833	9063ed9f9fa5fccf9d43a13344e38d9abfc0f23a90eaee7dfb3ed614fe061db5	e3b0c44298fc1c149afbf4c8996fb92427ae41e4649b934ca495991b7852b855
tests/fixtures/stable_codegen.slim	1154	0	13833	9063ed9f9fa5fccf9d43a13344e38d9abfc0f23a90eaee7dfb3ed614fe061db5	e3b0c44298fc1c149afbf4c8996fb92427ae41e4649b934ca495991b7852b855
tests/fixtures/stable_codegen.slim	1155	0	13833	9063ed9f9fa5fccf9d43a13344e38d9abfc0f23a90eaee7dfb3ed614fe061db5	e3b0c44298fc1c149afbf4c8996fb92427ae41e4649b934ca495991b7852b855
tests/fixtures/stable_codegen.slim	1156	0	13833	9063ed9f9fa5fccf9d43a13344e38d9abfc0f23a90eaee7dfb3ed614fe061db5	e3b0c44298fc1c149afbf4c8996fb92427ae41e4649b934ca495991b7852b855
tests/fixtures/stable_codegen.slim	1157	0	13833	9063ed9f9fa5fccf9d43a13344e38d9abfc0f23a90eaee7dfb3ed614fe061db5	e3b0c44298fc1c149afbf4c8996fb92427ae41e4649b934ca495991b7852b855
tests/fixtures/stable_codegen.slim	1158	0	13833	9063ed9f9fa5fccf9d43a13344e38d9abfc0f23a90eaee7dfb3ed614fe061db5	e3b0c44298fc1c149afbf4c8996fb92427ae41e4649b934ca495991b7852b855
tests/fixtures/stable_codegen.slim	1159	0	13833	9063ed9f9fa5fccf9d43a13344e38d9abfc0f23a90eaee7dfb3ed614fe061db5	e3b0c44298fc1c149afbf4c8996fb92427ae41e4649b934ca495991b7852b855
tests/fixtures/stable_codegen.slim	1160	0	13833	9063ed9f9fa5fccf9d43a13344e38d9abfc0f23a90eaee7dfb3ed614fe061db5	e3b0c44298fc1c149afbf4c8996fb92427ae41e4649b934ca495991b7852b855
tests/fixtures/stable_codegen.slim	1161	0	13833	9063ed9f9fa5fccf9d43a13344e38d9abfc0f23a90eaee7dfb3ed614fe061db5	e3b0c44298fc1c149afbf4c8996fb92427ae41e4649b934ca495991b7852b855
tests/fixtures/stable_codegen.slim	1162	0	13833	9063ed9f9fa5fccf9d43a13344e38d9abfc0f23a90eaee7dfb3ed614fe061db5	e3b0c44298fc1c149afbf4c8996fb92427ae41e4649b934ca495991b7852b855
tests/fixtures/stable_codegen.slim	1163	0	13833	9063ed9f9fa5fccf9d43a13344e38d9abfc0f23a90eaee7dfb3ed614fe061db5	e3b0c44298fc1c149afbf4c8996fb92427ae41e4649b934ca495991b7852b855
tests/fixtures/stable_codegen.slim	1164	0	13833	9063ed9f9fa5fccf9d43a13344e38d9abfc0f23a90eaee7dfb3ed614fe061db5	e3b0c44298fc1c149afbf4c8996fb92427ae41e4649b934ca495991b7852b855
tests/fixtures/stable_codegen.slim	1165	0	13833	9063ed9f9fa5fccf9d43a13344e38d9abfc0f23a90eaee7dfb3ed614fe061db5	e3b0c44298fc1c149afbf4c8996fb92427ae41e4649b934ca495991b7852b855
tests/fixtures/stable_codegen.slim	1166	0	13833	9063ed9f9fa5fccf9d43a13344e38d9abfc0f23a90eaee7dfb3ed614fe061db5	e3b0c44298fc1c149afbf4c8996fb92427ae41e4649b934ca495991b7852b855
tests/fixtures/stable_codegen.slim	1167	0	13833	9063ed9f9fa5fccf9d43a13344e38d9abfc0f23a90eaee7dfb3ed614fe061db5	e3b0c44298fc1c149afbf4c8996fb92427ae41e4649b934ca495991b7852b855
tests/fixtures/stable_codegen.slim	1168	0	13833	9063ed9f9fa5fccf9d43a13344e38d9abfc0f23a90eaee7dfb3ed614fe061db5	e3b0c44298fc1c149afbf4c8996fb92427ae41e4649b934ca495991b7852b855
tests/fixtures/stable_codegen.slim	1169	0	13833	9063ed9f9fa5fccf9d43a13344e38d9abfc0f23a90eaee7dfb3ed614fe061db5	e3b0c44298fc1c149afbf4c8996fb92427ae41e4649b934ca495991b7852b855
tests/fixtures/stable_codegen.slim	1170	0	13833	9063ed9f9fa5fccf9d43a13344e38d9abfc0f23a90eaee7dfb3ed614fe061db5	e3b0c44298fc1c149afbf4c8996fb92427ae41e4649b934ca495991b7852b855
tests/fixtures/stable_codegen.slim	1171	0	13833	9063ed9f9fa5fccf9d43a13344e38d9abfc0f23a90eaee7dfb3ed614fe061db5	e3b0c44298fc1c149afbf4c8996fb92427ae41e4649b934ca495991b7852b855
tests/fixtures/stable_codegen.slim	1172	0	13833	9063ed9f9fa5fccf9d43a13344e38d9abfc0f23a90eaee7dfb3ed614fe061db5	e3b0c44298fc1c149afbf4c8996fb92427ae41e4649b934ca495991b7852b855
tests/fixtures/stable_codegen.slim	1173	0	13833	9063ed9f9fa5fccf9d43a13344e38d9abfc0f23a90eaee7dfb3ed614fe061db5	e3b0c44298fc1c149afbf4c8996fb92427ae41e4649b934ca495991b7852b855
tests/fixtures/stable_codegen.slim	1174	0	13833	9063ed9f9fa5fccf9d43a13344e38d9abfc0f23a90eaee7dfb3ed614fe061db5	e3b0c44298fc1c149afbf4c8996fb92427ae41e4649b934ca495991b7852b855
tests/fixtures/stable_codegen.slim	1175	0	13833	9063ed9f9fa5fccf9d43a13344e38d9abfc0f23a90eaee7dfb3ed614fe061db5	e3b0c44298fc1c149afbf4c8996fb92427ae41e4649b934ca495991b7852b855
tests/fixtures/stable_codegen.slim	1176	0	13833	9063ed9f9fa5fccf9d43a13344e38d9abfc0f23a90eaee7dfb3ed614fe061db5	e3b0c44298fc1c149afbf4c8996fb92427ae41e4649b934ca495991b7852b855
tests/fixtures/stable_codegen.slim	1177	0	13833	9063ed9f9fa5fccf9d43a13344e38d9abfc0f23a90eaee7dfb3ed614fe061db5	e3b0c44298fc1c149afbf4c8996fb92427ae41e4649b934ca495991b7852b855
tests/fixtures/stable_codegen.slim	1178	0	13833	9063ed9f9fa5fccf9d43a13344e38d9abfc0f23a90eaee7dfb3ed614fe061db5	e3b0c44298fc1c149afbf4c8996fb92427ae41e4649b934ca495991b7852b855
tests/fixtures/stable_codegen.slim	1179	0	13833	9063ed9f9fa5fccf9d43a13344e38d9abfc0f23a90eaee7dfb3ed614fe061db5	e3b0c44298fc1c149afbf4c8996fb92427ae41e4649b934ca495991b7852b855
tests/fixtures/stable_codegen.slim	1180	0	13833	9063ed9f9fa5fccf9d43a13344e38d9abfc0f23a90eaee7dfb3ed614fe061db5	e3b0c44298fc1c149afbf4c8996fb92427ae41e4649b934ca495991b7852b855
tests/fixtures/stable_codegen.slim	1181	0	13833	9063ed9f9fa5fccf9d43a13344e38d9abfc0f23a90eaee7dfb3ed614fe061db5	e3b0c44298fc1c149afbf4c8996fb92427ae41e4649b934ca495991b7852b855
tests/fixtures/stable_codegen.slim	1182	0	13833	9063ed9f9fa5fccf9d43a13344e38d9abfc0f23a90eaee7dfb3ed614fe061db5	e3b0c44298fc1c149afbf4c8996fb92427ae41e4649b934ca495991b7852b855
tests/fixtures/stable_codegen.slim	1183	0	13833	9063ed9f9fa5fccf9d43a13344e38d9abfc0f23a90eaee7dfb3ed614fe061db5	e3b0c44298fc1c149afbf4c8996fb92427ae41e4649b934ca495991b7852b855
tests/fixtures/stable_codegen.slim	1184	0	13833	9063ed9f9fa5fccf9d43a13344e38d9abfc0f23a90eaee7dfb3ed614fe061db5	e3b0c44298fc1c149afbf4c8996fb92427ae41e4649b934ca495991b7852b855
tests/fixtures/stable_codegen.slim	1185	0	13833	9063ed9f9fa5fccf9d43a13344e38d9abfc0f23a90eaee7dfb3ed614fe061db5	e3b0c44298fc1c149afbf4c8996fb92427ae41e4649b934ca495991b7852b855
tests/fixtures/stable_codegen.slim	1186	0	13833	9063ed9f9fa5fccf9d43a13344e38d9abfc0f23a90eaee7dfb3ed614fe061db5	e3b0c44298fc1c149afbf4c8996fb92427ae41e4649b934ca495991b7852b855
tests/fixtures/stable_codegen.slim	1187	0	13833	9063ed9f9fa5fccf9d43a13344e38d9abfc0f23a90eaee7dfb3ed614fe061db5	e3b0c44298fc1c149afbf4c8996fb92427ae41e4649b934ca495991b7852b855
tests/fixtures/stable_codegen.slim	1188	0	13833	9063ed9f9fa5fccf9d43a13344e38d9abfc0f23a90eaee7dfb3ed614fe061db5	e3b0c44298fc1c149afbf4c8996fb92427ae41e4649b934ca495991b7852b855
tests/fixtures/stable_codegen.slim	1189	0	13833	9063ed9f9fa5fccf9d43a13344e38d9abfc0f23a90eaee7dfb3ed614fe061db5	e3b0c44298fc1c149afbf4c8996fb92427ae41e4649b934ca495991b7852b855
tests/fixtures/stable_codegen.slim	1190	0	13833	9063ed9f9fa5fccf9d43a13344e38d9abfc0f23a90eaee7dfb3ed614fe061db5	e3b0c44298fc1c149afbf4c8996fb92427ae41e4649b934ca495991b7852b855
tests/fixtures/stable_codegen.slim	1191	0	13833	9063ed9f9fa5fccf9d43a13344e38d9abfc0f23a90eaee7dfb3ed614fe061db5	e3b0c44298fc1c149afbf4c8996fb92427ae41e4649b934ca495991b7852b855
tests/fixtures/stable_codegen.slim	1192	0	13833	9063ed9f9fa5fccf9d43a13344e38d9abfc0f23a90eaee7dfb3ed614fe061db5	e3b0c44298fc1c149afbf4c8996fb92427ae41e4649b934ca495991b7852b855
tests/fixtures/stable_codegen.slim	1193	0	13833	9063ed9f9fa5fccf9d43a13344e38d9abfc0f23a90eaee7dfb3ed614fe061db5	e3b0c44298fc1c149afbf4c8996fb92427ae41e4649b934ca495991b7852b855
tests/fixtures/stable_codegen.slim	1194	0	13833	9063ed9f9fa5fccf9d43a13344e38d9abfc0f23a90eaee7dfb3ed614fe061db5	e3b0c44298fc1c149afbf4c8996fb92427ae41e4649b934ca495991b7852b855
tests/fixtures/stable_codegen.slim	1195	0	13833	9063ed9f9fa5fccf9d43a13344e38d9abfc0f23a90eaee7dfb3ed614fe061db5	e3b0c44298fc1c149afbf4c8996fb92427ae41e4649b934ca495991b7852b855
tests/fixtures/stable_codegen.slim	1196	0	13833	9063ed9f9fa5fccf9d43a13344e38d9abfc0f23a90eaee7dfb3ed614fe061db5	e3b0c44298fc1c149afbf4c8996fb92427ae41e4649b934ca495991b7852b855
tests/fixtures/stable_codegen.slim	1197	0	13833	9063ed9f9fa5fccf9d43a13344e38d9abfc0f23a90eaee7dfb3ed614fe061db5	e3b0c44298fc1c149afbf4c8996fb92427ae41e4649b934ca495991b7852b855
tests/fixtures/stable_codegen.slim	1198	0	13833	9063ed9f9fa5fccf9d43a13344e38d9abfc0f23a90eaee7dfb3ed614fe061db5	e3b0c44298fc1c149afbf4c8996fb92427ae41e4649b934ca495991b7852b855
tests/fixtures/stable_codegen.slim	1199	0	13833	9063ed9f9fa5fccf9d43a13344e38d9abfc0f23a90eaee7dfb3ed614fe061db5	e3b0c44298fc1c149afbf4c8996fb92427ae41e4649b934ca495991b7852b855
tests/fixtures/stable_codegen.slim	1200	0	13833	9063ed9f9fa5fccf9d43a13344e38d9abfc0f23a90eaee7dfb3ed614fe061db5	e3b0c44298fc1c149afbf4c8996fb92427ae41e4649b934ca495991b7852b855
tests/fixtures/stable_codegen.slim	1201	0	13833	9063ed9f9fa5fccf9d43a13344e38d9abfc0f23a90eaee7dfb3ed614fe061db5	e3b0c44298fc1c149afbf4c8996fb92427ae41e4649b934ca495991b7852b855
tests/fixtures/stable_codegen.slim	1202	0	13833	9063ed9f9fa5fccf9d43a13344e38d9abfc0f23a90eaee7dfb3ed614fe061db5	e3b0c44298fc1c149afbf4c8996fb92427ae41e4649b934ca495991b7852b855
tests/fixtures/stable_codegen.slim	1203	0	13833	9063ed9f9fa5fccf9d43a13344e38d9abfc0f23a90eaee7dfb3ed614fe061db5	e3b0c44298fc1c149afbf4c8996fb92427ae41e4649b934ca495991b7852b855
tests/fixtures/stable_codegen.slim	1204	0	13833	9063ed9f9fa5fccf9d43a13344e38d9abfc0f23a90eaee7dfb3ed614fe061db5	e3b0c44298fc1c149afbf4c8996fb92427ae41e4649b934ca495991b7852b855
tests/fixtures/stable_codegen.slim	1205	0	13833	9063ed9f9fa5fccf9d43a13344e38d9abfc0f23a90eaee7dfb3ed614fe061db5	e3b0c44298fc1c149afbf4c8996fb92427ae41e4649b934ca495991b7852b855
tests/fixtures/stable_codegen.slim	1206	0	13833	9063ed9f9fa5fccf9d43a13344e38d9abfc0f23a90eaee7dfb3ed614fe061db5	e3b0c44298fc1c149afbf4c8996fb92427ae41e4649b934ca495991b7852b855
tests/fixtures/stable_codegen.slim	1207	0	13833	9063ed9f9fa5fccf9d43a13344e38d9abfc0f23a90eaee7dfb3ed614fe061db5	e3b0c44298fc1c149afbf4c8996fb92427ae41e4649b934ca495991b7852b855
tests/fixtures/stable_codegen.slim	1208	0	13833	9063ed9f9fa5fccf9d43a13344e38d9abfc0f23a90eaee7dfb3ed614fe061db5	e3b0c44298fc1c149afbf4c8996fb92427ae41e4649b934ca495991b7852b855
tests/fixtures/stable_codegen.slim	1209	0	13833	9063ed9f9fa5fccf9d43a13344e38d9abfc0f23a90eaee7dfb3ed614fe061db5	e3b0c44298fc1c149afbf4c8996fb92427ae41e4649b934ca495991b7852b855
tests/fixtures/stable_codegen.slim	1210	0	13833	9063ed9f9fa5fccf9d43a13344e38d9abfc0f23a90eaee7dfb3ed614fe061db5	e3b0c44298fc1c149afbf4c8996fb92427ae41e4649b934ca495991b7852b855
tests/fixtures/stable_codegen.slim	1211	0	13833	9063ed9f9fa5fccf9d43a13344e38d9abfc0f23a90eaee7dfb3ed614fe061db5	e3b0c44298fc1c149afbf4c8996fb92427ae41e4649b934ca495991b7852b855
tests/fixtures/stable_codegen.slim	1212	0	13833	9063ed9f9fa5fccf9d43a13344e38d9abfc0f23a90eaee7dfb3ed614fe061db5	e3b0c44298fc1c149afbf4c8996fb92427ae41e4649b934ca495991b7852b855
tests/fixtures/stable_codegen.slim	1213	0	13833	9063ed9f9fa5fccf9d43a13344e38d9abfc0f23a90eaee7dfb3ed614fe061db5	e3b0c44298fc1c149afbf4c8996fb92427ae41e4649b934ca495991b7852b855
tests/fixtures/stable_codegen.slim	1214	0	13833	9063ed9f9fa5fccf9d43a13344e38d9abfc0f23a90eaee7dfb3ed614fe061db5	e3b0c44298fc1c149afbf4c8996fb92427ae41e4649b934ca495991b7852b855
tests/fixtures/stable_codegen.slim	1215	0	13833	9063ed9f9fa5fccf9d43a13344e38d9abfc0f23a90eaee7dfb3ed614fe061db5	e3b0c44298fc1c149afbf4c8996fb92427ae41e4649b934ca495991b7852b855
tests/fixtures/stable_codegen.slim	1216	0	13833	9063ed9f9fa5fccf9d43a13344e38d9abfc0f23a90eaee7dfb3ed614fe061db5	e3b0c44298fc1c149afbf4c8996fb92427ae41e4649b934ca495991b7852b855
tests/fixtures/stable_codegen.slim	1217	0	13833	9063ed9f9fa5fccf9d43a13344e38d9abfc0f23a90eaee7dfb3ed614fe061db5	e3b0c44298fc1c149afbf4c8996fb92427ae41e4649b934ca495991b7852b855
tests/fixtures/stable_codegen.slim	1218	0	13833	9063ed9f9fa5fccf9d43a13344e38d9abfc0f23a90eaee7dfb3ed614fe061db5	e3b0c44298fc1c149afbf4c8996fb92427ae41e4649b934ca495991b7852b855
tests/fixtures/stable_codegen.slim	1219	0	13833	9063ed9f9fa5fccf9d43a13344e38d9abfc0f23a90eaee7dfb3ed614fe061db5	e3b0c44298fc1c149afbf4c8996fb92427ae41e4649b934ca495991b7852b855
tests/fixtures/stable_codegen.slim	1220	0	13833	9063ed9f9fa5fccf9d43a13344e38d9abfc0f23a90eaee7dfb3ed614fe061db5	e3b0c44298fc1c149afbf4c8996fb92427ae41e4649b934ca495991b7852b855
tests/fixtures/stable_codegen.slim	1221	0	13833	9063ed9f9fa5fccf9d43a13344e38d9abfc0f23a90eaee7dfb3ed614fe061db5	e3b0c44298fc1c149afbf4c8996fb92427ae41e4649b934ca495991b7852b855
tests/fixtures/stable_codegen.slim	1222	0	13833	9063ed9f9fa5fccf9d43a13344e38d9abfc0f23a90eaee7dfb3ed614fe061db5	e3b0c44298fc1c149afbf4c8996fb92427ae41e4649b934ca495991b7852b855
tests/fixtures/stable_codegen.slim	1223	0	13833	9063ed9f9fa5fccf9d43a13344e38d9abfc0f23a90eaee7dfb3ed614fe061db5	e3b0c44298fc1c149afbf4c8996fb92427ae41e4649b934ca495991b7852b855
tests/fixtures/stable_codegen.slim	1224	0	13833	9063ed9f9fa5fccf9d43a13344e38d9abfc0f23a90eaee7dfb3ed614fe061db5	e3b0c44298fc1c149afbf4c8996fb92427ae41e4649b934ca495991b7852b855
tests/fixtures/stable_codegen.slim	1225	0	13833	9063ed9f9fa5fccf9d43a13344e38d9abfc0f23a90eaee7dfb3ed614fe061db5	e3b0c44298fc1c149afbf4c8996fb92427ae41e4649b934ca495991b7852b855
tests/fixtures/stable_codegen.slim	1226	0	13833	9063ed9f9fa5fccf9d43a13344e38d9abfc0f23a90eaee7dfb3ed614fe061db5	e3b0c44298fc1c149afbf4c8996fb92427ae41e4649b934ca495991b7852b855
tests/fixtures/stable_codegen.slim	1227	0	13833	9063ed9f9fa5fccf9d43a13344e38d9abfc0f23a90eaee7dfb3ed614fe061db5	e3b0c44298fc1c149afbf4c8996fb92427ae41e4649b934ca495991b7852b855
tests/fixtures/stable_codegen.slim	1228	0	13833	9063ed9f9fa5fccf9d43a13344e38d9abfc0f23a90eaee7dfb3ed614fe061db5	e3b0c44298fc1c149afbf4c8996fb92427ae41e4649b934ca495991b7852b855
tests/fixtures/stable_codegen.slim	1229	0	13833	9063ed9f9fa5fccf9d43a13344e38d9abfc0f23a90eaee7dfb3ed614fe061db5	e3b0c44298fc1c149afbf4c8996fb92427ae41e4649b934ca495991b7852b855
tests/fixtures/stable_codegen.slim	1230	0	13833	9063ed9f9fa5fccf9d43a13344e38d9abfc0f23a90eaee7dfb3ed614fe061db5	e3b0c44298fc1c149afbf4c8996fb92427ae41e4649b934ca495991b7852b855
tests/fixtures/stable_codegen.slim	1231	0	13833	9063ed9f9fa5fccf9d43a13344e38d9abfc0f23a90eaee7dfb3ed614fe061db5	e3b0c44298fc1c149afbf4c8996fb92427ae41e4649b934ca495991b7852b855
tests/fixtures/stable_codegen.slim	1232	0	13833	9063ed9f9fa5fccf9d43a13344e38d9abfc0f23a90eaee7dfb3ed614fe061db5	e3b0c44298fc1c149afbf4c8996fb92427ae41e4649b934ca495991b7852b855
tests/fixtures/stable_codegen.slim	1233	0	13833	9063ed9f9fa5fccf9d43a13344e38d9abfc0f23a90eaee7dfb3ed614fe061db5	e3b0c44298fc1c149afbf4c8996fb92427ae41e4649b934ca495991b7852b855
tests/fixtures/stable_codegen.slim	1234	0	13833	9063ed9f9fa5fccf9d43a13344e38d9abfc0f23a90eaee7dfb3ed614fe061db5	e3b0c44298fc1c149afbf4c8996fb92427ae41e4649b934ca495991b7852b855
tests/fixtures/stable_codegen.slim	1235	0	13833	9063ed9f9fa5fccf9d43a13344e38d9abfc0f23a90eaee7dfb3ed614fe061db5	e3b0c44298fc1c149afbf4c8996fb92427ae41e4649b934ca495991b7852b855
tests/fixtures/stable_codegen.slim	1236	0	13833	9063ed9f9fa5fccf9d43a13344e38d9abfc0f23a90eaee7dfb3ed614fe061db5	e3b0c44298fc1c149afbf4c8996fb92427ae41e4649b934ca495991b7852b855
tests/fixtures/stable_codegen.slim	1237	0	13833	9063ed9f9fa5fccf9d43a13344e38d9abfc0f23a90eaee7dfb3ed614fe061db5	e3b0c44298fc1c149afbf4c8996fb92427ae41e4649b934ca495991b7852b855
tests/fixtures/stable_codegen.slim	1238	0	13833	9063ed9f9fa5fccf9d43a13344e38d9abfc0f23a90eaee7dfb3ed614fe061db5	e3b0c44298fc1c149afbf4c8996fb92427ae41e4649b934ca495991b7852b855
tests/fixtures/stable_codegen.slim	1239	0	13833	9063ed9f9fa5fccf9d43a13344e38d9abfc0f23a90eaee7dfb3ed614fe061db5	e3b0c44298fc1c149afbf4c8996fb92427ae41e4649b934ca495991b7852b855
tests/fixtures/stable_codegen.slim	1240	0	13833	9063ed9f9fa5fccf9d43a13344e38d9abfc0f23a90eaee7dfb3ed614fe061db5	e3b0c44298fc1c149afbf4c8996fb92427ae41e4649b934ca495991b7852b855
tests/fixtures/stable_codegen.slim	1241	0	13833	9063ed9f9fa5fccf9d43a13344e38d9abfc0f23a90eaee7dfb3ed614fe061db5	e3b0c44298fc1c149afbf4c8996fb92427ae41e4649b934ca495991b7852b855
tests/fixtures/stable_codegen.slim	1242	0	13833	9063ed9f9fa5fccf9d43a13344e38d9abfc0f23a90eaee7dfb3ed614fe061db5	e3b0c44298fc1c149afbf4c8996fb92427ae41e4649b934ca495991b7852b855
tests/fixtures/stable_codegen.slim	1243	0	13833	9063ed9f9fa5fccf9d43a13344e38d9abfc0f23a90eaee7dfb3ed614fe061db5	e3b0c44298fc1c149afbf4c8996fb92427ae41e4649b934ca495991b7852b855
tests/fixtures/stable_codegen.slim	1244	0	13833	9063ed9f9fa5fccf9d43a13344e38d9abfc0f23a90eaee7dfb3ed614fe061db5	e3b0c44298fc1c149afbf4c8996fb92427ae41e4649b934ca495991b7852b855
tests/fixtures/stable_codegen.slim	1245	0	13833	9063ed9f9fa5fccf9d43a13344e38d9abfc0f23a90eaee7dfb3ed614fe061db5	e3b0c44298fc1c149afbf4c8996fb92427ae41e4649b934ca495991b7852b855
tests/fixtures/stable_codegen.slim	1246	0	13833	9063ed9f9fa5fccf9d43a13344e38d9abfc0f23a90eaee7dfb3ed614fe061db5	e3b0c44298fc1c149afbf4c8996fb92427ae41e4649b934ca495991b7852b855
tests/fixtures/stable_codegen.slim	1247	0	13833	9063ed9f9fa5fccf9d43a13344e38d9abfc0f23a90eaee7dfb3ed614fe061db5	e3b0c44298fc1c149afbf4c8996fb92427ae41e4649b934ca495991b7852b855
tests/fixtures/stable_codegen.slim	1248	0	13833	9063ed9f9fa5fccf9d43a13344e38d9abfc0f23a90eaee7dfb3ed614fe061db5	e3b0c44298fc1c149afbf4c8996fb92427ae41e4649b934ca495991b7852b855
tests/fixtures/stable_codegen.slim	1249	0	13833	9063ed9f9fa5fccf9d43a13344e38d9abfc0f23a90eaee7dfb3ed614fe061db5	e3b0c44298fc1c149afbf4c8996fb92427ae41e4649b934ca495991b7852b855
tests/fixtures/stable_codegen.slim	1250	0	13833	9063ed9f9fa5fccf9d43a13344e38d9abfc0f23a90eaee7dfb3ed614fe061db5	e3b0c44298fc1c149afbf4c8996fb92427ae41e4649b934ca495991b7852b855
tests/fixtures/stable_codegen.slim	1251	0	13833	9063ed9f9fa5fccf9d43a13344e38d9abfc0f23a90eaee7dfb3ed614fe061db5	e3b0c44298fc1c149afbf4c8996fb92427ae41e4649b934ca495991b7852b855
tests/fixtures/stable_codegen.slim	1252	0	13833	9063ed9f9fa5fccf9d43a13344e38d9abfc0f23a90eaee7dfb3ed614fe061db5	e3b0c44298fc1c149afbf4c8996fb92427ae41e4649b934ca495991b7852b855
tests/fixtures/stable_codegen.slim	1253	0	13833	9063ed9f9fa5fccf9d43a13344e38d9abfc0f23a90eaee7dfb3ed614fe061db5	e3b0c44298fc1c149afbf4c8996fb92427ae41e4649b934ca495991b7852b855
tests/fixtures/stable_codegen.slim	1254	0	13833	9063ed9f9fa5fccf9d43a13344e38d9abfc0f23a90eaee7dfb3ed614fe061db5	e3b0c44298fc1c149afbf4c8996fb92427ae41e4649b934ca495991b7852b855
tests/fixtures/stable_codegen.slim	1255	0	13833	9063ed9f9fa5fccf9d43a13344e38d9abfc0f23a90eaee7dfb3ed614fe061db5	e3b0c44298fc1c149afbf4c8996fb92427ae41e4649b934ca495991b7852b855
tests/fixtures/stable_codegen.slim	1256	0	13833	9063ed9f9fa5fccf9d43a13344e38d9abfc0f23a90eaee7dfb3ed614fe061db5	e3b0c44298fc1c149afbf4c8996fb92427ae41e4649b934ca495991b7852b855
tests/fixtures/stable_codegen.slim	1257	0	13833	9063ed9f9fa5fccf9d43a13344e38d9abfc0f23a90eaee7dfb3ed614fe061db5	e3b0c44298fc1c149afbf4c8996fb92427ae41e4649b934ca495991b7852b855
tests/fixtures/stable_codegen.slim	1258	0	13833	9063ed9f9fa5fccf9d43a13344e38d9abfc0f23a90eaee7dfb3ed614fe061db5	e3b0c44298fc1c149afbf4c8996fb92427ae41e4649b934ca495991b7852b855
tests/fixtures/stable_codegen.slim	1259	0	13833	9063ed9f9fa5fccf9d43a13344e38d9abfc0f23a90eaee7dfb3ed614fe061db5	e3b0c44298fc1c149afbf4c8996fb92427ae41e4649b934ca495991b7852b855
tests/fixtures/stable_codegen.slim	1260	0	13833	9063ed9f9fa5fccf9d43a13344e38d9abfc0f23a90eaee7dfb3ed614fe061db5	e3b0c44298fc1c149afbf4c8996fb92427ae41e4649b934ca495991b7852b855
tests/fixtures/stable_codegen.slim	1261	0	13833	9063ed9f9fa5fccf9d43a13344e38d9abfc0f23a90eaee7dfb3ed614fe061db5	e3b0c44298fc1c149afbf4c8996fb92427ae41e4649b934ca495991b7852b855
tests/fixtures/stable_codegen.slim	1262	0	13833	9063ed9f9fa5fccf9d43a13344e38d9abfc0f23a90eaee7dfb3ed614fe061db5	e3b0c44298fc1c149afbf4c8996fb92427ae41e4649b934ca495991b7852b855
tests/fixtures/stable_codegen.slim	1263	0	13833	9063ed9f9fa5fccf9d43a13344e38d9abfc0f23a90eaee7dfb3ed614fe061db5	e3b0c44298fc1c149afbf4c8996fb92427ae41e4649b934ca495991b7852b855
tests/fixtures/stable_codegen.slim	1264	0	13833	9063ed9f9fa5fccf9d43a13344e38d9abfc0f23a90eaee7dfb3ed614fe061db5	e3b0c44298fc1c149afbf4c8996fb92427ae41e4649b934ca495991b7852b855
tests/fixtures/stable_codegen.slim	1265	0	13833	9063ed9f9fa5fccf9d43a13344e38d9abfc0f23a90eaee7dfb3ed614fe061db5	e3b0c44298fc1c149afbf4c8996fb92427ae41e4649b934ca495991b7852b855
tests/fixtures/stable_codegen.slim	1266	0	13833	9063ed9f9fa5fccf9d43a13344e38d9abfc0f23a90eaee7dfb3ed614fe061db5	e3b0c44298fc1c149afbf4c8996fb92427ae41e4649b934ca495991b7852b855
tests/fixtures/stable_codegen.slim	1267	0	13833	9063ed9f9fa5fccf9d43a13344e38d9abfc0f23a90eaee7dfb3ed614fe061db5	e3b0c44298fc1c149afbf4c8996fb92427ae41e4649b934ca495991b7852b855
tests/fixtures/stable_codegen.slim	1268	0	13833	9063ed9f9fa5fccf9d43a13344e38d9abfc0f23a90eaee7dfb3ed614fe061db5	e3b0c44298fc1c149afbf4c8996fb92427ae41e4649b934ca495991b7852b855
tests/fixtures/stable_codegen.slim	1269	0	13833	9063ed9f9fa5fccf9d43a13344e38d9abfc0f23a90eaee7dfb3ed614fe061db5	e3b0c44298fc1c149afbf4c8996fb92427ae41e4649b934ca495991b7852b855
tests/fixtures/stable_codegen.slim	1270	0	13833	9063ed9f9fa5fccf9d43a13344e38d9abfc0f23a90eaee7dfb3ed614fe061db5	e3b0c44298fc1c149afbf4c8996fb92427ae41e4649b934ca495991b7852b855
tests/fixtures/stable_codegen.slim	1271	0	13833	9063ed9f9fa5fccf9d43a13344e38d9abfc0f23a90eaee7dfb3ed614fe061db5	e3b0c44298fc1c149afbf4c8996fb92427ae41e4649b934ca495991b7852b855
tests/fixtures/stable_codegen.slim	1272	0	13833	9063ed9f9fa5fccf9d43a13344e38d9abfc0f23a90eaee7dfb3ed614fe061db5	e3b0c44298fc1c149afbf4c8996fb92427ae41e4649b934ca495991b7852b855
tests/fixtures/stable_codegen.slim	1273	0	13833	9063ed9f9fa5fccf9d43a13344e38d9abfc0f23a90eaee7dfb3ed614fe061db5	e3b0c44298fc1c149afbf4c8996fb92427ae41e4649b934ca495991b7852b855
tests/fixtures/stable_codegen.slim	1274	0	13833	9063ed9f9fa5fccf9d43a13344e38d9abfc0f23a90eaee7dfb3ed614fe061db5	e3b0c44298fc1c149afbf4c8996fb92427ae41e4649b934ca495991b7852b855
tests/fixtures/stable_codegen.slim	1275	0	13833	9063ed9f9fa5fccf9d43a13344e38d9abfc0f23a90eaee7dfb3ed614fe061db5	e3b0c44298fc1c149afbf4c8996fb92427ae41e4649b934ca495991b7852b855
tests/fixtures/stable_codegen.slim	1276	0	13833	9063ed9f9fa5fccf9d43a13344e38d9abfc0f23a90eaee7dfb3ed614fe061db5	e3b0c44298fc1c149afbf4c8996fb92427ae41e4649b934ca495991b7852b855
tests/fixtures/stable_codegen.slim	1277	0	13833	9063ed9f9fa5fccf9d43a13344e38d9abfc0f23a90eaee7dfb3ed614fe061db5	e3b0c44298fc1c149afbf4c8996fb92427ae41e4649b934ca495991b7852b855
tests/fixtures/stable_codegen.slim	1278	0	13833	9063ed9f9fa5fccf9d43a13344e38d9abfc0f23a90eaee7dfb3ed614fe061db5	e3b0c44298fc1c149afbf4c8996fb92427ae41e4649b934ca495991b7852b855
tests/fixtures/stable_codegen.slim	1279	0	13833	9063ed9f9fa5fccf9d43a13344e38d9abfc0f23a90eaee7dfb3ed614fe061db5	e3b0c44298fc1c149afbf4c8996fb92427ae41e4649b934ca495991b7852b855
tests/fixtures/stable_codegen.slim	1280	0	13833	9063ed9f9fa5fccf9d43a13344e38d9abfc0f23a90eaee7dfb3ed614fe061db5	e3b0c44298fc1c149afbf4c8996fb92427ae41e4649b934ca495991b7852b855
tests/fixtures/stable_codegen.slim	1281	0	13833	9063ed9f9fa5fccf9d43a13344e38d9abfc0f23a90eaee7dfb3ed614fe061db5	e3b0c44298fc1c149afbf4c8996fb92427ae41e4649b934ca495991b7852b855
tests/fixtures/stable_codegen.slim	1282	0	13833	9063ed9f9fa5fccf9d43a13344e38d9abfc0f23a90eaee7dfb3ed614fe061db5	e3b0c44298fc1c149afbf4c8996fb92427ae41e4649b934ca495991b7852b855
tests/fixtures/stable_codegen.slim	1283	0	13833	9063ed9f9fa5fccf9d43a13344e38d9abfc0f23a90eaee7dfb3ed614fe061db5	e3b0c44298fc1c149afbf4c8996fb92427ae41e4649b934ca495991b7852b855
tests/fixtures/stable_codegen.slim	1284	0	13833	9063ed9f9fa5fccf9d43a13344e38d9abfc0f23a90eaee7dfb3ed614fe061db5	e3b0c44298fc1c149afbf4c8996fb92427ae41e4649b934ca495991b7852b855
tests/fixtures/stable_codegen.slim	1285	0	13833	9063ed9f9fa5fccf9d43a13344e38d9abfc0f23a90eaee7dfb3ed614fe061db5	e3b0c44298fc1c149afbf4c8996fb92427ae41e4649b934ca495991b7852b855
tests/fixtures/stable_codegen.slim	1286	0	13833	9063ed9f9fa5fccf9d43a13344e38d9abfc0f23a90eaee7dfb3ed614fe061db5	e3b0c44298fc1c149afbf4c8996fb92427ae41e4649b934ca495991b7852b855
tests/fixtures/stable_codegen.slim	1287	0	13833	9063ed9f9fa5fccf9d43a13344e38d9abfc0f23a90eaee7dfb3ed614fe061db5	e3b0c44298fc1c149afbf4c8996fb92427ae41e4649b934ca495991b7852b855
tests/fixtures/stable_codegen.slim	1288	0	13833	9063ed9f9fa5fccf9d43a13344e38d9abfc0f23a90eaee7dfb3ed614fe061db5	e3b0c44298fc1c149afbf4c8996fb92427ae41e4649b934ca495991b7852b855
tests/fixtures/stable_codegen.slim	1289	0	13833	9063ed9f9fa5fccf9d43a13344e38d9abfc0f23a90eaee7dfb3ed614fe061db5	e3b0c44298fc1c149afbf4c8996fb92427ae41e4649b934ca495991b7852b855
tests/fixtures/stable_codegen.slim	1290	0	13833	9063ed9f9fa5fccf9d43a13344e38d9abfc0f23a90eaee7dfb3ed614fe061db5	e3b0c44298fc1c149afbf4c8996fb92427ae41e4649b934ca495991b7852b855
tests/fixtures/stable_codegen.slim	1291	0	13833	9063ed9f9fa5fccf9d43a13344e38d9abfc0f23a90eaee7dfb3ed614fe061db5	e3b0c44298fc1c149afbf4c8996fb92427ae41e4649b934ca495991b7852b855
tests/fixtures/stable_codegen.slim	1292	0	13833	9063ed9f9fa5fccf9d43a13344e38d9abfc0f23a90eaee7dfb3ed614fe061db5	e3b0c44298fc1c149afbf4c8996fb92427ae41e4649b934ca495991b7852b855
tests/fixtures/stable_codegen.slim	1293	0	13833	9063ed9f9fa5fccf9d43a13344e38d9abfc0f23a90eaee7dfb3ed614fe061db5	e3b0c44298fc1c149afbf4c8996fb92427ae41e4649b934ca495991b7852b855
tests/fixtures/stable_codegen.slim	1294	0	13833	9063ed9f9fa5fccf9d43a13344e38d9abfc0f23a90eaee7dfb3ed614fe061db5	e3b0c44298fc1c149afbf4c8996fb92427ae41e4649b934ca495991b7852b855
tests/fixtures/stable_codegen.slim	1295	0	13833	9063ed9f9fa5fccf9d43a13344e38d9abfc0f23a90eaee7dfb3ed614fe061db5	e3b0c44298fc1c149afbf4c8996fb92427ae41e4649b934ca495991b7852b855
tests/fixtures/stable_codegen.slim	1296	0	13833	9063ed9f9fa5fccf9d43a13344e38d9abfc0f23a90eaee7dfb3ed614fe061db5	e3b0c44298fc1c149afbf4c8996fb92427ae41e4649b934ca495991b7852b855
tests/fixtures/stable_codegen.slim	1297	0	13833	9063ed9f9fa5fccf9d43a13344e38d9abfc0f23a90eaee7dfb3ed614fe061db5	e3b0c44298fc1c149afbf4c8996fb92427ae41e4649b934ca495991b7852b855
tests/fixtures/stable_codegen.slim	1298	0	13833	9063ed9f9fa5fccf9d43a13344e38d9abfc0f23a90eaee7dfb3ed614fe061db5	e3b0c44298fc1c149afbf4c8996fb92427ae41e4649b934ca495991b7852b855
tests/fixtures/stable_codegen.slim	1299	0	13833	9063ed9f9fa5fccf9d43a13344e38d9abfc0f23a90eaee7dfb3ed614fe061db5	e3b0c44298fc1c149afbf4c8996fb92427ae41e4649b934ca495991b7852b855
tests/fixtures/stable_codegen.slim	1300	0	13833	9063ed9f9fa5fccf9d43a13344e38d9abfc0f23a90eaee7dfb3ed614fe061db5	e3b0c44298fc1c149afbf4c8996fb92427ae41e4649b934ca495991b7852b855
tests/fixtures/stable_codegen.slim	1301	0	13833	9063ed9f9fa5fccf9d43a13344e38d9abfc0f23a90eaee7dfb3ed614fe061db5	e3b0c44298fc1c149afbf4c8996fb92427ae41e4649b934ca495991b7852b855
tests/fixtures/stable_codegen.slim	1302	0	13833	9063ed9f9fa5fccf9d43a13344e38d9abfc0f23a90eaee7dfb3ed614fe061db5	e3b0c44298fc1c149afbf4c8996fb92427ae41e4649b934ca495991b7852b855
tests/fixtures/stable_codegen.slim	1303	0	13833	9063ed9f9fa5fccf9d43a13344e38d9abfc0f23a90eaee7dfb3ed614fe061db5	e3b0c44298fc1c149afbf4c8996fb92427ae41e4649b934ca495991b7852b855
tests/fixtures/stable_codegen.slim	1304	0	13833	9063ed9f9fa5fccf9d43a13344e38d9abfc0f23a90eaee7dfb3ed614fe061db5	e3b0c44298fc1c149afbf4c8996fb92427ae41e4649b934ca495991b7852b855
tests/fixtures/stable_codegen.slim	1305	0	13833	9063ed9f9fa5fccf9d43a13344e38d9abfc0f23a90eaee7dfb3ed614fe061db5	e3b0c44298fc1c149afbf4c8996fb92427ae41e4649b934ca495991b7852b855
tests/fixtures/stable_codegen.slim	1306	0	13833	9063ed9f9fa5fccf9d43a13344e38d9abfc0f23a90eaee7dfb3ed614fe061db5	e3b0c44298fc1c149afbf4c8996fb92427ae41e4649b934ca495991b7852b855
tests/fixtures/stable_codegen.slim	1307	0	13833	9063ed9f9fa5fccf9d43a13344e38d9abfc0f23a90eaee7dfb3ed614fe061db5	e3b0c44298fc1c149afbf4c8996fb92427ae41e4649b934ca495991b7852b855
tests/fixtures/stable_codegen.slim	1308	0	13833	9063ed9f9fa5fccf9d43a13344e38d9abfc0f23a90eaee7dfb3ed614fe061db5	e3b0c44298fc1c149afbf4c8996fb92427ae41e4649b934ca495991b7852b855
tests/fixtures/stable_codegen.slim	1309	0	13833	9063ed9f9fa5fccf9d43a13344e38d9abfc0f23a90eaee7dfb3ed614fe061db5	e3b0c44298fc1c149afbf4c8996fb92427ae41e4649b934ca495991b7852b855
tests/fixtures/stable_codegen.slim	1310	0	13833	9063ed9f9fa5fccf9d43a13344e38d9abfc0f23a90eaee7dfb3ed614fe061db5	e3b0c44298fc1c149afbf4c8996fb92427ae41e4649b934ca495991b7852b855
tests/fixtures/stable_codegen.slim	1311	0	13833	9063ed9f9fa5fccf9d43a13344e38d9abfc0f23a90eaee7dfb3ed614fe061db5	e3b0c44298fc1c149afbf4c8996fb92427ae41e4649b934ca495991b7852b855
tests/fixtures/stable_codegen.slim	1312	0	13833	9063ed9f9fa5fccf9d43a13344e38d9abfc0f23a90eaee7dfb3ed614fe061db5	e3b0c44298fc1c149afbf4c8996fb92427ae41e4649b934ca495991b7852b855
tests/fixtures/stable_codegen.slim	1313	0	13833	9063ed9f9fa5fccf9d43a13344e38d9abfc0f23a90eaee7dfb3ed614fe061db5	e3b0c44298fc1c149afbf4c8996fb92427ae41e4649b934ca495991b7852b855
tests/fixtures/stable_codegen.slim	1314	0	13833	9063ed9f9fa5fccf9d43a13344e38d9abfc0f23a90eaee7dfb3ed614fe061db5	e3b0c44298fc1c149afbf4c8996fb92427ae41e4649b934ca495991b7852b855
tests/fixtures/stable_codegen.slim	1315	0	13833	9063ed9f9fa5fccf9d43a13344e38d9abfc0f23a90eaee7dfb3ed614fe061db5	e3b0c44298fc1c149afbf4c8996fb92427ae41e4649b934ca495991b7852b855
tests/fixtures/stable_codegen.slim	1316	0	13833	9063ed9f9fa5fccf9d43a13344e38d9abfc0f23a90eaee7dfb3ed614fe061db5	e3b0c44298fc1c149afbf4c8996fb92427ae41e4649b934ca495991b7852b855
tests/fixtures/stable_codegen.slim	1317	0	13833	9063ed9f9fa5fccf9d43a13344e38d9abfc0f23a90eaee7dfb3ed614fe061db5	e3b0c44298fc1c149afbf4c8996fb92427ae41e4649b934ca495991b7852b855
tests/fixtures/stable_codegen.slim	1318	0	13833	9063ed9f9fa5fccf9d43a13344e38d9abfc0f23a90eaee7dfb3ed614fe061db5	e3b0c44298fc1c149afbf4c8996fb92427ae41e4649b934ca495991b7852b855
tests/fixtures/stable_codegen.slim	1319	0	13833	9063ed9f9fa5fccf9d43a13344e38d9abfc0f23a90eaee7dfb3ed614fe061db5	e3b0c44298fc1c149afbf4c8996fb92427ae41e4649b934ca495991b7852b855
tests/fixtures/stable_codegen.slim	1320	0	13833	9063ed9f9fa5fccf9d43a13344e38d9abfc0f23a90eaee7dfb3ed614fe061db5	e3b0c44298fc1c149afbf4c8996fb92427ae41e4649b934ca495991b7852b855
tests/fixtures/stable_codegen.slim	1321	0	13833	9063ed9f9fa5fccf9d43a13344e38d9abfc0f23a90eaee7dfb3ed614fe061db5	e3b0c44298fc1c149afbf4c8996fb92427ae41e4649b934ca495991b7852b855
tests/fixtures/stable_codegen.slim	1322	0	13833	9063ed9f9fa5fccf9d43a13344e38d9abfc0f23a90eaee7dfb3ed614fe061db5	e3b0c44298fc1c149afbf4c8996fb92427ae41e4649b934ca495991b7852b855
tests/fixtures/stable_codegen.slim	1323	0	13833	9063ed9f9fa5fccf9d43a13344e38d9abfc0f23a90eaee7dfb3ed614fe061db5	e3b0c44298fc1c149afbf4c8996fb92427ae41e4649b934ca495991b7852b855
tests/fixtures/stable_codegen.slim	1324	0	13833	9063ed9f9fa5fccf9d43a13344e38d9abfc0f23a90eaee7dfb3ed614fe061db5	e3b0c44298fc1c149afbf4c8996fb92427ae41e4649b934ca495991b7852b855
tests/fixtures/stable_codegen.slim	1325	0	13833	9063ed9f9fa5fccf9d43a13344e38d9abfc0f23a90eaee7dfb3ed614fe061db5	e3b0c44298fc1c149afbf4c8996fb92427ae41e4649b934ca495991b7852b855
tests/fixtures/stable_codegen.slim	1326	0	13833	9063ed9f9fa5fccf9d43a13344e38d9abfc0f23a90eaee7dfb3ed614fe061db5	e3b0c44298fc1c149afbf4c8996fb92427ae41e4649b934ca495991b7852b855
tests/fixtures/stable_codegen.slim	1327	0	13833	9063ed9f9fa5fccf9d43a13344e38d9abfc0f23a90eaee7dfb3ed614fe061db5	e3b0c44298fc1c149afbf4c8996fb92427ae41e4649b934ca495991b7852b855
tests/fixtures/stable_codegen.slim	1328	0	13833	9063ed9f9fa5fccf9d43a13344e38d9abfc0f23a90eaee7dfb3ed614fe061db5	e3b0c44298fc1c149afbf4c8996fb92427ae41e4649b934ca495991b7852b855
tests/fixtures/stable_codegen.slim	1329	0	13833	9063ed9f9fa5fccf9d43a13344e38d9abfc0f23a90eaee7dfb3ed614fe061db5	e3b0c44298fc1c149afbf4c8996fb92427ae41e4649b934ca495991b7852b855
tests/fixtures/stable_codegen.slim	1330	0	13833	9063ed9f9fa5fccf9d43a13344e38d9abfc0f23a90eaee7dfb3ed614fe061db5	e3b0c44298fc1c149afbf4c8996fb92427ae41e4649b934ca495991b7852b855
tests/fixtures/stable_codegen.slim	1331	0	13833	9063ed9f9fa5fccf9d43a13344e38d9abfc0f23a90eaee7dfb3ed614fe061db5	e3b0c44298fc1c149afbf4c8996fb92427ae41e4649b934ca495991b7852b855
tests/fixtures/stable_codegen.slim	1332	0	13833	9063ed9f9fa5fccf9d43a13344e38d9abfc0f23a90eaee7dfb3ed614fe061db5	e3b0c44298fc1c149afbf4c8996fb92427ae41e4649b934ca495991b7852b855
tests/fixtures/stable_codegen.slim	1333	0	13833	9063ed9f9fa5fccf9d43a13344e38d9abfc0f23a90eaee7dfb3ed614fe061db5	e3b0c44298fc1c149afbf4c8996fb92427ae41e4649b934ca495991b7852b855
tests/fixtures/stable_codegen.slim	1334	0	13833	9063ed9f9fa5fccf9d43a13344e38d9abfc0f23a90eaee7dfb3ed614fe061db5	e3b0c44298fc1c149afbf4c8996fb92427ae41e4649b934ca495991b7852b855
tests/fixtures/stable_codegen.slim	1335	0	13833	9063ed9f9fa5fccf9d43a13344e38d9abfc0f23a90eaee7dfb3ed614fe061db5	e3b0c44298fc1c149afbf4c8996fb92427ae41e4649b934ca495991b7852b855
tests/fixtures/stable_codegen.slim	1336	0	13833	9063ed9f9fa5fccf9d43a13344e38d9abfc0f23a90eaee7dfb3ed614fe061db5	e3b0c44298fc1c149afbf4c8996fb92427ae41e4649b934ca495991b7852b855
tests/fixtures/stable_codegen.slim	1337	0	13833	9063ed9f9fa5fccf9d43a13344e38d9abfc0f23a90eaee7dfb3ed614fe061db5	e3b0c44298fc1c149afbf4c8996fb92427ae41e4649b934ca495991b7852b855
tests/fixtures/stable_codegen.slim	1338	0	13833	9063ed9f9fa5fccf9d43a13344e38d9abfc0f23a90eaee7dfb3ed614fe061db5	e3b0c44298fc1c149afbf4c8996fb92427ae41e4649b934ca495991b7852b855
tests/fixtures/stable_codegen.slim	1339	0	13833	9063ed9f9fa5fccf9d43a13344e38d9abfc0f23a90eaee7dfb3ed614fe061db5	e3b0c44298fc1c149afbf4c8996fb92427ae41e4649b934ca495991b7852b855
tests/fixtures/stable_codegen.slim	1340	0	13833	9063ed9f9fa5fccf9d43a13344e38d9abfc0f23a90eaee7dfb3ed614fe061db5	e3b0c44298fc1c149afbf4c8996fb92427ae41e4649b934ca495991b7852b855
tests/fixtures/stable_codegen.slim	1341	0	13833	9063ed9f9fa5fccf9d43a13344e38d9abfc0f23a90eaee7dfb3ed614fe061db5	e3b0c44298fc1c149afbf4c8996fb92427ae41e4649b934ca495991b7852b855
tests/fixtures/stable_codegen.slim	1342	0	13833	9063ed9f9fa5fccf9d43a13344e38d9abfc0f23a90eaee7dfb3ed614fe061db5	e3b0c44298fc1c149afbf4c8996fb92427ae41e4649b934ca495991b7852b855
tests/fixtures/stable_codegen.slim	1343	0	13833	9063ed9f9fa5fccf9d43a13344e38d9abfc0f23a90eaee7dfb3ed614fe061db5	e3b0c44298fc1c149afbf4c8996fb92427ae41e4649b934ca495991b7852b855
tests/fixtures/stable_codegen.slim	1344	0	13833	9063ed9f9fa5fccf9d43a13344e38d9abfc0f23a90eaee7dfb3ed614fe061db5	e3b0c44298fc1c149afbf4c8996fb92427ae41e4649b934ca495991b7852b855
tests/fixtures/stable_codegen.slim	1345	0	13833	9063ed9f9fa5fccf9d43a13344e38d9abfc0f23a90eaee7dfb3ed614fe061db5	e3b0c44298fc1c149afbf4c8996fb92427ae41e4649b934ca495991b7852b855
tests/fixtures/stable_codegen.slim	1346	0	13833	9063ed9f9fa5fccf9d43a13344e38d9abfc0f23a90eaee7dfb3ed614fe061db5	e3b0c44298fc1c149afbf4c8996fb92427ae41e4649b934ca495991b7852b855
tests/fixtures/stable_codegen.slim	1347	0	13833	9063ed9f9fa5fccf9d43a13344e38d9abfc0f23a90eaee7dfb3ed614fe061db5	e3b0c44298fc1c149afbf4c8996fb92427ae41e4649b934ca495991b7852b855
tests/fixtures/stable_codegen.slim	1348	0	13833	9063ed9f9fa5fccf9d43a13344e38d9abfc0f23a90eaee7dfb3ed614fe061db5	e3b0c44298fc1c149afbf4c8996fb92427ae41e4649b934ca495991b7852b855
tests/fixtures/stable_codegen.slim	1349	0	13833	9063ed9f9fa5fccf9d43a13344e38d9abfc0f23a90eaee7dfb3ed614fe061db5	e3b0c44298fc1c149afbf4c8996fb92427ae41e4649b934ca495991b7852b855
tests/fixtures/stable_codegen.slim	1350	0	13833	9063ed9f9fa5fccf9d43a13344e38d9abfc0f23a90eaee7dfb3ed614fe061db5	e3b0c44298fc1c149afbf4c8996fb92427ae41e4649b934ca495991b7852b855
tests/fixtures/stable_codegen.slim	1351	0	13833	9063ed9f9fa5fccf9d43a13344e38d9abfc0f23a90eaee7dfb3ed614fe061db5	e3b0c44298fc1c149afbf4c8996fb92427ae41e4649b934ca495991b7852b855
tests/fixtures/stable_codegen.slim	1352	0	13833	9063ed9f9fa5fccf9d43a13344e38d9abfc0f23a90eaee7dfb3ed614fe061db5	e3b0c44298fc1c149afbf4c8996fb92427ae41e4649b934ca495991b7852b855
tests/fixtures/stable_codegen.slim	1353	0	13833	9063ed9f9fa5fccf9d43a13344e38d9abfc0f23a90eaee7dfb3ed614fe061db5	e3b0c44298fc1c149afbf4c8996fb92427ae41e4649b934ca495991b7852b855
tests/fixtures/stable_codegen.slim	1354	0	13833	9063ed9f9fa5fccf9d43a13344e38d9abfc0f23a90eaee7dfb3ed614fe061db5	e3b0c44298fc1c149afbf4c8996fb92427ae41e4649b934ca495991b7852b855
tests/fixtures/stable_codegen.slim	1355	0	13833	9063ed9f9fa5fccf9d43a13344e38d9abfc0f23a90eaee7dfb3ed614fe061db5	e3b0c44298fc1c149afbf4c8996fb92427ae41e4649b934ca495991b7852b855
tests/fixtures/stable_codegen.slim	1356	0	13833	9063ed9f9fa5fccf9d43a13344e38d9abfc0f23a90eaee7dfb3ed614fe061db5	e3b0c44298fc1c149afbf4c8996fb92427ae41e4649b934ca495991b7852b855
tests/fixtures/stable_codegen.slim	1357	0	13833	9063ed9f9fa5fccf9d43a13344e38d9abfc0f23a90eaee7dfb3ed614fe061db5	e3b0c44298fc1c149afbf4c8996fb92427ae41e4649b934ca495991b7852b855
tests/fixtures/stable_codegen.slim	1358	0	13833	9063ed9f9fa5fccf9d43a13344e38d9abfc0f23a90eaee7dfb3ed614fe061db5	e3b0c44298fc1c149afbf4c8996fb92427ae41e4649b934ca495991b7852b855
tests/fixtures/stable_codegen.slim	1359	0	13833	9063ed9f9fa5fccf9d43a13344e38d9abfc0f23a90eaee7dfb3ed614fe061db5	e3b0c44298fc1c149afbf4c8996fb92427ae41e4649b934ca495991b7852b855
tests/fixtures/stable_codegen.slim	1360	0	13833	9063ed9f9fa5fccf9d43a13344e38d9abfc0f23a90eaee7dfb3ed614fe061db5	e3b0c44298fc1c149afbf4c8996fb92427ae41e4649b934ca495991b7852b855
tests/fixtures/stable_codegen.slim	1361	0	13833	9063ed9f9fa5fccf9d43a13344e38d9abfc0f23a90eaee7dfb3ed614fe061db5	e3b0c44298fc1c149afbf4c8996fb92427ae41e4649b934ca495991b7852b855
tests/fixtures/stable_codegen.slim	1362	0	13833	9063ed9f9fa5fccf9d43a13344e38d9abfc0f23a90eaee7dfb3ed614fe061db5	e3b0c44298fc1c149afbf4c8996fb92427ae41e4649b934ca495991b7852b855
tests/fixtures/stable_codegen.slim	1363	0	13833	9063ed9f9fa5fccf9d43a13344e38d9abfc0f23a90eaee7dfb3ed614fe061db5	e3b0c44298fc1c149afbf4c8996fb92427ae41e4649b934ca495991b7852b855
tests/fixtures/stable_codegen.slim	1364	0	13833	9063ed9f9fa5fccf9d43a13344e38d9abfc0f23a90eaee7dfb3ed614fe061db5	e3b0c44298fc1c149afbf4c8996fb92427ae41e4649b934ca495991b7852b855
tests/fixtures/stable_codegen.slim	1365	0	13833	9063ed9f9fa5fccf9d43a13344e38d9abfc0f23a90eaee7dfb3ed614fe061db5	e3b0c44298fc1c149afbf4c8996fb92427ae41e4649b934ca495991b7852b855
tests/fixtures/stable_codegen.slim	1366	0	13833	9063ed9f9fa5fccf9d43a13344e38d9abfc0f23a90eaee7dfb3ed614fe061db5	e3b0c44298fc1c149afbf4c8996fb92427ae41e4649b934ca495991b7852b855
tests/fixtures/stable_codegen.slim	1367	0	13833	9063ed9f9fa5fccf9d43a13344e38d9abfc0f23a90eaee7dfb3ed614fe061db5	e3b0c44298fc1c149afbf4c8996fb92427ae41e4649b934ca495991b7852b855
tests/fixtures/stable_codegen.slim	1368	0	13833	9063ed9f9fa5fccf9d43a13344e38d9abfc0f23a90eaee7dfb3ed614fe061db5	e3b0c44298fc1c149afbf4c8996fb92427ae41e4649b934ca495991b7852b855
tests/fixtures/stable_codegen.slim	1369	0	13833	9063ed9f9fa5fccf9d43a13344e38d9abfc0f23a90eaee7dfb3ed614fe061db5	e3b0c44298fc1c149afbf4c8996fb92427ae41e4649b934ca495991b7852b855
tests/fixtures/stable_codegen.slim	1370	0	13833	9063ed9f9fa5fccf9d43a13344e38d9abfc0f23a90eaee7dfb3ed614fe061db5	e3b0c44298fc1c149afbf4c8996fb92427ae41e4649b934ca495991b7852b855
tests/fixtures/stable_codegen.slim	1371	0	13833	9063ed9f9fa5fccf9d43a13344e38d9abfc0f23a90eaee7dfb3ed614fe061db5	e3b0c44298fc1c149afbf4c8996fb92427ae41e4649b934ca495991b7852b855
tests/fixtures/stable_codegen.slim	1372	0	13833	9063ed9f9fa5fccf9d43a13344e38d9abfc0f23a90eaee7dfb3ed614fe061db5	e3b0c44298fc1c149afbf4c8996fb92427ae41e4649b934ca495991b7852b855
tests/fixtures/stable_codegen.slim	1373	0	13833	9063ed9f9fa5fccf9d43a13344e38d9abfc0f23a90eaee7dfb3ed614fe061db5	e3b0c44298fc1c149afbf4c8996fb92427ae41e4649b934ca495991b7852b855
tests/fixtures/stable_codegen.slim	1374	0	13833	9063ed9f9fa5fccf9d43a13344e38d9abfc0f23a90eaee7dfb3ed614fe061db5	e3b0c44298fc1c149afbf4c8996fb92427ae41e4649b934ca495991b7852b855
tests/fixtures/stable_codegen.slim	1375	0	13833	9063ed9f9fa5fccf9d43a13344e38d9abfc0f23a90eaee7dfb3ed614fe061db5	e3b0c44298fc1c149afbf4c8996fb92427ae41e4649b934ca495991b7852b855
tests/fixtures/stable_codegen.slim	1376	0	13833	9063ed9f9fa5fccf9d43a13344e38d9abfc0f23a90eaee7dfb3ed614fe061db5	e3b0c44298fc1c149afbf4c8996fb92427ae41e4649b934ca495991b7852b855
tests/fixtures/stable_codegen.slim	1377	0	13833	9063ed9f9fa5fccf9d43a13344e38d9abfc0f23a90eaee7dfb3ed614fe061db5	e3b0c44298fc1c149afbf4c8996fb92427ae41e4649b934ca495991b7852b855
tests/fixtures/stable_codegen.slim	1378	0	13833	9063ed9f9fa5fccf9d43a13344e38d9abfc0f23a90eaee7dfb3ed614fe061db5	e3b0c44298fc1c149afbf4c8996fb92427ae41e4649b934ca495991b7852b855
tests/fixtures/stable_codegen.slim	1379	0	13833	9063ed9f9fa5fccf9d43a13344e38d9abfc0f23a90eaee7dfb3ed614fe061db5	e3b0c44298fc1c149afbf4c8996fb92427ae41e4649b934ca495991b7852b855
tests/fixtures/stable_codegen.slim	1380	0	13833	9063ed9f9fa5fccf9d43a13344e38d9abfc0f23a90eaee7dfb3ed614fe061db5	e3b0c44298fc1c149afbf4c8996fb92427ae41e4649b934ca495991b7852b855
tests/fixtures/stable_codegen.slim	1381	0	13833	9063ed9f9fa5fccf9d43a13344e38d9abfc0f23a90eaee7dfb3ed614fe061db5	e3b0c44298fc1c149afbf4c8996fb92427ae41e4649b934ca495991b7852b855
tests/fixtures/stable_codegen.slim	1382	0	13833	9063ed9f9fa5fccf9d43a13344e38d9abfc0f23a90eaee7dfb3ed614fe061db5	e3b0c44298fc1c149afbf4c8996fb92427ae41e4649b934ca495991b7852b855
tests/fixtures/stable_codegen.slim	1383	0	13833	9063ed9f9fa5fccf9d43a13344e38d9abfc0f23a90eaee7dfb3ed614fe061db5	e3b0c44298fc1c149afbf4c8996fb92427ae41e4649b934ca495991b7852b855
tests/fixtures/stable_codegen.slim	1384	0	13833	9063ed9f9fa5fccf9d43a13344e38d9abfc0f23a90eaee7dfb3ed614fe061db5	e3b0c44298fc1c149afbf4c8996fb92427ae41e4649b934ca495991b7852b855
tests/fixtures/stable_codegen.slim	1385	0	13833	9063ed9f9fa5fccf9d43a13344e38d9abfc0f23a90eaee7dfb3ed614fe061db5	e3b0c44298fc1c149afbf4c8996fb92427ae41e4649b934ca495991b7852b855
tests/fixtures/stable_codegen.slim	1386	0	13833	9063ed9f9fa5fccf9d43a13344e38d9abfc0f23a90eaee7dfb3ed614fe061db5	e3b0c44298fc1c149afbf4c8996fb92427ae41e4649b934ca495991b7852b855
tests/fixtures/stable_codegen.slim	1387	0	13833	9063ed9f9fa5fccf9d43a13344e38d9abfc0f23a90eaee7dfb3ed614fe061db5	e3b0c44298fc1c149afbf4c8996fb92427ae41e4649b934ca495991b7852b855
tests/fixtures/stable_codegen.slim	1388	0	13833	9063ed9f9fa5fccf9d43a13344e38d9abfc0f23a90eaee7dfb3ed614fe061db5	e3b0c44298fc1c149afbf4c8996fb92427ae41e4649b934ca495991b7852b855
tests/fixtures/stable_codegen.slim	1389	0	13833	9063ed9f9fa5fccf9d43a13344e38d9abfc0f23a90eaee7dfb3ed614fe061db5	e3b0c44298fc1c149afbf4c8996fb92427ae41e4649b934ca495991b7852b855
tests/fixtures/stable_codegen.slim	1390	0	13833	9063ed9f9fa5fccf9d43a13344e38d9abfc0f23a90eaee7dfb3ed614fe061db5	e3b0c44298fc1c149afbf4c8996fb92427ae41e4649b934ca495991b7852b855
tests/fixtures/stable_codegen.slim	1391	0	13833	9063ed9f9fa5fccf9d43a13344e38d9abfc0f23a90eaee7dfb3ed614fe061db5	e3b0c44298fc1c149afbf4c8996fb92427ae41e4649b934ca495991b7852b855
tests/fixtures/stable_codegen.slim	1392	0	13833	9063ed9f9fa5fccf9d43a13344e38d9abfc0f23a90eaee7dfb3ed614fe061db5	e3b0c44298fc1c149afbf4c8996fb92427ae41e4649b934ca495991b7852b855
tests/fixtures/stable_codegen.slim	1393	0	13833	9063ed9f9fa5fccf9d43a13344e38d9abfc0f23a90eaee7dfb3ed614fe061db5	e3b0c44298fc1c149afbf4c8996fb92427ae41e4649b934ca495991b7852b855
tests/fixtures/stable_codegen.slim	1394	0	13833	9063ed9f9fa5fccf9d43a13344e38d9abfc0f23a90eaee7dfb3ed614fe061db5	e3b0c44298fc1c149afbf4c8996fb92427ae41e4649b934ca495991b7852b855
tests/fixtures/stable_codegen.slim	1395	0	13833	9063ed9f9fa5fccf9d43a13344e38d9abfc0f23a90eaee7dfb3ed614fe061db5	e3b0c44298fc1c149afbf4c8996fb92427ae41e4649b934ca495991b7852b855
tests/fixtures/stable_codegen.slim	1396	0	13833	9063ed9f9fa5fccf9d43a13344e38d9abfc0f23a90eaee7dfb3ed614fe061db5	e3b0c44298fc1c149afbf4c8996fb92427ae41e4649b934ca495991b7852b855
tests/fixtures/stable_codegen.slim	1397	0	13833	9063ed9f9fa5fccf9d43a13344e38d9abfc0f23a90eaee7dfb3ed614fe061db5	e3b0c44298fc1c149afbf4c8996fb92427ae41e4649b934ca495991b7852b855
tests/fixtures/stable_codegen.slim	1398	0	13833	9063ed9f9fa5fccf9d43a13344e38d9abfc0f23a90eaee7dfb3ed614fe061db5	e3b0c44298fc1c149afbf4c8996fb92427ae41e4649b934ca495991b7852b855
tests/fixtures/stable_codegen.slim	1399	0	13833	9063ed9f9fa5fccf9d43a13344e38d9abfc0f23a90eaee7dfb3ed614fe061db5	e3b0c44298fc1c149afbf4c8996fb92427ae41e4649b934ca495991b7852b855
tests/fixtures/stable_codegen.slim	1400	0	13833	9063ed9f9fa5fccf9d43a13344e38d9abfc0f23a90eaee7dfb3ed614fe061db5	e3b0c44298fc1c149afbf4c8996fb92427ae41e4649b934ca495991b7852b855
tests/fixtures/stable_codegen.slim	1401	0	13833	9063ed9f9fa5fccf9d43a13344e38d9abfc0f23a90eaee7dfb3ed614fe061db5	e3b0c44298fc1c149afbf4c8996fb92427ae41e4649b934ca495991b7852b855
tests/fixtures/stable_codegen.slim	1402	0	13833	9063ed9f9fa5fccf9d43a13344e38d9abfc0f23a90eaee7dfb3ed614fe061db5	e3b0c44298fc1c149afbf4c8996fb92427ae41e4649b934ca495991b7852b855
tests/fixtures/stable_codegen.slim	1403	0	13833	9063ed9f9fa5fccf9d43a13344e38d9abfc0f23a90eaee7dfb3ed614fe061db5	e3b0c44298fc1c149afbf4c8996fb92427ae41e4649b934ca495991b7852b855
tests/fixtures/stable_codegen.slim	1404	0	13833	9063ed9f9fa5fccf9d43a13344e38d9abfc0f23a90eaee7dfb3ed614fe061db5	e3b0c44298fc1c149afbf4c8996fb92427ae41e4649b934ca495991b7852b855
tests/fixtures/stable_codegen.slim	1405	0	13833	9063ed9f9fa5fccf9d43a13344e38d9abfc0f23a90eaee7dfb3ed614fe061db5	e3b0c44298fc1c149afbf4c8996fb92427ae41e4649b934ca495991b7852b855
tests/fixtures/stable_codegen.slim	1406	0	13833	9063ed9f9fa5fccf9d43a13344e38d9abfc0f23a90eaee7dfb3ed614fe061db5	e3b0c44298fc1c149afbf4c8996fb92427ae41e4649b934ca495991b7852b855
tests/fixtures/stable_codegen.slim	1407	0	13833	9063ed9f9fa5fccf9d43a13344e38d9abfc0f23a90eaee7dfb3ed614fe061db5	e3b0c44298fc1c149afbf4c8996fb92427ae41e4649b934ca495991b7852b855
tests/fixtures/stable_codegen.slim	1408	0	13833	9063ed9f9fa5fccf9d43a13344e38d9abfc0f23a90eaee7dfb3ed614fe061db5	e3b0c44298fc1c149afbf4c8996fb92427ae41e4649b934ca495991b7852b855
tests/fixtures/stable_codegen.slim	1409	0	13833	9063ed9f9fa5fccf9d43a13344e38d9abfc0f23a90eaee7dfb3ed614fe061db5	e3b0c44298fc1c149afbf4c8996fb92427ae41e4649b934ca495991b7852b855
tests/fixtures/stable_codegen.slim	1410	0	13833	9063ed9f9fa5fccf9d43a13344e38d9abfc0f23a90eaee7dfb3ed614fe061db5	e3b0c44298fc1c149afbf4c8996fb92427ae41e4649b934ca495991b7852b855
tests/fixtures/stable_codegen.slim	1411	0	13833	9063ed9f9fa5fccf9d43a13344e38d9abfc0f23a90eaee7dfb3ed614fe061db5	e3b0c44298fc1c149afbf4c8996fb92427ae41e4649b934ca495991b7852b855
tests/fixtures/stable_codegen.slim	1412	0	13833	9063ed9f9fa5fccf9d43a13344e38d9abfc0f23a90eaee7dfb3ed614fe061db5	e3b0c44298fc1c149afbf4c8996fb92427ae41e4649b934ca495991b7852b855
tests/fixtures/stable_codegen.slim	1413	0	13833	9063ed9f9fa5fccf9d43a13344e38d9abfc0f23a90eaee7dfb3ed614fe061db5	e3b0c44298fc1c149afbf4c8996fb92427ae41e4649b934ca495991b7852b855
tests/fixtures/stable_codegen.slim	1414	0	13833	9063ed9f9fa5fccf9d43a13344e38d9abfc0f23a90eaee7dfb3ed614fe061db5	e3b0c44298fc1c149afbf4c8996fb92427ae41e4649b934ca495991b7852b855
tests/fixtures/stable_codegen.slim	1415	0	13833	9063ed9f9fa5fccf9d43a13344e38d9abfc0f23a90eaee7dfb3ed614fe061db5	e3b0c44298fc1c149afbf4c8996fb92427ae41e4649b934ca495991b7852b855
tests/fixtures/stable_codegen.slim	1416	0	13833	9063ed9f9fa5fccf9d43a13344e38d9abfc0f23a90eaee7dfb3ed614fe061db5	e3b0c44298fc1c149afbf4c8996fb92427ae41e4649b934ca495991b7852b855
tests/fixtures/stable_codegen.slim	1417	0	13833	9063ed9f9fa5fccf9d43a13344e38d9abfc0f23a90eaee7dfb3ed614fe061db5	e3b0c44298fc1c149afbf4c8996fb92427ae41e4649b934ca495991b7852b855
tests/fixtures/stable_codegen.slim	1418	0	13833	9063ed9f9fa5fccf9d43a13344e38d9abfc0f23a90eaee7dfb3ed614fe061db5	e3b0c44298fc1c149afbf4c8996fb92427ae41e4649b934ca495991b7852b855
tests/fixtures/stable_codegen.slim	1419	0	13833	9063ed9f9fa5fccf9d43a13344e38d9abfc0f23a90eaee7dfb3ed614fe061db5	e3b0c44298fc1c149afbf4c8996fb92427ae41e4649b934ca495991b7852b855
tests/fixtures/stable_codegen.slim	1420	0	13833	9063ed9f9fa5fccf9d43a13344e38d9abfc0f23a90eaee7dfb3ed614fe061db5	e3b0c44298fc1c149afbf4c8996fb92427ae41e4649b934ca495991b7852b855
tests/fixtures/stable_codegen.slim	1421	0	13833	9063ed9f9fa5fccf9d43a13344e38d9abfc0f23a90eaee7dfb3ed614fe061db5	e3b0c44298fc1c149afbf4c8996fb92427ae41e4649b934ca495991b7852b855
tests/fixtures/stable_codegen.slim	1422	0	13833	9063ed9f9fa5fccf9d43a13344e38d9abfc0f23a90eaee7dfb3ed614fe061db5	e3b0c44298fc1c149afbf4c8996fb92427ae41e4649b934ca495991b7852b855
tests/fixtures/stable_codegen.slim	1423	0	13833	9063ed9f9fa5fccf9d43a13344e38d9abfc0f23a90eaee7dfb3ed614fe061db5	e3b0c44298fc1c149afbf4c8996fb92427ae41e4649b934ca495991b7852b855
tests/fixtures/stable_codegen.slim	1424	0	13833	9063ed9f9fa5fccf9d43a13344e38d9abfc0f23a90eaee7dfb3ed614fe061db5	e3b0c44298fc1c149afbf4c8996fb92427ae41e4649b934ca495991b7852b855
tests/fixtures/stable_codegen.slim	1425	0	13833	9063ed9f9fa5fccf9d43a13344e38d9abfc0f23a90eaee7dfb3ed614fe061db5	e3b0c44298fc1c149afbf4c8996fb92427ae41e4649b934ca495991b7852b855
tests/fixtures/stable_codegen.slim	1426	0	13833	9063ed9f9fa5fccf9d43a13344e38d9abfc0f23a90eaee7dfb3ed614fe061db5	e3b0c44298fc1c149afbf4c8996fb92427ae41e4649b934ca495991b7852b855
tests/fixtures/stable_codegen.slim	1427	0	13833	9063ed9f9fa5fccf9d43a13344e38d9abfc0f23a90eaee7dfb3ed614fe061db5	e3b0c44298fc1c149afbf4c8996fb92427ae41e4649b934ca495991b7852b855
tests/fixtures/stable_codegen.slim	1428	0	13833	9063ed9f9fa5fccf9d43a13344e38d9abfc0f23a90eaee7dfb3ed614fe061db5	e3b0c44298fc1c149afbf4c8996fb92427ae41e4649b934ca495991b7852b855
tests/fixtures/stable_codegen.slim	1429	0	13833	9063ed9f9fa5fccf9d43a13344e38d9abfc0f23a90eaee7dfb3ed614fe061db5	e3b0c44298fc1c149afbf4c8996fb92427ae41e4649b934ca495991b7852b855
tests/fixtures/stable_codegen.slim	1430	0	13833	9063ed9f9fa5fccf9d43a13344e38d9abfc0f23a90eaee7dfb3ed614fe061db5	e3b0c44298fc1c149afbf4c8996fb92427ae41e4649b934ca495991b7852b855
tests/fixtures/stable_codegen.slim	1431	0	13833	9063ed9f9fa5fccf9d43a13344e38d9abfc0f23a90eaee7dfb3ed614fe061db5	e3b0c44298fc1c149afbf4c8996fb92427ae41e4649b934ca495991b7852b855
tests/fixtures/stable_codegen.slim	1432	0	13833	9063ed9f9fa5fccf9d43a13344e38d9abfc0f23a90eaee7dfb3ed614fe061db5	e3b0c44298fc1c149afbf4c8996fb92427ae41e4649b934ca495991b7852b855
tests/fixtures/stable_codegen.slim	1433	0	13833	9063ed9f9fa5fccf9d43a13344e38d9abfc0f23a90eaee7dfb3ed614fe061db5	e3b0c44298fc1c149afbf4c8996fb92427ae41e4649b934ca495991b7852b855
tests/fixtures/stable_codegen.slim	1434	0	13833	9063ed9f9fa5fccf9d43a13344e38d9abfc0f23a90eaee7dfb3ed614fe061db5	e3b0c44298fc1c149afbf4c8996fb92427ae41e4649b934ca495991b7852b855
tests/fixtures/stable_codegen.slim	1435	0	13833	9063ed9f9fa5fccf9d43a13344e38d9abfc0f23a90eaee7dfb3ed614fe061db5	e3b0c44298fc1c149afbf4c8996fb92427ae41e4649b934ca495991b7852b855
tests/fixtures/stable_codegen.slim	1436	0	13833	9063ed9f9fa5fccf9d43a13344e38d9abfc0f23a90eaee7dfb3ed614fe061db5	e3b0c44298fc1c149afbf4c8996fb92427ae41e4649b934ca495991b7852b855
tests/fixtures/stable_codegen.slim	1437	0	13833	9063ed9f9fa5fccf9d43a13344e38d9abfc0f23a90eaee7dfb3ed614fe061db5	e3b0c44298fc1c149afbf4c8996fb92427ae41e4649b934ca495991b7852b855
tests/fixtures/stable_codegen.slim	1438	0	13833	9063ed9f9fa5fccf9d43a13344e38d9abfc0f23a90eaee7dfb3ed614fe061db5	e3b0c44298fc1c149afbf4c8996fb92427ae41e4649b934ca495991b7852b855
tests/fixtures/stable_codegen.slim	1439	0	13833	9063ed9f9fa5fccf9d43a13344e38d9abfc0f23a90eaee7dfb3ed614fe061db5	e3b0c44298fc1c149afbf4c8996fb92427ae41e4649b934ca495991b7852b855
tests/fixtures/stable_codegen.slim	1440	0	13833	9063ed9f9fa5fccf9d43a13344e38d9abfc0f23a90eaee7dfb3ed614fe061db5	e3b0c44298fc1c149afbf4c8996fb92427ae41e4649b934ca495991b7852b855
tests/fixtures/stable_codegen.slim	1441	0	13833	9063ed9f9fa5fccf9d43a13344e38d9abfc0f23a90eaee7dfb3ed614fe061db5	e3b0c44298fc1c149afbf4c8996fb92427ae41e4649b934ca495991b7852b855
tests/fixtures/stable_codegen.slim	1442	0	13833	9063ed9f9fa5fccf9d43a13344e38d9abfc0f23a90eaee7dfb3ed614fe061db5	e3b0c44298fc1c149afbf4c8996fb92427ae41e4649b934ca495991b7852b855
tests/fixtures/stable_codegen.slim	1443	0	13833	9063ed9f9fa5fccf9d43a13344e38d9abfc0f23a90eaee7dfb3ed614fe061db5	e3b0c44298fc1c149afbf4c8996fb92427ae41e4649b934ca495991b7852b855
tests/fixtures/stable_codegen.slim	1444	0	13833	9063ed9f9fa5fccf9d43a13344e38d9abfc0f23a90eaee7dfb3ed614fe061db5	e3b0c44298fc1c149afbf4c8996fb92427ae41e4649b934ca495991b7852b855
tests/fixtures/stable_codegen.slim	1445	0	13833	9063ed9f9fa5fccf9d43a13344e38d9abfc0f23a90eaee7dfb3ed614fe061db5	e3b0c44298fc1c149afbf4c8996fb92427ae41e4649b934ca495991b7852b855
tests/fixtures/stable_codegen.slim	1446	0	13833	9063ed9f9fa5fccf9d43a13344e38d9abfc0f23a90eaee7dfb3ed614fe061db5	e3b0c44298fc1c149afbf4c8996fb92427ae41e4649b934ca495991b7852b855
tests/fixtures/stable_codegen.slim	1447	0	13833	9063ed9f9fa5fccf9d43a13344e38d9abfc0f23a90eaee7dfb3ed614fe061db5	e3b0c44298fc1c149afbf4c8996fb92427ae41e4649b934ca495991b7852b855
tests/fixtures/stable_codegen.slim	1448	0	13833	9063ed9f9fa5fccf9d43a13344e38d9abfc0f23a90eaee7dfb3ed614fe061db5	e3b0c44298fc1c149afbf4c8996fb92427ae41e4649b934ca495991b7852b855
tests/fixtures/stable_codegen.slim	1449	0	13833	9063ed9f9fa5fccf9d43a13344e38d9abfc0f23a90eaee7dfb3ed614fe061db5	e3b0c44298fc1c149afbf4c8996fb92427ae41e4649b934ca495991b7852b855
tests/fixtures/stable_codegen.slim	1450	0	13833	9063ed9f9fa5fccf9d43a13344e38d9abfc0f23a90eaee7dfb3ed614fe061db5	e3b0c44298fc1c149afbf4c8996fb92427ae41e4649b934ca495991b7852b855
tests/fixtures/stable_codegen.slim	1451	0	13833	9063ed9f9fa5fccf9d43a13344e38d9abfc0f23a90eaee7dfb3ed614fe061db5	e3b0c44298fc1c149afbf4c8996fb92427ae41e4649b934ca495991b7852b855
tests/fixtures/stable_codegen.slim	1452	0	13833	9063ed9f9fa5fccf9d43a13344e38d9abfc0f23a90eaee7dfb3ed614fe061db5	e3b0c44298fc1c149afbf4c8996fb92427ae41e4649b934ca495991b7852b855
tests/fixtures/stable_codegen.slim	1453	0	13833	9063ed9f9fa5fccf9d43a13344e38d9abfc0f23a90eaee7dfb3ed614fe061db5	e3b0c44298fc1c149afbf4c8996fb92427ae41e4649b934ca495991b7852b855
tests/fixtures/stable_codegen.slim	1454	0	13833	9063ed9f9fa5fccf9d43a13344e38d9abfc0f23a90eaee7dfb3ed614fe061db5	e3b0c44298fc1c149afbf4c8996fb92427ae41e4649b934ca495991b7852b855
tests/fixtures/stable_codegen.slim	1455	0	13833	9063ed9f9fa5fccf9d43a13344e38d9abfc0f23a90eaee7dfb3ed614fe061db5	e3b0c44298fc1c149afbf4c8996fb92427ae41e4649b934ca495991b7852b855
tests/fixtures/stable_codegen.slim	1456	0	13833	9063ed9f9fa5fccf9d43a13344e38d9abfc0f23a90eaee7dfb3ed614fe061db5	e3b0c44298fc1c149afbf4c8996fb92427ae41e4649b934ca495991b7852b855
tests/fixtures/stable_codegen.slim	1457	0	13833	9063ed9f9fa5fccf9d43a13344e38d9abfc0f23a90eaee7dfb3ed614fe061db5	e3b0c44298fc1c149afbf4c8996fb92427ae41e4649b934ca495991b7852b855
tests/fixtures/stable_codegen.slim	1458	0	13833	9063ed9f9fa5fccf9d43a13344e38d9abfc0f23a90eaee7dfb3ed614fe061db5	e3b0c44298fc1c149afbf4c8996fb92427ae41e4649b934ca495991b7852b855
tests/fixtures/stable_codegen.slim	1459	0	13833	9063ed9f9fa5fccf9d43a13344e38d9abfc0f23a90eaee7dfb3ed614fe061db5	e3b0c44298fc1c149afbf4c8996fb92427ae41e4649b934ca495991b7852b855
tests/fixtures/stable_codegen.slim	1460	0	13833	9063ed9f9fa5fccf9d43a13344e38d9abfc0f23a90eaee7dfb3ed614fe061db5	e3b0c44298fc1c149afbf4c8996fb92427ae41e4649b934ca495991b7852b855
tests/fixtures/stable_codegen.slim	1461	0	13833	9063ed9f9fa5fccf9d43a13344e38d9abfc0f23a90eaee7dfb3ed614fe061db5	e3b0c44298fc1c149afbf4c8996fb92427ae41e4649b934ca495991b7852b855
tests/fixtures/stable_codegen.slim	1462	0	13833	9063ed9f9fa5fccf9d43a13344e38d9abfc0f23a90eaee7dfb3ed614fe061db5	e3b0c44298fc1c149afbf4c8996fb92427ae41e4649b934ca495991b7852b855
tests/fixtures/stable_codegen.slim	1463	0	13833	9063ed9f9fa5fccf9d43a13344e38d9abfc0f23a90eaee7dfb3ed614fe061db5	e3b0c44298fc1c149afbf4c8996fb92427ae41e4649b934ca495991b7852b855
tests/fixtures/stable_codegen.slim	1464	0	13833	9063ed9f9fa5fccf9d43a13344e38d9abfc0f23a90eaee7dfb3ed614fe061db5	e3b0c44298fc1c149afbf4c8996fb92427ae41e4649b934ca495991b7852b855
tests/fixtures/stable_codegen.slim	1465	0	13833	9063ed9f9fa5fccf9d43a13344e38d9abfc0f23a90eaee7dfb3ed614fe061db5	e3b0c44298fc1c149afbf4c8996fb92427ae41e4649b934ca495991b7852b855
tests/fixtures/stable_codegen.slim	1466	0	13833	9063ed9f9fa5fccf9d43a13344e38d9abfc0f23a90eaee7dfb3ed614fe061db5	e3b0c44298fc1c149afbf4c8996fb92427ae41e4649b934ca495991b7852b855
tests/fixtures/stable_codegen.slim	1467	0	13833	9063ed9f9fa5fccf9d43a13344e38d9abfc0f23a90eaee7dfb3ed614fe061db5	e3b0c44298fc1c149afbf4c8996fb92427ae41e4649b934ca495991b7852b855
tests/fixtures/stable_codegen.slim	1468	0	13833	9063ed9f9fa5fccf9d43a13344e38d9abfc0f23a90eaee7dfb3ed614fe061db5	e3b0c44298fc1c149afbf4c8996fb92427ae41e4649b934ca495991b7852b855
tests/fixtures/stable_codegen.slim	1469	0	13833	9063ed9f9fa5fccf9d43a13344e38d9abfc0f23a90eaee7dfb3ed614fe061db5	e3b0c44298fc1c149afbf4c8996fb92427ae41e4649b934ca495991b7852b855
tests/fixtures/stable_codegen.slim	1470	0	13833	9063ed9f9fa5fccf9d43a13344e38d9abfc0f23a90eaee7dfb3ed614fe061db5	e3b0c44298fc1c149afbf4c8996fb92427ae41e4649b934ca495991b7852b855
tests/fixtures/stable_codegen.slim	1471	0	13833	9063ed9f9fa5fccf9d43a13344e38d9abfc0f23a90eaee7dfb3ed614fe061db5	e3b0c44298fc1c149afbf4c8996fb92427ae41e4649b934ca495991b7852b855
tests/fixtures/stable_codegen.slim	1472	0	13833	9063ed9f9fa5fccf9d43a13344e38d9abfc0f23a90eaee7dfb3ed614fe061db5	e3b0c44298fc1c149afbf4c8996fb92427ae41e4649b934ca495991b7852b855
tests/fixtures/stable_codegen.slim	1473	0	13833	9063ed9f9fa5fccf9d43a13344e38d9abfc0f23a90eaee7dfb3ed614fe061db5	e3b0c44298fc1c149afbf4c8996fb92427ae41e4649b934ca495991b7852b855
tests/fixtures/stable_codegen.slim	1474	0	13833	9063ed9f9fa5fccf9d43a13344e38d9abfc0f23a90eaee7dfb3ed614fe061db5	e3b0c44298fc1c149afbf4c8996fb92427ae41e4649b934ca495991b7852b855
tests/fixtures/stable_codegen.slim	1475	0	13833	9063ed9f9fa5fccf9d43a13344e38d9abfc0f23a90eaee7dfb3ed614fe061db5	e3b0c44298fc1c149afbf4c8996fb92427ae41e4649b934ca495991b7852b855
tests/fixtures/stable_codegen.slim	1476	0	13833	9063ed9f9fa5fccf9d43a13344e38d9abfc0f23a90eaee7dfb3ed614fe061db5	e3b0c44298fc1c149afbf4c8996fb92427ae41e4649b934ca495991b7852b855
tests/fixtures/stable_codegen.slim	1477	0	13833	9063ed9f9fa5fccf9d43a13344e38d9abfc0f23a90eaee7dfb3ed614fe061db5	e3b0c44298fc1c149afbf4c8996fb92427ae41e4649b934ca495991b7852b855
tests/fixtures/stable_codegen.slim	1478	0	13833	9063ed9f9fa5fccf9d43a13344e38d9abfc0f23a90eaee7dfb3ed614fe061db5	e3b0c44298fc1c149afbf4c8996fb92427ae41e4649b934ca495991b7852b855
tests/fixtures/stable_codegen.slim	1479	0	13833	9063ed9f9fa5fccf9d43a13344e38d9abfc0f23a90eaee7dfb3ed614fe061db5	e3b0c44298fc1c149afbf4c8996fb92427ae41e4649b934ca495991b7852b855
tests/fixtures/stable_codegen.slim	1480	0	13833	9063ed9f9fa5fccf9d43a13344e38d9abfc0f23a90eaee7dfb3ed614fe061db5	e3b0c44298fc1c149afbf4c8996fb92427ae41e4649b934ca495991b7852b855
tests/fixtures/stable_codegen.slim	1481	0	13833	9063ed9f9fa5fccf9d43a13344e38d9abfc0f23a90eaee7dfb3ed614fe061db5	e3b0c44298fc1c149afbf4c8996fb92427ae41e4649b934ca495991b7852b855
tests/fixtures/stable_codegen.slim	1482	0	13833	9063ed9f9fa5fccf9d43a13344e38d9abfc0f23a90eaee7dfb3ed614fe061db5	e3b0c44298fc1c149afbf4c8996fb92427ae41e4649b934ca495991b7852b855
tests/fixtures/stable_codegen.slim	1483	0	13833	9063ed9f9fa5fccf9d43a13344e38d9abfc0f23a90eaee7dfb3ed614fe061db5	e3b0c44298fc1c149afbf4c8996fb92427ae41e4649b934ca495991b7852b855
tests/fixtures/stable_codegen.slim	1484	0	13833	9063ed9f9fa5fccf9d43a13344e38d9abfc0f23a90eaee7dfb3ed614fe061db5	e3b0c44298fc1c149afbf4c8996fb92427ae41e4649b934ca495991b7852b855
tests/fixtures/stable_codegen.slim	1485	0	13833	9063ed9f9fa5fccf9d43a13344e38d9abfc0f23a90eaee7dfb3ed614fe061db5	e3b0c44298fc1c149afbf4c8996fb92427ae41e4649b934ca495991b7852b855
tests/fixtures/stable_codegen.slim	1486	0	13833	9063ed9f9fa5fccf9d43a13344e38d9abfc0f23a90eaee7dfb3ed614fe061db5	e3b0c44298fc1c149afbf4c8996fb92427ae41e4649b934ca495991b7852b855
tests/fixtures/stable_codegen.slim	1487	0	13833	9063ed9f9fa5fccf9d43a13344e38d9abfc0f23a90eaee7dfb3ed614fe061db5	e3b0c44298fc1c149afbf4c8996fb92427ae41e4649b934ca495991b7852b855
tests/fixtures/stable_codegen.slim	1488	0	13833	9063ed9f9fa5fccf9d43a13344e38d9abfc0f23a90eaee7dfb3ed614fe061db5	e3b0c44298fc1c149afbf4c8996fb92427ae41e4649b934ca495991b7852b855
tests/fixtures/stable_codegen.slim	1489	0	13833	9063ed9f9fa5fccf9d43a13344e38d9abfc0f23a90eaee7dfb3ed614fe061db5	e3b0c44298fc1c149afbf4c8996fb92427ae41e4649b934ca495991b7852b855
tests/fixtures/stable_codegen.slim	1490	0	13833	9063ed9f9fa5fccf9d43a13344e38d9abfc0f23a90eaee7dfb3ed614fe061db5	e3b0c44298fc1c149afbf4c8996fb92427ae41e4649b934ca495991b7852b855
tests/fixtures/stable_codegen.slim	1491	0	13833	9063ed9f9fa5fccf9d43a13344e38d9abfc0f23a90eaee7dfb3ed614fe061db5	e3b0c44298fc1c149afbf4c8996fb92427ae41e4649b934ca495991b7852b855
tests/fixtures/stable_codegen.slim	1492	0	13833	9063ed9f9fa5fccf9d43a13344e38d9abfc0f23a90eaee7dfb3ed614fe061db5	e3b0c44298fc1c149afbf4c8996fb92427ae41e4649b934ca495991b7852b855
tests/fixtures/stable_codegen.slim	1493	0	13833	9063ed9f9fa5fccf9d43a13344e38d9abfc0f23a90eaee7dfb3ed614fe061db5	e3b0c44298fc1c149afbf4c8996fb92427ae41e4649b934ca495991b7852b855
tests/fixtures/stable_codegen.slim	1494	0	13833	9063ed9f9fa5fccf9d43a13344e38d9abfc0f23a90eaee7dfb3ed614fe061db5	e3b0c44298fc1c149afbf4c8996fb92427ae41e4649b934ca495991b7852b855
tests/fixtures/stable_codegen.slim	1495	0	13833	9063ed9f9fa5fccf9d43a13344e38d9abfc0f23a90eaee7dfb3ed614fe061db5	e3b0c44298fc1c149afbf4c8996fb92427ae41e4649b934ca495991b7852b855
tests/fixtures/stable_codegen.slim	1496	0	13833	9063ed9f9fa5fccf9d43a13344e38d9abfc0f23a90eaee7dfb3ed614fe061db5	e3b0c44298fc1c149afbf4c8996fb92427ae41e4649b934ca495991b7852b855
tests/fixtures/stable_codegen.slim	1497	0	13833	9063ed9f9fa5fccf9d43a13344e38d9abfc0f23a90eaee7dfb3ed614fe061db5	e3b0c44298fc1c149afbf4c8996fb92427ae41e4649b934ca495991b7852b855
tests/fixtures/stable_codegen.slim	1498	0	13833	9063ed9f9fa5fccf9d43a13344e38d9abfc0f23a90eaee7dfb3ed614fe061db5	e3b0c44298fc1c149afbf4c8996fb92427ae41e4649b934ca495991b7852b855
tests/fixtures/stable_codegen.slim	1499	0	13833	9063ed9f9fa5fccf9d43a13344e38d9abfc0f23a90eaee7dfb3ed614fe061db5	e3b0c44298fc1c149afbf4c8996fb92427ae41e4649b934ca495991b7852b855
tests/fixtures/stable_codegen.slim	1500	0	13833	9063ed9f9fa5fccf9d43a13344e38d9abfc0f23a90eaee7dfb3ed614fe061db5	e3b0c44298fc1c149afbf4c8996fb92427ae41e4649b934ca495991b7852b855
tests/fixtures/stable_codegen.slim	1501	0	13833	9063ed9f9fa5fccf9d43a13344e38d9abfc0f23a90eaee7dfb3ed614fe061db5	e3b0c44298fc1c149afbf4c8996fb92427ae41e4649b934ca495991b7852b855
tests/fixtures/stable_codegen.slim	1502	0	13833	9063ed9f9fa5fccf9d43a13344e38d9abfc0f23a90eaee7dfb3ed614fe061db5	e3b0c44298fc1c149afbf4c8996fb92427ae41e4649b934ca495991b7852b855
tests/fixtures/stable_codegen.slim	1503	0	13833	9063ed9f9fa5fccf9d43a13344e38d9abfc0f23a90eaee7dfb3ed614fe061db5	e3b0c44298fc1c149afbf4c8996fb92427ae41e4649b934ca495991b7852b855
tests/fixtures/stable_codegen.slim	1504	0	13833	9063ed9f9fa5fccf9d43a13344e38d9abfc0f23a90eaee7dfb3ed614fe061db5	e3b0c44298fc1c149afbf4c8996fb92427ae41e4649b934ca495991b7852b855
tests/fixtures/stable_codegen.slim	1505	0	13833	9063ed9f9fa5fccf9d43a13344e38d9abfc0f23a90eaee7dfb3ed614fe061db5	e3b0c44298fc1c149afbf4c8996fb92427ae41e4649b934ca495991b7852b855
tests/fixtures/stable_codegen.slim	1506	0	13833	9063ed9f9fa5fccf9d43a13344e38d9abfc0f23a90eaee7dfb3ed614fe061db5	e3b0c44298fc1c149afbf4c8996fb92427ae41e4649b934ca495991b7852b855
tests/fixtures/stable_codegen.slim	1507	0	13833	9063ed9f9fa5fccf9d43a13344e38d9abfc0f23a90eaee7dfb3ed614fe061db5	e3b0c44298fc1c149afbf4c8996fb92427ae41e4649b934ca495991b7852b855
tests/fixtures/stable_codegen.slim	1508	0	13833	9063ed9f9fa5fccf9d43a13344e38d9abfc0f23a90eaee7dfb3ed614fe061db5	e3b0c44298fc1c149afbf4c8996fb92427ae41e4649b934ca495991b7852b855
tests/fixtures/stable_codegen.slim	1509	0	13833	9063ed9f9fa5fccf9d43a13344e38d9abfc0f23a90eaee7dfb3ed614fe061db5	e3b0c44298fc1c149afbf4c8996fb92427ae41e4649b934ca495991b7852b855
tests/fixtures/stable_codegen.slim	1510	0	13833	9063ed9f9fa5fccf9d43a13344e38d9abfc0f23a90eaee7dfb3ed614fe061db5	e3b0c44298fc1c149afbf4c8996fb92427ae41e4649b934ca495991b7852b855
tests/fixtures/stable_codegen.slim	1511	0	13833	9063ed9f9fa5fccf9d43a13344e38d9abfc0f23a90eaee7dfb3ed614fe061db5	e3b0c44298fc1c149afbf4c8996fb92427ae41e4649b934ca495991b7852b855
tests/fixtures/stable_codegen.slim	1512	0	13833	9063ed9f9fa5fccf9d43a13344e38d9abfc0f23a90eaee7dfb3ed614fe061db5	e3b0c44298fc1c149afbf4c8996fb92427ae41e4649b934ca495991b7852b855
tests/fixtures/stable_codegen.slim	1513	0	13833	9063ed9f9fa5fccf9d43a13344e38d9abfc0f23a90eaee7dfb3ed614fe061db5	e3b0c44298fc1c149afbf4c8996fb92427ae41e4649b934ca495991b7852b855
tests/fixtures/stable_codegen.slim	1514	0	13833	9063ed9f9fa5fccf9d43a13344e38d9abfc0f23a90eaee7dfb3ed614fe061db5	e3b0c44298fc1c149afbf4c8996fb92427ae41e4649b934ca495991b7852b855
tests/fixtures/stable_codegen.slim	1515	0	13833	9063ed9f9fa5fccf9d43a13344e38d9abfc0f23a90eaee7dfb3ed614fe061db5	e3b0c44298fc1c149afbf4c8996fb92427ae41e4649b934ca495991b7852b855
tests/fixtures/stable_codegen.slim	1516	0	13833	9063ed9f9fa5fccf9d43a13344e38d9abfc0f23a90eaee7dfb3ed614fe061db5	e3b0c44298fc1c149afbf4c8996fb92427ae41e4649b934ca495991b7852b855
tests/fixtures/stable_codegen.slim	1517	0	13833	9063ed9f9fa5fccf9d43a13344e38d9abfc0f23a90eaee7dfb3ed614fe061db5	e3b0c44298fc1c149afbf4c8996fb92427ae41e4649b934ca495991b7852b855
tests/fixtures/stable_codegen.slim	1518	0	13833	9063ed9f9fa5fccf9d43a13344e38d9abfc0f23a90eaee7dfb3ed614fe061db5	e3b0c44298fc1c149afbf4c8996fb92427ae41e4649b934ca495991b7852b855
tests/fixtures/stable_codegen.slim	1519	0	13833	9063ed9f9fa5fccf9d43a13344e38d9abfc0f23a90eaee7dfb3ed614fe061db5	e3b0c44298fc1c149afbf4c8996fb92427ae41e4649b934ca495991b7852b855
tests/fixtures/stable_codegen.slim	1520	0	13833	9063ed9f9fa5fccf9d43a13344e38d9abfc0f23a90eaee7dfb3ed614fe061db5	e3b0c44298fc1c149afbf4c8996fb92427ae41e4649b934ca495991b7852b855
tests/fixtures/stable_codegen.slim	1521	0	13833	9063ed9f9fa5fccf9d43a13344e38d9abfc0f23a90eaee7dfb3ed614fe061db5	e3b0c44298fc1c149afbf4c8996fb92427ae41e4649b934ca495991b7852b855
tests/fixtures/stable_codegen.slim	1522	0	13833	9063ed9f9fa5fccf9d43a13344e38d9abfc0f23a90eaee7dfb3ed614fe061db5	e3b0c44298fc1c149afbf4c8996fb92427ae41e4649b934ca495991b7852b855
tests/fixtures/stable_codegen.slim	1523	0	13833	9063ed9f9fa5fccf9d43a13344e38d9abfc0f23a90eaee7dfb3ed614fe061db5	e3b0c44298fc1c149afbf4c8996fb92427ae41e4649b934ca495991b7852b855
tests/fixtures/stable_codegen.slim	1524	0	13833	9063ed9f9fa5fccf9d43a13344e38d9abfc0f23a90eaee7dfb3ed614fe061db5	e3b0c44298fc1c149afbf4c8996fb92427ae41e4649b934ca495991b7852b855
tests/fixtures/stable_codegen.slim	1525	0	13833	9063ed9f9fa5fccf9d43a13344e38d9abfc0f23a90eaee7dfb3ed614fe061db5	e3b0c44298fc1c149afbf4c8996fb92427ae41e4649b934ca495991b7852b855
tests/fixtures/stable_codegen.slim	1526	0	13833	9063ed9f9fa5fccf9d43a13344e38d9abfc0f23a90eaee7dfb3ed614fe061db5	e3b0c44298fc1c149afbf4c8996fb92427ae41e4649b934ca495991b7852b855
tests/fixtures/stable_codegen.slim	1527	0	13833	9063ed9f9fa5fccf9d43a13344e38d9abfc0f23a90eaee7dfb3ed614fe061db5	e3b0c44298fc1c149afbf4c8996fb92427ae41e4649b934ca495991b7852b855
tests/fixtures/stable_codegen.slim	1528	0	13833	9063ed9f9fa5fccf9d43a13344e38d9abfc0f23a90eaee7dfb3ed614fe061db5	e3b0c44298fc1c149afbf4c8996fb92427ae41e4649b934ca495991b7852b855
tests/fixtures/stable_codegen.slim	1529	0	13833	9063ed9f9fa5fccf9d43a13344e38d9abfc0f23a90eaee7dfb3ed614fe061db5	e3b0c44298fc1c149afbf4c8996fb92427ae41e4649b934ca495991b7852b855
tests/fixtures/stable_codegen.slim	1530	0	13833	9063ed9f9fa5fccf9d43a13344e38d9abfc0f23a90eaee7dfb3ed614fe061db5	e3b0c44298fc1c149afbf4c8996fb92427ae41e4649b934ca495991b7852b855
tests/fixtures/stable_codegen.slim	1531	0	13833	9063ed9f9fa5fccf9d43a13344e38d9abfc0f23a90eaee7dfb3ed614fe061db5	e3b0c44298fc1c149afbf4c8996fb92427ae41e4649b934ca495991b7852b855
tests/fixtures/stable_codegen.slim	1532	0	13833	9063ed9f9fa5fccf9d43a13344e38d9abfc0f23a90eaee7dfb3ed614fe061db5	e3b0c44298fc1c149afbf4c8996fb92427ae41e4649b934ca495991b7852b855
tests/fixtures/stable_codegen.slim	1533	0	13833	9063ed9f9fa5fccf9d43a13344e38d9abfc0f23a90eaee7dfb3ed614fe061db5	e3b0c44298fc1c149afbf4c8996fb92427ae41e4649b934ca495991b7852b855
tests/fixtures/stable_codegen.slim	1534	0	13833	9063ed9f9fa5fccf9d43a13344e38d9abfc0f23a90eaee7dfb3ed614fe061db5	e3b0c44298fc1c149afbf4c8996fb92427ae41e4649b934ca495991b7852b855
tests/fixtures/stable_codegen.slim	1535	0	13833	9063ed9f9fa5fccf9d43a13344e38d9abfc0f23a90eaee7dfb3ed614fe061db5	e3b0c44298fc1c149afbf4c8996fb92427ae41e4649b934ca495991b7852b855
tests/fixtures/stable_codegen.slim	1536	0	13833	9063ed9f9fa5fccf9d43a13344e38d9abfc0f23a90eaee7dfb3ed614fe061db5	e3b0c44298fc1c149afbf4c8996fb92427ae41e4649b934ca495991b7852b855
tests/fixtures/stable_codegen.slim	1537	0	13833	9063ed9f9fa5fccf9d43a13344e38d9abfc0f23a90eaee7dfb3ed614fe061db5	e3b0c44298fc1c149afbf4c8996fb92427ae41e4649b934ca495991b7852b855
tests/fixtures/stable_codegen.slim	1538	0	13833	9063ed9f9fa5fccf9d43a13344e38d9abfc0f23a90eaee7dfb3ed614fe061db5	e3b0c44298fc1c149afbf4c8996fb92427ae41e4649b934ca495991b7852b855
tests/fixtures/stable_codegen.slim	1539	0	13833	9063ed9f9fa5fccf9d43a13344e38d9abfc0f23a90eaee7dfb3ed614fe061db5	e3b0c44298fc1c149afbf4c8996fb92427ae41e4649b934ca495991b7852b855
tests/fixtures/stable_codegen.slim	1540	0	13833	9063ed9f9fa5fccf9d43a13344e38d9abfc0f23a90eaee7dfb3ed614fe061db5	e3b0c44298fc1c149afbf4c8996fb92427ae41e4649b934ca495991b7852b855
tests/fixtures/stable_codegen.slim	1541	0	13833	9063ed9f9fa5fccf9d43a13344e38d9abfc0f23a90eaee7dfb3ed614fe061db5	e3b0c44298fc1c149afbf4c8996fb92427ae41e4649b934ca495991b7852b855
tests/fixtures/stable_codegen.slim	1542	0	13833	9063ed9f9fa5fccf9d43a13344e38d9abfc0f23a90eaee7dfb3ed614fe061db5	e3b0c44298fc1c149afbf4c8996fb92427ae41e4649b934ca495991b7852b855
tests/fixtures/stable_codegen.slim	1543	0	13833	9063ed9f9fa5fccf9d43a13344e38d9abfc0f23a90eaee7dfb3ed614fe061db5	e3b0c44298fc1c149afbf4c8996fb92427ae41e4649b934ca495991b7852b855
tests/fixtures/stable_codegen.slim	1544	0	13833	9063ed9f9fa5fccf9d43a13344e38d9abfc0f23a90eaee7dfb3ed614fe061db5	e3b0c44298fc1c149afbf4c8996fb92427ae41e4649b934ca495991b7852b855
tests/fixtures/stable_codegen.slim	1545	0	13833	9063ed9f9fa5fccf9d43a13344e38d9abfc0f23a90eaee7dfb3ed614fe061db5	e3b0c44298fc1c149afbf4c8996fb92427ae41e4649b934ca495991b7852b855
tests/fixtures/stable_codegen.slim	1546	0	13833	9063ed9f9fa5fccf9d43a13344e38d9abfc0f23a90eaee7dfb3ed614fe061db5	e3b0c44298fc1c149afbf4c8996fb92427ae41e4649b934ca495991b7852b855
tests/fixtures/stable_codegen.slim	1547	0	13833	9063ed9f9fa5fccf9d43a13344e38d9abfc0f23a90eaee7dfb3ed614fe061db5	e3b0c44298fc1c149afbf4c8996fb92427ae41e4649b934ca495991b7852b855
tests/fixtures/stable_codegen.slim	1548	0	13833	9063ed9f9fa5fccf9d43a13344e38d9abfc0f23a90eaee7dfb3ed614fe061db5	e3b0c44298fc1c149afbf4c8996fb92427ae41e4649b934ca495991b7852b855
tests/fixtures/stable_codegen.slim	1549	0	13833	9063ed9f9fa5fccf9d43a13344e38d9abfc0f23a90eaee7dfb3ed614fe061db5	e3b0c44298fc1c149afbf4c8996fb92427ae41e4649b934ca495991b7852b855
tests/fixtures/stable_codegen.slim	1550	0	13833	9063ed9f9fa5fccf9d43a13344e38d9abfc0f23a90eaee7dfb3ed614fe061db5	e3b0c44298fc1c149afbf4c8996fb92427ae41e4649b934ca495991b7852b855
tests/fixtures/stable_codegen.slim	1551	0	13833	9063ed9f9fa5fccf9d43a13344e38d9abfc0f23a90eaee7dfb3ed614fe061db5	e3b0c44298fc1c149afbf4c8996fb92427ae41e4649b934ca495991b7852b855
tests/fixtures/stable_codegen.slim	1552	0	13833	9063ed9f9fa5fccf9d43a13344e38d9abfc0f23a90eaee7dfb3ed614fe061db5	e3b0c44298fc1c149afbf4c8996fb92427ae41e4649b934ca495991b7852b855
tests/fixtures/stable_codegen.slim	1553	0	13833	9063ed9f9fa5fccf9d43a13344e38d9abfc0f23a90eaee7dfb3ed614fe061db5	e3b0c44298fc1c149afbf4c8996fb92427ae41e4649b934ca495991b7852b855
tests/fixtures/stable_codegen.slim	1554	0	13833	9063ed9f9fa5fccf9d43a13344e38d9abfc0f23a90eaee7dfb3ed614fe061db5	e3b0c44298fc1c149afbf4c8996fb92427ae41e4649b934ca495991b7852b855
tests/fixtures/stable_codegen.slim	1555	0	13833	9063ed9f9fa5fccf9d43a13344e38d9abfc0f23a90eaee7dfb3ed614fe061db5	e3b0c44298fc1c149afbf4c8996fb92427ae41e4649b934ca495991b7852b855
tests/fixtures/stable_codegen.slim	1556	0	13833	9063ed9f9fa5fccf9d43a13344e38d9abfc0f23a90eaee7dfb3ed614fe061db5	e3b0c44298fc1c149afbf4c8996fb92427ae41e4649b934ca495991b7852b855
tests/fixtures/stable_codegen.slim	1557	0	13833	9063ed9f9fa5fccf9d43a13344e38d9abfc0f23a90eaee7dfb3ed614fe061db5	e3b0c44298fc1c149afbf4c8996fb92427ae41e4649b934ca495991b7852b855
tests/fixtures/stable_codegen.slim	1558	0	13833	9063ed9f9fa5fccf9d43a13344e38d9abfc0f23a90eaee7dfb3ed614fe061db5	e3b0c44298fc1c149afbf4c8996fb92427ae41e4649b934ca495991b7852b855
tests/fixtures/stable_codegen.slim	1559	0	13833	9063ed9f9fa5fccf9d43a13344e38d9abfc0f23a90eaee7dfb3ed614fe061db5	e3b0c44298fc1c149afbf4c8996fb92427ae41e4649b934ca495991b7852b855
tests/fixtures/stable_codegen.slim	1560	0	13833	9063ed9f9fa5fccf9d43a13344e38d9abfc0f23a90eaee7dfb3ed614fe061db5	e3b0c44298fc1c149afbf4c8996fb92427ae41e4649b934ca495991b7852b855
tests/fixtures/stable_codegen.slim	1561	0	13833	9063ed9f9fa5fccf9d43a13344e38d9abfc0f23a90eaee7dfb3ed614fe061db5	e3b0c44298fc1c149afbf4c8996fb92427ae41e4649b934ca495991b7852b855
tests/fixtures/stable_codegen.slim	1562	0	13833	9063ed9f9fa5fccf9d43a13344e38d9abfc0f23a90eaee7dfb3ed614fe061db5	e3b0c44298fc1c149afbf4c8996fb92427ae41e4649b934ca495991b7852b855
tests/fixtures/stable_codegen.slim	1563	0	13833	9063ed9f9fa5fccf9d43a13344e38d9abfc0f23a90eaee7dfb3ed614fe061db5	e3b0c44298fc1c149afbf4c8996fb92427ae41e4649b934ca495991b7852b855
tests/fixtures/stable_codegen.slim	1564	0	13833	9063ed9f9fa5fccf9d43a13344e38d9abfc0f23a90eaee7dfb3ed614fe061db5	e3b0c44298fc1c149afbf4c8996fb92427ae41e4649b934ca495991b7852b855
tests/fixtures/stable_codegen.slim	1565	0	13833	9063ed9f9fa5fccf9d43a13344e38d9abfc0f23a90eaee7dfb3ed614fe061db5	e3b0c44298fc1c149afbf4c8996fb92427ae41e4649b934ca495991b7852b855
tests/fixtures/stable_codegen.slim	1566	0	13833	9063ed9f9fa5fccf9d43a13344e38d9abfc0f23a90eaee7dfb3ed614fe061db5	e3b0c44298fc1c149afbf4c8996fb92427ae41e4649b934ca495991b7852b855
tests/fixtures/stable_codegen.slim	1567	0	13833	9063ed9f9fa5fccf9d43a13344e38d9abfc0f23a90eaee7dfb3ed614fe061db5	e3b0c44298fc1c149afbf4c8996fb92427ae41e4649b934ca495991b7852b855
tests/fixtures/stable_codegen.slim	1568	0	13833	9063ed9f9fa5fccf9d43a13344e38d9abfc0f23a90eaee7dfb3ed614fe061db5	e3b0c44298fc1c149afbf4c8996fb92427ae41e4649b934ca495991b7852b855
tests/fixtures/stable_codegen.slim	1569	0	13833	9063ed9f9fa5fccf9d43a13344e38d9abfc0f23a90eaee7dfb3ed614fe061db5	e3b0c44298fc1c149afbf4c8996fb92427ae41e4649b934ca495991b7852b855
tests/fixtures/stable_codegen.slim	1570	0	13833	9063ed9f9fa5fccf9d43a13344e38d9abfc0f23a90eaee7dfb3ed614fe061db5	e3b0c44298fc1c149afbf4c8996fb92427ae41e4649b934ca495991b7852b855
tests/fixtures/stable_codegen.slim	1571	0	13833	9063ed9f9fa5fccf9d43a13344e38d9abfc0f23a90eaee7dfb3ed614fe061db5	e3b0c44298fc1c149afbf4c8996fb92427ae41e4649b934ca495991b7852b855
tests/fixtures/stable_codegen.slim	1572	0	13833	9063ed9f9fa5fccf9d43a13344e38d9abfc0f23a90eaee7dfb3ed614fe061db5	e3b0c44298fc1c149afbf4c8996fb92427ae41e4649b934ca495991b7852b855
tests/fixtures/stable_codegen.slim	1573	0	13833	9063ed9f9fa5fccf9d43a13344e38d9abfc0f23a90eaee7dfb3ed614fe061db5	e3b0c44298fc1c149afbf4c8996fb92427ae41e4649b934ca495991b7852b855
tests/fixtures/stable_codegen.slim	1574	0	13833	9063ed9f9fa5fccf9d43a13344e38d9abfc0f23a90eaee7dfb3ed614fe061db5	e3b0c44298fc1c149afbf4c8996fb92427ae41e4649b934ca495991b7852b855
tests/fixtures/stable_codegen.slim	1575	0	13833	9063ed9f9fa5fccf9d43a13344e38d9abfc0f23a90eaee7dfb3ed614fe061db5	e3b0c44298fc1c149afbf4c8996fb92427ae41e4649b934ca495991b7852b855
tests/fixtures/stable_codegen.slim	1576	0	13833	9063ed9f9fa5fccf9d43a13344e38d9abfc0f23a90eaee7dfb3ed614fe061db5	e3b0c44298fc1c149afbf4c8996fb92427ae41e4649b934ca495991b7852b855
tests/fixtures/stable_codegen.slim	1577	0	13833	9063ed9f9fa5fccf9d43a13344e38d9abfc0f23a90eaee7dfb3ed614fe061db5	e3b0c44298fc1c149afbf4c8996fb92427ae41e4649b934ca495991b7852b855
tests/fixtures/stable_codegen.slim	1578	0	13833	9063ed9f9fa5fccf9d43a13344e38d9abfc0f23a90eaee7dfb3ed614fe061db5	e3b0c44298fc1c149afbf4c8996fb92427ae41e4649b934ca495991b7852b855
tests/fixtures/stable_codegen.slim	1579	0	13833	9063ed9f9fa5fccf9d43a13344e38d9abfc0f23a90eaee7dfb3ed614fe061db5	e3b0c44298fc1c149afbf4c8996fb92427ae41e4649b934ca495991b7852b855
tests/fixtures/stable_codegen.slim	1580	0	13833	9063ed9f9fa5fccf9d43a13344e38d9abfc0f23a90eaee7dfb3ed614fe061db5	e3b0c44298fc1c149afbf4c8996fb92427ae41e4649b934ca495991b7852b855
tests/fixtures/stable_codegen.slim	1581	0	13833	9063ed9f9fa5fccf9d43a13344e38d9abfc0f23a90eaee7dfb3ed614fe061db5	e3b0c44298fc1c149afbf4c8996fb92427ae41e4649b934ca495991b7852b855
tests/fixtures/stable_codegen.slim	1582	0	13833	9063ed9f9fa5fccf9d43a13344e38d9abfc0f23a90eaee7dfb3ed614fe061db5	e3b0c44298fc1c149afbf4c8996fb92427ae41e4649b934ca495991b7852b855
tests/fixtures/stable_codegen.slim	1583	0	13833	9063ed9f9fa5fccf9d43a13344e38d9abfc0f23a90eaee7dfb3ed614fe061db5	e3b0c44298fc1c149afbf4c8996fb92427ae41e4649b934ca495991b7852b855
tests/fixtures/stable_codegen.slim	1584	0	13833	9063ed9f9fa5fccf9d43a13344e38d9abfc0f23a90eaee7dfb3ed614fe061db5	e3b0c44298fc1c149afbf4c8996fb92427ae41e4649b934ca495991b7852b855
tests/fixtures/stable_codegen.slim	1585	0	13833	9063ed9f9fa5fccf9d43a13344e38d9abfc0f23a90eaee7dfb3ed614fe061db5	e3b0c44298fc1c149afbf4c8996fb92427ae41e4649b934ca495991b7852b855
tests/fixtures/stable_codegen.slim	1586	0	13833	9063ed9f9fa5fccf9d43a13344e38d9abfc0f23a90eaee7dfb3ed614fe061db5	e3b0c44298fc1c149afbf4c8996fb92427ae41e4649b934ca495991b7852b855
tests/fixtures/stable_codegen.slim	1587	0	13833	9063ed9f9fa5fccf9d43a13344e38d9abfc0f23a90eaee7dfb3ed614fe061db5	e3b0c44298fc1c149afbf4c8996fb92427ae41e4649b934ca495991b7852b855
tests/fixtures/stable_codegen.slim	1588	0	13833	9063ed9f9fa5fccf9d43a13344e38d9abfc0f23a90eaee7dfb3ed614fe061db5	e3b0c44298fc1c149afbf4c8996fb92427ae41e4649b934ca495991b7852b855
tests/fixtures/stable_codegen.slim	1589	0	13833	9063ed9f9fa5fccf9d43a13344e38d9abfc0f23a90eaee7dfb3ed614fe061db5	e3b0c44298fc1c149afbf4c8996fb92427ae41e4649b934ca495991b7852b855
tests/fixtures/stable_codegen.slim	1590	0	13833	9063ed9f9fa5fccf9d43a13344e38d9abfc0f23a90eaee7dfb3ed614fe061db5	e3b0c44298fc1c149afbf4c8996fb92427ae41e4649b934ca495991b7852b855
tests/fixtures/stable_codegen.slim	1591	0	13833	9063ed9f9fa5fccf9d43a13344e38d9abfc0f23a90eaee7dfb3ed614fe061db5	e3b0c44298fc1c149afbf4c8996fb92427ae41e4649b934ca495991b7852b855
tests/fixtures/stable_codegen.slim	1592	0	13833	9063ed9f9fa5fccf9d43a13344e38d9abfc0f23a90eaee7dfb3ed614fe061db5	e3b0c44298fc1c149afbf4c8996fb92427ae41e4649b934ca495991b7852b855
tests/fixtures/stable_codegen.slim	1593	0	13833	9063ed9f9fa5fccf9d43a13344e38d9abfc0f23a90eaee7dfb3ed614fe061db5	e3b0c44298fc1c149afbf4c8996fb92427ae41e4649b934ca495991b7852b855
tests/fixtures/stable_codegen.slim	1594	0	13833	9063ed9f9fa5fccf9d43a13344e38d9abfc0f23a90eaee7dfb3ed614fe061db5	e3b0c44298fc1c149afbf4c8996fb92427ae41e4649b934ca495991b7852b855
tests/fixtures/stable_codegen.slim	1595	0	13833	9063ed9f9fa5fccf9d43a13344e38d9abfc0f23a90eaee7dfb3ed614fe061db5	e3b0c44298fc1c149afbf4c8996fb92427ae41e4649b934ca495991b7852b855
tests/fixtures/stable_codegen.slim	1596	0	13833	9063ed9f9fa5fccf9d43a13344e38d9abfc0f23a90eaee7dfb3ed614fe061db5	e3b0c44298fc1c149afbf4c8996fb92427ae41e4649b934ca495991b7852b855
tests/fixtures/stable_codegen.slim	1597	0	13833	9063ed9f9fa5fccf9d43a13344e38d9abfc0f23a90eaee7dfb3ed614fe061db5	e3b0c44298fc1c149afbf4c8996fb92427ae41e4649b934ca495991b7852b855
tests/fixtures/stable_codegen.slim	1598	0	13833	9063ed9f9fa5fccf9d43a13344e38d9abfc0f23a90eaee7dfb3ed614fe061db5	e3b0c44298fc1c149afbf4c8996fb92427ae41e4649b934ca495991b7852b855
tests/fixtures/stable_codegen.slim	1599	0	13833	9063ed9f9fa5fccf9d43a13344e38d9abfc0f23a90eaee7dfb3ed614fe061db5	e3b0c44298fc1c149afbf4c8996fb92427ae41e4649b934ca495991b7852b855
tests/fixtures/stable_codegen.slim	1600	0	13833	9063ed9f9fa5fccf9d43a13344e38d9abfc0f23a90eaee7dfb3ed614fe061db5	e3b0c44298fc1c149afbf4c8996fb92427ae41e4649b934ca495991b7852b855
tests/fixtures/stable_codegen.slim	1601	0	13833	9063ed9f9fa5fccf9d43a13344e38d9abfc0f23a90eaee7dfb3ed614fe061db5	e3b0c44298fc1c149afbf4c8996fb92427ae41e4649b934ca495991b7852b855
tests/fixtures/stable_codegen.slim	1602	0	13833	9063ed9f9fa5fccf9d43a13344e38d9abfc0f23a90eaee7dfb3ed614fe061db5	e3b0c44298fc1c149afbf4c8996fb92427ae41e4649b934ca495991b7852b855
tests/fixtures/stable_codegen.slim	1603	0	13833	9063ed9f9fa5fccf9d43a13344e38d9abfc0f23a90eaee7dfb3ed614fe061db5	e3b0c44298fc1c149afbf4c8996fb92427ae41e4649b934ca495991b7852b855
tests/fixtures/stable_codegen.slim	1604	0	13833	9063ed9f9fa5fccf9d43a13344e38d9abfc0f23a90eaee7dfb3ed614fe061db5	e3b0c44298fc1c149afbf4c8996fb92427ae41e4649b934ca495991b7852b855
tests/fixtures/stable_codegen.slim	1605	0	13833	9063ed9f9fa5fccf9d43a13344e38d9abfc0f23a90eaee7dfb3ed614fe061db5	e3b0c44298fc1c149afbf4c8996fb92427ae41e4649b934ca495991b7852b855
tests/fixtures/stable_codegen.slim	1606	0	13833	9063ed9f9fa5fccf9d43a13344e38d9abfc0f23a90eaee7dfb3ed614fe061db5	e3b0c44298fc1c149afbf4c8996fb92427ae41e4649b934ca495991b7852b855
tests/fixtures/stable_codegen.slim	1607	0	13833	9063ed9f9fa5fccf9d43a13344e38d9abfc0f23a90eaee7dfb3ed614fe061db5	e3b0c44298fc1c149afbf4c8996fb92427ae41e4649b934ca495991b7852b855
tests/fixtures/stable_codegen.slim	1608	0	13833	9063ed9f9fa5fccf9d43a13344e38d9abfc0f23a90eaee7dfb3ed614fe061db5	e3b0c44298fc1c149afbf4c8996fb92427ae41e4649b934ca495991b7852b855
tests/fixtures/stable_codegen.slim	1609	0	13833	9063ed9f9fa5fccf9d43a13344e38d9abfc0f23a90eaee7dfb3ed614fe061db5	e3b0c44298fc1c149afbf4c8996fb92427ae41e4649b934ca495991b7852b855
tests/fixtures/stable_codegen.slim	1610	0	13833	9063ed9f9fa5fccf9d43a13344e38d9abfc0f23a90eaee7dfb3ed614fe061db5	e3b0c44298fc1c149afbf4c8996fb92427ae41e4649b934ca495991b7852b855
tests/fixtures/stable_codegen.slim	1611	0	13833	9063ed9f9fa5fccf9d43a13344e38d9abfc0f23a90eaee7dfb3ed614fe061db5	e3b0c44298fc1c149afbf4c8996fb92427ae41e4649b934ca495991b7852b855
tests/fixtures/stable_codegen.slim	1612	0	13833	9063ed9f9fa5fccf9d43a13344e38d9abfc0f23a90eaee7dfb3ed614fe061db5	e3b0c44298fc1c149afbf4c8996fb92427ae41e4649b934ca495991b7852b855
tests/fixtures/stable_codegen.slim	1613	0	13833	9063ed9f9fa5fccf9d43a13344e38d9abfc0f23a90eaee7dfb3ed614fe061db5	e3b0c44298fc1c149afbf4c8996fb92427ae41e4649b934ca495991b7852b855
tests/fixtures/stable_codegen.slim	1614	0	13833	9063ed9f9fa5fccf9d43a13344e38d9abfc0f23a90eaee7dfb3ed614fe061db5	e3b0c44298fc1c149afbf4c8996fb92427ae41e4649b934ca495991b7852b855
tests/fixtures/stable_codegen.slim	1615	0	13833	9063ed9f9fa5fccf9d43a13344e38d9abfc0f23a90eaee7dfb3ed614fe061db5	e3b0c44298fc1c149afbf4c8996fb92427ae41e4649b934ca495991b7852b855
tests/fixtures/stable_codegen.slim	1616	0	13833	9063ed9f9fa5fccf9d43a13344e38d9abfc0f23a90eaee7dfb3ed614fe061db5	e3b0c44298fc1c149afbf4c8996fb92427ae41e4649b934ca495991b7852b855
tests/fixtures/stable_codegen.slim	1617	0	13833	9063ed9f9fa5fccf9d43a13344e38d9abfc0f23a90eaee7dfb3ed614fe061db5	e3b0c44298fc1c149afbf4c8996fb92427ae41e4649b934ca495991b7852b855
tests/fixtures/stable_codegen.slim	1618	0	13833	9063ed9f9fa5fccf9d43a13344e38d9abfc0f23a90eaee7dfb3ed614fe061db5	e3b0c44298fc1c149afbf4c8996fb92427ae41e4649b934ca495991b7852b855
tests/fixtures/stable_codegen.slim	1619	0	13833	9063ed9f9fa5fccf9d43a13344e38d9abfc0f23a90eaee7dfb3ed614fe061db5	e3b0c44298fc1c149afbf4c8996fb92427ae41e4649b934ca495991b7852b855
tests/fixtures/stable_codegen.slim	1620	0	13833	9063ed9f9fa5fccf9d43a13344e38d9abfc0f23a90eaee7dfb3ed614fe061db5	e3b0c44298fc1c149afbf4c8996fb92427ae41e4649b934ca495991b7852b855
tests/fixtures/stable_codegen.slim	1621	0	13833	9063ed9f9fa5fccf9d43a13344e38d9abfc0f23a90eaee7dfb3ed614fe061db5	e3b0c44298fc1c149afbf4c8996fb92427ae41e4649b934ca495991b7852b855
tests/fixtures/stable_codegen.slim	1622	0	13833	9063ed9f9fa5fccf9d43a13344e38d9abfc0f23a90eaee7dfb3ed614fe061db5	e3b0c44298fc1c149afbf4c8996fb92427ae41e4649b934ca495991b7852b855
tests/fixtures/stable_codegen.slim	1623	0	13833	9063ed9f9fa5fccf9d43a13344e38d9abfc0f23a90eaee7dfb3ed614fe061db5	e3b0c44298fc1c149afbf4c8996fb92427ae41e4649b934ca495991b7852b855
tests/fixtures/stable_codegen.slim	1624	0	13833	9063ed9f9fa5fccf9d43a13344e38d9abfc0f23a90eaee7dfb3ed614fe061db5	e3b0c44298fc1c149afbf4c8996fb92427ae41e4649b934ca495991b7852b855
tests/fixtures/stable_codegen.slim	1625	0	13833	9063ed9f9fa5fccf9d43a13344e38d9abfc0f23a90eaee7dfb3ed614fe061db5	e3b0c44298fc1c149afbf4c8996fb92427ae41e4649b934ca495991b7852b855
tests/fixtures/stable_codegen.slim	1626	0	13833	9063ed9f9fa5fccf9d43a13344e38d9abfc0f23a90eaee7dfb3ed614fe061db5	e3b0c44298fc1c149afbf4c8996fb92427ae41e4649b934ca495991b7852b855
tests/fixtures/stable_codegen.slim	1627	0	13833	9063ed9f9fa5fccf9d43a13344e38d9abfc0f23a90eaee7dfb3ed614fe061db5	e3b0c44298fc1c149afbf4c8996fb92427ae41e4649b934ca495991b7852b855
tests/fixtures/stable_codegen.slim	1628	0	13833	9063ed9f9fa5fccf9d43a13344e38d9abfc0f23a90eaee7dfb3ed614fe061db5	e3b0c44298fc1c149afbf4c8996fb92427ae41e4649b934ca495991b7852b855
tests/fixtures/stable_codegen.slim	1629	0	13833	9063ed9f9fa5fccf9d43a13344e38d9abfc0f23a90eaee7dfb3ed614fe061db5	e3b0c44298fc1c149afbf4c8996fb92427ae41e4649b934ca495991b7852b855
tests/fixtures/stable_codegen.slim	1630	0	13833	9063ed9f9fa5fccf9d43a13344e38d9abfc0f23a90eaee7dfb3ed614fe061db5	e3b0c44298fc1c149afbf4c8996fb92427ae41e4649b934ca495991b7852b855
tests/fixtures/stable_codegen.slim	1631	0	13833	9063ed9f9fa5fccf9d43a13344e38d9abfc0f23a90eaee7dfb3ed614fe061db5	e3b0c44298fc1c149afbf4c8996fb92427ae41e4649b934ca495991b7852b855
tests/fixtures/stable_codegen.slim	1632	0	13833	9063ed9f9fa5fccf9d43a13344e38d9abfc0f23a90eaee7dfb3ed614fe061db5	e3b0c44298fc1c149afbf4c8996fb92427ae41e4649b934ca495991b7852b855
tests/fixtures/stable_codegen.slim	1633	0	13833	9063ed9f9fa5fccf9d43a13344e38d9abfc0f23a90eaee7dfb3ed614fe061db5	e3b0c44298fc1c149afbf4c8996fb92427ae41e4649b934ca495991b7852b855
tests/fixtures/stable_codegen.slim	1634	0	13833	9063ed9f9fa5fccf9d43a13344e38d9abfc0f23a90eaee7dfb3ed614fe061db5	e3b0c44298fc1c149afbf4c8996fb92427ae41e4649b934ca495991b7852b855
tests/fixtures/stable_codegen.slim	1635	0	13833	9063ed9f9fa5fccf9d43a13344e38d9abfc0f23a90eaee7dfb3ed614fe061db5	e3b0c44298fc1c149afbf4c8996fb92427ae41e4649b934ca495991b7852b855
tests/fixtures/stable_codegen.slim	1636	0	13833	9063ed9f9fa5fccf9d43a13344e38d9abfc0f23a90eaee7dfb3ed614fe061db5	e3b0c44298fc1c149afbf4c8996fb92427ae41e4649b934ca495991b7852b855
tests/fixtures/stable_codegen.slim	1637	0	13833	9063ed9f9fa5fccf9d43a13344e38d9abfc0f23a90eaee7dfb3ed614fe061db5	e3b0c44298fc1c149afbf4c8996fb92427ae41e4649b934ca495991b7852b855
tests/fixtures/stable_codegen.slim	1638	0	13833	9063ed9f9fa5fccf9d43a13344e38d9abfc0f23a90eaee7dfb3ed614fe061db5	e3b0c44298fc1c149afbf4c8996fb92427ae41e4649b934ca495991b7852b855
tests/fixtures/stable_codegen.slim	1639	0	13833	9063ed9f9fa5fccf9d43a13344e38d9abfc0f23a90eaee7dfb3ed614fe061db5	e3b0c44298fc1c149afbf4c8996fb92427ae41e4649b934ca495991b7852b855
tests/fixtures/stable_codegen.slim	1640	0	13833	9063ed9f9fa5fccf9d43a13344e38d9abfc0f23a90eaee7dfb3ed614fe061db5	e3b0c44298fc1c149afbf4c8996fb92427ae41e4649b934ca495991b7852b855
tests/fixtures/stable_codegen.slim	1641	0	13833	9063ed9f9fa5fccf9d43a13344e38d9abfc0f23a90eaee7dfb3ed614fe061db5	e3b0c44298fc1c149afbf4c8996fb92427ae41e4649b934ca495991b7852b855
tests/fixtures/stable_codegen.slim	1642	0	13833	9063ed9f9fa5fccf9d43a13344e38d9abfc0f23a90eaee7dfb3ed614fe061db5	e3b0c44298fc1c149afbf4c8996fb92427ae41e4649b934ca495991b7852b855
tests/fixtures/stable_codegen.slim	1643	0	13833	9063ed9f9fa5fccf9d43a13344e38d9abfc0f23a90eaee7dfb3ed614fe061db5	e3b0c44298fc1c149afbf4c8996fb92427ae41e4649b934ca495991b7852b855
tests/fixtures/stable_codegen.slim	1644	0	13833	9063ed9f9fa5fccf9d43a13344e38d9abfc0f23a90eaee7dfb3ed614fe061db5	e3b0c44298fc1c149afbf4c8996fb92427ae41e4649b934ca495991b7852b855
tests/fixtures/stable_codegen.slim	1645	0	13833	9063ed9f9fa5fccf9d43a13344e38d9abfc0f23a90eaee7dfb3ed614fe061db5	e3b0c44298fc1c149afbf4c8996fb92427ae41e4649b934ca495991b7852b855
tests/fixtures/stable_codegen.slim	1646	0	13833	9063ed9f9fa5fccf9d43a13344e38d9abfc0f23a90eaee7dfb3ed614fe061db5	e3b0c44298fc1c149afbf4c8996fb92427ae41e4649b934ca495991b7852b855
tests/fixtures/stable_codegen.slim	1647	0	13833	9063ed9f9fa5fccf9d43a13344e38d9abfc0f23a90eaee7dfb3ed614fe061db5	e3b0c44298fc1c149afbf4c8996fb92427ae41e4649b934ca495991b7852b855
tests/fixtures/stable_codegen.slim	1648	0	13833	9063ed9f9fa5fccf9d43a13344e38d9abfc0f23a90eaee7dfb3ed614fe061db5	e3b0c44298fc1c149afbf4c8996fb92427ae41e4649b934ca495991b7852b855
tests/fixtures/stable_codegen.slim	1649	0	13833	9063ed9f9fa5fccf9d43a13344e38d9abfc0f23a90eaee7dfb3ed614fe061db5	e3b0c44298fc1c149afbf4c8996fb92427ae41e4649b934ca495991b7852b855
tests/fixtures/stable_codegen.slim	1650	0	13833	9063ed9f9fa5fccf9d43a13344e38d9abfc0f23a90eaee7dfb3ed614fe061db5	e3b0c44298fc1c149afbf4c8996fb92427ae41e4649b934ca495991b7852b855
tests/fixtures/stable_codegen.slim	1651	0	13833	9063ed9f9fa5fccf9d43a13344e38d9abfc0f23a90eaee7dfb3ed614fe061db5	e3b0c44298fc1c149afbf4c8996fb92427ae41e4649b934ca495991b7852b855
tests/fixtures/stable_codegen.slim	1652	0	13833	9063ed9f9fa5fccf9d43a13344e38d9abfc0f23a90eaee7dfb3ed614fe061db5	e3b0c44298fc1c149afbf4c8996fb92427ae41e4649b934ca495991b7852b855
tests/fixtures/stable_codegen.slim	1653	0	13833	9063ed9f9fa5fccf9d43a13344e38d9abfc0f23a90eaee7dfb3ed614fe061db5	e3b0c44298fc1c149afbf4c8996fb92427ae41e4649b934ca495991b7852b855
tests/fixtures/stable_codegen.slim	1654	0	13833	9063ed9f9fa5fccf9d43a13344e38d9abfc0f23a90eaee7dfb3ed614fe061db5	e3b0c44298fc1c149afbf4c8996fb92427ae41e4649b934ca495991b7852b855
tests/fixtures/stable_codegen.slim	1655	0	13833	9063ed9f9fa5fccf9d43a13344e38d9abfc0f23a90eaee7dfb3ed614fe061db5	e3b0c44298fc1c149afbf4c8996fb92427ae41e4649b934ca495991b7852b855
tests/fixtures/stable_codegen.slim	1656	0	13833	9063ed9f9fa5fccf9d43a13344e38d9abfc0f23a90eaee7dfb3ed614fe061db5	e3b0c44298fc1c149afbf4c8996fb92427ae41e4649b934ca495991b7852b855
tests/fixtures/stable_codegen.slim	1657	0	13833	9063ed9f9fa5fccf9d43a13344e38d9abfc0f23a90eaee7dfb3ed614fe061db5	e3b0c44298fc1c149afbf4c8996fb92427ae41e4649b934ca495991b7852b855
tests/fixtures/stable_codegen.slim	1658	0	13833	9063ed9f9fa5fccf9d43a13344e38d9abfc0f23a90eaee7dfb3ed614fe061db5	e3b0c44298fc1c149afbf4c8996fb92427ae41e4649b934ca495991b7852b855
tests/fixtures/stable_codegen.slim	1659	0	13833	9063ed9f9fa5fccf9d43a13344e38d9abfc0f23a90eaee7dfb3ed614fe061db5	e3b0c44298fc1c149afbf4c8996fb92427ae41e4649b934ca495991b7852b855
tests/fixtures/stable_codegen.slim	1660	0	13833	9063ed9f9fa5fccf9d43a13344e38d9abfc0f23a90eaee7dfb3ed614fe061db5	e3b0c44298fc1c149afbf4c8996fb92427ae41e4649b934ca495991b7852b855
tests/fixtures/stable_codegen.slim	1661	0	13833	9063ed9f9fa5fccf9d43a13344e38d9abfc0f23a90eaee7dfb3ed614fe061db5	e3b0c44298fc1c149afbf4c8996fb92427ae41e4649b934ca495991b7852b855
tests/fixtures/stable_codegen.slim	1662	0	13833	9063ed9f9fa5fccf9d43a13344e38d9abfc0f23a90eaee7dfb3ed614fe061db5	e3b0c44298fc1c149afbf4c8996fb92427ae41e4649b934ca495991b7852b855
tests/fixtures/stable_codegen.slim	1663	0	13833	9063ed9f9fa5fccf9d43a13344e38d9abfc0f23a90eaee7dfb3ed614fe061db5	e3b0c44298fc1c149afbf4c8996fb92427ae41e4649b934ca495991b7852b855
tests/fixtures/stable_codegen.slim	1664	0	13833	9063ed9f9fa5fccf9d43a13344e38d9abfc0f23a90eaee7dfb3ed614fe061db5	e3b0c44298fc1c149afbf4c8996fb92427ae41e4649b934ca495991b7852b855
tests/fixtures/stable_codegen.slim	1665	0	13833	9063ed9f9fa5fccf9d43a13344e38d9abfc0f23a90eaee7dfb3ed614fe061db5	e3b0c44298fc1c149afbf4c8996fb92427ae41e4649b934ca495991b7852b855
tests/fixtures/stable_codegen.slim	1666	0	13833	9063ed9f9fa5fccf9d43a13344e38d9abfc0f23a90eaee7dfb3ed614fe061db5	e3b0c44298fc1c149afbf4c8996fb92427ae41e4649b934ca495991b7852b855
tests/fixtures/stable_codegen.slim	1667	0	13833	9063ed9f9fa5fccf9d43a13344e38d9abfc0f23a90eaee7dfb3ed614fe061db5	e3b0c44298fc1c149afbf4c8996fb92427ae41e4649b934ca495991b7852b855
tests/fixtures/stable_codegen.slim	1668	0	13833	9063ed9f9fa5fccf9d43a13344e38d9abfc0f23a90eaee7dfb3ed614fe061db5	e3b0c44298fc1c149afbf4c8996fb92427ae41e4649b934ca495991b7852b855
tests/fixtures/stable_codegen.slim	1669	0	13833	9063ed9f9fa5fccf9d43a13344e38d9abfc0f23a90eaee7dfb3ed614fe061db5	e3b0c44298fc1c149afbf4c8996fb92427ae41e4649b934ca495991b7852b855
tests/fixtures/stable_codegen.slim	1670	0	13833	9063ed9f9fa5fccf9d43a13344e38d9abfc0f23a90eaee7dfb3ed614fe061db5	e3b0c44298fc1c149afbf4c8996fb92427ae41e4649b934ca495991b7852b855
tests/fixtures/stable_codegen.slim	1671	0	13833	9063ed9f9fa5fccf9d43a13344e38d9abfc0f23a90eaee7dfb3ed614fe061db5	e3b0c44298fc1c149afbf4c8996fb92427ae41e4649b934ca495991b7852b855
tests/fixtures/stable_codegen.slim	1672	0	13833	9063ed9f9fa5fccf9d43a13344e38d9abfc0f23a90eaee7dfb3ed614fe061db5	e3b0c44298fc1c149afbf4c8996fb92427ae41e4649b934ca495991b7852b855
tests/fixtures/stable_codegen.slim	1673	0	13833	9063ed9f9fa5fccf9d43a13344e38d9abfc0f23a90eaee7dfb3ed614fe061db5	e3b0c44298fc1c149afbf4c8996fb92427ae41e4649b934ca495991b7852b855
tests/fixtures/stable_codegen.slim	1674	0	13833	9063ed9f9fa5fccf9d43a13344e38d9abfc0f23a90eaee7dfb3ed614fe061db5	e3b0c44298fc1c149afbf4c8996fb92427ae41e4649b934ca495991b7852b855
tests/fixtures/stable_codegen.slim	1675	0	13833	9063ed9f9fa5fccf9d43a13344e38d9abfc0f23a90eaee7dfb3ed614fe061db5	e3b0c44298fc1c149afbf4c8996fb92427ae41e4649b934ca495991b7852b855
tests/fixtures/stable_codegen.slim	1676	0	13833	9063ed9f9fa5fccf9d43a13344e38d9abfc0f23a90eaee7dfb3ed614fe061db5	e3b0c44298fc1c149afbf4c8996fb92427ae41e4649b934ca495991b7852b855
tests/fixtures/stable_codegen.slim	1677	0	13833	9063ed9f9fa5fccf9d43a13344e38d9abfc0f23a90eaee7dfb3ed614fe061db5	e3b0c44298fc1c149afbf4c8996fb92427ae41e4649b934ca495991b7852b855
tests/fixtures/stable_codegen.slim	1678	0	13833	9063ed9f9fa5fccf9d43a13344e38d9abfc0f23a90eaee7dfb3ed614fe061db5	e3b0c44298fc1c149afbf4c8996fb92427ae41e4649b934ca495991b7852b855
tests/fixtures/stable_codegen.slim	1679	0	13833	9063ed9f9fa5fccf9d43a13344e38d9abfc0f23a90eaee7dfb3ed614fe061db5	e3b0c44298fc1c149afbf4c8996fb92427ae41e4649b934ca495991b7852b855
tests/fixtures/stable_codegen.slim	1680	0	13833	9063ed9f9fa5fccf9d43a13344e38d9abfc0f23a90eaee7dfb3ed614fe061db5	e3b0c44298fc1c149afbf4c8996fb92427ae41e4649b934ca495991b7852b855
tests/fixtures/stable_codegen.slim	1681	0	13833	9063ed9f9fa5fccf9d43a13344e38d9abfc0f23a90eaee7dfb3ed614fe061db5	e3b0c44298fc1c149afbf4c8996fb92427ae41e4649b934ca495991b7852b855
tests/fixtures/stable_codegen.slim	1682	0	13833	9063ed9f9fa5fccf9d43a13344e38d9abfc0f23a90eaee7dfb3ed614fe061db5	e3b0c44298fc1c149afbf4c8996fb92427ae41e4649b934ca495991b7852b855
tests/fixtures/stable_codegen.slim	1683	0	13833	9063ed9f9fa5fccf9d43a13344e38d9abfc0f23a90eaee7dfb3ed614fe061db5	e3b0c44298fc1c149afbf4c8996fb92427ae41e4649b934ca495991b7852b855
tests/fixtures/stable_codegen.slim	1684	0	13833	9063ed9f9fa5fccf9d43a13344e38d9abfc0f23a90eaee7dfb3ed614fe061db5	e3b0c44298fc1c149afbf4c8996fb92427ae41e4649b934ca495991b7852b855
tests/fixtures/stable_codegen.slim	1685	0	13833	9063ed9f9fa5fccf9d43a13344e38d9abfc0f23a90eaee7dfb3ed614fe061db5	e3b0c44298fc1c149afbf4c8996fb92427ae41e4649b934ca495991b7852b855
tests/fixtures/stable_codegen.slim	1686	0	13833	9063ed9f9fa5fccf9d43a13344e38d9abfc0f23a90eaee7dfb3ed614fe061db5	e3b0c44298fc1c149afbf4c8996fb92427ae41e4649b934ca495991b7852b855
tests/fixtures/stable_codegen.slim	1687	0	13833	9063ed9f9fa5fccf9d43a13344e38d9abfc0f23a90eaee7dfb3ed614fe061db5	e3b0c44298fc1c149afbf4c8996fb92427ae41e4649b934ca495991b7852b855
tests/fixtures/stable_codegen.slim	1688	0	13833	9063ed9f9fa5fccf9d43a13344e38d9abfc0f23a90eaee7dfb3ed614fe061db5	e3b0c44298fc1c149afbf4c8996fb92427ae41e4649b934ca495991b7852b855
tests/fixtures/stable_codegen.slim	1689	0	13833	9063ed9f9fa5fccf9d43a13344e38d9abfc0f23a90eaee7dfb3ed614fe061db5	e3b0c44298fc1c149afbf4c8996fb92427ae41e4649b934ca495991b7852b855
tests/fixtures/stable_codegen.slim	1690	0	13833	9063ed9f9fa5fccf9d43a13344e38d9abfc0f23a90eaee7dfb3ed614fe061db5	e3b0c44298fc1c149afbf4c8996fb92427ae41e4649b934ca495991b7852b855
tests/fixtures/stable_codegen.slim	1691	0	13833	9063ed9f9fa5fccf9d43a13344e38d9abfc0f23a90eaee7dfb3ed614fe061db5	e3b0c44298fc1c149afbf4c8996fb92427ae41e4649b934ca495991b7852b855
tests/fixtures/stable_codegen.slim	1692	0	13833	9063ed9f9fa5fccf9d43a13344e38d9abfc0f23a90eaee7dfb3ed614fe061db5	e3b0c44298fc1c149afbf4c8996fb92427ae41e4649b934ca495991b7852b855
tests/fixtures/stable_codegen.slim	1693	0	13833	9063ed9f9fa5fccf9d43a13344e38d9abfc0f23a90eaee7dfb3ed614fe061db5	e3b0c44298fc1c149afbf4c8996fb92427ae41e4649b934ca495991b7852b855
tests/fixtures/stable_codegen.slim	1694	0	13833	9063ed9f9fa5fccf9d43a13344e38d9abfc0f23a90eaee7dfb3ed614fe061db5	e3b0c44298fc1c149afbf4c8996fb92427ae41e4649b934ca495991b7852b855
tests/fixtures/stable_codegen.slim	1695	0	13833	9063ed9f9fa5fccf9d43a13344e38d9abfc0f23a90eaee7dfb3ed614fe061db5	e3b0c44298fc1c149afbf4c8996fb92427ae41e4649b934ca495991b7852b855
tests/fixtures/stable_codegen.slim	1696	0	13833	9063ed9f9fa5fccf9d43a13344e38d9abfc0f23a90eaee7dfb3ed614fe061db5	e3b0c44298fc1c149afbf4c8996fb92427ae41e4649b934ca495991b7852b855
tests/fixtures/stable_codegen.slim	1697	0	13833	9063ed9f9fa5fccf9d43a13344e38d9abfc0f23a90eaee7dfb3ed614fe061db5	e3b0c44298fc1c149afbf4c8996fb92427ae41e4649b934ca495991b7852b855
tests/fixtures/stable_codegen.slim	1698	0	13833	9063ed9f9fa5fccf9d43a13344e38d9abfc0f23a90eaee7dfb3ed614fe061db5	e3b0c44298fc1c149afbf4c8996fb92427ae41e4649b934ca495991b7852b855
tests/fixtures/stable_codegen.slim	1699	0	13833	9063ed9f9fa5fccf9d43a13344e38d9abfc0f23a90eaee7dfb3ed614fe061db5	e3b0c44298fc1c149afbf4c8996fb92427ae41e4649b934ca495991b7852b855
tests/fixtures/stable_codegen.slim	1700	0	13833	9063ed9f9fa5fccf9d43a13344e38d9abfc0f23a90eaee7dfb3ed614fe061db5	e3b0c44298fc1c149afbf4c8996fb92427ae41e4649b934ca495991b7852b855
tests/fixtures/stable_codegen.slim	1701	0	13833	9063ed9f9fa5fccf9d43a13344e38d9abfc0f23a90eaee7dfb3ed614fe061db5	e3b0c44298fc1c149afbf4c8996fb92427ae41e4649b934ca495991b7852b855
tests/fixtures/stable_codegen.slim	1702	0	13833	9063ed9f9fa5fccf9d43a13344e38d9abfc0f23a90eaee7dfb3ed614fe061db5	e3b0c44298fc1c149afbf4c8996fb92427ae41e4649b934ca495991b7852b855
tests/fixtures/stable_codegen.slim	1703	0	13833	9063ed9f9fa5fccf9d43a13344e38d9abfc0f23a90eaee7dfb3ed614fe061db5	e3b0c44298fc1c149afbf4c8996fb92427ae41e4649b934ca495991b7852b855
tests/fixtures/stable_codegen.slim	1704	0	13833	9063ed9f9fa5fccf9d43a13344e38d9abfc0f23a90eaee7dfb3ed614fe061db5	e3b0c44298fc1c149afbf4c8996fb92427ae41e4649b934ca495991b7852b855
tests/fixtures/stable_codegen.slim	1705	0	13833	9063ed9f9fa5fccf9d43a13344e38d9abfc0f23a90eaee7dfb3ed614fe061db5	e3b0c44298fc1c149afbf4c8996fb92427ae41e4649b934ca495991b7852b855
tests/fixtures/stable_codegen.slim	1706	0	13833	9063ed9f9fa5fccf9d43a13344e38d9abfc0f23a90eaee7dfb3ed614fe061db5	e3b0c44298fc1c149afbf4c8996fb92427ae41e4649b934ca495991b7852b855
tests/fixtures/stable_codegen.slim	1707	0	13833	9063ed9f9fa5fccf9d43a13344e38d9abfc0f23a90eaee7dfb3ed614fe061db5	e3b0c44298fc1c149afbf4c8996fb92427ae41e4649b934ca495991b7852b855
tests/fixtures/stable_codegen.slim	1708	0	13833	9063ed9f9fa5fccf9d43a13344e38d9abfc0f23a90eaee7dfb3ed614fe061db5	e3b0c44298fc1c149afbf4c8996fb92427ae41e4649b934ca495991b7852b855
tests/fixtures/stable_codegen.slim	1709	0	13833	9063ed9f9fa5fccf9d43a13344e38d9abfc0f23a90eaee7dfb3ed614fe061db5	e3b0c44298fc1c149afbf4c8996fb92427ae41e4649b934ca495991b7852b855
tests/fixtures/stable_codegen.slim	1710	0	13833	9063ed9f9fa5fccf9d43a13344e38d9abfc0f23a90eaee7dfb3ed614fe061db5	e3b0c44298fc1c149afbf4c8996fb92427ae41e4649b934ca495991b7852b855
tests/fixtures/stable_codegen.slim	1711	0	13833	9063ed9f9fa5fccf9d43a13344e38d9abfc0f23a90eaee7dfb3ed614fe061db5	e3b0c44298fc1c149afbf4c8996fb92427ae41e4649b934ca495991b7852b855
tests/fixtures/stable_codegen.slim	1712	0	13833	9063ed9f9fa5fccf9d43a13344e38d9abfc0f23a90eaee7dfb3ed614fe061db5	e3b0c44298fc1c149afbf4c8996fb92427ae41e4649b934ca495991b7852b855
tests/fixtures/stable_codegen.slim	1713	0	13833	9063ed9f9fa5fccf9d43a13344e38d9abfc0f23a90eaee7dfb3ed614fe061db5	e3b0c44298fc1c149afbf4c8996fb92427ae41e4649b934ca495991b7852b855
tests/fixtures/stable_codegen.slim	1714	0	13833	9063ed9f9fa5fccf9d43a13344e38d9abfc0f23a90eaee7dfb3ed614fe061db5	e3b0c44298fc1c149afbf4c8996fb92427ae41e4649b934ca495991b7852b855
tests/fixtures/stable_codegen.slim	1715	0	13833	9063ed9f9fa5fccf9d43a13344e38d9abfc0f23a90eaee7dfb3ed614fe061db5	e3b0c44298fc1c149afbf4c8996fb92427ae41e4649b934ca495991b7852b855
tests/fixtures/stable_codegen.slim	1716	0	13833	9063ed9f9fa5fccf9d43a13344e38d9abfc0f23a90eaee7dfb3ed614fe061db5	e3b0c44298fc1c149afbf4c8996fb92427ae41e4649b934ca495991b7852b855
tests/fixtures/stable_codegen.slim	1717	0	13833	9063ed9f9fa5fccf9d43a13344e38d9abfc0f23a90eaee7dfb3ed614fe061db5	e3b0c44298fc1c149afbf4c8996fb92427ae41e4649b934ca495991b7852b855
tests/fixtures/stable_codegen.slim	1718	0	13833	9063ed9f9fa5fccf9d43a13344e38d9abfc0f23a90eaee7dfb3ed614fe061db5	e3b0c44298fc1c149afbf4c8996fb92427ae41e4649b934ca495991b7852b855
tests/fixtures/stable_codegen.slim	1719	0	13833	9063ed9f9fa5fccf9d43a13344e38d9abfc0f23a90eaee7dfb3ed614fe061db5	e3b0c44298fc1c149afbf4c8996fb92427ae41e4649b934ca495991b7852b855
tests/fixtures/stable_codegen.slim	1720	0	13833	9063ed9f9fa5fccf9d43a13344e38d9abfc0f23a90eaee7dfb3ed614fe061db5	e3b0c44298fc1c149afbf4c8996fb92427ae41e4649b934ca495991b7852b855
tests/fixtures/stable_codegen.slim	1721	0	13833	9063ed9f9fa5fccf9d43a13344e38d9abfc0f23a90eaee7dfb3ed614fe061db5	e3b0c44298fc1c149afbf4c8996fb92427ae41e4649b934ca495991b7852b855
tests/fixtures/stable_codegen.slim	1722	0	13833	9063ed9f9fa5fccf9d43a13344e38d9abfc0f23a90eaee7dfb3ed614fe061db5	e3b0c44298fc1c149afbf4c8996fb92427ae41e4649b934ca495991b7852b855
tests/fixtures/stable_codegen.slim	1723	0	13833	9063ed9f9fa5fccf9d43a13344e38d9abfc0f23a90eaee7dfb3ed614fe061db5	e3b0c44298fc1c149afbf4c8996fb92427ae41e4649b934ca495991b7852b855
tests/fixtures/stable_codegen.slim	1724	0	13833	9063ed9f9fa5fccf9d43a13344e38d9abfc0f23a90eaee7dfb3ed614fe061db5	e3b0c44298fc1c149afbf4c8996fb92427ae41e4649b934ca495991b7852b855
tests/fixtures/stable_codegen.slim	1725	0	13833	9063ed9f9fa5fccf9d43a13344e38d9abfc0f23a90eaee7dfb3ed614fe061db5	e3b0c44298fc1c149afbf4c8996fb92427ae41e4649b934ca495991b7852b855
tests/fixtures/stable_codegen.slim	1726	0	13833	9063ed9f9fa5fccf9d43a13344e38d9abfc0f23a90eaee7dfb3ed614fe061db5	e3b0c44298fc1c149afbf4c8996fb92427ae41e4649b934ca495991b7852b855
tests/fixtures/stable_codegen.slim	1727	0	13833	9063ed9f9fa5fccf9d43a13344e38d9abfc0f23a90eaee7dfb3ed614fe061db5	e3b0c44298fc1c149afbf4c8996fb92427ae41e4649b934ca495991b7852b855
tests/fixtures/stable_codegen.slim	1728	0	13833	9063ed9f9fa5fccf9d43a13344e38d9abfc0f23a90eaee7dfb3ed614fe061db5	e3b0c44298fc1c149afbf4c8996fb92427ae41e4649b934ca495991b7852b855
tests/fixtures/stable_codegen.slim	1729	0	13833	9063ed9f9fa5fccf9d43a13344e38d9abfc0f23a90eaee7dfb3ed614fe061db5	e3b0c44298fc1c149afbf4c8996fb92427ae41e4649b934ca495991b7852b855
tests/fixtures/stable_codegen.slim	1730	0	13833	9063ed9f9fa5fccf9d43a13344e38d9abfc0f23a90eaee7dfb3ed614fe061db5	e3b0c44298fc1c149afbf4c8996fb92427ae41e4649b934ca495991b7852b855
tests/fixtures/stable_codegen.slim	1731	0	13833	9063ed9f9fa5fccf9d43a13344e38d9abfc0f23a90eaee7dfb3ed614fe061db5	e3b0c44298fc1c149afbf4c8996fb92427ae41e4649b934ca495991b7852b855
tests/fixtures/stable_codegen.slim	1732	0	13833	9063ed9f9fa5fccf9d43a13344e38d9abfc0f23a90eaee7dfb3ed614fe061db5	e3b0c44298fc1c149afbf4c8996fb92427ae41e4649b934ca495991b7852b855
tests/fixtures/stable_codegen.slim	1733	0	13833	9063ed9f9fa5fccf9d43a13344e38d9abfc0f23a90eaee7dfb3ed614fe061db5	e3b0c44298fc1c149afbf4c8996fb92427ae41e4649b934ca495991b7852b855
tests/fixtures/stable_codegen.slim	1734	0	13833	9063ed9f9fa5fccf9d43a13344e38d9abfc0f23a90eaee7dfb3ed614fe061db5	e3b0c44298fc1c149afbf4c8996fb92427ae41e4649b934ca495991b7852b855
tests/fixtures/stable_codegen.slim	1735	0	13833	9063ed9f9fa5fccf9d43a13344e38d9abfc0f23a90eaee7dfb3ed614fe061db5	e3b0c44298fc1c149afbf4c8996fb92427ae41e4649b934ca495991b7852b855
tests/fixtures/stable_codegen.slim	1736	0	13833	9063ed9f9fa5fccf9d43a13344e38d9abfc0f23a90eaee7dfb3ed614fe061db5	e3b0c44298fc1c149afbf4c8996fb92427ae41e4649b934ca495991b7852b855
tests/fixtures/stable_codegen.slim	1737	0	13833	9063ed9f9fa5fccf9d43a13344e38d9abfc0f23a90eaee7dfb3ed614fe061db5	e3b0c44298fc1c149afbf4c8996fb92427ae41e4649b934ca495991b7852b855
tests/fixtures/stable_codegen.slim	1738	0	13833	9063ed9f9fa5fccf9d43a13344e38d9abfc0f23a90eaee7dfb3ed614fe061db5	e3b0c44298fc1c149afbf4c8996fb92427ae41e4649b934ca495991b7852b855
tests/fixtures/stable_codegen.slim	1739	0	13833	9063ed9f9fa5fccf9d43a13344e38d9abfc0f23a90eaee7dfb3ed614fe061db5	e3b0c44298fc1c149afbf4c8996fb92427ae41e4649b934ca495991b7852b855
tests/fixtures/stable_codegen.slim	1740	0	13833	9063ed9f9fa5fccf9d43a13344e38d9abfc0f23a90eaee7dfb3ed614fe061db5	e3b0c44298fc1c149afbf4c8996fb92427ae41e4649b934ca495991b7852b855
tests/fixtures/stable_codegen.slim	1741	0	13833	9063ed9f9fa5fccf9d43a13344e38d9abfc0f23a90eaee7dfb3ed614fe061db5	e3b0c44298fc1c149afbf4c8996fb92427ae41e4649b934ca495991b7852b855
tests/fixtures/stable_codegen.slim	1742	0	13833	9063ed9f9fa5fccf9d43a13344e38d9abfc0f23a90eaee7dfb3ed614fe061db5	e3b0c44298fc1c149afbf4c8996fb92427ae41e4649b934ca495991b7852b855
tests/fixtures/stable_codegen.slim	1743	0	13833	9063ed9f9fa5fccf9d43a13344e38d9abfc0f23a90eaee7dfb3ed614fe061db5	e3b0c44298fc1c149afbf4c8996fb92427ae41e4649b934ca495991b7852b855
tests/fixtures/stable_codegen.slim	1744	0	13833	9063ed9f9fa5fccf9d43a13344e38d9abfc0f23a90eaee7dfb3ed614fe061db5	e3b0c44298fc1c149afbf4c8996fb92427ae41e4649b934ca495991b7852b855
tests/fixtures/stable_codegen.slim	1745	0	13833	9063ed9f9fa5fccf9d43a13344e38d9abfc0f23a90eaee7dfb3ed614fe061db5	e3b0c44298fc1c149afbf4c8996fb92427ae41e4649b934ca495991b7852b855
tests/fixtures/stable_codegen.slim	1746	0	13833	9063ed9f9fa5fccf9d43a13344e38d9abfc0f23a90eaee7dfb3ed614fe061db5	e3b0c44298fc1c149afbf4c8996fb92427ae41e4649b934ca495991b7852b855
tests/fixtures/stable_codegen.slim	1747	0	13833	9063ed9f9fa5fccf9d43a13344e38d9abfc0f23a90eaee7dfb3ed614fe061db5	e3b0c44298fc1c149afbf4c8996fb92427ae41e4649b934ca495991b7852b855
tests/fixtures/stable_codegen.slim	1748	0	13833	9063ed9f9fa5fccf9d43a13344e38d9abfc0f23a90eaee7dfb3ed614fe061db5	e3b0c44298fc1c149afbf4c8996fb92427ae41e4649b934ca495991b7852b855
tests/fixtures/stable_codegen.slim	1749	0	13833	9063ed9f9fa5fccf9d43a13344e38d9abfc0f23a90eaee7dfb3ed614fe061db5	e3b0c44298fc1c149afbf4c8996fb92427ae41e4649b934ca495991b7852b855
tests/fixtures/stable_codegen.slim	1750	0	13833	9063ed9f9fa5fccf9d43a13344e38d9abfc0f23a90eaee7dfb3ed614fe061db5	e3b0c44298fc1c149afbf4c8996fb92427ae41e4649b934ca495991b7852b855
tests/fixtures/stable_codegen.slim	1751	0	13833	9063ed9f9fa5fccf9d43a13344e38d9abfc0f23a90eaee7dfb3ed614fe061db5	e3b0c44298fc1c149afbf4c8996fb92427ae41e4649b934ca495991b7852b855
tests/fixtures/stable_codegen.slim	1752	0	13833	9063ed9f9fa5fccf9d43a13344e38d9abfc0f23a90eaee7dfb3ed614fe061db5	e3b0c44298fc1c149afbf4c8996fb92427ae41e4649b934ca495991b7852b855
tests/fixtures/stable_codegen.slim	1753	0	13833	9063ed9f9fa5fccf9d43a13344e38d9abfc0f23a90eaee7dfb3ed614fe061db5	e3b0c44298fc1c149afbf4c8996fb92427ae41e4649b934ca495991b7852b855
tests/fixtures/stable_codegen.slim	1754	0	13833	9063ed9f9fa5fccf9d43a13344e38d9abfc0f23a90eaee7dfb3ed614fe061db5	e3b0c44298fc1c149afbf4c8996fb92427ae41e4649b934ca495991b7852b855
tests/fixtures/stable_codegen.slim	1755	0	13833	9063ed9f9fa5fccf9d43a13344e38d9abfc0f23a90eaee7dfb3ed614fe061db5	e3b0c44298fc1c149afbf4c8996fb92427ae41e4649b934ca495991b7852b855
tests/fixtures/stable_codegen.slim	1756	0	13833	9063ed9f9fa5fccf9d43a13344e38d9abfc0f23a90eaee7dfb3ed614fe061db5	e3b0c44298fc1c149afbf4c8996fb92427ae41e4649b934ca495991b7852b855
tests/fixtures/stable_codegen.slim	1757	0	13833	9063ed9f9fa5fccf9d43a13344e38d9abfc0f23a90eaee7dfb3ed614fe061db5	e3b0c44298fc1c149afbf4c8996fb92427ae41e4649b934ca495991b7852b855
tests/fixtures/stable_codegen.slim	1758	0	13833	9063ed9f9fa5fccf9d43a13344e38d9abfc0f23a90eaee7dfb3ed614fe061db5	e3b0c44298fc1c149afbf4c8996fb92427ae41e4649b934ca495991b7852b855
tests/fixtures/stable_codegen.slim	1759	0	13833	9063ed9f9fa5fccf9d43a13344e38d9abfc0f23a90eaee7dfb3ed614fe061db5	e3b0c44298fc1c149afbf4c8996fb92427ae41e4649b934ca495991b7852b855
tests/fixtures/stable_codegen.slim	1760	0	13833	9063ed9f9fa5fccf9d43a13344e38d9abfc0f23a90eaee7dfb3ed614fe061db5	e3b0c44298fc1c149afbf4c8996fb92427ae41e4649b934ca495991b7852b855
tests/fixtures/stable_codegen.slim	1761	0	13833	9063ed9f9fa5fccf9d43a13344e38d9abfc0f23a90eaee7dfb3ed614fe061db5	e3b0c44298fc1c149afbf4c8996fb92427ae41e4649b934ca495991b7852b855
tests/fixtures/stable_codegen.slim	1762	0	13833	9063ed9f9fa5fccf9d43a13344e38d9abfc0f23a90eaee7dfb3ed614fe061db5	e3b0c44298fc1c149afbf4c8996fb92427ae41e4649b934ca495991b7852b855
tests/fixtures/stable_codegen.slim	1763	0	13833	9063ed9f9fa5fccf9d43a13344e38d9abfc0f23a90eaee7dfb3ed614fe061db5	e3b0c44298fc1c149afbf4c8996fb92427ae41e4649b934ca495991b7852b855
tests/fixtures/stable_codegen.slim	1764	0	13833	9063ed9f9fa5fccf9d43a13344e38d9abfc0f23a90eaee7dfb3ed614fe061db5	e3b0c44298fc1c149afbf4c8996fb92427ae41e4649b934ca495991b7852b855
tests/fixtures/stable_codegen.slim	1765	0	13833	9063ed9f9fa5fccf9d43a13344e38d9abfc0f23a90eaee7dfb3ed614fe061db5	e3b0c44298fc1c149afbf4c8996fb92427ae41e4649b934ca495991b7852b855
tests/fixtures/stable_codegen.slim	1766	0	13833	9063ed9f9fa5fccf9d43a13344e38d9abfc0f23a90eaee7dfb3ed614fe061db5	e3b0c44298fc1c149afbf4c8996fb92427ae41e4649b934ca495991b7852b855
tests/fixtures/stable_codegen.slim	1767	0	13833	9063ed9f9fa5fccf9d43a13344e38d9abfc0f23a90eaee7dfb3ed614fe061db5	e3b0c44298fc1c149afbf4c8996fb92427ae41e4649b934ca495991b7852b855
tests/fixtures/stable_codegen.slim	1768	0	13833	9063ed9f9fa5fccf9d43a13344e38d9abfc0f23a90eaee7dfb3ed614fe061db5	e3b0c44298fc1c149afbf4c8996fb92427ae41e4649b934ca495991b7852b855
tests/fixtures/stable_codegen.slim	1769	0	13833	9063ed9f9fa5fccf9d43a13344e38d9abfc0f23a90eaee7dfb3ed614fe061db5	e3b0c44298fc1c149afbf4c8996fb92427ae41e4649b934ca495991b7852b855
tests/fixtures/stable_codegen.slim	1770	0	13833	9063ed9f9fa5fccf9d43a13344e38d9abfc0f23a90eaee7dfb3ed614fe061db5	e3b0c44298fc1c149afbf4c8996fb92427ae41e4649b934ca495991b7852b855
tests/fixtures/stable_codegen.slim	1771	0	13833	9063ed9f9fa5fccf9d43a13344e38d9abfc0f23a90eaee7dfb3ed614fe061db5	e3b0c44298fc1c149afbf4c8996fb92427ae41e4649b934ca495991b7852b855
tests/fixtures/stable_codegen.slim	1772	0	13833	9063ed9f9fa5fccf9d43a13344e38d9abfc0f23a90eaee7dfb3ed614fe061db5	e3b0c44298fc1c149afbf4c8996fb92427ae41e4649b934ca495991b7852b855
tests/fixtures/stable_codegen.slim	1773	0	13833	9063ed9f9fa5fccf9d43a13344e38d9abfc0f23a90eaee7dfb3ed614fe061db5	e3b0c44298fc1c149afbf4c8996fb92427ae41e4649b934ca495991b7852b855
tests/fixtures/stable_codegen.slim	1774	0	13833	9063ed9f9fa5fccf9d43a13344e38d9abfc0f23a90eaee7dfb3ed614fe061db5	e3b0c44298fc1c149afbf4c8996fb92427ae41e4649b934ca495991b7852b855
tests/fixtures/stable_codegen.slim	1775	0	13833	9063ed9f9fa5fccf9d43a13344e38d9abfc0f23a90eaee7dfb3ed614fe061db5	e3b0c44298fc1c149afbf4c8996fb92427ae41e4649b934ca495991b7852b855
tests/fixtures/stable_codegen.slim	1776	0	13833	9063ed9f9fa5fccf9d43a13344e38d9abfc0f23a90eaee7dfb3ed614fe061db5	e3b0c44298fc1c149afbf4c8996fb92427ae41e4649b934ca495991b7852b855
tests/fixtures/stable_codegen.slim	1777	0	13833	9063ed9f9fa5fccf9d43a13344e38d9abfc0f23a90eaee7dfb3ed614fe061db5	e3b0c44298fc1c149afbf4c8996fb92427ae41e4649b934ca495991b7852b855
tests/fixtures/stable_codegen.slim	1778	0	13833	9063ed9f9fa5fccf9d43a13344e38d9abfc0f23a90eaee7dfb3ed614fe061db5	e3b0c44298fc1c149afbf4c8996fb92427ae41e4649b934ca495991b7852b855
tests/fixtures/stable_codegen.slim	1779	0	13833	9063ed9f9fa5fccf9d43a13344e38d9abfc0f23a90eaee7dfb3ed614fe061db5	e3b0c44298fc1c149afbf4c8996fb92427ae41e4649b934ca495991b7852b855
tests/fixtures/stable_codegen.slim	1780	0	13833	9063ed9f9fa5fccf9d43a13344e38d9abfc0f23a90eaee7dfb3ed614fe061db5	e3b0c44298fc1c149afbf4c8996fb92427ae41e4649b934ca495991b7852b855
tests/fixtures/stable_codegen.slim	1781	0	13833	9063ed9f9fa5fccf9d43a13344e38d9abfc0f23a90eaee7dfb3ed614fe061db5	e3b0c44298fc1c149afbf4c8996fb92427ae41e4649b934ca495991b7852b855
tests/fixtures/stable_codegen.slim	1782	0	13833	9063ed9f9fa5fccf9d43a13344e38d9abfc0f23a90eaee7dfb3ed614fe061db5	e3b0c44298fc1c149afbf4c8996fb92427ae41e4649b934ca495991b7852b855
tests/fixtures/stable_codegen.slim	1783	0	13833	9063ed9f9fa5fccf9d43a13344e38d9abfc0f23a90eaee7dfb3ed614fe061db5	e3b0c44298fc1c149afbf4c8996fb92427ae41e4649b934ca495991b7852b855
tests/fixtures/stable_codegen.slim	1784	0	13833	9063ed9f9fa5fccf9d43a13344e38d9abfc0f23a90eaee7dfb3ed614fe061db5	e3b0c44298fc1c149afbf4c8996fb92427ae41e4649b934ca495991b7852b855
tests/fixtures/stable_codegen.slim	1785	0	13833	9063ed9f9fa5fccf9d43a13344e38d9abfc0f23a90eaee7dfb3ed614fe061db5	e3b0c44298fc1c149afbf4c8996fb92427ae41e4649b934ca495991b7852b855
tests/fixtures/stable_codegen.slim	1786	0	13833	9063ed9f9fa5fccf9d43a13344e38d9abfc0f23a90eaee7dfb3ed614fe061db5	e3b0c44298fc1c149afbf4c8996fb92427ae41e4649b934ca495991b7852b855
tests/fixtures/stable_codegen.slim	1787	0	13833	9063ed9f9fa5fccf9d43a13344e38d9abfc0f23a90eaee7dfb3ed614fe061db5	e3b0c44298fc1c149afbf4c8996fb92427ae41e4649b934ca495991b7852b855
tests/fixtures/stable_codegen.slim	1788	0	13833	9063ed9f9fa5fccf9d43a13344e38d9abfc0f23a90eaee7dfb3ed614fe061db5	e3b0c44298fc1c149afbf4c8996fb92427ae41e4649b934ca495991b7852b855
tests/fixtures/stable_codegen.slim	1789	0	13833	9063ed9f9fa5fccf9d43a13344e38d9abfc0f23a90eaee7dfb3ed614fe061db5	e3b0c44298fc1c149afbf4c8996fb92427ae41e4649b934ca495991b7852b855
tests/fixtures/stable_codegen.slim	1790	0	13833	9063ed9f9fa5fccf9d43a13344e38d9abfc0f23a90eaee7dfb3ed614fe061db5	e3b0c44298fc1c149afbf4c8996fb92427ae41e4649b934ca495991b7852b855
tests/fixtures/stable_codegen.slim	1791	0	13833	9063ed9f9fa5fccf9d43a13344e38d9abfc0f23a90eaee7dfb3ed614fe061db5	e3b0c44298fc1c149afbf4c8996fb92427ae41e4649b934ca495991b7852b855
tests/fixtures/stable_codegen.slim	1792	0	13833	9063ed9f9fa5fccf9d43a13344e38d9abfc0f23a90eaee7dfb3ed614fe061db5	e3b0c44298fc1c149afbf4c8996fb92427ae41e4649b934ca495991b7852b855
tests/fixtures/stable_codegen.slim	1793	0	13833	9063ed9f9fa5fccf9d43a13344e38d9abfc0f23a90eaee7dfb3ed614fe061db5	e3b0c44298fc1c149afbf4c8996fb92427ae41e4649b934ca495991b7852b855
tests/fixtures/stable_codegen.slim	1794	0	13833	9063ed9f9fa5fccf9d43a13344e38d9abfc0f23a90eaee7dfb3ed614fe061db5	e3b0c44298fc1c149afbf4c8996fb92427ae41e4649b934ca495991b7852b855
tests/fixtures/stable_codegen.slim	1795	0	13833	9063ed9f9fa5fccf9d43a13344e38d9abfc0f23a90eaee7dfb3ed614fe061db5	e3b0c44298fc1c149afbf4c8996fb92427ae41e4649b934ca495991b7852b855
tests/fixtures/stable_codegen.slim	1796	0	13833	9063ed9f9fa5fccf9d43a13344e38d9abfc0f23a90eaee7dfb3ed614fe061db5	e3b0c44298fc1c149afbf4c8996fb92427ae41e4649b934ca495991b7852b855
tests/fixtures/stable_codegen.slim	1797	0	13833	9063ed9f9fa5fccf9d43a13344e38d9abfc0f23a90eaee7dfb3ed614fe061db5	e3b0c44298fc1c149afbf4c8996fb92427ae41e4649b934ca495991b7852b855
tests/fixtures/stable_codegen.slim	1798	0	13833	9063ed9f9fa5fccf9d43a13344e38d9abfc0f23a90eaee7dfb3ed614fe061db5	e3b0c44298fc1c149afbf4c8996fb92427ae41e4649b934ca495991b7852b855
tests/fixtures/stable_codegen.slim	1799	0	13833	9063ed9f9fa5fccf9d43a13344e38d9abfc0f23a90eaee7dfb3ed614fe061db5	e3b0c44298fc1c149afbf4c8996fb92427ae41e4649b934ca495991b7852b855
tests/fixtures/stable_codegen.slim	1800	0	13833	9063ed9f9fa5fccf9d43a13344e38d9abfc0f23a90eaee7dfb3ed614fe061db5	e3b0c44298fc1c149afbf4c8996fb92427ae41e4649b934ca495991b7852b855
tests/fixtures/stable_codegen.slim	1801	0	13833	9063ed9f9fa5fccf9d43a13344e38d9abfc0f23a90eaee7dfb3ed614fe061db5	e3b0c44298fc1c149afbf4c8996fb92427ae41e4649b934ca495991b7852b855
tests/fixtures/stable_codegen.slim	1802	0	13833	9063ed9f9fa5fccf9d43a13344e38d9abfc0f23a90eaee7dfb3ed614fe061db5	e3b0c44298fc1c149afbf4c8996fb92427ae41e4649b934ca495991b7852b855
tests/fixtures/stable_codegen.slim	1803	0	13833	9063ed9f9fa5fccf9d43a13344e38d9abfc0f23a90eaee7dfb3ed614fe061db5	e3b0c44298fc1c149afbf4c8996fb92427ae41e4649b934ca495991b7852b855
tests/fixtures/stable_codegen.slim	1804	0	13833	9063ed9f9fa5fccf9d43a13344e38d9abfc0f23a90eaee7dfb3ed614fe061db5	e3b0c44298fc1c149afbf4c8996fb92427ae41e4649b934ca495991b7852b855
tests/fixtures/stable_codegen.slim	1805	0	13833	9063ed9f9fa5fccf9d43a13344e38d9abfc0f23a90eaee7dfb3ed614fe061db5	e3b0c44298fc1c149afbf4c8996fb92427ae41e4649b934ca495991b7852b855
tests/fixtures/stable_codegen.slim	1806	0	13833	9063ed9f9fa5fccf9d43a13344e38d9abfc0f23a90eaee7dfb3ed614fe061db5	e3b0c44298fc1c149afbf4c8996fb92427ae41e4649b934ca495991b7852b855
tests/fixtures/stable_codegen.slim	1807	0	13833	9063ed9f9fa5fccf9d43a13344e38d9abfc0f23a90eaee7dfb3ed614fe061db5	e3b0c44298fc1c149afbf4c8996fb92427ae41e4649b934ca495991b7852b855
tests/fixtures/stable_codegen.slim	1808	0	13833	9063ed9f9fa5fccf9d43a13344e38d9abfc0f23a90eaee7dfb3ed614fe061db5	e3b0c44298fc1c149afbf4c8996fb92427ae41e4649b934ca495991b7852b855
tests/fixtures/stable_codegen.slim	1809	0	13833	9063ed9f9fa5fccf9d43a13344e38d9abfc0f23a90eaee7dfb3ed614fe061db5	e3b0c44298fc1c149afbf4c8996fb92427ae41e4649b934ca495991b7852b855
tests/fixtures/stable_codegen.slim	1810	0	13833	9063ed9f9fa5fccf9d43a13344e38d9abfc0f23a90eaee7dfb3ed614fe061db5	e3b0c44298fc1c149afbf4c8996fb92427ae41e4649b934ca495991b7852b855
tests/fixtures/stable_codegen.slim	1811	0	13833	9063ed9f9fa5fccf9d43a13344e38d9abfc0f23a90eaee7dfb3ed614fe061db5	e3b0c44298fc1c149afbf4c8996fb92427ae41e4649b934ca495991b7852b855
tests/fixtures/stable_codegen.slim	1812	0	13833	9063ed9f9fa5fccf9d43a13344e38d9abfc0f23a90eaee7dfb3ed614fe061db5	e3b0c44298fc1c149afbf4c8996fb92427ae41e4649b934ca495991b7852b855
tests/fixtures/stable_codegen.slim	1813	0	13833	9063ed9f9fa5fccf9d43a13344e38d9abfc0f23a90eaee7dfb3ed614fe061db5	e3b0c44298fc1c149afbf4c8996fb92427ae41e4649b934ca495991b7852b855
tests/fixtures/stable_codegen.slim	1814	0	13833	9063ed9f9fa5fccf9d43a13344e38d9abfc0f23a90eaee7dfb3ed614fe061db5	e3b0c44298fc1c149afbf4c8996fb92427ae41e4649b934ca495991b7852b855
tests/fixtures/stable_codegen.slim	1815	0	13833	9063ed9f9fa5fccf9d43a13344e38d9abfc0f23a90eaee7dfb3ed614fe061db5	e3b0c44298fc1c149afbf4c8996fb92427ae41e4649b934ca495991b7852b855
tests/fixtures/stable_codegen.slim	1816	0	13833	9063ed9f9fa5fccf9d43a13344e38d9abfc0f23a90eaee7dfb3ed614fe061db5	e3b0c44298fc1c149afbf4c8996fb92427ae41e4649b934ca495991b7852b855
tests/fixtures/stable_codegen.slim	1817	0	13833	9063ed9f9fa5fccf9d43a13344e38d9abfc0f23a90eaee7dfb3ed614fe061db5	e3b0c44298fc1c149afbf4c8996fb92427ae41e4649b934ca495991b7852b855
tests/fixtures/stable_codegen.slim	1818	0	13833	9063ed9f9fa5fccf9d43a13344e38d9abfc0f23a90eaee7dfb3ed614fe061db5	e3b0c44298fc1c149afbf4c8996fb92427ae41e4649b934ca495991b7852b855
tests/fixtures/stable_codegen.slim	1819	0	13833	9063ed9f9fa5fccf9d43a13344e38d9abfc0f23a90eaee7dfb3ed614fe061db5	e3b0c44298fc1c149afbf4c8996fb92427ae41e4649b934ca495991b7852b855
tests/fixtures/stable_codegen.slim	1820	0	13833	9063ed9f9fa5fccf9d43a13344e38d9abfc0f23a90eaee7dfb3ed614fe061db5	e3b0c44298fc1c149afbf4c8996fb92427ae41e4649b934ca495991b7852b855
tests/fixtures/stable_codegen.slim	1821	0	13833	9063ed9f9fa5fccf9d43a13344e38d9abfc0f23a90eaee7dfb3ed614fe061db5	e3b0c44298fc1c149afbf4c8996fb92427ae41e4649b934ca495991b7852b855
tests/fixtures/stable_codegen.slim	1822	0	13833	9063ed9f9fa5fccf9d43a13344e38d9abfc0f23a90eaee7dfb3ed614fe061db5	e3b0c44298fc1c149afbf4c8996fb92427ae41e4649b934ca495991b7852b855
tests/fixtures/stable_codegen.slim	1823	0	13833	9063ed9f9fa5fccf9d43a13344e38d9abfc0f23a90eaee7dfb3ed614fe061db5	e3b0c44298fc1c149afbf4c8996fb92427ae41e4649b934ca495991b7852b855
tests/fixtures/stable_codegen.slim	1824	0	13833	9063ed9f9fa5fccf9d43a13344e38d9abfc0f23a90eaee7dfb3ed614fe061db5	e3b0c44298fc1c149afbf4c8996fb92427ae41e4649b934ca495991b7852b855
tests/fixtures/stable_codegen.slim	1825	0	13833	9063ed9f9fa5fccf9d43a13344e38d9abfc0f23a90eaee7dfb3ed614fe061db5	e3b0c44298fc1c149afbf4c8996fb92427ae41e4649b934ca495991b7852b855
tests/fixtures/stable_codegen.slim	1826	0	13833	9063ed9f9fa5fccf9d43a13344e38d9abfc0f23a90eaee7dfb3ed614fe061db5	e3b0c44298fc1c149afbf4c8996fb92427ae41e4649b934ca495991b7852b855
tests/fixtures/stable_codegen.slim	1827	0	13833	9063ed9f9fa5fccf9d43a13344e38d9abfc0f23a90eaee7dfb3ed614fe061db5	e3b0c44298fc1c149afbf4c8996fb92427ae41e4649b934ca495991b7852b855
tests/fixtures/stable_codegen.slim	1828	0	13833	9063ed9f9fa5fccf9d43a13344e38d9abfc0f23a90eaee7dfb3ed614fe061db5	e3b0c44298fc1c149afbf4c8996fb92427ae41e4649b934ca495991b7852b855
tests/fixtures/stable_codegen.slim	1829	0	13833	9063ed9f9fa5fccf9d43a13344e38d9abfc0f23a90eaee7dfb3ed614fe061db5	e3b0c44298fc1c149afbf4c8996fb92427ae41e4649b934ca495991b7852b855
tests/fixtures/stable_codegen.slim	1830	0	13833	9063ed9f9fa5fccf9d43a13344e38d9abfc0f23a90eaee7dfb3ed614fe061db5	e3b0c44298fc1c149afbf4c8996fb92427ae41e4649b934ca495991b7852b855
tests/fixtures/stable_codegen.slim	1831	0	13833	9063ed9f9fa5fccf9d43a13344e38d9abfc0f23a90eaee7dfb3ed614fe061db5	e3b0c44298fc1c149afbf4c8996fb92427ae41e4649b934ca495991b7852b855
tests/fixtures/stable_codegen.slim	1832	0	13833	9063ed9f9fa5fccf9d43a13344e38d9abfc0f23a90eaee7dfb3ed614fe061db5	e3b0c44298fc1c149afbf4c8996fb92427ae41e4649b934ca495991b7852b855
tests/fixtures/stable_codegen.slim	1833	0	13833	9063ed9f9fa5fccf9d43a13344e38d9abfc0f23a90eaee7dfb3ed614fe061db5	e3b0c44298fc1c149afbf4c8996fb92427ae41e4649b934ca495991b7852b855
tests/fixtures/stable_codegen.slim	1834	0	13833	9063ed9f9fa5fccf9d43a13344e38d9abfc0f23a90eaee7dfb3ed614fe061db5	e3b0c44298fc1c149afbf4c8996fb92427ae41e4649b934ca495991b7852b855
tests/fixtures/stable_codegen.slim	1835	0	13833	9063ed9f9fa5fccf9d43a13344e38d9abfc0f23a90eaee7dfb3ed614fe061db5	e3b0c44298fc1c149afbf4c8996fb92427ae41e4649b934ca495991b7852b855
tests/fixtures/stable_codegen.slim	1836	0	13833	9063ed9f9fa5fccf9d43a13344e38d9abfc0f23a90eaee7dfb3ed614fe061db5	e3b0c44298fc1c149afbf4c8996fb92427ae41e4649b934ca495991b7852b855
tests/fixtures/stable_codegen.slim	1837	0	13833	9063ed9f9fa5fccf9d43a13344e38d9abfc0f23a90eaee7dfb3ed614fe061db5	e3b0c44298fc1c149afbf4c8996fb92427ae41e4649b934ca495991b7852b855
tests/fixtures/stable_codegen.slim	1838	0	13833	9063ed9f9fa5fccf9d43a13344e38d9abfc0f23a90eaee7dfb3ed614fe061db5	e3b0c44298fc1c149afbf4c8996fb92427ae41e4649b934ca495991b7852b855
tests/fixtures/stable_codegen.slim	1839	0	13833	9063ed9f9fa5fccf9d43a13344e38d9abfc0f23a90eaee7dfb3ed614fe061db5	e3b0c44298fc1c149afbf4c8996fb92427ae41e4649b934ca495991b7852b855
tests/fixtures/stable_codegen.slim	1840	0	13833	9063ed9f9fa5fccf9d43a13344e38d9abfc0f23a90eaee7dfb3ed614fe061db5	e3b0c44298fc1c149afbf4c8996fb92427ae41e4649b934ca495991b7852b855
tests/fixtures/stable_codegen.slim	1841	0	13833	9063ed9f9fa5fccf9d43a13344e38d9abfc0f23a90eaee7dfb3ed614fe061db5	e3b0c44298fc1c149afbf4c8996fb92427ae41e4649b934ca495991b7852b855
tests/fixtures/stable_codegen.slim	1842	0	13833	9063ed9f9fa5fccf9d43a13344e38d9abfc0f23a90eaee7dfb3ed614fe061db5	e3b0c44298fc1c149afbf4c8996fb92427ae41e4649b934ca495991b7852b855
tests/fixtures/stable_codegen.slim	1843	0	13833	9063ed9f9fa5fccf9d43a13344e38d9abfc0f23a90eaee7dfb3ed614fe061db5	e3b0c44298fc1c149afbf4c8996fb92427ae41e4649b934ca495991b7852b855
tests/fixtures/stable_codegen.slim	1844	0	13833	9063ed9f9fa5fccf9d43a13344e38d9abfc0f23a90eaee7dfb3ed614fe061db5	e3b0c44298fc1c149afbf4c8996fb92427ae41e4649b934ca495991b7852b855
tests/fixtures/stable_codegen.slim	1845	0	13833	9063ed9f9fa5fccf9d43a13344e38d9abfc0f23a90eaee7dfb3ed614fe061db5	e3b0c44298fc1c149afbf4c8996fb92427ae41e4649b934ca495991b7852b855
tests/fixtures/stable_codegen.slim	1846	0	13833	9063ed9f9fa5fccf9d43a13344e38d9abfc0f23a90eaee7dfb3ed614fe061db5	e3b0c44298fc1c149afbf4c8996fb92427ae41e4649b934ca495991b7852b855
tests/fixtures/stable_codegen.slim	1847	0	13833	9063ed9f9fa5fccf9d43a13344e38d9abfc0f23a90eaee7dfb3ed614fe061db5	e3b0c44298fc1c149afbf4c8996fb92427ae41e4649b934ca495991b7852b855
tests/fixtures/stable_codegen.slim	1848	0	13833	9063ed9f9fa5fccf9d43a13344e38d9abfc0f23a90eaee7dfb3ed614fe061db5	e3b0c44298fc1c149afbf4c8996fb92427ae41e4649b934ca495991b7852b855
tests/fixtures/stable_codegen.slim	1849	0	13833	9063ed9f9fa5fccf9d43a13344e38d9abfc0f23a90eaee7dfb3ed614fe061db5	e3b0c44298fc1c149afbf4c8996fb92427ae41e4649b934ca495991b7852b855
tests/fixtures/stable_codegen.slim	1850	0	13833	9063ed9f9fa5fccf9d43a13344e38d9abfc0f23a90eaee7dfb3ed614fe061db5	e3b0c44298fc1c149afbf4c8996fb92427ae41e4649b934ca495991b7852b855
tests/fixtures/stable_codegen.slim	1851	0	13833	9063ed9f9fa5fccf9d43a13344e38d9abfc0f23a90eaee7dfb3ed614fe061db5	e3b0c44298fc1c149afbf4c8996fb92427ae41e4649b934ca495991b7852b855
tests/fixtures/stable_codegen.slim	1852	0	13833	9063ed9f9fa5fccf9d43a13344e38d9abfc0f23a90eaee7dfb3ed614fe061db5	e3b0c44298fc1c149afbf4c8996fb92427ae41e4649b934ca495991b7852b855
tests/fixtures/stable_codegen.slim	1853	0	13833	9063ed9f9fa5fccf9d43a13344e38d9abfc0f23a90eaee7dfb3ed614fe061db5	e3b0c44298fc1c149afbf4c8996fb92427ae41e4649b934ca495991b7852b855
tests/fixtures/stable_codegen.slim	1854	0	13833	9063ed9f9fa5fccf9d43a13344e38d9abfc0f23a90eaee7dfb3ed614fe061db5	e3b0c44298fc1c149afbf4c8996fb92427ae41e4649b934ca495991b7852b855
tests/fixtures/stable_codegen.slim	1855	0	13833	9063ed9f9fa5fccf9d43a13344e38d9abfc0f23a90eaee7dfb3ed614fe061db5	e3b0c44298fc1c149afbf4c8996fb92427ae41e4649b934ca495991b7852b855
tests/fixtures/stable_codegen.slim	1856	0	13833	9063ed9f9fa5fccf9d43a13344e38d9abfc0f23a90eaee7dfb3ed614fe061db5	e3b0c44298fc1c149afbf4c8996fb92427ae41e4649b934ca495991b7852b855
tests/fixtures/stable_codegen.slim	1857	0	13833	9063ed9f9fa5fccf9d43a13344e38d9abfc0f23a90eaee7dfb3ed614fe061db5	e3b0c44298fc1c149afbf4c8996fb92427ae41e4649b934ca495991b7852b855
tests/fixtures/stable_codegen.slim	1858	0	13833	9063ed9f9fa5fccf9d43a13344e38d9abfc0f23a90eaee7dfb3ed614fe061db5	e3b0c44298fc1c149afbf4c8996fb92427ae41e4649b934ca495991b7852b855
tests/fixtures/stable_codegen.slim	1859	0	13833	9063ed9f9fa5fccf9d43a13344e38d9abfc0f23a90eaee7dfb3ed614fe061db5	e3b0c44298fc1c149afbf4c8996fb92427ae41e4649b934ca495991b7852b855
tests/fixtures/stable_codegen.slim	1860	0	13833	9063ed9f9fa5fccf9d43a13344e38d9abfc0f23a90eaee7dfb3ed614fe061db5	e3b0c44298fc1c149afbf4c8996fb92427ae41e4649b934ca495991b7852b855
tests/fixtures/stable_codegen.slim	1861	0	13833	9063ed9f9fa5fccf9d43a13344e38d9abfc0f23a90eaee7dfb3ed614fe061db5	e3b0c44298fc1c149afbf4c8996fb92427ae41e4649b934ca495991b7852b855
tests/fixtures/stable_codegen.slim	1862	0	13833	9063ed9f9fa5fccf9d43a13344e38d9abfc0f23a90eaee7dfb3ed614fe061db5	e3b0c44298fc1c149afbf4c8996fb92427ae41e4649b934ca495991b7852b855
tests/fixtures/stable_codegen.slim	1863	0	13833	9063ed9f9fa5fccf9d43a13344e38d9abfc0f23a90eaee7dfb3ed614fe061db5	e3b0c44298fc1c149afbf4c8996fb92427ae41e4649b934ca495991b7852b855
tests/fixtures/stable_codegen.slim	1864	0	13833	9063ed9f9fa5fccf9d43a13344e38d9abfc0f23a90eaee7dfb3ed614fe061db5	e3b0c44298fc1c149afbf4c8996fb92427ae41e4649b934ca495991b7852b855
tests/fixtures/stable_codegen.slim	1865	0	13833	9063ed9f9fa5fccf9d43a13344e38d9abfc0f23a90eaee7dfb3ed614fe061db5	e3b0c44298fc1c149afbf4c8996fb92427ae41e4649b934ca495991b7852b855
tests/fixtures/stable_codegen.slim	1866	0	13833	9063ed9f9fa5fccf9d43a13344e38d9abfc0f23a90eaee7dfb3ed614fe061db5	e3b0c44298fc1c149afbf4c8996fb92427ae41e4649b934ca495991b7852b855
tests/fixtures/stable_codegen.slim	1867	0	13833	9063ed9f9fa5fccf9d43a13344e38d9abfc0f23a90eaee7dfb3ed614fe061db5	e3b0c44298fc1c149afbf4c8996fb92427ae41e4649b934ca495991b7852b855
tests/fixtures/stable_codegen.slim	1868	0	13833	9063ed9f9fa5fccf9d43a13344e38d9abfc0f23a90eaee7dfb3ed614fe061db5	e3b0c44298fc1c149afbf4c8996fb92427ae41e4649b934ca495991b7852b855
tests/fixtures/stable_codegen.slim	1869	0	13833	9063ed9f9fa5fccf9d43a13344e38d9abfc0f23a90eaee7dfb3ed614fe061db5	e3b0c44298fc1c149afbf4c8996fb92427ae41e4649b934ca495991b7852b855
tests/fixtures/stable_codegen.slim	1870	0	13833	9063ed9f9fa5fccf9d43a13344e38d9abfc0f23a90eaee7dfb3ed614fe061db5	e3b0c44298fc1c149afbf4c8996fb92427ae41e4649b934ca495991b7852b855
tests/fixtures/stable_codegen.slim	1871	0	13833	9063ed9f9fa5fccf9d43a13344e38d9abfc0f23a90eaee7dfb3ed614fe061db5	e3b0c44298fc1c149afbf4c8996fb92427ae41e4649b934ca495991b7852b855
tests/fixtures/stable_codegen.slim	1872	0	13833	9063ed9f9fa5fccf9d43a13344e38d9abfc0f23a90eaee7dfb3ed614fe061db5	e3b0c44298fc1c149afbf4c8996fb92427ae41e4649b934ca495991b7852b855
tests/fixtures/stable_codegen.slim	1873	0	13833	9063ed9f9fa5fccf9d43a13344e38d9abfc0f23a90eaee7dfb3ed614fe061db5	e3b0c44298fc1c149afbf4c8996fb92427ae41e4649b934ca495991b7852b855
tests/fixtures/stable_codegen.slim	1874	0	13833	9063ed9f9fa5fccf9d43a13344e38d9abfc0f23a90eaee7dfb3ed614fe061db5	e3b0c44298fc1c149afbf4c8996fb92427ae41e4649b934ca495991b7852b855
tests/fixtures/stable_codegen.slim	1875	0	13833	9063ed9f9fa5fccf9d43a13344e38d9abfc0f23a90eaee7dfb3ed614fe061db5	e3b0c44298fc1c149afbf4c8996fb92427ae41e4649b934ca495991b7852b855
tests/fixtures/stable_codegen.slim	1876	0	13833	9063ed9f9fa5fccf9d43a13344e38d9abfc0f23a90eaee7dfb3ed614fe061db5	e3b0c44298fc1c149afbf4c8996fb92427ae41e4649b934ca495991b7852b855
tests/fixtures/stable_codegen.slim	1877	0	13833	9063ed9f9fa5fccf9d43a13344e38d9abfc0f23a90eaee7dfb3ed614fe061db5	e3b0c44298fc1c149afbf4c8996fb92427ae41e4649b934ca495991b7852b855
tests/fixtures/stable_codegen.slim	1878	0	13833	9063ed9f9fa5fccf9d43a13344e38d9abfc0f23a90eaee7dfb3ed614fe061db5	e3b0c44298fc1c149afbf4c8996fb92427ae41e4649b934ca495991b7852b855
tests/fixtures/stable_codegen.slim	1879	0	13833	9063ed9f9fa5fccf9d43a13344e38d9abfc0f23a90eaee7dfb3ed614fe061db5	e3b0c44298fc1c149afbf4c8996fb92427ae41e4649b934ca495991b7852b855
tests/fixtures/stable_codegen.slim	1880	0	13833	9063ed9f9fa5fccf9d43a13344e38d9abfc0f23a90eaee7dfb3ed614fe061db5	e3b0c44298fc1c149afbf4c8996fb92427ae41e4649b934ca495991b7852b855
tests/fixtures/stable_codegen.slim	1881	0	13833	9063ed9f9fa5fccf9d43a13344e38d9abfc0f23a90eaee7dfb3ed614fe061db5	e3b0c44298fc1c149afbf4c8996fb92427ae41e4649b934ca495991b7852b855
tests/fixtures/stable_codegen.slim	1882	0	13833	9063ed9f9fa5fccf9d43a13344e38d9abfc0f23a90eaee7dfb3ed614fe061db5	e3b0c44298fc1c149afbf4c8996fb92427ae41e4649b934ca495991b7852b855
tests/fixtures/stable_codegen.slim	1883	0	13833	9063ed9f9fa5fccf9d43a13344e38d9abfc0f23a90eaee7dfb3ed614fe061db5	e3b0c44298fc1c149afbf4c8996fb92427ae41e4649b934ca495991b7852b855
tests/fixtures/stable_codegen.slim	1884	0	13833	9063ed9f9fa5fccf9d43a13344e38d9abfc0f23a90eaee7dfb3ed614fe061db5	e3b0c44298fc1c149afbf4c8996fb92427ae41e4649b934ca495991b7852b855
tests/fixtures/stable_codegen.slim	1885	0	13833	9063ed9f9fa5fccf9d43a13344e38d9abfc0f23a90eaee7dfb3ed614fe061db5	e3b0c44298fc1c149afbf4c8996fb92427ae41e4649b934ca495991b7852b855
tests/fixtures/stable_codegen.slim	1886	0	13833	9063ed9f9fa5fccf9d43a13344e38d9abfc0f23a90eaee7dfb3ed614fe061db5	e3b0c44298fc1c149afbf4c8996fb92427ae41e4649b934ca495991b7852b855
tests/fixtures/stable_codegen.slim	1887	0	13833	9063ed9f9fa5fccf9d43a13344e38d9abfc0f23a90eaee7dfb3ed614fe061db5	e3b0c44298fc1c149afbf4c8996fb92427ae41e4649b934ca495991b7852b855
tests/fixtures/stable_codegen.slim	1888	0	13833	9063ed9f9fa5fccf9d43a13344e38d9abfc0f23a90eaee7dfb3ed614fe061db5	e3b0c44298fc1c149afbf4c8996fb92427ae41e4649b934ca495991b7852b855
tests/fixtures/stable_codegen.slim	1889	0	13833	9063ed9f9fa5fccf9d43a13344e38d9abfc0f23a90eaee7dfb3ed614fe061db5	e3b0c44298fc1c149afbf4c8996fb92427ae41e4649b934ca495991b7852b855
tests/fixtures/stable_codegen.slim	1890	0	13833	9063ed9f9fa5fccf9d43a13344e38d9abfc0f23a90eaee7dfb3ed614fe061db5	e3b0c44298fc1c149afbf4c8996fb92427ae41e4649b934ca495991b7852b855
tests/fixtures/stable_codegen.slim	1891	0	13833	9063ed9f9fa5fccf9d43a13344e38d9abfc0f23a90eaee7dfb3ed614fe061db5	e3b0c44298fc1c149afbf4c8996fb92427ae41e4649b934ca495991b7852b855
tests/fixtures/stable_codegen.slim	1892	0	13833	9063ed9f9fa5fccf9d43a13344e38d9abfc0f23a90eaee7dfb3ed614fe061db5	e3b0c44298fc1c149afbf4c8996fb92427ae41e4649b934ca495991b7852b855
tests/fixtures/stable_codegen.slim	1893	0	13833	9063ed9f9fa5fccf9d43a13344e38d9abfc0f23a90eaee7dfb3ed614fe061db5	e3b0c44298fc1c149afbf4c8996fb92427ae41e4649b934ca495991b7852b855
tests/fixtures/stable_codegen.slim	1894	0	13833	9063ed9f9fa5fccf9d43a13344e38d9abfc0f23a90eaee7dfb3ed614fe061db5	e3b0c44298fc1c149afbf4c8996fb92427ae41e4649b934ca495991b7852b855
tests/fixtures/stable_codegen.slim	1895	0	13833	9063ed9f9fa5fccf9d43a13344e38d9abfc0f23a90eaee7dfb3ed614fe061db5	e3b0c44298fc1c149afbf4c8996fb92427ae41e4649b934ca495991b7852b855
tests/fixtures/stable_codegen.slim	1896	0	13833	9063ed9f9fa5fccf9d43a13344e38d9abfc0f23a90eaee7dfb3ed614fe061db5	e3b0c44298fc1c149afbf4c8996fb92427ae41e4649b934ca495991b7852b855
tests/fixtures/stable_codegen.slim	1897	0	13833	9063ed9f9fa5fccf9d43a13344e38d9abfc0f23a90eaee7dfb3ed614fe061db5	e3b0c44298fc1c149afbf4c8996fb92427ae41e4649b934ca495991b7852b855
tests/fixtures/stable_codegen.slim	1898	0	13833	9063ed9f9fa5fccf9d43a13344e38d9abfc0f23a90eaee7dfb3ed614fe061db5	e3b0c44298fc1c149afbf4c8996fb92427ae41e4649b934ca495991b7852b855
tests/fixtures/stable_codegen.slim	1899	0	13833	9063ed9f9fa5fccf9d43a13344e38d9abfc0f23a90eaee7dfb3ed614fe061db5	e3b0c44298fc1c149afbf4c8996fb92427ae41e4649b934ca495991b7852b855
tests/fixtures/stable_codegen.slim	1900	0	13833	9063ed9f9fa5fccf9d43a13344e38d9abfc0f23a90eaee7dfb3ed614fe061db5	e3b0c44298fc1c149afbf4c8996fb92427ae41e4649b934ca495991b7852b855
tests/fixtures/stable_codegen.slim	1901	0	13833	9063ed9f9fa5fccf9d43a13344e38d9abfc0f23a90eaee7dfb3ed614fe061db5	e3b0c44298fc1c149afbf4c8996fb92427ae41e4649b934ca495991b7852b855
tests/fixtures/stable_codegen.slim	1902	0	13833	9063ed9f9fa5fccf9d43a13344e38d9abfc0f23a90eaee7dfb3ed614fe061db5	e3b0c44298fc1c149afbf4c8996fb92427ae41e4649b934ca495991b7852b855
tests/fixtures/stable_codegen.slim	1903	0	13833	9063ed9f9fa5fccf9d43a13344e38d9abfc0f23a90eaee7dfb3ed614fe061db5	e3b0c44298fc1c149afbf4c8996fb92427ae41e4649b934ca495991b7852b855
tests/fixtures/stable_codegen.slim	1904	0	13833	9063ed9f9fa5fccf9d43a13344e38d9abfc0f23a90eaee7dfb3ed614fe061db5	e3b0c44298fc1c149afbf4c8996fb92427ae41e4649b934ca495991b7852b855
tests/fixtures/stable_codegen.slim	1905	0	13833	9063ed9f9fa5fccf9d43a13344e38d9abfc0f23a90eaee7dfb3ed614fe061db5	e3b0c44298fc1c149afbf4c8996fb92427ae41e4649b934ca495991b7852b855
tests/fixtures/stable_codegen.slim	1906	0	13833	9063ed9f9fa5fccf9d43a13344e38d9abfc0f23a90eaee7dfb3ed614fe061db5	e3b0c44298fc1c149afbf4c8996fb92427ae41e4649b934ca495991b7852b855
tests/fixtures/stable_codegen.slim	1907	0	13833	9063ed9f9fa5fccf9d43a13344e38d9abfc0f23a90eaee7dfb3ed614fe061db5	e3b0c44298fc1c149afbf4c8996fb92427ae41e4649b934ca495991b7852b855
tests/fixtures/stable_codegen.slim	1908	0	13833	9063ed9f9fa5fccf9d43a13344e38d9abfc0f23a90eaee7dfb3ed614fe061db5	e3b0c44298fc1c149afbf4c8996fb92427ae41e4649b934ca495991b7852b855
tests/fixtures/stable_codegen.slim	1909	0	13833	9063ed9f9fa5fccf9d43a13344e38d9abfc0f23a90eaee7dfb3ed614fe061db5	e3b0c44298fc1c149afbf4c8996fb92427ae41e4649b934ca495991b7852b855
tests/fixtures/stable_codegen.slim	1910	0	13833	9063ed9f9fa5fccf9d43a13344e38d9abfc0f23a90eaee7dfb3ed614fe061db5	e3b0c44298fc1c149afbf4c8996fb92427ae41e4649b934ca495991b7852b855
tests/fixtures/stable_codegen.slim	1911	0	13833	9063ed9f9fa5fccf9d43a13344e38d9abfc0f23a90eaee7dfb3ed614fe061db5	e3b0c44298fc1c149afbf4c8996fb92427ae41e4649b934ca495991b7852b855
tests/fixtures/stable_codegen.slim	1912	0	13833	9063ed9f9fa5fccf9d43a13344e38d9abfc0f23a90eaee7dfb3ed614fe061db5	e3b0c44298fc1c149afbf4c8996fb92427ae41e4649b934ca495991b7852b855
tests/fixtures/stable_codegen.slim	1913	0	13833	9063ed9f9fa5fccf9d43a13344e38d9abfc0f23a90eaee7dfb3ed614fe061db5	e3b0c44298fc1c149afbf4c8996fb92427ae41e4649b934ca495991b7852b855
tests/fixtures/stable_codegen.slim	1914	0	13833	9063ed9f9fa5fccf9d43a13344e38d9abfc0f23a90eaee7dfb3ed614fe061db5	e3b0c44298fc1c149afbf4c8996fb92427ae41e4649b934ca495991b7852b855
tests/fixtures/stable_codegen.slim	1915	0	13833	9063ed9f9fa5fccf9d43a13344e38d9abfc0f23a90eaee7dfb3ed614fe061db5	e3b0c44298fc1c149afbf4c8996fb92427ae41e4649b934ca495991b7852b855
tests/fixtures/stable_codegen.slim	1916	0	13833	9063ed9f9fa5fccf9d43a13344e38d9abfc0f23a90eaee7dfb3ed614fe061db5	e3b0c44298fc1c149afbf4c8996fb92427ae41e4649b934ca495991b7852b855
tests/fixtures/stable_codegen.slim	1917	0	13833	9063ed9f9fa5fccf9d43a13344e38d9abfc0f23a90eaee7dfb3ed614fe061db5	e3b0c44298fc1c149afbf4c8996fb92427ae41e4649b934ca495991b7852b855
tests/fixtures/stable_codegen.slim	1918	0	13833	9063ed9f9fa5fccf9d43a13344e38d9abfc0f23a90eaee7dfb3ed614fe061db5	e3b0c44298fc1c149afbf4c8996fb92427ae41e4649b934ca495991b7852b855
tests/fixtures/stable_codegen.slim	1919	0	13833	9063ed9f9fa5fccf9d43a13344e38d9abfc0f23a90eaee7dfb3ed614fe061db5	e3b0c44298fc1c149afbf4c8996fb92427ae41e4649b934ca495991b7852b855
tests/fixtures/stable_codegen.slim	1920	0	13833	9063ed9f9fa5fccf9d43a13344e38d9abfc0f23a90eaee7dfb3ed614fe061db5	e3b0c44298fc1c149afbf4c8996fb92427ae41e4649b934ca495991b7852b855
tests/fixtures/stable_codegen.slim	1921	0	13833	9063ed9f9fa5fccf9d43a13344e38d9abfc0f23a90eaee7dfb3ed614fe061db5	e3b0c44298fc1c149afbf4c8996fb92427ae41e4649b934ca495991b7852b855
tests/fixtures/stable_codegen.slim	1922	0	13833	9063ed9f9fa5fccf9d43a13344e38d9abfc0f23a90eaee7dfb3ed614fe061db5	e3b0c44298fc1c149afbf4c8996fb92427ae41e4649b934ca495991b7852b855
tests/fixtures/stable_codegen.slim	1923	0	13833	9063ed9f9fa5fccf9d43a13344e38d9abfc0f23a90eaee7dfb3ed614fe061db5	e3b0c44298fc1c149afbf4c8996fb92427ae41e4649b934ca495991b7852b855
tests/fixtures/stable_codegen.slim	1924	0	13833	9063ed9f9fa5fccf9d43a13344e38d9abfc0f23a90eaee7dfb3ed614fe061db5	e3b0c44298fc1c149afbf4c8996fb92427ae41e4649b934ca495991b7852b855
tests/fixtures/stable_codegen.slim	1925	0	13833	9063ed9f9fa5fccf9d43a13344e38d9abfc0f23a90eaee7dfb3ed614fe061db5	e3b0c44298fc1c149afbf4c8996fb92427ae41e4649b934ca495991b7852b855
tests/fixtures/stable_codegen.slim	1926	0	13833	9063ed9f9fa5fccf9d43a13344e38d9abfc0f23a90eaee7dfb3ed614fe061db5	e3b0c44298fc1c149afbf4c8996fb92427ae41e4649b934ca495991b7852b855
tests/fixtures/stable_codegen.slim	1927	0	13833	9063ed9f9fa5fccf9d43a13344e38d9abfc0f23a90eaee7dfb3ed614fe061db5	e3b0c44298fc1c149afbf4c8996fb92427ae41e4649b934ca495991b7852b855
tests/fixtures/stable_codegen.slim	1928	0	13833	9063ed9f9fa5fccf9d43a13344e38d9abfc0f23a90eaee7dfb3ed614fe061db5	e3b0c44298fc1c149afbf4c8996fb92427ae41e4649b934ca495991b7852b855
tests/fixtures/stable_codegen.slim	1929	0	13833	9063ed9f9fa5fccf9d43a13344e38d9abfc0f23a90eaee7dfb3ed614fe061db5	e3b0c44298fc1c149afbf4c8996fb92427ae41e4649b934ca495991b7852b855
tests/fixtures/stable_codegen.slim	1930	0	13833	9063ed9f9fa5fccf9d43a13344e38d9abfc0f23a90eaee7dfb3ed614fe061db5	e3b0c44298fc1c149afbf4c8996fb92427ae41e4649b934ca495991b7852b855
tests/fixtures/stable_codegen.slim	1931	0	13833	9063ed9f9fa5fccf9d43a13344e38d9abfc0f23a90eaee7dfb3ed614fe061db5	e3b0c44298fc1c149afbf4c8996fb92427ae41e4649b934ca495991b7852b855
tests/fixtures/stable_codegen.slim	1932	0	13833	9063ed9f9fa5fccf9d43a13344e38d9abfc0f23a90eaee7dfb3ed614fe061db5	e3b0c44298fc1c149afbf4c8996fb92427ae41e4649b934ca495991b7852b855
tests/fixtures/stable_codegen.slim	1933	0	13833	9063ed9f9fa5fccf9d43a13344e38d9abfc0f23a90eaee7dfb3ed614fe061db5	e3b0c44298fc1c149afbf4c8996fb92427ae41e4649b934ca495991b7852b855
tests/fixtures/stable_codegen.slim	1934	0	13833	9063ed9f9fa5fccf9d43a13344e38d9abfc0f23a90eaee7dfb3ed614fe061db5	e3b0c44298fc1c149afbf4c8996fb92427ae41e4649b934ca495991b7852b855
tests/fixtures/stable_codegen.slim	1935	0	13833	9063ed9f9fa5fccf9d43a13344e38d9abfc0f23a90eaee7dfb3ed614fe061db5	e3b0c44298fc1c149afbf4c8996fb92427ae41e4649b934ca495991b7852b855
tests/fixtures/stable_codegen.slim	1936	0	13833	9063ed9f9fa5fccf9d43a13344e38d9abfc0f23a90eaee7dfb3ed614fe061db5	e3b0c44298fc1c149afbf4c8996fb92427ae41e4649b934ca495991b7852b855
tests/fixtures/stable_codegen.slim	1937	0	13833	9063ed9f9fa5fccf9d43a13344e38d9abfc0f23a90eaee7dfb3ed614fe061db5	e3b0c44298fc1c149afbf4c8996fb92427ae41e4649b934ca495991b7852b855
tests/fixtures/stable_codegen.slim	1938	0	13833	9063ed9f9fa5fccf9d43a13344e38d9abfc0f23a90eaee7dfb3ed614fe061db5	e3b0c44298fc1c149afbf4c8996fb92427ae41e4649b934ca495991b7852b855
tests/fixtures/stable_codegen.slim	1939	0	13833	9063ed9f9fa5fccf9d43a13344e38d9abfc0f23a90eaee7dfb3ed614fe061db5	e3b0c44298fc1c149afbf4c8996fb92427ae41e4649b934ca495991b7852b855
tests/fixtures/stable_codegen.slim	1940	0	13833	9063ed9f9fa5fccf9d43a13344e38d9abfc0f23a90eaee7dfb3ed614fe061db5	e3b0c44298fc1c149afbf4c8996fb92427ae41e4649b934ca495991b7852b855
tests/fixtures/stable_codegen.slim	1941	0	13833	9063ed9f9fa5fccf9d43a13344e38d9abfc0f23a90eaee7dfb3ed614fe061db5	e3b0c44298fc1c149afbf4c8996fb92427ae41e4649b934ca495991b7852b855
tests/fixtures/stable_codegen.slim	1942	0	13833	9063ed9f9fa5fccf9d43a13344e38d9abfc0f23a90eaee7dfb3ed614fe061db5	e3b0c44298fc1c149afbf4c8996fb92427ae41e4649b934ca495991b7852b855
tests/fixtures/stable_codegen.slim	1943	0	13833	9063ed9f9fa5fccf9d43a13344e38d9abfc0f23a90eaee7dfb3ed614fe061db5	e3b0c44298fc1c149afbf4c8996fb92427ae41e4649b934ca495991b7852b855
tests/fixtures/stable_codegen.slim	1944	0	13833	9063ed9f9fa5fccf9d43a13344e38d9abfc0f23a90eaee7dfb3ed614fe061db5	e3b0c44298fc1c149afbf4c8996fb92427ae41e4649b934ca495991b7852b855
tests/fixtures/stable_codegen.slim	1945	0	13833	9063ed9f9fa5fccf9d43a13344e38d9abfc0f23a90eaee7dfb3ed614fe061db5	e3b0c44298fc1c149afbf4c8996fb92427ae41e4649b934ca495991b7852b855
tests/fixtures/stable_codegen.slim	1946	0	13833	9063ed9f9fa5fccf9d43a13344e38d9abfc0f23a90eaee7dfb3ed614fe061db5	e3b0c44298fc1c149afbf4c8996fb92427ae41e4649b934ca495991b7852b855
tests/fixtures/stable_codegen.slim	1947	0	13833	9063ed9f9fa5fccf9d43a13344e38d9abfc0f23a90eaee7dfb3ed614fe061db5	e3b0c44298fc1c149afbf4c8996fb92427ae41e4649b934ca495991b7852b855
tests/fixtures/stable_codegen.slim	1948	0	13833	9063ed9f9fa5fccf9d43a13344e38d9abfc0f23a90eaee7dfb3ed614fe061db5	e3b0c44298fc1c149afbf4c8996fb92427ae41e4649b934ca495991b7852b855
tests/fixtures/stable_codegen.slim	1949	0	13833	9063ed9f9fa5fccf9d43a13344e38d9abfc0f23a90eaee7dfb3ed614fe061db5	e3b0c44298fc1c149afbf4c8996fb92427ae41e4649b934ca495991b7852b855
tests/fixtures/stable_codegen.slim	1950	0	13833	9063ed9f9fa5fccf9d43a13344e38d9abfc0f23a90eaee7dfb3ed614fe061db5	e3b0c44298fc1c149afbf4c8996fb92427ae41e4649b934ca495991b7852b855
tests/fixtures/stable_codegen.slim	1951	0	13833	9063ed9f9fa5fccf9d43a13344e38d9abfc0f23a90eaee7dfb3ed614fe061db5	e3b0c44298fc1c149afbf4c8996fb92427ae41e4649b934ca495991b7852b855
tests/fixtures/stable_codegen.slim	1952	0	13833	9063ed9f9fa5fccf9d43a13344e38d9abfc0f23a90eaee7dfb3ed614fe061db5	e3b0c44298fc1c149afbf4c8996fb92427ae41e4649b934ca495991b7852b855
tests/fixtures/stable_codegen.slim	1953	0	13833	9063ed9f9fa5fccf9d43a13344e38d9abfc0f23a90eaee7dfb3ed614fe061db5	e3b0c44298fc1c149afbf4c8996fb92427ae41e4649b934ca495991b7852b855
tests/fixtures/stable_codegen.slim	1954	0	13833	9063ed9f9fa5fccf9d43a13344e38d9abfc0f23a90eaee7dfb3ed614fe061db5	e3b0c44298fc1c149afbf4c8996fb92427ae41e4649b934ca495991b7852b855
tests/fixtures/stable_codegen.slim	1955	0	13833	9063ed9f9fa5fccf9d43a13344e38d9abfc0f23a90eaee7dfb3ed614fe061db5	e3b0c44298fc1c149afbf4c8996fb92427ae41e4649b934ca495991b7852b855
tests/fixtures/stable_codegen.slim	1956	0	13833	9063ed9f9fa5fccf9d43a13344e38d9abfc0f23a90eaee7dfb3ed614fe061db5	e3b0c44298fc1c149afbf4c8996fb92427ae41e4649b934ca495991b7852b855
tests/fixtures/stable_codegen.slim	1957	0	13833	9063ed9f9fa5fccf9d43a13344e38d9abfc0f23a90eaee7dfb3ed614fe061db5	e3b0c44298fc1c149afbf4c8996fb92427ae41e4649b934ca495991b7852b855
tests/fixtures/stable_codegen.slim	1958	0	13833	9063ed9f9fa5fccf9d43a13344e38d9abfc0f23a90eaee7dfb3ed614fe061db5	e3b0c44298fc1c149afbf4c8996fb92427ae41e4649b934ca495991b7852b855
tests/fixtures/stable_codegen.slim	1959	0	13833	9063ed9f9fa5fccf9d43a13344e38d9abfc0f23a90eaee7dfb3ed614fe061db5	e3b0c44298fc1c149afbf4c8996fb92427ae41e4649b934ca495991b7852b855
tests/fixtures/stable_codegen.slim	1960	0	13833	9063ed9f9fa5fccf9d43a13344e38d9abfc0f23a90eaee7dfb3ed614fe061db5	e3b0c44298fc1c149afbf4c8996fb92427ae41e4649b934ca495991b7852b855
tests/fixtures/stable_codegen.slim	1961	0	13833	9063ed9f9fa5fccf9d43a13344e38d9abfc0f23a90eaee7dfb3ed614fe061db5	e3b0c44298fc1c149afbf4c8996fb92427ae41e4649b934ca495991b7852b855
tests/fixtures/stable_codegen.slim	1962	0	13833	9063ed9f9fa5fccf9d43a13344e38d9abfc0f23a90eaee7dfb3ed614fe061db5	e3b0c44298fc1c149afbf4c8996fb92427ae41e4649b934ca495991b7852b855
tests/fixtures/stable_codegen.slim	1963	0	13833	9063ed9f9fa5fccf9d43a13344e38d9abfc0f23a90eaee7dfb3ed614fe061db5	e3b0c44298fc1c149afbf4c8996fb92427ae41e4649b934ca495991b7852b855
tests/fixtures/stable_codegen.slim	1964	0	13833	9063ed9f9fa5fccf9d43a13344e38d9abfc0f23a90eaee7dfb3ed614fe061db5	e3b0c44298fc1c149afbf4c8996fb92427ae41e4649b934ca495991b7852b855
tests/fixtures/stable_codegen.slim	1965	0	13833	9063ed9f9fa5fccf9d43a13344e38d9abfc0f23a90eaee7dfb3ed614fe061db5	e3b0c44298fc1c149afbf4c8996fb92427ae41e4649b934ca495991b7852b855
tests/fixtures/stable_codegen.slim	1966	0	13833	9063ed9f9fa5fccf9d43a13344e38d9abfc0f23a90eaee7dfb3ed614fe061db5	e3b0c44298fc1c149afbf4c8996fb92427ae41e4649b934ca495991b7852b855
tests/fixtures/stable_codegen.slim	1967	0	13833	9063ed9f9fa5fccf9d43a13344e38d9abfc0f23a90eaee7dfb3ed614fe061db5	e3b0c44298fc1c149afbf4c8996fb92427ae41e4649b934ca495991b7852b855
tests/fixtures/stable_codegen.slim	1968	0	13833	9063ed9f9fa5fccf9d43a13344e38d9abfc0f23a90eaee7dfb3ed614fe061db5	e3b0c44298fc1c149afbf4c8996fb92427ae41e4649b934ca495991b7852b855
tests/fixtures/stable_codegen.slim	1969	0	13833	9063ed9f9fa5fccf9d43a13344e38d9abfc0f23a90eaee7dfb3ed614fe061db5	e3b0c44298fc1c149afbf4c8996fb92427ae41e4649b934ca495991b7852b855
tests/fixtures/stable_codegen.slim	1970	0	13833	9063ed9f9fa5fccf9d43a13344e38d9abfc0f23a90eaee7dfb3ed614fe061db5	e3b0c44298fc1c149afbf4c8996fb92427ae41e4649b934ca495991b7852b855
tests/fixtures/stable_codegen.slim	1971	0	13833	9063ed9f9fa5fccf9d43a13344e38d9abfc0f23a90eaee7dfb3ed614fe061db5	e3b0c44298fc1c149afbf4c8996fb92427ae41e4649b934ca495991b7852b855
tests/fixtures/stable_codegen.slim	1972	0	13833	9063ed9f9fa5fccf9d43a13344e38d9abfc0f23a90eaee7dfb3ed614fe061db5	e3b0c44298fc1c149afbf4c8996fb92427ae41e4649b934ca495991b7852b855
tests/fixtures/stable_codegen.slim	1973	0	13833	9063ed9f9fa5fccf9d43a13344e38d9abfc0f23a90eaee7dfb3ed614fe061db5	e3b0c44298fc1c149afbf4c8996fb92427ae41e4649b934ca495991b7852b855
tests/fixtures/stable_codegen.slim	1974	0	13833	9063ed9f9fa5fccf9d43a13344e38d9abfc0f23a90eaee7dfb3ed614fe061db5	e3b0c44298fc1c149afbf4c8996fb92427ae41e4649b934ca495991b7852b855
tests/fixtures/stable_codegen.slim	1975	0	13833	9063ed9f9fa5fccf9d43a13344e38d9abfc0f23a90eaee7dfb3ed614fe061db5	e3b0c44298fc1c149afbf4c8996fb92427ae41e4649b934ca495991b7852b855
tests/fixtures/stable_codegen.slim	1976	0	13833	9063ed9f9fa5fccf9d43a13344e38d9abfc0f23a90eaee7dfb3ed614fe061db5	e3b0c44298fc1c149afbf4c8996fb92427ae41e4649b934ca495991b7852b855
tests/fixtures/stable_codegen.slim	1977	0	13833	9063ed9f9fa5fccf9d43a13344e38d9abfc0f23a90eaee7dfb3ed614fe061db5	e3b0c44298fc1c149afbf4c8996fb92427ae41e4649b934ca495991b7852b855
tests/fixtures/stable_codegen.slim	1978	0	13833	9063ed9f9fa5fccf9d43a13344e38d9abfc0f23a90eaee7dfb3ed614fe061db5	e3b0c44298fc1c149afbf4c8996fb92427ae41e4649b934ca495991b7852b855
tests/fixtures/stable_codegen.slim	1979	0	13833	9063ed9f9fa5fccf9d43a13344e38d9abfc0f23a90eaee7dfb3ed614fe061db5	e3b0c44298fc1c149afbf4c8996fb92427ae41e4649b934ca495991b7852b855
tests/fixtures/stable_codegen.slim	1980	0	13833	9063ed9f9fa5fccf9d43a13344e38d9abfc0f23a90eaee7dfb3ed614fe061db5	e3b0c44298fc1c149afbf4c8996fb92427ae41e4649b934ca495991b7852b855
tests/fixtures/stable_codegen.slim	1981	0	13833	9063ed9f9fa5fccf9d43a13344e38d9abfc0f23a90eaee7dfb3ed614fe061db5	e3b0c44298fc1c149afbf4c8996fb92427ae41e4649b934ca495991b7852b855
tests/fixtures/stable_codegen.slim	1982	0	13833	9063ed9f9fa5fccf9d43a13344e38d9abfc0f23a90eaee7dfb3ed614fe061db5	e3b0c44298fc1c149afbf4c8996fb92427ae41e4649b934ca495991b7852b855
tests/fixtures/stable_codegen.slim	1983	0	13833	9063ed9f9fa5fccf9d43a13344e38d9abfc0f23a90eaee7dfb3ed614fe061db5	e3b0c44298fc1c149afbf4c8996fb92427ae41e4649b934ca495991b7852b855
tests/fixtures/stable_codegen.slim	1984	0	13833	9063ed9f9fa5fccf9d43a13344e38d9abfc0f23a90eaee7dfb3ed614fe061db5	e3b0c44298fc1c149afbf4c8996fb92427ae41e4649b934ca495991b7852b855
tests/fixtures/stable_codegen.slim	1985	0	13833	9063ed9f9fa5fccf9d43a13344e38d9abfc0f23a90eaee7dfb3ed614fe061db5	e3b0c44298fc1c149afbf4c8996fb92427ae41e4649b934ca495991b7852b855
tests/fixtures/stable_codegen.slim	1986	0	13833	9063ed9f9fa5fccf9d43a13344e38d9abfc0f23a90eaee7dfb3ed614fe061db5	e3b0c44298fc1c149afbf4c8996fb92427ae41e4649b934ca495991b7852b855
tests/fixtures/stable_codegen.slim	1987	0	13833	9063ed9f9fa5fccf9d43a13344e38d9abfc0f23a90eaee7dfb3ed614fe061db5	e3b0c44298fc1c149afbf4c8996fb92427ae41e4649b934ca495991b7852b855
tests/fixtures/stable_codegen.slim	1988	0	13833	9063ed9f9fa5fccf9d43a13344e38d9abfc0f23a90eaee7dfb3ed614fe061db5	e3b0c44298fc1c149afbf4c8996fb92427ae41e4649b934ca495991b7852b855
tests/fixtures/stable_codegen.slim	1989	0	13833	9063ed9f9fa5fccf9d43a13344e38d9abfc0f23a90eaee7dfb3ed614fe061db5	e3b0c44298fc1c149afbf4c8996fb92427ae41e4649b934ca495991b7852b855
tests/fixtures/stable_codegen.slim	1990	0	13833	9063ed9f9fa5fccf9d43a13344e38d9abfc0f23a90eaee7dfb3ed614fe061db5	e3b0c44298fc1c149afbf4c8996fb92427ae41e4649b934ca495991b7852b855
tests/fixtures/stable_codegen.slim	1991	0	13833	9063ed9f9fa5fccf9d43a13344e38d9abfc0f23a90eaee7dfb3ed614fe061db5	e3b0c44298fc1c149afbf4c8996fb92427ae41e4649b934ca495991b7852b855
tests/fixtures/stable_codegen.slim	1992	0	13833	9063ed9f9fa5fccf9d43a13344e38d9abfc0f23a90eaee7dfb3ed614fe061db5	e3b0c44298fc1c149afbf4c8996fb92427ae41e4649b934ca495991b7852b855
tests/fixtures/stable_codegen.slim	1993	0	13833	9063ed9f9fa5fccf9d43a13344e38d9abfc0f23a90eaee7dfb3ed614fe061db5	e3b0c44298fc1c149afbf4c8996fb92427ae41e4649b934ca495991b7852b855
tests/fixtures/stable_codegen.slim	1994	0	13833	9063ed9f9fa5fccf9d43a13344e38d9abfc0f23a90eaee7dfb3ed614fe061db5	e3b0c44298fc1c149afbf4c8996fb92427ae41e4649b934ca495991b7852b855
tests/fixtures/stable_codegen.slim	1995	0	13833	9063ed9f9fa5fccf9d43a13344e38d9abfc0f23a90eaee7dfb3ed614fe061db5	e3b0c44298fc1c149afbf4c8996fb92427ae41e4649b934ca495991b7852b855
tests/fixtures/stable_codegen.slim	1996	0	13833	9063ed9f9fa5fccf9d43a13344e38d9abfc0f23a90eaee7dfb3ed614fe061db5	e3b0c44298fc1c149afbf4c8996fb92427ae41e4649b934ca495991b7852b855
tests/fixtures/stable_codegen.slim	1997	0	13833	9063ed9f9fa5fccf9d43a13344e38d9abfc0f23a90eaee7dfb3ed614fe061db5	e3b0c44298fc1c149afbf4c8996fb92427ae41e4649b934ca495991b7852b855
tests/fixtures/stable_codegen.slim	1998	0	13833	9063ed9f9fa5fccf9d43a13344e38d9abfc0f23a90eaee7dfb3ed614fe061db5	e3b0c44298fc1c149afbf4c8996fb92427ae41e4649b934ca495991b7852b855
tests/fixtures/stable_codegen.slim	1999	0	13833	9063ed9f9fa5fccf9d43a13344e38d9abfc0f23a90eaee7dfb3ed614fe061db5	e3b0c44298fc1c149afbf4c8996fb92427ae41e4649b934ca495991b7852b855
tests/fixtures/stable_codegen.slim	2000	0	13833	9063ed9f9fa5fccf9d43a13344e38d9abfc0f23a90eaee7dfb3ed614fe061db5	e3b0c44298fc1c149afbf4c8996fb92427ae41e4649b934ca495991b7852b855
tests/fixtures/stable_codegen.slim	2001	0	13833	9063ed9f9fa5fccf9d43a13344e38d9abfc0f23a90eaee7dfb3ed614fe061db5	e3b0c44298fc1c149afbf4c8996fb92427ae41e4649b934ca495991b7852b855
tests/fixtures/stable_codegen.slim	2002	0	13833	9063ed9f9fa5fccf9d43a13344e38d9abfc0f23a90eaee7dfb3ed614fe061db5	e3b0c44298fc1c149afbf4c8996fb92427ae41e4649b934ca495991b7852b855
tests/fixtures/stable_codegen.slim	2003	0	13833	9063ed9f9fa5fccf9d43a13344e38d9abfc0f23a90eaee7dfb3ed614fe061db5	e3b0c44298fc1c149afbf4c8996fb92427ae41e4649b934ca495991b7852b855
tests/fixtures/stable_codegen.slim	2004	0	13833	9063ed9f9fa5fccf9d43a13344e38d9abfc0f23a90eaee7dfb3ed614fe061db5	e3b0c44298fc1c149afbf4c8996fb92427ae41e4649b934ca495991b7852b855
tests/fixtures/stable_codegen.slim	2005	0	13833	9063ed9f9fa5fccf9d43a13344e38d9abfc0f23a90eaee7dfb3ed614fe061db5	e3b0c44298fc1c149afbf4c8996fb92427ae41e4649b934ca495991b7852b855
tests/fixtures/stable_codegen.slim	2006	0	13833	9063ed9f9fa5fccf9d43a13344e38d9abfc0f23a90eaee7dfb3ed614fe061db5	e3b0c44298fc1c149afbf4c8996fb92427ae41e4649b934ca495991b7852b855
tests/fixtures/stable_codegen.slim	2007	0	13833	9063ed9f9fa5fccf9d43a13344e38d9abfc0f23a90eaee7dfb3ed614fe061db5	e3b0c44298fc1c149afbf4c8996fb92427ae41e4649b934ca495991b7852b855
tests/fixtures/stable_codegen.slim	2008	0	13833	9063ed9f9fa5fccf9d43a13344e38d9abfc0f23a90eaee7dfb3ed614fe061db5	e3b0c44298fc1c149afbf4c8996fb92427ae41e4649b934ca495991b7852b855
tests/fixtures/stable_codegen.slim	2009	0	13833	9063ed9f9fa5fccf9d43a13344e38d9abfc0f23a90eaee7dfb3ed614fe061db5	e3b0c44298fc1c149afbf4c8996fb92427ae41e4649b934ca495991b7852b855
tests/fixtures/stable_codegen.slim	2010	0	13833	9063ed9f9fa5fccf9d43a13344e38d9abfc0f23a90eaee7dfb3ed614fe061db5	e3b0c44298fc1c149afbf4c8996fb92427ae41e4649b934ca495991b7852b855
tests/fixtures/stable_codegen.slim	2011	0	13833	9063ed9f9fa5fccf9d43a13344e38d9abfc0f23a90eaee7dfb3ed614fe061db5	e3b0c44298fc1c149afbf4c8996fb92427ae41e4649b934ca495991b7852b855
tests/fixtures/stable_codegen.slim	2012	0	13833	9063ed9f9fa5fccf9d43a13344e38d9abfc0f23a90eaee7dfb3ed614fe061db5	e3b0c44298fc1c149afbf4c8996fb92427ae41e4649b934ca495991b7852b855
tests/fixtures/stable_codegen.slim	2013	0	13833	9063ed9f9fa5fccf9d43a13344e38d9abfc0f23a90eaee7dfb3ed614fe061db5	e3b0c44298fc1c149afbf4c8996fb92427ae41e4649b934ca495991b7852b855
tests/fixtures/stable_codegen.slim	2014	0	13833	9063ed9f9fa5fccf9d43a13344e38d9abfc0f23a90eaee7dfb3ed614fe061db5	e3b0c44298fc1c149afbf4c8996fb92427ae41e4649b934ca495991b7852b855
tests/fixtures/stable_codegen.slim	2015	0	13833	9063ed9f9fa5fccf9d43a13344e38d9abfc0f23a90eaee7dfb3ed614fe061db5	e3b0c44298fc1c149afbf4c8996fb92427ae41e4649b934ca495991b7852b855
tests/fixtures/stable_codegen.slim	2016	0	13833	9063ed9f9fa5fccf9d43a13344e38d9abfc0f23a90eaee7dfb3ed614fe061db5	e3b0c44298fc1c149afbf4c8996fb92427ae41e4649b934ca495991b7852b855
tests/fixtures/stable_codegen.slim	2017	0	13833	9063ed9f9fa5fccf9d43a13344e38d9abfc0f23a90eaee7dfb3ed614fe061db5	e3b0c44298fc1c149afbf4c8996fb92427ae41e4649b934ca495991b7852b855
tests/fixtures/stable_codegen.slim	2018	0	13833	9063ed9f9fa5fccf9d43a13344e38d9abfc0f23a90eaee7dfb3ed614fe061db5	e3b0c44298fc1c149afbf4c8996fb92427ae41e4649b934ca495991b7852b855
tests/fixtures/stable_codegen.slim	2019	0	13833	9063ed9f9fa5fccf9d43a13344e38d9abfc0f23a90eaee7dfb3ed614fe061db5	e3b0c44298fc1c149afbf4c8996fb92427ae41e4649b934ca495991b7852b855
tests/fixtures/stable_codegen.slim	2020	0	13833	9063ed9f9fa5fccf9d43a13344e38d9abfc0f23a90eaee7dfb3ed614fe061db5	e3b0c44298fc1c149afbf4c8996fb92427ae41e4649b934ca495991b7852b855
tests/fixtures/stable_codegen.slim	2021	0	13833	9063ed9f9fa5fccf9d43a13344e38d9abfc0f23a90eaee7dfb3ed614fe061db5	e3b0c44298fc1c149afbf4c8996fb92427ae41e4649b934ca495991b7852b855
tests/fixtures/stable_codegen.slim	2022	0	13833	9063ed9f9fa5fccf9d43a13344e38d9abfc0f23a90eaee7dfb3ed614fe061db5	e3b0c44298fc1c149afbf4c8996fb92427ae41e4649b934ca495991b7852b855
tests/fixtures/stable_codegen.slim	2023	0	13833	9063ed9f9fa5fccf9d43a13344e38d9abfc0f23a90eaee7dfb3ed614fe061db5	e3b0c44298fc1c149afbf4c8996fb92427ae41e4649b934ca495991b7852b855
tests/fixtures/stable_codegen.slim	2024	0	13833	9063ed9f9fa5fccf9d43a13344e38d9abfc0f23a90eaee7dfb3ed614fe061db5	e3b0c44298fc1c149afbf4c8996fb92427ae41e4649b934ca495991b7852b855
tests/fixtures/stable_codegen.slim	2025	0	13833	9063ed9f9fa5fccf9d43a13344e38d9abfc0f23a90eaee7dfb3ed614fe061db5	e3b0c44298fc1c149afbf4c8996fb92427ae41e4649b934ca495991b7852b855
tests/fixtures/stable_codegen.slim	2026	0	13833	9063ed9f9fa5fccf9d43a13344e38d9abfc0f23a90eaee7dfb3ed614fe061db5	e3b0c44298fc1c149afbf4c8996fb92427ae41e4649b934ca495991b7852b855
tests/fixtures/stable_codegen.slim	2027	0	13833	9063ed9f9fa5fccf9d43a13344e38d9abfc0f23a90eaee7dfb3ed614fe061db5	e3b0c44298fc1c149afbf4c8996fb92427ae41e4649b934ca495991b7852b855
tests/fixtures/stable_codegen.slim	2028	0	13833	9063ed9f9fa5fccf9d43a13344e38d9abfc0f23a90eaee7dfb3ed614fe061db5	e3b0c44298fc1c149afbf4c8996fb92427ae41e4649b934ca495991b7852b855
tests/fixtures/stable_codegen.slim	2029	0	13833	9063ed9f9fa5fccf9d43a13344e38d9abfc0f23a90eaee7dfb3ed614fe061db5	e3b0c44298fc1c149afbf4c8996fb92427ae41e4649b934ca495991b7852b855
tests/fixtures/stable_codegen.slim	2030	0	13833	9063ed9f9fa5fccf9d43a13344e38d9abfc0f23a90eaee7dfb3ed614fe061db5	e3b0c44298fc1c149afbf4c8996fb92427ae41e4649b934ca495991b7852b855
tests/fixtures/stable_codegen.slim	2031	0	13833	9063ed9f9fa5fccf9d43a13344e38d9abfc0f23a90eaee7dfb3ed614fe061db5	e3b0c44298fc1c149afbf4c8996fb92427ae41e4649b934ca495991b7852b855
tests/fixtures/stable_codegen.slim	2032	0	13833	9063ed9f9fa5fccf9d43a13344e38d9abfc0f23a90eaee7dfb3ed614fe061db5	e3b0c44298fc1c149afbf4c8996fb92427ae41e4649b934ca495991b7852b855
tests/fixtures/stable_codegen.slim	2033	0	13833	9063ed9f9fa5fccf9d43a13344e38d9abfc0f23a90eaee7dfb3ed614fe061db5	e3b0c44298fc1c149afbf4c8996fb92427ae41e4649b934ca495991b7852b855
tests/fixtures/stable_codegen.slim	2034	0	13833	9063ed9f9fa5fccf9d43a13344e38d9abfc0f23a90eaee7dfb3ed614fe061db5	e3b0c44298fc1c149afbf4c8996fb92427ae41e4649b934ca495991b7852b855
tests/fixtures/stable_codegen.slim	2035	0	13833	9063ed9f9fa5fccf9d43a13344e38d9abfc0f23a90eaee7dfb3ed614fe061db5	e3b0c44298fc1c149afbf4c8996fb92427ae41e4649b934ca495991b7852b855
tests/fixtures/stable_codegen.slim	2036	0	13833	9063ed9f9fa5fccf9d43a13344e38d9abfc0f23a90eaee7dfb3ed614fe061db5	e3b0c44298fc1c149afbf4c8996fb92427ae41e4649b934ca495991b7852b855
tests/fixtures/stable_codegen.slim	2037	0	13833	9063ed9f9fa5fccf9d43a13344e38d9abfc0f23a90eaee7dfb3ed614fe061db5	e3b0c44298fc1c149afbf4c8996fb92427ae41e4649b934ca495991b7852b855
tests/fixtures/stable_codegen.slim	2038	0	13833	9063ed9f9fa5fccf9d43a13344e38d9abfc0f23a90eaee7dfb3ed614fe061db5	e3b0c44298fc1c149afbf4c8996fb92427ae41e4649b934ca495991b7852b855
tests/fixtures/stable_codegen.slim	2039	0	13833	9063ed9f9fa5fccf9d43a13344e38d9abfc0f23a90eaee7dfb3ed614fe061db5	e3b0c44298fc1c149afbf4c8996fb92427ae41e4649b934ca495991b7852b855
tests/fixtures/stable_codegen.slim	2040	0	13833	9063ed9f9fa5fccf9d43a13344e38d9abfc0f23a90eaee7dfb3ed614fe061db5	e3b0c44298fc1c149afbf4c8996fb92427ae41e4649b934ca495991b7852b855
tests/fixtures/stable_codegen.slim	2041	0	13833	9063ed9f9fa5fccf9d43a13344e38d9abfc0f23a90eaee7dfb3ed614fe061db5	e3b0c44298fc1c149afbf4c8996fb92427ae41e4649b934ca495991b7852b855
tests/fixtures/stable_codegen.slim	2042	0	13833	9063ed9f9fa5fccf9d43a13344e38d9abfc0f23a90eaee7dfb3ed614fe061db5	e3b0c44298fc1c149afbf4c8996fb92427ae41e4649b934ca495991b7852b855
tests/fixtures/stable_codegen.slim	2043	0	13833	9063ed9f9fa5fccf9d43a13344e38d9abfc0f23a90eaee7dfb3ed614fe061db5	e3b0c44298fc1c149afbf4c8996fb92427ae41e4649b934ca495991b7852b855
tests/fixtures/stable_codegen.slim	2044	0	13833	9063ed9f9fa5fccf9d43a13344e38d9abfc0f23a90eaee7dfb3ed614fe061db5	e3b0c44298fc1c149afbf4c8996fb92427ae41e4649b934ca495991b7852b855
tests/fixtures/stable_codegen.slim	2045	0	13833	9063ed9f9fa5fccf9d43a13344e38d9abfc0f23a90eaee7dfb3ed614fe061db5	e3b0c44298fc1c149afbf4c8996fb92427ae41e4649b934ca495991b7852b855
tests/fixtures/stable_codegen.slim	2046	0	13833	9063ed9f9fa5fccf9d43a13344e38d9abfc0f23a90eaee7dfb3ed614fe061db5	e3b0c44298fc1c149afbf4c8996fb92427ae41e4649b934ca495991b7852b855
tests/fixtures/stable_codegen.slim	2047	0	13833	9063ed9f9fa5fccf9d43a13344e38d9abfc0f23a90eaee7dfb3ed614fe061db5	e3b0c44298fc1c149afbf4c8996fb92427ae41e4649b934ca495991b7852b855
tests/fixtures/stable_codegen.slim	2048	0	13833	9063ed9f9fa5fccf9d43a13344e38d9abfc0f23a90eaee7dfb3ed614fe061db5	e3b0c44298fc1c149afbf4c8996fb92427ae41e4649b934ca495991b7852b855
