# status: experimental RFC-0141 root-completion candidate; adoption pending
# baseline_code: 49ea4a0
# candidate_c_sha256: a80b4d897eaac295e8f53212df831277d2abe824c04d908b4ed04a18c1c01056
case	status	source_sha256	state_sha256
vec.new/base	status 0	fcf606c84364db03f56e3ba03e9bfddfed96336f67ca99b0105fc416c54f6b06	77d01d9a8d5029257830a207345186d3535ec27754c72d6edc473a9c908b8ebf
vec.new/arity-1	status 1	69cd8058a9860385ee3f69851579b1035e19e15fe37d9e02784c4e6ee41be8c0	f0323b027b24f4419b6d452b48840153efbac13d860a28dc14317a7b1827f0ef
vec.new/arity-2	status 1	86cd8339b540a6345cd5aa6181733ec20d8e025806601b7092110a87518d0f6c	3fbcdaa77d06b180466ead9575fb4b98a512a8525d7fe1f2277598df526ba9a8
vec.new/arity-3	status 1	b1f9267e15a7d7c7c7f9efdf665dbed7243b796c658f592838df8dd450cd1d3e	80b6becf949f03a280eb4dd1334530bfe3c359e698e099767cedf965257c8c5d
vec.new/arity-4	status 1	e8b4469ac0ca8fe5d9ec8b37b55a9e68a3960c17b6043ad4fcb55c1928805bd1	3c7c55aade405042b814cdf7876e9248bb7e8901f1ba4c05092506fc8a0d23c9
vec.new/arity-5	status 1	20ad72342c3f8458ad8774076bfbbe0fb5f47dd4f99176a149f41995e7ddf36c	2c5115b5ee7d89031c5699960f510db9b926ba6c379558b67155ada652203eee
vec.new/arity-6	status 1	a2e6684908c8790ded2f651dd3d55dc37b558ff5aebc852f2019fddcfe13a1ce	55603756ccae87ebec624fa8c65d4650324570c835874109706bdc322579f99f
vec.new/arity-7	status 1	5265bd0d41135bbcb3279e048b44278a256881c539d4bf8bb709f75b8d65494f	07c0010e0a72e247ec7f812de0c6cd1c2ddf4d7b1acb53c38b30afc6ed725c7f
vec.new/arity-8	status 1	5130aa63e2a82d420b3b4981cd51ea8c511479b51dca733a16661009e5b50346	72cb5e81598f98cc5b66cdbce1e89b4b1a8859fd05d14f3bdb75fdeac9302be3
arena.new/base	status 0	132b3f7c5f608cb79a1f51d1a99659ad05f0f30000718cda8da250685b7f2a23	4291a76cbc76235588e3aa37c5efe4146b71a620a3777a27ee599fc0bb7ebd6f
arena.new/arity-1	status 1	85b6f6875891f0337cc8f68ca7d6fdb66b5f73b360235c8bd1b57e1e9b49bad3	e8eb74db8b4efab515fd4f20e5498b7cf8ab6c2d22a97ced13fa25fb0af76a6f
arena.new/arity-2	status 1	30d6bc3b4cf400aea5e3b2a144a4ee88d7d9bde7f92f050d861805f8c17b6e2f	51bba3167059d5d19d94faa5e486035cb6ef0ed32a560fc60a4a92bbc7ddfc76
arena.new/arity-3	status 1	32c883e264ff806ec4a6b03dbdc9e8c56c70f59e9e7e804c5b3c21730141dc1f	a272f6b901b18f6cb6541ea84d83e611da304a70b7b2c55938adfe15f855df5e
arena.new/arity-4	status 1	2951565f53d3d65eed9f6414d1e7103cdc9b8b25764384272d931ad28d5132e3	827e7073da55f59700f02946e749b77c4b6aefd9c2a38cf6fe8cd955947ea2d3
arena.new/arity-5	status 1	71c6b8ba6293b72ead39c141e317a372e867b507e89ba7186936cb46ff3172d4	84db7b78ea654ef5bf2b951157fafaab76287a2e44eff42bb99c9e0419f90178
arena.new/arity-6	status 1	073e1299c27c19ad6241243dc21b63c3be44fd84fc79897c4824d3ddd83fa33a	c8f84efade7ad554f4f4b2a1f19865f8d2200a34aa70a98aee62f54327f3aa22
arena.new/arity-7	status 1	001d48fb8b02a65eb2dfeb4e6a8278d0a5fd7105c745ccfbd898e56ce0e94df6	2c85316df2296b74c2d86fc16a9ff41592de5b151d8995470821e79b2590e54d
arena.new/arity-8	status 1	acd85fd1af7b6de930f37f6062f05f28bbd9a27c7b98b5afd48240cc914cb6f2	bc644f81781410ced8037d112f00e85119352b5da3c5195c8ae7ffbe8a3a34ea
io.monotonic_ms/base	status 0	5f389953dc32e86702c9f7e6b73f6f3f1061681077e711f7fdbbc8a94802c3bf	8a98ca44ca888ab3c9c9dec90884a752691f0280c46165bc69ab21489ee4a1e6
io.monotonic_ms/arity-1	status 1	d48756cae5da54d690ab1073410247ee5c51516f8ad102004f1501eefd98427b	8f1516733465fca5062dbc859e0b3b15b7705f103948787519d5c4c9ef3710d0
io.monotonic_ms/arity-2	status 1	f7bfb75c755b06226245d15e266e593bf3ccf590d4b0859b044d14dadba60701	bbee36f98c2ecd73c1b3cfd7810b27aeee893ce75f1674421bc87ee595590386
io.monotonic_ms/arity-3	status 1	90144cfb01affeadf2fa7b9146331bd9d7be87aa06d5f8d087b354c7207e10f5	38516a57d6a3946fe0ceb72d9db7fa554a6f79e43ca36548080f4469b7e0967c
io.monotonic_ms/arity-4	status 1	a9f0419a9c3e7bc1cb19bceaff2e573c33bdbaf3a367c4e1de8d86f754e7ec7b	3f19bdca8dfc048611df4b3d36b4421c2c4b1ce02dec1ad7a4f5d7be398919d1
io.monotonic_ms/arity-5	status 1	3161fe2b2bc6c0f52265d48d9734ceb17618b92fd26a1880c672d7ae42e4d759	cfbeb9648567ec027b19bfaa58f5af1e0f3fbb74137b676b09ded74f5bfdac77
io.monotonic_ms/arity-6	status 1	d32d83f001d5c469ac7f0a143934a0e561f90306bcd253385cb4777178b56cf9	f53a739c1cbab8bfcb09d48f899dab89aa694399c0024c982b3a4a67fa1c6ecb
io.monotonic_ms/arity-7	status 1	b4c2223f09b9824e17dec225629917132da797af3575f0ff658c0d0ed4792241	ee2c682ad835652cd9c69f0e643628da6b737d365de222a0fb87b74d977ab4ec
io.monotonic_ms/arity-8	status 1	9d803e68a4e2b17fadd5df0d16613973634796ae7f9c34957049c544b3d29a65	3dd9dd3542b4181a03251f444da6eeb18bb09c11adddfb8fdab9c52e03d484f9
u8.to_i64/base	status 0	8551c697e0326eeb0697655de3baa55931555a959a67f5322425ce15108fc92b	e8e7f8f6e61d1cef59c34515108e03a8189cce887122b4e98ac9b0f27ad75741
u8.to_i64/arity-0	status 1	4e7b969eb5c5e9ff62d978d2727f8ed2176bb32b282d6505d0a1883777d013cd	9a86ccab9c0259c872d31721b195db3231d02848f657237ddf107f13ef5736b1
u8.to_i64/arity-2	status 1	9fac9fdf9a07611e815e8a3768e0ec302aa2b984715f9d1f7728de65b8aa3281	95cb97753b5036f573b5ea2b949ce4e3d38667acd1fbdd532fabfc7ee7225034
u8.to_i64/arity-3	status 1	c621a3be48df77530e0e220dda931c0fb39a9ab2983cff143257560f54cf7ca4	d5c2980c7770dbb515f3171f86fe58283e61a6fe90e2b125cee058e64e876456
u8.to_i64/arity-4	status 1	25143e69eba5c2678ed1c61c8725a22cb1c96dc2983e391e3a214d5141aff52b	10594b19b9d09b69e7346d47cf76d156784e4dca262ff9d61aeab5446df36d1a
u8.to_i64/arity-5	status 1	bc142bf5843562676fb3507fc4219bd0200e7eb8d88959c42bd423e1d61fc1a3	1956f0a7ac07c644faead310ddad73852eff8101b0a4738ff7851568ed5e9700
u8.to_i64/arity-6	status 1	44dd0ca22a52ce376b2c42a296f7a015eb230bcfda76429dc54ee59891951cd1	01c40c346ac61fbb097beaa93931ef4ed6f094c82f49cdf72551331b00ad9bc5
u8.to_i64/arity-7	status 1	342a3a1effa91a0699473eabade174d645a449cf7cfbb05346d85093712cd3e6	815ab43074c3f35607aeec6d38db0e9239216da8fd272f82bed8d15d48f8bac0
u8.to_i64/arity-8	status 1	a061b7f3e0ee6f740b74db169c4c4a5007bdd186d998006e70b7fadae620cda2	2fdbad6ab1ed3fdfa15c2cd34d0a2683ba83d54213feb39c7cfe91ceb483cd92
u8.to_i64/argument-0-0-plain	status 1	89827d70139145eece8d5707ee9b98ba82542f44598a4f981d67197dce8338e5	136285d4d7712b02b56174f0fbc2dab1a124bd22ea232d4b9e097bad7a07f55b
u8.to_i64/argument-0-0-@	status 1	8335cdb218398c55f40bfa014decb96fa21dbadef887195204316faf832036e1	67cb2527b4fb1f572daa7dbe0870929a7f0ee87ac2d1f2090f293d8de2aa4d41
u8.to_i64/argument-0-0-^	status 1	b5e0ebc1992e5997f79bddc9ef5f27339c1447814f2e21861145e48a363d9750	87df05adeaf6e28fc345771001c78fc31fb5005c1da5247c7da46c7f02528d1e
u8.to_i64/argument-0-1-plain	status 1	83d43a337ea9a3d199985604819aaa58aa8c230296ed1b6a476f631cbe990e97	003eb151d22743c122ca9fd21c2436baea98c9c9a7e14b8bd887666e1f92aad6
u8.to_i64/argument-0-1-@	status 1	8c942ec9598dbc0608196b214856111e81fb89d0b3ad0beff59323b1642bead1	5c749e274c1f5a862bbf909cf88af97ffd7c5e84c39c3637ffeb3ffa4210855d
u8.to_i64/argument-0-1-^	status 1	934ddcecdc10419a4b6d51d1a51be708274ee2ef203a3160867078eb3f10b0a9	b052038df0e58f62e792bf9e883bbcd63b32114c2a0ad23ab014d115bca85062
u8.to_i64/argument-0-2-plain	status 1	8e67a9d1ce1955508cefbafab33eb7e4b518a2b560e2544e96e998d2ff34e352	ae0b0e27301b477de20223c0ed538befaafa9f4b2c647bd035f5a9b2ed5cc7c9
u8.to_i64/argument-0-2-@	status 1	272d61c552b1248b8613069074cb927b823ef83180fcfbc7260594f7f8d2549d	a230e99badd791c3229723bc21e73c35ec0babc0aa55fa8f14c9170f1c282cc5
u8.to_i64/argument-0-2-^	status 1	28d4908814bd4876cb0ebf17150631f34c1b4ea87aeedc628101c726d4298308	95480017ee83c142ef5ece8ac6ed7e93fdafcf32a5b3546670c83939cb407f88
u8.to_i64/argument-0-3-plain	status 1	b5e5d1aeeeb8586b32756354410cf6730cbc93d3d3da0c981ea6341bac3d4d32	0d3d1b83abe8a5b87ce48bfcda0e0473eed1d78437ce2747ac98b4f368296647
u8.to_i64/argument-0-3-@	status 1	56c67b19fd79ebeb67b9ee23eb19e91f2a145cbfd3f0c2afe4a4fa23887770c1	54f5c5f1c0a412721cb2e2508575b79331f2500ae71c9f3380696a10c7016cc6
u8.to_i64/argument-0-3-^	status 1	f6cbc1696bb641ccf9d730955d9c122c8a16ab95ae4821abe38dfb8c8f90e5ed	b211beed88c361b558fe208b082354852f93a652b824ac0502e8e709f926e944
u8.to_i64/argument-0-4-plain	status 1	9f599bf1442c1bb7b10a79acb9c910a6ea866f58bb561e58d6404fa0afe17f6d	22b4df51988acffb61de451e2a791b0b36a8d5fe4976a8907cf422e67560ee89
u8.to_i64/argument-0-4-@	status 1	9a20d6d192a14fb12df048c69af3484a6dcea53c1ea48a86260990fa12db43fb	a9a884bcd50ac68c91bf3fc202110e1aee1b811d2876ff758c6f0e3c2d8362e0
u8.to_i64/argument-0-4-^	status 1	73dd37392e88f7a98d97c0272b27e0f7baa829ae2950fa4234017e7cd9405ad4	5ccd9ad7b60621e14a20a3cb28816917ce9a21b5d5ef997dce72b3d8f63b1078
u8.to_i64/argument-0-5-plain	status 1	e59f3574f002eff750a4506c1d7f8b1c8dcbe7ac552b50c7c546c7d32ed1e415	307dd18653b9593a01bd52febeef84f00bc224c66db7be5bc99ed7113d55b5ba
u8.to_i64/argument-0-5-@	status 1	058e4fc57d26df0222c8ac1bac087056bb482158e9506487757fef80a0ae1e04	73f84a52677115207413f550ee9a4b181e1c79376fc1bf10883382ffb877dd44
u8.to_i64/argument-0-5-^	status 1	2f75f68eaa142ca7eda45ef17f2e6eca4e15a44ebbe91bbfbbf06db9d9b903bf	81b305a61bedb4360b23a652030194cf7943876af636fe0ea26b31d56acf19f5
u8.to_i64/argument-0-6-plain	status 1	1d0f96beb64425173c05c8fdcc7c7c6e460fdec194fbd1413dfa8777f7614f71	43aaacabfe057c3885cff81010ad7e23344a503ff3801d88ea63dfe7f3dd5864
u8.to_i64/argument-0-6-@	status 1	cf2c255ed3e2c5021e47a0f50fd6da1ee2566a2b85ad45458720060c005614a0	75cea08d155267331f82a0765ec4901030e3e3cccef82ddbb2fe023bb6a895fa
u8.to_i64/argument-0-6-^	status 1	76f200b9cb6b179de1b6574681f2830665a414542a6edf13a628906a1f391c0e	94bb1c15831b3879276328128e2a8e1b53fe3d3aec13fe2721d777dac612f54e
u8.to_i64/argument-0-7-plain	status 1	27c59df4ae0c3ac767e66e19ae2de917637b56ade1a99c84b6a745c76d21db46	f1b6ea6e19fb550b3e0c4f62a484c03c8d32018d39e301901f321ae97b629bfc
u8.to_i64/argument-0-7-@	status 1	bd7c8ff77e58310bee76e7d4fec6ff2cb13f737820f338fe300b7a282f958bbb	c9e64dae6c46c99595bb556dc3a7fe49909310cc435772884931a429efa9a884
u8.to_i64/argument-0-7-^	status 1	5dd952190047950c8035e57e14320c59ed0c0f3538febd7877aaf7f1a6f5ad7b	c0dd29bb5c4f5199d542f54c87c2c1242e6530e0135ae2ff2e7fd2f5f0fdea35
u8.to_i64/argument-0-8-plain	status 1	e98404c04b2c8cc0e30d6dc7b45c3b1d3064056f18c97ce9784284e0a9730734	9949e39d96c159ff826879c8674ee84d4389a44d69ed8b0964a7e0fbad2e5666
u8.to_i64/argument-0-8-@	status 1	091fe4db7ae79aae3e78223efcc03e3d870cdbc31c39ea0f01cb8d49f7c58a9b	6be377e6a09afe6cad8c2f442a3c8295880952e6ce70680698fc0c8788af37b2
u8.to_i64/argument-0-8-^	status 1	bd4fd3bbc3fac82bcafaca3210ef4823f4cce910c267b7862d794ecda42f6ddd	2e01c18b5be669a444779b00a6699081445cd85f361be49b0529e4ce150cce12
u8.to_i64/argument-0-9-plain	status 1	740f1129c8059b24a453a136d120c8203b46fc62a38849ffa6ff6479b8569983	2d79d26d482f00e2e0a65ccb52c17cc04f923a2362808ceb7da3db08828369c3
u8.to_i64/argument-0-9-@	status 1	99763dd781cc40dbd724effc9289f99f0d0220c100864c05fe3cd59ef42db4e3	6b076887bca1572e441dbfcaf932f64311f789e4cb58dc8cf3440710398acf05
u8.to_i64/argument-0-9-^	status 1	c90c08000251bed6b3b2f06e7bf9f950d6f0c266267590083eb0fefb9c7efa21	ae3a1f06f7de59e9265a879171bb40eebc57b97514b13f1e62a105a5239a2731
i64.to_u8/base	status 0	26f0a83838e763844c433b9a8f776a7979342502428b99ae9381f6927dfc3785	7033188c198414254760b729944bb4ba03ffee8777035e6548935d12c9181d19
i64.to_u8/arity-0	status 1	32e77486b48f1f6cfa6c8c7c71f1e1b6dd99f0fc1c0abec6cb8f428a4eca01f5	01c1aea110e044f1b49d8ed1c56f880f57d6d0a258c693b0dcef7e4f96b67bf2
i64.to_u8/arity-2	status 1	69493f55b5952dd647ceaa75bff3324629000bef72ef8863fbf4a80b4a2e96a6	42bfd9e23694d710ee112a50f016a398cae068dc98d933bf7ab58c6cd66d93f5
i64.to_u8/arity-3	status 1	174bbd723b723c3bf33f580c7b557a88ac3738b50cd463f18558adb2442e8730	55f643d5c1e3dbe70817611841200334baa873dd00853e79a8d2fa4cfaf87090
i64.to_u8/arity-4	status 1	b483768bb24ff4ac16e9085a2706398361fdf976e988c96f58e634fb17abe0d5	240fc6359fde733840b3ecae898990efc54c3b1dbf3504fa209ce3d265582bb2
i64.to_u8/arity-5	status 1	2e9d4fb41abacae8d7e8228d2401c9be69e419551eaaee07a3dfc7ad880edb3c	7065139831e94a409f699f8714258fd6d075ba262205677e1224696d8ff4bf3b
i64.to_u8/arity-6	status 1	a98e6bf2bd031f10c416148793b5ccc72078bd9f69fd556c2b3f639c8e39e60e	9fdd3dc34ba3ea4964319ad6e886fd569fad0ef59f619b77ca409d7387996d6c
i64.to_u8/arity-7	status 1	de8f7ac24ec3dde4584660abd2ec4375647c9c40cb2fe87042ad304240914742	e834767fd0a57beb6aa0a687b33010386ff0c3a36a8982d31e1ad8b492fd61f1
i64.to_u8/arity-8	status 1	8f949f6c0b426f6b8860d5a42c35ec3680b9396f5512a5c573df959de791149e	a4c724c858b69d58baa01352ad6fcbb61678ecbb14c2e22e4e6fee045833c54d
i64.to_u8/argument-0-0-plain	status 0	26f0a83838e763844c433b9a8f776a7979342502428b99ae9381f6927dfc3785	7033188c198414254760b729944bb4ba03ffee8777035e6548935d12c9181d19
i64.to_u8/argument-0-0-@	status 1	5c15476fe8b48c013ed34026916bfcf41c11a909745d0b19d52f415371733573	5344d84166f4865310534c83f9420da82e15e6350465395ab4aedc5dc362b368
i64.to_u8/argument-0-0-^	status 1	6cd5043b1f1f7b335cae3fdf97468ac7467675cffceb3cadf4549a78b48a6893	d7d8ee93bd21d0fd4fd5c03347c76f32a0171e3601599d522df09d282bc56e99
i64.to_u8/argument-0-1-plain	status 1	e99f84d463e2137f6194a0e9cc3bf406b837b6f18ae100c6fa1a74ea07074195	85f2fa965e41a0a36f4d51cefabf3c443f383aa6dae5fe36d36aaa4f434a74e0
i64.to_u8/argument-0-1-@	status 1	7d6b72c71537403c7a92873b928216e7aab777121f113d3ca549628ed57db5d9	86e2be1fc8dcfa8b675c59e6077cce0623d2217585c8a846475637b9e893f63a
i64.to_u8/argument-0-1-^	status 1	d36e7ef8ff68ebd482526ab675395d91a3b6eb4543f724c95f49d5f55b466ba4	25bbb6b7de2104b00e5523b23727f065315175d87c950fadc29462eb9d6c579d
i64.to_u8/argument-0-2-plain	status 1	459f698994ee4464894a0ba5d246a39ff8d1a376e459b539326e6dd69bad7cc1	9ae3503bac2de945397ee454ec5fa86be68c998f31da461016eff9e50b550afe
i64.to_u8/argument-0-2-@	status 1	6778f034b59e844b46a02b9e64c3f620d65f2f1bc74fc1a576f6280fd2d1f204	0558a8aabcefd222026211153eec9d48ce78d139140b12b295aefddaeb35a072
i64.to_u8/argument-0-2-^	status 1	cd68aa2e4760dbd4e5aaf51e768e38a8e7b9a82e28f602ea84923b441840e0c0	89b88e9c0aff9794054d1ca0f55fea62bcddc4186eef65b2899a6bd7d5542a69
i64.to_u8/argument-0-3-plain	status 1	43e7324bbabf00975badb51a6d962f5cf27269f87302ebbcca76457a461ac533	0fdf9e476dcfc95085bf6e7e6754ebf02a671808c49194266d034652809d92ae
i64.to_u8/argument-0-3-@	status 1	e07f3b5b34bbe4b05d0ff9b3c939b46e701cefe412943c7df58620da9e11302f	2123bc0e0a4ae188f6e4c0d521532f5a0c1e155197ac14f2be0d843cdbec33bd
i64.to_u8/argument-0-3-^	status 1	6d389cbddd10f30a4d85a399b9f33d3f5b12037b0f0d3294d76c09422643801d	accab5b92ef430311c8664cf17cb74834a0f7944a33ea9091821b0c7c69ff204
i64.to_u8/argument-0-4-plain	status 1	b671429afb57b6382086a759e29fd5915f81431c7eb0fdfd0116144e4947a2f6	6f1e721cadac9f5e4a14702514d58215ab7993cc214ae453fbe42099543de132
i64.to_u8/argument-0-4-@	status 1	8bd347bc2b7fc9f2693da387bb2e6e015d180e1ea77a8560e256883770a35aff	02d27eb95ae1aaa4cc1f1e852efc39e401580f4dad03f96f40b0a0ebe7917ecf
i64.to_u8/argument-0-4-^	status 1	3d9acb15cf62883c487551b813acd8ac335c9021cd806e3a5a8914c8a96e97e0	f42ed8ef2e55b08f56c76fb3aa1e8a14c057a4329dc058c23ca7f73e815f4542
i64.to_u8/argument-0-5-plain	status 1	b1fd2e158f6b08006ecd66e88cbd13dd4eb538d5caa7f51ea8111a048271ed73	4c1b3d5d6f6911c272d1b7553f61371e99325a761c3b444511b135fd75575e91
i64.to_u8/argument-0-5-@	status 1	3b2542072ca438e0e534ed886c4a0762c925b7c493b31def5a8294a64d039fe1	55a4b93134053462c61c94fadb90b1231dbde1f871c717caee30d1beae2eff78
i64.to_u8/argument-0-5-^	status 1	59383035846fe455903a7c5d5cf32416cb80e59f55e5c3b8c0f25b67a1aa6bc1	37f68ab96d557997ced666942e247ebd4ba9e1fe20d3d747e66c700cdc0d79c3
i64.to_u8/argument-0-6-plain	status 1	5871c13136412264a42709975b37c7b1f13096176e85d3693f12caac396cb104	6a385a3a641fefb17efb77009bd48769489f627ed463c423aead00a321902820
i64.to_u8/argument-0-6-@	status 1	af97e07fad8a121802e1a35fbb83af37edf279dda14a550ddd112a841e76f2ed	2925a646e91a02ade04fb3615f01c953add3008f58766c39c72b2ebaae75ec27
i64.to_u8/argument-0-6-^	status 1	0320217af7d6a102320f32935b1f6b7c87fc5538c716b394812d3733054f6bc1	e5656fb194029623e70ecdfdff955f7d92cdab49023d2641a24b98a2adeca8f7
i64.to_u8/argument-0-7-plain	status 0	71f753b9e4f779ea6a62ad3160c4c16c9f0b2dcc5b6ec3c81867f0dfceef862e	5bf970a36275a8626b22268cc5b07626fd17cf57fa98ccf8f73b70ff9e0cdfbd
i64.to_u8/argument-0-7-@	status 1	00a53657d00577d746b4a528edbb1107f0c3d39ac655ade6dc09ca8f05c42e2e	90c8a6e632d355152a9d24163c81e3ca413e6fe2582da064fcba24124d854c02
i64.to_u8/argument-0-7-^	status 1	f1587cdf8e4e95a82d13959696384212e93d9abedcce59c7923fff4321dd9036	c0ca0a81ef32a4484c179f5951f325cdf1188d559f8dc8cd685d51ad036627cb
i64.to_u8/argument-0-8-plain	status 0	a29a8e42860dc937ab8fa58dbca4002e2a404278dd7094e7c465598cf4fc6002	fe696bff121d4ef295fa97a10c34773afedaf6b0379bc5afd9a1ee8ed6454ab8
i64.to_u8/argument-0-8-@	status 1	d7e509dbd3672f0d9eecea1bcd5f63fabdfb58a410f248257e5ae0e7a6117266	617895a1e4da315363dddf9466cb274629e764638fb7bfb87c68d87d7757ac74
i64.to_u8/argument-0-8-^	status 1	7015e02e08c9036a0212a102801456b534ad90783eb5c01f3daa145000b3e6dd	95150d18e8c8e39478e26e8b2fa904e1252930b33901b55225098759fae347ae
i64.to_u8/argument-0-9-plain	status 1	527b2ecf12b8e602ec7c738a5a8b2c69d1d1fc06bf742b07cf2403f36bcc128d	5eb15d56299d81a6ab655f387acead18be1bec7a946f3adb14123410645597e0
i64.to_u8/argument-0-9-@	status 1	9aac15ab857ad02ac9c16052ef2493b241dd829d7e988e565527e2f6b423bd82	5c1b3362b85b38152cf07d7c1e812c714edf607b01c80dfbaa9918c188a324f4
i64.to_u8/argument-0-9-^	status 1	bcc2738dd5ef4e1cb38622e530d64d44e42feaf13e0c2b76b97b92400b975bdf	8b839c417c0c6a8f16d10a2640381fd238f34467795d46911051c8b03c6308fd
bytes.len/base	status 0	c862a501129e73dea24720b3a093c2c47f7ab452303d44b19218789b4392b8bd	5e53a23f13b1318cff0a6ba2a2efb112aff118816a52a04016f7f55148a736e3
bytes.len/arity-0	status 1	784f7b85ad53df91fcfbb565cc7b6dc40e6673fd8d703ebe709020a7cd7048ea	9a86ccab9c0259c872d31721b195db3231d02848f657237ddf107f13ef5736b1
bytes.len/arity-2	status 1	0d3764b7f933f911840d9c3c8635ba5711fa46e2930c7ae5d4ad33228a8fbd41	f79350ab168f43ccc2807942cce3519efbfc09652ca9f398e2dbad384fc0dc83
bytes.len/arity-3	status 1	345b9cf8df10faf581fa99261dea1d53ead7e8ec2729ed2d70e91d2532cae97b	b3efe072cdc0cc53f7fb1419044f5c3ffe3c83dd0eec32c1f7632ed693d92c17
bytes.len/arity-4	status 1	7e57b0ee3150cfcad3d67f25de4a4d71ec788e2b0e071bddb2b7c5888610d56c	2b13c837df84afa539c038ab0bd058d494ba5ca32509b6bcd5ee4ad7d3a76e82
bytes.len/arity-5	status 1	00c379342f6daf42bd05d0a20a3cc8a1d64db3eed2ba14f9edc2360e3a8fa52c	12c53fc1ed7f2318af4b0979a411364a27ce1d619d86796b8a253270b5bf3177
bytes.len/arity-6	status 1	3034a461aa490a660a0969d89542a4baf0eed2c831ef936dbc1890ab3032589d	a6a9f393bc6f8d4196faaf7042897220929d7951dbb16650b8fa9582c17d5af1
bytes.len/arity-7	status 1	1b6525566d208b865d1e003d05b18cbb883178c03d72f3e906e70723a5dd37c3	2a23a71d568a9fa10dd45e28e8e00730198c4ec3b81bdf19bf41ee142b413c01
bytes.len/arity-8	status 1	c4a6ec891d2045eec39d984056d26d935d0c39d3b05b7f7cbdd4953e80a4e407	ad944796e501f1be7fd7542037d30b14153ae7b9ad9380be9f3c61bd1ef2570c
bytes.len/argument-0-0-plain	status 1	f8718d2b6071f33becfe79a4831f5f9a5e2083a8bff9ec76af05b0ec92969cb5	136285d4d7712b02b56174f0fbc2dab1a124bd22ea232d4b9e097bad7a07f55b
bytes.len/argument-0-0-@	status 1	92317759c65f9c635f4be8f0f964f58e4737c3eba669677315d46417afe7ef45	67cb2527b4fb1f572daa7dbe0870929a7f0ee87ac2d1f2090f293d8de2aa4d41
bytes.len/argument-0-0-^	status 1	09f65a8ebd9d33c8a1dda0285b6341ad368920dc06ed7f57723186d7f4061972	87df05adeaf6e28fc345771001c78fc31fb5005c1da5247c7da46c7f02528d1e
bytes.len/argument-0-1-plain	status 1	caa20eebe94d1b92a0198ecc53032b8c30ce50c8f1761f4760bd09bdb9ebb882	003eb151d22743c122ca9fd21c2436baea98c9c9a7e14b8bd887666e1f92aad6
bytes.len/argument-0-1-@	status 1	85295297d161a98d76b63c1c0b6c03fabd0152494f806324890af4a04f6ff654	5c749e274c1f5a862bbf909cf88af97ffd7c5e84c39c3637ffeb3ffa4210855d
bytes.len/argument-0-1-^	status 1	8c6ef8f4e054112e370d6ca5e988b9b99ac4b6f2ed9a667562c0d3af73a8c6dd	b052038df0e58f62e792bf9e883bbcd63b32114c2a0ad23ab014d115bca85062
bytes.len/argument-0-2-plain	status 0	d268e585dde41e112657e69e3b2475ebf5a360cfd193a5a9def96bc9fb645abe	809915b7d95e667488d55a4cae2d39ab261092f113a5b105197c61aa02aa81ac
bytes.len/argument-0-2-@	status 1	da4a238b38a24775b2c4523a71e23f6138e0a0d5cefbd521c4e48dd7b0644767	3a259f2df724f48777efe548223c77805c4c6b23b8c6de9e805ef4bed9a5a958
bytes.len/argument-0-2-^	status 1	1f9ef0715f792c199861a4b424e006ae5717181e011fcb508e128b2636c46c88	315f9a9fb2b847070a59717b13e986ef52d453047467fa842417970a1b854442
bytes.len/argument-0-3-plain	status 1	30f11957059b565b6ac26556a5459951f05e1dd765e3918a3a02a36c03dde21f	0d3d1b83abe8a5b87ce48bfcda0e0473eed1d78437ce2747ac98b4f368296647
bytes.len/argument-0-3-@	status 1	691a270c7559e7a61a6b638258abe662fc016e8999df61de9916020a687cfe50	54f5c5f1c0a412721cb2e2508575b79331f2500ae71c9f3380696a10c7016cc6
bytes.len/argument-0-3-^	status 1	66d86d95d8305524cf5837bf1fd39048d8184a0183d12a515a0fe18e21be5db5	b211beed88c361b558fe208b082354852f93a652b824ac0502e8e709f926e944
bytes.len/argument-0-4-plain	status 1	f0ffbcd30d29ac3b37981fa98032abfb405bab108765dbccb8e67e64f1da0d2b	22b4df51988acffb61de451e2a791b0b36a8d5fe4976a8907cf422e67560ee89
bytes.len/argument-0-4-@	status 1	dd891d082d08fd9ed0be0ce36218f07ca9969dd606eaab0302805af27c1c0235	a9a884bcd50ac68c91bf3fc202110e1aee1b811d2876ff758c6f0e3c2d8362e0
bytes.len/argument-0-4-^	status 1	ba44959612c3dad6d238a84f6ec251b645550645c6b426dff0be31f3f5a0a25d	5ccd9ad7b60621e14a20a3cb28816917ce9a21b5d5ef997dce72b3d8f63b1078
bytes.len/argument-0-5-plain	status 1	d861eff099bc5ec537c54c6dc533f28f4b8e77bef8706d754ddcb20925dac4bf	307dd18653b9593a01bd52febeef84f00bc224c66db7be5bc99ed7113d55b5ba
bytes.len/argument-0-5-@	status 1	9d662938b6e343858979ccebea6993cd3a14a38bf5e576daef31537d195a46a7	73f84a52677115207413f550ee9a4b181e1c79376fc1bf10883382ffb877dd44
bytes.len/argument-0-5-^	status 1	7751b6dbcbd3812bd6a936d4e1f40ae5389113e6d05a03dcf5b84ee328de07c9	81b305a61bedb4360b23a652030194cf7943876af636fe0ea26b31d56acf19f5
bytes.len/argument-0-6-plain	status 1	a509dd3c32c57988b6ad095b4b40d819de13749d4c0d00147eb86499484c6738	43aaacabfe057c3885cff81010ad7e23344a503ff3801d88ea63dfe7f3dd5864
bytes.len/argument-0-6-@	status 1	bb8e19b2043bf9ce102a18e634f4e0a522824eb285a6d2cd85e159d34066b26d	75cea08d155267331f82a0765ec4901030e3e3cccef82ddbb2fe023bb6a895fa
bytes.len/argument-0-6-^	status 1	0ac84aea2a7274ca19f915994e0bd4e3c3e6dad967ac335376ecc7056d4be1f9	94bb1c15831b3879276328128e2a8e1b53fe3d3aec13fe2721d777dac612f54e
bytes.len/argument-0-7-plain	status 1	9c6464cf5fdf856906a3470f29c0b06c5a8507ab88d04d08dc2d4afccff61907	f1b6ea6e19fb550b3e0c4f62a484c03c8d32018d39e301901f321ae97b629bfc
bytes.len/argument-0-7-@	status 1	5093a32d74eb0c3fe7854fa29183229ba41652b0f9e5c137f8319e59c92d7c76	c9e64dae6c46c99595bb556dc3a7fe49909310cc435772884931a429efa9a884
bytes.len/argument-0-7-^	status 1	548da6512f6a6d18d52a33dc7152bb339de68562d71e890e6b7ec84a1b284281	c0dd29bb5c4f5199d542f54c87c2c1242e6530e0135ae2ff2e7fd2f5f0fdea35
bytes.len/argument-0-8-plain	status 1	0244c7001a2d951d2cdbf02bfedf4cdd3a0896d20d8c0b30aa8a42b10fe8f549	9949e39d96c159ff826879c8674ee84d4389a44d69ed8b0964a7e0fbad2e5666
bytes.len/argument-0-8-@	status 1	59d832c13ea9a957ee3bb2d5fa7695fd12456a8162758520aab71c092bd3093c	6be377e6a09afe6cad8c2f442a3c8295880952e6ce70680698fc0c8788af37b2
bytes.len/argument-0-8-^	status 1	a0a9b1e848aea76a35dc4158ac34f38c172278e8794d8b8e8f5da934ecb58720	2e01c18b5be669a444779b00a6699081445cd85f361be49b0529e4ce150cce12
bytes.len/argument-0-9-plain	status 1	602e4978ab9ba868d35200571c0a0bc332eef3aa6f36f74a8d3a6bdc73586698	2d79d26d482f00e2e0a65ccb52c17cc04f923a2362808ceb7da3db08828369c3
bytes.len/argument-0-9-@	status 1	be9f9ddd05c5c62634bd5a2b343e9eb0a4ac1b8844942c4340e51dd3089fd1e3	6b076887bca1572e441dbfcaf932f64311f789e4cb58dc8cf3440710398acf05
bytes.len/argument-0-9-^	status 1	aa74672ad4e2db2f09f56e2e26e8f5690516bf3c62a89371eb0f2b5073f6f0fa	ae3a1f06f7de59e9265a879171bb40eebc57b97514b13f1e62a105a5239a2731
bytes.get/base	status 0	1707e1b33499ab74bb00108b85e0dbd984ac45f1cf38d186b56ec82a9106b802	aeabc9228681fda2b866a42e33d81dfb7637f76aed338a3c1274288448a9d5db
bytes.get/arity-0	status 1	a876ef18af6be42c11aeaba44e1802e2873de2d535cde39f367780363d61dd8d	01c1aea110e044f1b49d8ed1c56f880f57d6d0a258c693b0dcef7e4f96b67bf2
bytes.get/arity-1	status 1	dd54573c92893798ab8219b4e20eeb66fa96e19107c0c71d760a49f454b8d7e3	d26947e30be9a232316c5dbb6d34c69b3df39eaa19f397c138f523edab7a62eb
bytes.get/arity-3	status 1	61325e9f21603ee628e2f521bf511fa0676ddabc63cc0bd272537dd26dd4b479	b3a7648807c7c36ff0b943e8ebb1d3fdd8ad37c828195afddab60cad464ecf35
bytes.get/arity-4	status 1	8af23bcc23318a859042ca7e8da32249065fa542178d02d0c2b020780465d80f	da5e039cb70155daee2da8fbdb51e3b763aed3135f9103d7f387ef99e2543467
bytes.get/arity-5	status 1	fc2ae9f4ab7f6fab2d1ef82fb5923bba89bb62231665ba02964c19ec8dff9f6d	8eb7f17203238917536b6878ccc8e58b981be7b6c1f2635bc44c3397c140b9fb
bytes.get/arity-6	status 1	201a1e5e001605260601862a39ac4ef38e82a7644d731600e7ad00c303aa6f13	aa14eb8db2ae26ce25cca35b11f0d1ea0ef3cfe25115c5e12038b62ed6684582
bytes.get/arity-7	status 1	dd6038481fd547f1fe547175581a16c33a21793e32bf1678fe578178fc2f3c4e	adbe6f716662fc180727f871ecffb6675f8613388b361ba77a447f9b693b52a0
bytes.get/arity-8	status 1	a96e44fac906d9f6cb6fa797ff4ac829aceabde59f41134c7748b381a03f05d7	00c7acc6d16834342a3f67257f98f1ea6558be1a263582013dd21ed105403e79
bytes.get/reversed	status 1	1c33da7d6705f01ea92fe5ac73345e9b0e66200c8018a3162ea25fefc9ee17c4	d18f6b6e77119d72bb6479c2390369bdba6814d7d812e6d1937452162a2790fe
bytes.get/argument-0-0-plain	status 1	fa5cfa813324609dc284acd177cf1cc20c64fac1cad5fb3ac16f6ecf4f6e7875	80ad9fd4f59f425776a0720d48e0117301c5f6b424ea94b903a210a494dd70bb
bytes.get/argument-0-0-@	status 1	73568bea0aad848e98d0e5cc7681e67b37f416e915ccb19fd013be44c3b1e72f	01c849aa73d63b6fc5807838b3c772f083e81bd3a0dc7ea9dce53cbbdadfcb12
bytes.get/argument-0-0-^	status 1	c05d3c624a1768d0820d7de45387f511ef114ec7dec25400ce893007b2213ce9	aee6e3a9a18c51c9254840d28361361dd83cae7a83a95f35bd62edb527e37596
bytes.get/argument-0-1-plain	status 1	95d067aa7c6b4432858554412df5fb5e9490f8a6f4a6f55ed40d26a50b4374fe	9e97e379c753f2a9e250a6f73fb36bc8363cb1522d6f1455df0e9aaa08d92bef
bytes.get/argument-0-1-@	status 1	7513d8ca44a4c9eecf679173caabae1e34631d6e34a23564d18dbae6664b492f	ab142d16770eb0f9a778a71578f8e9108d399ddb16fbcc9df70b94dbc56c3d6e
bytes.get/argument-0-1-^	status 1	e4fd06120b6d6736298c25c72189359d95ff0ec6c66c83702d1afcf47d2544e7	0b0684aa7457cc3d49b5217de11b195ed7c94ff02c1c3f04de02550004218ec2
bytes.get/argument-0-2-plain	status 0	a6bd14e2d0a904a64e364f4c1db9460e0760d74d331510be48f615a220404bfc	ef5c61a8282bcc1ee2e4cd97b10bdef63a99ee44859486d49a232e67e20d464a
bytes.get/argument-0-2-@	status 1	52ccf6f1fd71041ea1dad96d9977a427fff50b60a0a6a70ad58bda0a44e05e78	b38d022988bfb482f75d47df8e2ab395c997d078993ce3390575151f9b008d98
bytes.get/argument-0-2-^	status 1	1cf46c5d3ecac2fdf852672e76eb7c72531bf04592a68c0e6c2f4012df7bb500	3dd8cb336dc817a8371211dabafaf2ea7f67f8d4c83c09f600bdca6ecf4badf3
bytes.get/argument-0-3-plain	status 1	6bd082b7bb6c0e22a902640cc70375bc5e7d1cb243a3a473899001f9ac8a4be0	8d5bc27390db114a2a9e8ee6c8b2ca6c918b992378f769888a0df2371a9cf6f6
bytes.get/argument-0-3-@	status 1	b203139f6c5ab615aedd94d4f959031f49a1f1015f2322853358be6a05e03ebb	17b0e05073b01ff6171322e6487caf607c1206d7bf4ed87c96b7f9401a26bc74
bytes.get/argument-0-3-^	status 1	1a1e7b3eff893994f5b38d7ca742667ef1f0497f48d45bdab83514fa1f0644aa	94558fc27cf7f6ae28ff63d1e739383cbbb6537186d0e6372d191422b052da60
bytes.get/argument-0-4-plain	status 1	b9fa4ec4dae3bcba2553aa3c2b38fd3bca6ac6a1b7f7866273607ed5bff70da1	2c85a20a1395ef48cd98dff19bf963f3a2663d8dfe77895bf03fc29df0dd1753
bytes.get/argument-0-4-@	status 1	5e9096a6890c41b09be8e7b6212106c709ea0ddb801cfa75d6ce03bf787a219c	0605f087340322ed5282ba31d9b1204bfd672d0cc54e725da156540c45949c1c
bytes.get/argument-0-4-^	status 1	e62a21da3f7d959081503156c4c5a0738e5bae505d0b6c94c445d14dc28104f9	8ea45ae298a492b2650e6645b38b501fa107ecd45e28592212d488d1a5b87bfe
bytes.get/argument-0-5-plain	status 1	52db26bf53db8c3c75599c146f9fe89e99d3fb1071da8789a165c36ecce239ce	a32be1abccaf9cd40e446987c66419f259cf5c3b9d680afb939fa9167112a259
bytes.get/argument-0-5-@	status 1	6d1d69fbe7dead66c9220ec3371187bce32714a2b9563ccc7fe541d2f5afc18a	b1d303090c5f698bb4a0a619cc739b54996c30d94a4906a957949a624fd0c99b
bytes.get/argument-0-5-^	status 1	22b5bfa783715d715f1ae2fd4dd43a2abccea0bcae2a1decd81cf3b7287d3685	fed9a562f2a4957a1d3fdc95b74a666f86edbba006f6f9aeb837a6bc891c76c8
bytes.get/argument-0-6-plain	status 1	fe0057ba5c7becdf84f14a1118100475293838ba4a661fe0d88b55a04fbbcb8e	448279c4f6ab0ea17344ebe5a4d5a0c0f3a44d91f3ef1633dd29272af06c4d69
bytes.get/argument-0-6-@	status 1	7575cc0938c8d1c3e008df8b591d760aebaa9abb64111668aca9d49cb3ae7e5f	0ac2ee181ce2cf5ce4e5d651a39438688fbb15eb0707f3c35d781cfdd983f9f8
bytes.get/argument-0-6-^	status 1	437897f080d271eec1e23efcda3bdb381263db33cea7d52d99e0297b89f54d81	03da81e48941886a9e995bad6bb7b46bf3e21a204204df2c6e4d800a256c0d88
bytes.get/argument-0-7-plain	status 1	71f35cffa0da775aab361579301f87b56095cfb3528f45f769c915665aee2686	0c4832346c17d76c7a58553f82a7932631d914975bd89a621c93379772201bad
bytes.get/argument-0-7-@	status 1	5f2af443d6ef68c3671bdf956ef7e5955f7babbe307251b2faee114e5c12dd3b	d16fa4aa2ff5ed6a88430ddaaee9b95dfa34b69264d38fdf68e89fc2a2c9002f
bytes.get/argument-0-7-^	status 1	b02ae1fea25eea967a8fea7ff9d8450d809f5708745fd6955a396c4d82026247	5b8c2e77a72cd0ffdb9e63f3fe3ee08c59b923fa95cf4327625fc4ff3e87ee85
bytes.get/argument-0-8-plain	status 1	c25274aa74379f4e1819edd698ebacd67b67be6756bc0780decd5fd3a8505476	0cbe86e97b8f33b8b259470335d10345ae29590322dbd717dd4440b471ba11e5
bytes.get/argument-0-8-@	status 1	884c3e57559926bfa1985ff26b057cf2e984eb16b7d290a1bd431c83fc2a1acd	bdbf8ca4e133b9ca5a8c45fb38254cfdfb6e810a7e90d64a1532ae60a32e4fe4
bytes.get/argument-0-8-^	status 1	f9f29e266220a1420a015c8eabee8630fc69874fd669136a75c520a829db09b6	8a393e9b24bbdab9949315ae807e1f0132d3b48a76c1bfc60542546f8314dbf2
bytes.get/argument-0-9-plain	status 1	ca0ebdaf74324916053d887aa4a434816cb9ca2506dbaeed8c87527c7ae7a58f	5a5d743afadce4d42a8e0b2127095f2d12d046eb73f1a65ee0f0ef2cc2707b0b
bytes.get/argument-0-9-@	status 1	b62b521172fa9cda9556bac5565cb4e1591fb252435c9e175c4d6f98a92d8197	45eed70658dff8bf4aab8c57ee50dcb13139b07e7194e3d1601a47a923d34a14
bytes.get/argument-0-9-^	status 1	91e10aa5a8f7973489d36abfd7cb801eb0be540e3812487960ca0eed415d1702	044ec81f14d5777fc3b88bfebef030ecb75034cdda74da823beb769a920ee91c
bytes.get/argument-1-0-plain	status 0	1707e1b33499ab74bb00108b85e0dbd984ac45f1cf38d186b56ec82a9106b802	aeabc9228681fda2b866a42e33d81dfb7637f76aed338a3c1274288448a9d5db
bytes.get/argument-1-0-@	status 1	2d05c70f28e362f10eedb8b43a1d3972ec27ba1960023a2544bf2c59527735b9	883df76de008c68354061c15b085bdba635f6c31b2ba9ab5cb8bee6555e26d9a
bytes.get/argument-1-0-^	status 1	a01e5612264c78e9515bd5f55503337959a941b00c3b863ecc84a27834b85ca2	6bfb154156406abe00cc6ae7a1ae829c26c1038a91999613d7f4844156b1d07a
bytes.get/argument-1-1-plain	status 1	6b65db4bbc46892282936ebd2da7705d0d9be88731850d85e059041ba807fc57	e559f5dc5a1e2c562550616597b20ea78d80d333df8cdcf6d296d0e195a6dff5
bytes.get/argument-1-1-@	status 1	8141844593d1402c799a56a1a88ff33d829e5852ef89313ee587d0ef4de9aa3f	e67571b671cc9d3faafd9a16f646ca24cbbfb0f94599843746ddf2711d197900
bytes.get/argument-1-1-^	status 1	e9a3083736189c5a70941cf1afcbd980c6c862acead31c8d9b7313e4d54d8748	7dec97120c53f41a4caf90fa3d2724493be82ad6a169baa51713a908cf4eae48
bytes.get/argument-1-2-plain	status 1	70358cff3720af0ddc93e559d524d5e2880461b6206d0f406cf7491327d474ee	7a97cf483d6a64e5ac64355bc46caecf12200647bdbad67c1865fb53e2a56828
bytes.get/argument-1-2-@	status 1	7d5498aac8c47ae1ccd1e5deda3fd55759386d6fb75ba38fdf856b31e589f3eb	5f19a5c9d5a1397d4db36c70f478ed137a7c6de3054d90ec8dca0415c3ee7926
bytes.get/argument-1-2-^	status 1	a549ed0e7043ccefce65c4534077b84b4d8de4e7770198b2ec4e04d6f1b8cfb8	7d67426b5f9bb91ec07d8960c5f9b91a5218c35f0569008dd24c88dc3f30735a
bytes.get/argument-1-3-plain	status 1	f337c09ec035c17747ffb09ed7f6c8b9c5f25241d2685464aa56f93790144700	168e5162d4969f783ffd773fc8290f16c4d3593e3e4de05e4d489e0284381e73
bytes.get/argument-1-3-@	status 1	f45ac4ccaa0c97d2741811271beab68773af10dfbd275112460b125bcf0754f0	1ba5b2f6f855d12170d5ed73748e78ce914c100312083886ae478f0511801988
bytes.get/argument-1-3-^	status 1	17e26778edfa5768c5d10ac26d2bdc5450eff83b7869009966d2b7ecdd28166c	050a00bd20a0535902930f6af5bf8ac71c386af2f77b9afc4fc6443914cf6692
bytes.get/argument-1-4-plain	status 1	71f30d7ea4c315008f62c735b9e591938883b1941628176ed703a18c993a1711	0ad400fded92aa09d1ca69e18d749f7011e9ddfb3ec5d17003647c1d4d4927cf
bytes.get/argument-1-4-@	status 1	851ff776722d6484e7b68fb1206278da46f3f3c1e194605a56c223b2e838d00d	b205d6b9106020e7970d86c97d407d1f4b5f6314b324eab40424092ab622fbfe
bytes.get/argument-1-4-^	status 1	73b69df6ea428fa6fb6e5bdbaadbcef61d99cf36bc25d2964b8d5c408d7090ea	fbcbb504a192187145eb488c6999a00fbd0dbee25e47bd2b412bc7eee5175374
bytes.get/argument-1-5-plain	status 1	c8634c0cd5f84566877b1ddaf6e0fb530b44873558c7fba081d8b2e6cdf86d91	be1a36a84079527d6dc37c8d40bad25557ed9eea8d6ecf8ac9b71d243700f12c
bytes.get/argument-1-5-@	status 1	18d8215f2e173d2ff31447a911c7854ec5420e0aa49adb13a275408f53172bad	0c6441d35ee9b2706ccf7238d712b48cf4c5ef2e8216d7b0acbe19125b65abfd
bytes.get/argument-1-5-^	status 1	e53e1ab68e7b1f36b0bbd6201cddb6749cc8668217361defd08bb565583a3b78	afa3eb18f35511a6a83af9232a53d35042332c6131570f3b1f4517fb565abaf8
bytes.get/argument-1-6-plain	status 1	b347c85bcf4f66f4cb350c5d6f6e912c3556b3ca4fb548f054bb189514970e11	c63ca00ddea309833e12f8badb7ef41b303ba7f18fe28a629c61df20aff6cbfa
bytes.get/argument-1-6-@	status 1	8abd6a842c283896f1a52fa29d265d4c212e0723dfe286cccfb4e295dba5e880	cfa40386d9df1b9915802ddc2c1d1e5c069d9a5d1c67c916d31435696fe8fbed
bytes.get/argument-1-6-^	status 1	4891efbcd21873596fade98932d16afc4e2d697fa61b8081afc748ef1d87a132	4c5440e4f835d79896fa99770abaad16845e014e5473baed27cf97c7e4bb08d6
bytes.get/argument-1-7-plain	status 0	e7a5ea0738ee9090108416bbb0abf1a6b01d2fc5320c2c3498d17caa455950d9	59c1e5375a226b2cbf4566cb4ca80801c9f0715a05bc9300070c50baa63a81ca
bytes.get/argument-1-7-@	status 1	c14cb16a7756fddf2d71c3401b17e48e1fed96df8c0633fdfdb7a8eb0e02bcb9	41bc3fad91643423ddea164ab920c05b3a66db13a2579f9d5fb158ec7024ed0b
bytes.get/argument-1-7-^	status 1	fca4e564a995c0025e8b112dc260d60951fe3f7c2a91df00c7f3993c9eea39a5	23fd02f90337814f70ce427c47ee0dc463181a667d63cfe94521f2d7e1c79d5c
bytes.get/argument-1-8-plain	status 0	d7951fa43155c232ec6bf1b831a08faa6d95e247d87ba12486d4f1df6506279f	23535fc5432f86488f2de2296ad30bb21c153530168739e795c4717fb4ff4a7b
bytes.get/argument-1-8-@	status 1	2b94fe31d5e2b36e08cfee23a089676e5bea435d0210cbf2515f0e20916a5a0a	e7fc17785d304ffa509a4a9b7a2afb845819c2632b0d504c745fdfdc9582cad6
bytes.get/argument-1-8-^	status 1	5a8202a88aec3233264f1e420815ed020ae0d86144ddab42cf3de00ce0105457	843ce4dd6f045832658283c658b713da42aa708bfa9125429f28db1585bf0ca5
bytes.get/argument-1-9-plain	status 1	f6411729a61396a99dbeb67370a5d53e285d2c408e198b30ee0370c62385a7d6	c2c0da5b0d8bac7ee3a7aa8a78aee245ed2240515006faf32a9f0010fbaa5427
bytes.get/argument-1-9-@	status 1	a4b1fad50abbd5a0d21a2b527a955ef0f55ba208460a06bbeb8a15b2b30c9f5d	394b6250f417cc806e12a757aa08f952d1a811fab220c1ea7187f95aa836b5b5
bytes.get/argument-1-9-^	status 1	75a8ee95bc608e59e78f6ae7ce0f8b49ba325d7ef840ab8bd9d1afef6f10ee2e	afe201bc6e58d73f611268283da41c3f0f2bfc144d885cae1dad38eff22a30b4
bytes.freeze/base	status 0	ca0308dc1534a47d399df01be3f67f801eef4cbbbf5effbb4647231eee6aa43b	87e772846c9f08a1e076bb4ab78e872aa9a8be5dfe665294931c61d9b174992d
bytes.freeze/arity-0	status 1	3e05653abbca2aaa6f1d5a00babf21498dc420767f5d81e2f0ccfbfc50bc5e91	d7177c5867c8b265684593ffed726857d729ec169e43391b065f272ad5b063d7
bytes.freeze/arity-2	status 1	fb6cf6398b7945024095a9ebe507662118b2df9152c8c1cfecd565f2e3fc0dc4	908ff1b1e752723463da1f8707fb1832609055d7b7b0d6fd1ee639aac27b0635
bytes.freeze/arity-3	status 1	98be66b5be80e69a3e5a37123e450d32978c7132322e035cc13e7fc3fbdbd503	ffd278b8717437d59400c8cd6e4cd72e6a93dcfc8e53b2c06e0af9fa6ffc968d
bytes.freeze/arity-4	status 1	4b3f6853f39d1cb6e9e65c4c1a9ed46f9b310c24633dd492cf665787d40f5f1e	8b6d96ba2b9bcf3fbd665ca708cacf3bce8bdb497f7a0d1bd15c273b9c68fce6
bytes.freeze/arity-5	status 1	4c006475f1fd36f3ab9c8ec4094c1a5f0d2e2fef9fcb5568f10df22d8122d4fc	94230f60fb3c77821dd7c9f3b95492d61fc61e67d5b32534780465e049700a4a
bytes.freeze/arity-6	status 1	a735eb62cbf45643c13622fa625a2801148065adc525cd1b4905e6b9ce37e15c	a354f103b5ada2def5d8ab0ab0e1c6e57c22659c3ec11c9953f09a1d9d7239fb
bytes.freeze/arity-7	status 1	243c3601bd1d46abeb3344260a854ce49614b89400499e3e6936f39492e2c64a	0ea9ab997c67d0e7b11c150e9611a0266a7f8ee9146375a3e7d6029399785970
bytes.freeze/arity-8	status 1	b8bfe99e8241d11ec3abd36cb8a024d7e6bfc54883baa6b1b6db8772165421a6	a2d2fc6db69001392f5e343174b69d1b0c0e5e538eef197bf2a87b5ef97f1399
bytes.freeze/argument-0-0-plain	status 1	a6423ee6a0d62a0c7c0a2bb2c0c5708f254b44a930e313dccbe037a2ef6fc077	5d3a795730bc450b482b82190396a077979ff122271cd451a8ce87307cebed10
bytes.freeze/argument-0-0-@	status 1	64eaea05030fda5a17d8fe2d35cc030f7236483b6619ed1e746a73166fae9ad0	73630a236ba2350061e0b7ad85306c36f544da5f5736b6cc2d570cd3a2438326
bytes.freeze/argument-0-0-^	status 1	38930562aaf45ac459192ecfc0d2cb225a94b2460453c4b2e6405cfe81d2074c	cb7388699f19da4f8f9dc0ed6e2ecc06e81a76a1c17d6846da7858f3e987f1fa
bytes.freeze/argument-0-1-plain	status 1	d6622f7d79e0d0fd8fa483c7bcfcc5f54a363e75803ef49f0539b49f5c57404b	5405fb2d1b2a01b55031cb567b1373c570b1d335952f4453f74d766a52d5dcd3
bytes.freeze/argument-0-1-@	status 1	f56a7ab6be2ed2529bd464258ab491c23ce5a68462d9f32101c64f0c5b42640a	bd37d43185e41b2e79c9cd7a32f738abb9aff1186c0dbd202cda2f48b0330ccf
bytes.freeze/argument-0-1-^	status 1	0468448fc9cb4eddc28d3bb0b9e4823e855b7987b70be660ddfe42d6175cb02c	1cdd5cd748fe77f0e816148606e9bbb0b5cfb6d2522966a8192c5fef54962638
bytes.freeze/argument-0-2-plain	status 1	48eb889874822caae10768b3d87db2d474d34317188934587ff2f226de800744	c97d6b8e116dd1766900bcebbb1ceb42e1ac3d86051d22ea141a8018d380cbca
bytes.freeze/argument-0-2-@	status 1	5a92c640450902e68d58920fff7a7ff59e3683b69a18c1d88238f3c4df97da98	b6935abbb8dab62133d44aad9c9f680e9234f73a9ac21df664786db2a19835ff
bytes.freeze/argument-0-2-^	status 1	1a88e41a2df41d0efcbd09e36ffb31dede5cbf922b50d46aa0bdf6acf9c2fe71	81c6c48076eb13578beac1fa7d066d2ee1dd282966899f5f8b4f718b0dcda9f6
bytes.freeze/argument-0-3-plain	status 1	7bc285ea48fb860166e950e2b0d4261446cba409420679c38605548a78f57829	f0c5695512c23b5e2376df74dd96fa9f897408057a9d557764842c71bb631bf0
bytes.freeze/argument-0-3-@	status 1	a0b88ed823d3f6dbc267e227b997e6cb97b87f4d29365367562b7fabeb4953fb	7b630422ce6244edcc91ec725e2c20fd1cb266c4f56732523fa01a2b846c2fc7
bytes.freeze/argument-0-3-^	status 1	de66cd34cd8ce9b7d879cca0ad04877275ddc8558ef2d1edb606249bbc74e04f	7b1503cbd72addde44f5be2e5187d5dfdba0a0109f8323453f6f1a6145f923ef
bytes.freeze/argument-0-4-plain	status 1	4f79447c028c18ac896998cbe1752a357d81071cdaa7011622b054b89e85311f	a0a86d618c477aa7d4aff9bef26f5962e08e6d07e1d5ddb9b73461541f7c7d32
bytes.freeze/argument-0-4-@	status 1	7ee4e377211fea3632da4a614d2309b782cd53e67954d8b909974b2d142c5643	8201e6203155cca452fbad4482557d43a2c220210478dc8ddf1e60f2734bdeeb
bytes.freeze/argument-0-4-^	status 1	a166501d79cc0f7c8eb0264027e08c88eb1552c8dae7a6aa9b18ad2972eff56a	daf3d946595c19ef2c0d4a64325cfb62cb9feda63bd8b3a55a68e0896e792f3e
bytes.freeze/argument-0-5-plain	status 1	cfaf5ef26b6f2d10c14a9ca4f237707aa68b61db67378c54228828ea63a9dd8f	7a215ee21524ccfe40e264bea28a701f6781002c17b71b2973f066133e31addc
bytes.freeze/argument-0-5-@	status 1	9355b19650c9f0fa06b71e599cb18b9b8bd607e99f4d842971f73d97915b528b	a2d829d95635747096c2b2aed16b77f9714459b43b48a018b3342a39ef1f83be
bytes.freeze/argument-0-5-^	status 1	9ebabed7d744514944ec97aa3f2f05343d88504545c0e3a7530f695450987948	3d628d7d280978967659e88b9c80813c9c9dbaeefc702411747f630fc31bed11
bytes.freeze/argument-0-6-plain	status 1	550fda2e1959cff2d7b89feb9147f2f3d571b6dfbf8f252c7eb4fc6039d3f1d6	3aa0e3a7ed454298eaad45b2d5b18aaf5ff2a359f8b79436e2850a34fdb14a0c
bytes.freeze/argument-0-6-@	status 1	fbe497bad4dbd6329cf4e56851fe02ef0b67d7775593f5702703903415cffd4c	cea5b24c639e48a52914c144164819ab3db7de05a3b8a4251186df00224eb90e
bytes.freeze/argument-0-6-^	status 1	4580097d5349c24b30633488d520df5decf4d8e8a0e98ae50ea09c826a179b44	25ac41beb5ecec2c1b59922c39f9d67e76809e555a6f5101ae4de6c045cec251
bytes.freeze/argument-0-7-plain	status 1	16618e927012baa5863e876ae887a7e71fc24b01b4c2a83793a7634bb755753b	db47ea1fe1773edf2f619a00963d74410ac2b167131e9e5b475dd8ef1a78f1e4
bytes.freeze/argument-0-7-@	status 1	d6a78bc63652e3ede1aafd4fac954ca86a57793b8c4a4da42e044a063e8b6726	18226ff6c7d05f2f2b15eb71410d51a3d8a1a6f939089fd3331b07581ce224d3
bytes.freeze/argument-0-7-^	status 1	c78dff0e3d28bc3af04a86d2f2049a026413dba38d97c20dfbc2392cc68165f1	c588395d45f8d797ef4743314f3d20ccc937819e58beb5eed529797d98124823
bytes.freeze/argument-0-8-plain	status 1	339c5d29d253f9ce0bce293f71c341b8107e94383730e13917eae8c65c226dd7	6a9cbd65e65471b233e91ef56809fa6e5b42e02b08afbaf45154e3c755b8731d
bytes.freeze/argument-0-8-@	status 1	eedc76026f622acec1ac413b51145c0ab24e3fe1f051257ef713d10de89079bc	d9717b172022f6c2abcfbb211ea2136d72e33e4067050ea32ce490355933ae28
bytes.freeze/argument-0-8-^	status 1	494870a9dbcbee19cf95d58f296ed55795570283969d2faa4319b23a8b320793	3d584925b13e4608db0cca077fe02f6a1b106690f593f2c9e4d020f17bd143ff
bytes.freeze/argument-0-9-plain	status 1	3082134c92aca44d9b53d4b52253b16da3d79fefaf3696fcef63b9a3f97a565c	24bf0d76ed39369ffeea3f6cec5679f8010cdad8a114a23872521fa38b4352cd
bytes.freeze/argument-0-9-@	status 1	e6bd90131a8b8ebbbc550943deb4e86f85ff1f75d78ecfe896780adc2fca994c	0222f8a0bc91353556a9df9d191d04151de43dc9ffc0ddb489cdba90d190cd1f
bytes.freeze/argument-0-9-^	status 1	c2ba7525ef712539b00367848d43b3acc933b7089cc0b2bc2c9bef1c9c5cba6a	d2146803ae17b94cb7e4803fb8e788d692bc141607c0505b382ad66ac53bd64a
io.print_i64/base	status 0	2d972b67af69dc181aa52a3f092ee3c685bc3648c833ee1cf7a5cb2f1efc7ba1	6b95ba94f751b773e298be1f8ef82658a392c6321d98f267bfde15a51c969324
io.print_i64/arity-0	status 1	55e2500cf9ce1008d5fe58ecebd27d6c0797625b1c8888bae1be957d46d42474	3041a85469ae7a6a06f3153238afef8ef9a2c3fc393a5a6eef1acfc4c0a0285d
io.print_i64/arity-2	status 1	87063609705d91957fc9137077523defedac90204d488fe517b24f624ad2656f	53e85cfde384dafbf000b6c6d1449986db64fea4e0d0a6280accc7146e108c0b
io.print_i64/arity-3	status 1	ef1e8a7ba1d2d8864e22b1506fd6210302fd898c1609e89d38f6ea001b7eb0d2	0411e840a8226f0bb907446a69e08a992902dab78c3d5961ec88504a5ecd767b
io.print_i64/arity-4	status 1	489912127a7da0dc567735622f47feaa8f6f91ad931257439a9784cb1a670e01	65cc6f674092f071e14c275c225d6fd95c6e43cdabc3b08205053c5f8b3fabb8
io.print_i64/arity-5	status 1	f781e6fe3b8b2f9112f67a758c30d9f096e8c46e58478eb3f096f33b25d30f51	38c72c81bb29d05b17b8f978dec5c1278d20f07af24143fb60d69f6b6e0d803d
io.print_i64/arity-6	status 1	b1d75ae60ab480776c21cba870dd2b4904ec248cdd76d6592d49715f6f236913	c4de300761f40c9606b2b536b97a09ced16af363c937e3fb69fede76998b0661
io.print_i64/arity-7	status 1	6d54c25bdcd90997ddb6a693881b472df0394d1495dd13de4d5cfaa19910732d	9569cc19bbdce2ebc7f930a4129a08fa7b8009781d6f754b2dae7d241eef509e
io.print_i64/arity-8	status 1	06e27d59737fd13e1db66a17b8393ec7367c6d012da1c66654dbf6ed78d451aa	4babd746012a3d5f21cff5e683bce6780361b6b65e13d7e492f49d1198a7fe6c
io.print_i64/argument-0-0-plain	status 0	2d972b67af69dc181aa52a3f092ee3c685bc3648c833ee1cf7a5cb2f1efc7ba1	6b95ba94f751b773e298be1f8ef82658a392c6321d98f267bfde15a51c969324
io.print_i64/argument-0-0-@	status 1	68219a71bcf7578c8b88a72e7120fcb25a5fc657f78539e7290a4ca7e208e58b	46256cf983088003c754eec2fd8ce17ae66f12aa18eb360906b18a75b19855af
io.print_i64/argument-0-0-^	status 1	1140cf124bf0fd75cc8a95bfb3715b2013d56f75cb52e520e6bbd8fb383798f0	65589546dc56fbced7639b3047b1c428c5127350014abde933577473816ff5a9
io.print_i64/argument-0-1-plain	status 1	598b7048ebeba679f51de65bc6ee919e338d03d699b6502ac37cc3c0fe831460	6b1f29c76b28538eece1c7491d3871acfff040170b76df98a7a3a7a5f037608d
io.print_i64/argument-0-1-@	status 1	e4748be45ddf79438c597ab03295935253569753813475040bc8ee6bda66848a	464f0e6d39c43e0c20e8c8acafc1cedd880178aed337b84cb8cbdbac8ca82792
io.print_i64/argument-0-1-^	status 1	c8406ba67ba8d6cc92d8f5a34e68ab6f8b6c64663239bfd24f986dac5355e0de	6cf5a26e024fdbfc7c9fc97c062bba06f504482700f643ba06f723cf5fdaa5bc
io.print_i64/argument-0-2-plain	status 1	a964ad64bdd1d23fae722f72410ef7d9d4f0133338a1195abb2a16d3e46a3c53	36c374d3e8ceba9af06410e23759221bf4c0b53874e48b6ab6225b85e069a3e5
io.print_i64/argument-0-2-@	status 1	f3042d5c622a4866447dff3197271e55000d0a7a573dd6fe7ae9b568df4e98dc	1105342bf138932a12674e94d255e3c6e43cd642fe11539d6f6c226058de80c3
io.print_i64/argument-0-2-^	status 1	3b0d00767fc2ba7824748887f5285e06b74076367838b90bcb346da7c42fa723	4acfc4dd831687d9d1fb0b66af007bb1b5564a47f7bd9eaf08cf75729b3eb090
io.print_i64/argument-0-3-plain	status 1	7830fb3fc71fc628d24657842b6757a8df8660d7e5b39d51a0ce51656af8126d	e1b71f6baf0e6a376a4b21acdb0d9a35e93e084523baf540bce170399ede1614
io.print_i64/argument-0-3-@	status 1	4dfefe46c342db00455ab5a68399272815d0fcca096bc9524eee67fde8f77727	352b378af0242755074ecdfe9857fcc7cafdfe00b43c1a8fe46465f1e32235b9
io.print_i64/argument-0-3-^	status 1	72a6a30afa543d17a9d47b65abae5e981e063ee12eb829fc1d72d5f3aaf65d42	aff6c11002b127117e2794839a6e65c50a9f63a8e416ebf29ce17464a6f67b70
io.print_i64/argument-0-4-plain	status 1	b39b8ef3a676481053386376be9f63234c9de11da4c4892347fa3e634fae6611	b2d957ce9158e833aebd9ecee4fb682398270038c270532724dc9ea25c506c32
io.print_i64/argument-0-4-@	status 1	acfad8bf344eebb6a9ac9ddb5156d77431b5b0266e2a92722a724f984c826e87	91b09345b44e0b56866afe7fa0df46f2e3ae1619e0f4ec0f5e39b030180023f4
io.print_i64/argument-0-4-^	status 1	458b8f7701c714a682fe1c632a2c0f345ace3a0e2894b88047dd36003e0b19a1	81d04d857820b1bb85ae38b7e33906927c699986e7be5b73c0f908aeb9ccc159
io.print_i64/argument-0-5-plain	status 1	97461bf81f5e8fbfddb4f046a7dcd465d58a8c1a895683539e732a5aeac2c924	d106c9a34b770168ec9fb03c6956cb0b8775b32a14b644c0c5953690b2a08556
io.print_i64/argument-0-5-@	status 1	50dcbb72ff971c271cae78e504eb9cbfc69df1257fe982aefb75e4f6ccd3ff10	5b61b9d2e01028c66e879a209da6b444ce4e9dda2c8fb3fd3c55bd199ab2a867
io.print_i64/argument-0-5-^	status 1	d7787fdd67ef2647c8fb81339e59adff93655683dfb1788880cbdc526d3383b9	2a6eaab1f0e42814060f4cb7f7693f174014cadf26639cf13303b6147de3ef25
io.print_i64/argument-0-6-plain	status 1	19575b52994b8b025d80c8294e17895032b64a1d58dab7ee1042fa398172dc32	78873bda3e93b11f14efe8502cdf4ec082a78df275b6aa8e168e199de751d7b8
io.print_i64/argument-0-6-@	status 1	8456f883fde7ed0d5fcd6aa05a76c60ad0f811278b802462c34402eeb67f77bd	2413204cd5128c7b294ced8703c9b7247c600fd25983dda003ac21dd076d28b4
io.print_i64/argument-0-6-^	status 1	cb4e1623b8913de7a04c608ee5d1b347abcce8979fbd01ce1927f29dfe421902	42f00a04950dd533cc21e43b1e3c85be3f4476e22881acde056243964f510c5b
io.print_i64/argument-0-7-plain	status 0	ad5a3a04f8b1bb63572d36d0a74ba3393a9bd2025f5a0f7e5a98607fe59e7d3e	2f3bc1587225decdb75d7c0e7e4f5287597bf4745f3bec3d813c45ec4611f5c5
io.print_i64/argument-0-7-@	status 1	920f5abe6cbb9f2a458c17c9bc7755d747fb28d7e7790cb629dea551e372dd56	91e5dd265d75c38104647b4f8b04429c40d7f5024307c669c3faf2b8746bfd4c
io.print_i64/argument-0-7-^	status 1	5abc436910317808afa4de28efc07a979cf6f379aae2c3191ff9b62d8e50f595	6b8054b3319bb84b03e24f293f4b116051614453589c2ce0ca583fd4f590b90b
io.print_i64/argument-0-8-plain	status 0	ce2459a4b215696fca4d4362c7283954f6c7448f5483bac008064d6888491639	b2167983de986bf56eadf7e61949fab9ee750a81642130d0f0267b56cfbf22c5
io.print_i64/argument-0-8-@	status 1	cdc0ae8897337684c35b877f3cf6abb718592f593d4f3f17830c788b09b938c1	f908a41ae690e4d4b240140c5b5c51caa1d84e75fa0f0000679939eec14f1b2b
io.print_i64/argument-0-8-^	status 1	e7f99281128612d7e435b03c15021b94328d0928c529dadc03c5a0e331fed759	a5a5ecfc3ca7d5a9025e6e46c9781eb48e145c8130e187897370ac74355225d5
io.print_i64/argument-0-9-plain	status 1	f6fa80223adc9d8492b635455418fcbbe120d719c1db397410e8bb74771f11cc	8d5413340da2cb1d5af5bc9f276935f23afbd5c47b8cbccd7e5390314cd96f9d
io.print_i64/argument-0-9-@	status 1	a8676370e56413923427327233709fbbe47fe005bfff3109bb129e8a51a0ba21	d2d445c5949b96ba83d3ac2f6b6f8519f3b948b7773e84d639a09041e238a717
io.print_i64/argument-0-9-^	status 1	6f832cb73090ebfa10f85623666308e13ca7d50cb5ecb2a1edfd15a9f3b84acd	d3a60227c80db9266d086db3282f1a31d58b54f280d28571b3afeb26f6805e9f
io.print_bytes/base	status 0	5f49ec4c8f5e232f8d9f338d62e195b6d77c6b24bb9091db34864143353a9966	2d2e4d13de91464849975cca609ec3200461a6f426c3fb97bd0f228dd0d35785
io.print_bytes/arity-0	status 1	d64a29be8299131f6aaa2b015ff758d39c29cc6fff6fddd4a7649ec31b4fa26c	17998256071319f2af872247b54be1209f178dbb6dbead82490d054e474316b9
io.print_bytes/arity-2	status 1	9322a3fdbf18ca58bf28103338b046e8b44b95e7aaf95886a73400684dc96b76	d1fc1edb62bae10ce75096d87248eab25b8053ab1ebe48f7c9f3cb3e61f67cdb
io.print_bytes/arity-3	status 1	6d62d0f1488645ee62ae88087fb10a66f2c189c5cc0263f0c8aa2b800ab6a027	e90f84fccf895b8a4c1330a4052354752160c21374315aca7170da6c7b11e5f7
io.print_bytes/arity-4	status 1	daf80e771efb72692486bc64f071329afb4b99a5ab552b03a76b0c853e93c38c	07cd7ea23c8ac773ad1a639ddd5335181ff2f7f29d162757fcc5c92b75612ecb
io.print_bytes/arity-5	status 1	f0707cc3eea8f9c233330cfd1e11345c032d35d18044ad819f324ca1a3b04793	f41348f93803100566a14082d892a9c7adb0055ce18034d5c7d558bd79f226f2
io.print_bytes/arity-6	status 1	da69ade1e0e2edbad62a98315f09939237403eb7ca86560f257798d35a0fc716	fc8db2c9ea0b291fbffc61d082ee077f2f4c8dd903636871daf774ad0609e745
io.print_bytes/arity-7	status 1	b71eb2a999a16c450a1765ce8f0ba585c0990556dc58f441ee3c8aceffdf6fda	a610cab8a8b86d7b7f3cad52639554158a9d9095612244f10ee0df663f8e12eb
io.print_bytes/arity-8	status 1	898556962a03b23c982c7861472bf13675a6b56fbf0bbb9b4a27a35a445a136d	e360fafca7de1eee8fd32ed467b32cce9c1dcfb0b0f25d7763ca4356a4d6020f
io.print_bytes/argument-0-0-plain	status 1	505d0b64d35b800c3bf2466a666e8c5d6bbb6bee246d91850ad14a6c3aabaf28	063adb1af5e72e846682dc26e0ffe80adea662dfa344cbf29f9cdc692044189a
io.print_bytes/argument-0-0-@	status 1	4665cc76ae27e1055af59cfaff3a031eb415a984c3f25a40547d9ed2e985a2d8	9ec5f54fb8f7ecf7308741e04131d077d0ea3349b8b4377253e25eb3849cca0c
io.print_bytes/argument-0-0-^	status 1	c89cab9717168c325478e68cd6ad854cd4fc7e9696c9bce8ab3ff81281df55fc	76fd1837d1b047c55997e29a6d2fee949eae312313725d051fb3fc51a0532194
io.print_bytes/argument-0-1-plain	status 1	c40c975aa4b444d6a1f09976871b5e24c647f619a314dc099e969a3af24af1a3	80345b2d8f2ff13ad81697205ae32ac0ff36579333cc8aeeb8fd5ed6890f1c3a
io.print_bytes/argument-0-1-@	status 1	a09ea7ee96ed78fcecede395c40dbf047448d8dbcbc0652b3916bdf906b836c9	578bebf271082a14e78e33bced0948427d7d033e4d00f42bc476aacd2e3099d6
io.print_bytes/argument-0-1-^	status 1	da885334412690b3280a8b208ddedc01c72f21a5ff20e1daf5088de020b11a65	76f4b2795cebb4d9d463c88a94bfcabdb649cd8a037d115ca6dffbfbf09037d6
io.print_bytes/argument-0-2-plain	status 0	cd953d4dc3ce4de9153b33b253c07c18c3d5212d423367f29e7b037d69fa76bd	9599b316a915f3ae0aaf46861bdfbeaf5db9ac88d349257165cb24d6963d0d88
io.print_bytes/argument-0-2-@	status 1	9c2bda95d39817e89e1612e485d1f8807a75ad318f73839cd46c17efdbe8aac3	bbfd571efa9ee10231c375ac7b34a298923410d20b76cbbadc309f381b81b467
io.print_bytes/argument-0-2-^	status 1	89e5127a20d143b675a42b1b2f6d9e097e75df3a6363c2ec1d45ab77c33e5d42	17e9600d291cb5c9b27928ad959734e5a22b2102bd4f295a1fa620409e8e1c67
io.print_bytes/argument-0-3-plain	status 1	f1cd193e68d6a32cbcbc0919e72a00422c1f3131c917e75295bee15e8111508f	55e409b2d7e24a25cc6fd9ed68d9f8d2fff99718d3640c81b7bcea25574daf5f
io.print_bytes/argument-0-3-@	status 1	192d6e2cd623833a09d0305ed2f9f826b979857b79d490739d83c29aabcd8f9b	750559fccfa1903c0c2c038796a32c363a96ccced616d3b77de6ed777de190dc
io.print_bytes/argument-0-3-^	status 1	e66f64cbf825769596cd75a8ef4f7c71843c811678a5647500f93ec562d83d38	a48e9231ac95f3f2437fa2ffd88f8c4712d8803b0d5d158ef786eafee3a43d43
io.print_bytes/argument-0-4-plain	status 1	e9adbe40063e7d79580274e452cd8c51c7d575993f2b52ccae22514cc6d27695	809c385e4afda8c794cc9081ee608c2ef1508864d54fbecf17a91cc960951ad5
io.print_bytes/argument-0-4-@	status 1	10322911674ecaa3952226946ea91b02f646c10c0a37aa67bb74db6998090a78	bb48c123416c4a23eaf2e258ed7e4538edc08fee239dd2b6d514c581fe68dc4e
io.print_bytes/argument-0-4-^	status 1	fc389a2c2a932f7e69d11db6bcc7551b3583acbd4198a7c125db358956dc79f5	cef69a64ac797f3716baa9885c55a749a2b493465d473ad652dab78823796e2d
io.print_bytes/argument-0-5-plain	status 1	2632be7f45233b0569807fb2893802f153bbe7a358ff0114bad96245713502a8	07600d8d8a5470d7b782c91e15f5f57ef2c1ae7593b0a699818a30839c8a2a33
io.print_bytes/argument-0-5-@	status 1	affffe91bf944ef0dc29288ab1f90aae1bb5c40aa66984e3c3a3374a1753e044	fdc190168df5f63fe50472bdd406f0051230dae03080666d890158a39082e7e9
io.print_bytes/argument-0-5-^	status 1	0ef40637a3875f67da5a1c13c45bf227536aaa83f3107474c38e19ec032e8889	d23900ab5f66263c9d6770e44d8a5d333834f8b8df18703e982481daf91232fc
io.print_bytes/argument-0-6-plain	status 1	31d128d15497c9c08c2b6b4e2dbf58946608a3e791a019cb4e58a2d3267ca3ec	4ea3ca86c599a5ecae992b6dc9bf380ce133ce83561edf6c438077d17e01b16b
io.print_bytes/argument-0-6-@	status 1	250db4f3b5ece61b9d7f370f160cbf123e809e2f2810bcf7452afbef917795e2	71fcdd12f93656cfb71d4ed8d8a156c9fcfab55f578510f1a7412b4ca95dab20
io.print_bytes/argument-0-6-^	status 1	7faeec051b247b3338c2b9a4c530656b4dc1840d8f36fc2a31fa7d80710cc960	6459bcf40d41c8668d562d99f70fdd1fd4e5f2a975cd91dab949737daf27c8c2
io.print_bytes/argument-0-7-plain	status 1	9b323bad09dfaea7b278ba8efc9f1914718d511e45b85f8371af45a7ec533a7b	0ff939d822beccc1f985a11454ebbae5df41d6338bc8dee3b6af69b1a98df703
io.print_bytes/argument-0-7-@	status 1	8e7c748b1d3852f6b0bb7849ddbb2e1125379d9c107c824521b7a352f6f26ff6	92fe9c29e4ecdb14817b8acd12d741de9e88a860a6aa766b1508ee85f9a717b3
io.print_bytes/argument-0-7-^	status 1	59adc96f54c6638fc136eebbc4b7ea4a57ea750fc99cf5ee8f944085f06ece6f	a15016299aebde83292a88e5a899e1bb40f6ccf629adbd81f38771ed3e6d4c50
io.print_bytes/argument-0-8-plain	status 1	a207db589ce16f11c3685986e2311a971b8b3a73512062e9d4c74d0eb5409d0a	8967a974e8d9e2144fa9d11ebca751fadf7990e5835e19830aeda19bca6af9d7
io.print_bytes/argument-0-8-@	status 1	4cf7ad3164952fee2ff9766be81f3331fd90d9e00bdd0a7d9f783b2f6904086a	cae992015fc348862d0193a445b5cba41b9212704b143cbf08e606e0a69a521f
io.print_bytes/argument-0-8-^	status 1	f559a94ac83854c709fdac468f385eb10b6dbaadec3c94cf16858ec62a64d185	b721ba380b881eabaa73a3200339e9816c9a28a5c8c0d05bd9db748c492bfdb1
io.print_bytes/argument-0-9-plain	status 1	a7b648dd2d991f82add9862b578136fd8ce8691e31bb5db25d45b3d5dd80c098	c27ed756d2207319346ce4a1b4d2b45327d20b6468f2e76a7473117d14b00deb
io.print_bytes/argument-0-9-@	status 1	3e21097105c3951fd7c64f6aec37c2d2365ac155e1847ad9b4164e0152cded16	dc3d771bc9a705427d837ed46f4e26163a211f8346b69f2b1130ff87e505030a
io.print_bytes/argument-0-9-^	status 1	89868055684212fa02f27d24fedda080c77af15f70cb97d4a738c9e0c47eb7fd	9012757d80ee51202b58712d9907753e6a1e83849dc93fe226b6f86e31aaf918
io.println/base	status 0	ab6504c6770c1b03381dee9cdca79a26913c2743f63f39b600442dc0e058f8a9	a1760c7c282166ffe82b129334735ff47f6856ef688de657560ad756c18eae9f
io.println/arity-0	status 1	c856ee15ee3c59891dd48df01cf602531a5ecbc0bb4265f1793d0160461e9d41	5234192e2a388a404bdec5f7d7b755f4a3d6854b924c9cf3a07415e97b7f1653
io.println/arity-2	status 1	94fa4ecb8590fe0fce9e218c68baff345098aad4397c1d9a47ba78a39d18ecf0	b4cd1ab33fd06a8b2226a78686eabf529d4ffe0451cb6d981204f1dec61f767c
io.println/arity-3	status 1	52b9c10d32e70b258065117c8cf759392c5bca2a00467a4269981d2cbb165fe6	fa3cbe98a3dfbdf0e47e6e6bf2a4d4a9612e505cb91891a45dbf0cf703a21999
io.println/arity-4	status 1	5b7f5741372ba554bc1175e2239f11d355cb6d5cab0b745c210638422f08f9dd	88d7021458bbffc925d6d566c431581442c915c5f192d0142d4daf0c83210291
io.println/arity-5	status 1	a9ec6e8ef1019be75b8243497e88f763cca8b7fd2c7e0205f778d4772dc111d7	e039067f35fb5f4faa168eb9beac670dfd5c7251e354cd5caba76bcd9cfc1117
io.println/arity-6	status 1	06ceb2148208907887cf6e53fa5fa87a899efde7d687d08d441afd07f8a19945	ff0f47b61a9205958ff7b797c073975757ae935e9e8b6e3d08bb435f1f4d6122
io.println/arity-7	status 1	4f110da6a90822fb70f591873377e2dde3cad4dabde2b3e46b8e3797ae1f6c7b	b9935e8c7063658224b092304e92bd5300877440fb40b8d454e161193943614c
io.println/arity-8	status 1	a53d7e1cc429ead2776b68df34dc6862d01841d7584b8d59bab9ad6d707071d1	c8e2d22fae49ad7247d05ca18baef9252aafb05d9b9ea906c624bc6d4004d03a
io.println/argument-0-0-plain	status 1	cd7a4feff038e3792d586b1dec934a93f96a67cfa7ab147f2f8c6a5075880f21	d758f374be5bd513f046394c75527e11cd7542c11e6a145a8ec3cb7617e6b6df
io.println/argument-0-0-@	status 1	5aabd426903854e4e71589a4eed948becd0e652d8f7b3b2d2f07eb440c1df627	d05132c32d97dd6bb8738563e18520b525380ed697d6c9b5a9c1e9656f59eb28
io.println/argument-0-0-^	status 1	85bc61842207243a665f8fd1b03db487b3d7444f133a29a16118f99e3824d85d	54a3d4fac4232f2dc783e2ed27c1e5b2e253c6cf3aee4ff2eac20e07d61b9fb4
io.println/argument-0-1-plain	status 1	2869ce2b9370a15565cf0ea9c5709e67ed2e421f329cbc456ab44b61da8f79ff	c49bda82e6d33705964243c622502b149b50cd38a26cfa254609f2a924449398
io.println/argument-0-1-@	status 1	eba180a96bd7282eb8c1c3bdd997bd5c276bfbe36180987890a204bc77167db1	6c5bb417c7756bcad4bcd11ffbc69e04d793872d7621628b839cadf4f62c0a95
io.println/argument-0-1-^	status 1	b9b0b8aa0f35c8679f06f9946b327e79211f31db1335dc12389d8da7f54a29ab	df54224a4d04a83c98bb9e8b9e61c4184370c3e44121a23d70e7480253fc9051
io.println/argument-0-2-plain	status 0	afe79b40f52e5c43088cd80b140bd23c27b52cde0d4c832309a9ab28fb4554b5	055a40a02197010738892b3837079c477ca6e8822d7f9f606c440837c0acd0cd
io.println/argument-0-2-@	status 1	34865f3b0d688e7b31b6230e195ade69a8d2655485814a5f0541b7afd916cbce	4da45b137a318567b7be57b46157f5caf8e7feb8f58bfc9968dc87b3b574676b
io.println/argument-0-2-^	status 1	3f4af4c2ef9076ea08ba33131491c1a1b9426acbf3ab025729437d31e73f6aca	1d178c3386a86947e1598716cfac4b3cbfffbfcf31bfc408a8ff0ef7bfaf9b1a
io.println/argument-0-3-plain	status 1	38f8671853a74903f4def2695a90292326356966d407d7a42f34fdad25f738d0	27abf8d9a87c8835971c48a9691f11430f1b42960160f06c96a9be06ab6f3bd0
io.println/argument-0-3-@	status 1	78baaecbd170864eb1f00db0d235f5f17b2d2c0bf12686f3d60021a5baa7b3cc	04eab1e24fbbd67cd2890a5d447068dd304b90660aeed1ca8bf09147e9d9b9ae
io.println/argument-0-3-^	status 1	5ea070dc044bb8151463cb2fc61958ca5fcb2b3b73a0a720e91d6b8db688abd5	9f41fcfc52b5ff50c56216e412fec3c9a10b1b58e2e9ca2046885225b06c3fc8
io.println/argument-0-4-plain	status 1	1c7598cd9afd0536813dccfc7276b4ce482ff5a089a8dc8ad19759050e27cbc9	ec112913d8c3971dc8d6d74179db490cc97166d12e39c95ae4b0db1c730e1171
io.println/argument-0-4-@	status 1	27841fa5226d2973c5da510d0b119e77c5fecb7aabef300af71e3e89f2a3a832	8b6b5fa427ca5129ce47a7927e53f6ef59ebff4c2d0e73bf7900d55db0b7845b
io.println/argument-0-4-^	status 1	fdcce867c566bd6c26de0766e2120f294424045afe100a5f46db30a330c9a05c	c19aea86e30e8a7e8d4d1ab4296534bd243ac02827eed3187478eef1360c6149
io.println/argument-0-5-plain	status 1	7e254c3f24f6b899c60af899049b9f44e7bbb4208d3f73ce8e1cca10d9ab514b	18469a7f9b763831e0f541edfe950b4439379f82d48ceb67ee06f5775cd98bd0
io.println/argument-0-5-@	status 1	182b52de25af812e165cca5203a3a6c934ae17924910f2e01a4ee39aea8626bc	051600f41ce47b0ddf939d428c3b8fd9d442aa4864677d114598b0d2de5a706f
io.println/argument-0-5-^	status 1	969d20c39973efb546e04eefed7f355ba542e878b0727dc4d0df7da0c3f833b7	b5b5e2334167dfdf7e19f673e6173af17f2191f2717f12ae4c7f1a77857c2397
io.println/argument-0-6-plain	status 1	5ae70c8e75523871ffd931be84ed9876f48580bf3b557e5c5605094b7f7582ac	7a50f0fa61471749cf24a66ad404628efdb8ceb7fff3a69434022aae772ee5cc
io.println/argument-0-6-@	status 1	988cd40ff12eaa99edfeb0f2327f7515e6a31c873a3e6a20960ebf68329dbc0c	4b8ce5d9a99ab84fb7321f74d5a6a024167f68da7159b0a751a2183c11ccabd9
io.println/argument-0-6-^	status 1	62289fbfc03c031547116c1d668c85ded372ca36d5091acba183017445a95117	fe5f22b8063840fb90052516b6840e492bf2440f77c365400e9ab3e5c0f7277b
io.println/argument-0-7-plain	status 1	bbcef261ab20307454119f6767fad4f828d21f6117010c8458bf6c39e83a597c	5e14fa91219f0f8f4d3e11eda133cca480f8c89dbdc98d452264c31fe2b6e1d8
io.println/argument-0-7-@	status 1	8b71fe4d21ddfd715b9091f3834febc5467acb58bf5c1d58cc6054a033f57c44	d158fa157e1c980b1dd5cc1caf24e422143bb89801ad5387948c8e822a1254d7
io.println/argument-0-7-^	status 1	f0633cf9fdcff672b806e2f0f62735907e8cdabd6ea6d40bcba453082719629f	3788a97ebc8ddb276444e26452eca60697097ff7c9627bd023b6f520e7451c7b
io.println/argument-0-8-plain	status 1	bd2ed1619c51679147f1b8f7a320e26ede1fddfa343157fcd1bbf20b93804bfa	509356fd9b80621327f237db5b9111fd085157fb3f705897aa257a9fe1c46c1a
io.println/argument-0-8-@	status 1	0a7f2c44a8c54bef556716ef403b553f4a349b63a52b242ff21ddd2159aba4d1	e06b2074ce295a37fd87f830b5c05035a13abadd01fa21f15ac415f0194c1a9e
io.println/argument-0-8-^	status 1	1cd817cdbe35e27bbc4ccc8fe394ab2d797ff0560e23d7853dbbba88e33318f7	37a7348b55d778eb6bbaa330066a1e030b660e6db4e10a12b73de8b17d2ef6ff
io.println/argument-0-9-plain	status 1	4f607a7a0bfe76b9e529f245b737a7582018bbae079ef68b5952021ccad6f5a3	c90457d7e617f102bdea849a0dedc749eef6c0d7faf5d4e0f349b782353400f3
io.println/argument-0-9-@	status 1	42ae157cee5e3d8551f26e92a186d2393283283f36e363f559bd9cab140d2b8b	d6b1eba7e930bd30cd02ba8bb2887ba33f4d885f032d131a7c5ab171d310ddbf
io.println/argument-0-9-^	status 1	6b3c2b619f3c9ee8aa0cee184a97e7e22c40302682ccf728a33f7120aa9e5f8f	a9b10ca3c38df83abe1733af40f2c04f0d42cf12577d860d12f39d7836dc7217
io.read_file/base	status 0	0c085f04077adffdad4aa2deab9331dae3a7a92f25902ac7f9f1baf87c6b9f56	755c5339dec9ae1e3ece48ececacfeaf6a8eabe2c771eec52a1db35fc8972e9b
io.read_file/arity-0	status 1	74748e9aa41e723dcebff83871531970de09bf852ec01ffa2c7fe97c82112264	10152e132550d90a7303b6c9a67cfe99183ee40e7033a20d7d0d9f5b234ae523
io.read_file/arity-1	status 1	0cf19835d55452acbc06c0621478fd379950efcd85a73c3e63623875b7bb744f	356a5af46df668323e83b8ef681b0fb088e8547932d26233bce14ce021d38a6f
io.read_file/arity-3	status 1	e9634000c45ff26d6a244e1256df678e4086e323350e82ab7f660d3ba7667134	fe8513ed9cabf9da206b3941ac2c91dca23330e6a5302cc5517b2c712018781c
io.read_file/arity-4	status 1	6059ee33cf0703c5891b049763f4c1d40277fd94dfa21e3396411053bbd7f31c	fc992fd3d8a0c3a22ee3d66c490d95fda74bd5664bafeb6230e1846d1ae4d6f7
io.read_file/arity-5	status 1	b108c07e5fe95678a7df32af878c2543b8dd08eeaa55477bb8fe8fa9e8670972	3b74c7284e7dd64809c3d0f0996c0d9ca9f050e5e9d5825bbd465ca1a6abe90f
io.read_file/arity-6	status 1	c7892e7fcb12a12a5de558256e5c6dc1c150f197a29ff73edf44a2b74673bb08	a8f2735a73c9c1f05aad554672f3ecab0afc3fcfef3ba6a35a653299e6efd6af
io.read_file/arity-7	status 1	e039f6f14230668b42a76a7957c433dba3434206ceb0a32aa6df4520090e168a	a9325f3ea662a9632dac7152e30c86f60b87137e0b6bd52add5949d4573fab1c
io.read_file/arity-8	status 1	de74744d78cd57ad594af196a104c0e3795e308baab0e9b6e79b4cfb589d21a7	b179c2db25c3a167807692cdb12513c6d2596fdd2d8bbb273046166087014d45
io.read_file/reversed	status 1	91a0f8108445a50e971f92b04f5c0077dd554285258c7766403074703aff9bfd	0cf71ace96d070da10fac7cd630a7151dc70d7a6d6d0f36a9eff96757b627f21
io.read_file/argument-0-0-plain	status 1	d31837e81e94a8b29212085dc4c1bed9c17e8f866e8b08b113ad7093d20655ce	489a6aaf5b64fb3e84900a0fbd662261ecb7a29f60635b238e6d030e7d2a1dfd
io.read_file/argument-0-0-@	status 1	62a17f2834c163e488171fc46046af96c1abe74d4617d480f6ff694a0a85c1ad	434a79a11f8654191c8cb040ad1d5b3965b1a5d809531c3649ffa0063ea2da34
io.read_file/argument-0-0-^	status 1	5902534a48fc72ddb8d931b4e0f97e122bedcd8ad648d9cae69f10b25f593e8c	43874fb5f8bc2594af38720d3d2eaa63df4d98f07c45ed2045d95a9346c1a977
io.read_file/argument-0-1-plain	status 1	2b6879bfe728d26d8f4ca1ebdaa747e5faa66374ce260ff29729409fc9eefdde	e7cad0b44829c776fe9e0ef5b917e8115d2ce423991b0a5672244b3576d352c4
io.read_file/argument-0-1-@	status 1	1222e6da22c4b0ecab745aca5b8fcf8f72377d3be95aaa220ff01aedecd482a0	f0f459b530aa89b72a9328db462b1ba259d5dbabc7be556871ae48975341e2b2
io.read_file/argument-0-1-^	status 1	dd034b3e4fa20a1f17651aecfd64ca15a23cfa8d665fcf89df29cd983bfb8297	c326a29598330bb9d45a1ddc36429f21d2b92e6c8698d7c988b6a9442515cf5d
io.read_file/argument-0-2-plain	status 0	24a205361507c5c7758fb403e72948b1e918435d65bf061b49d24ec5ce305bcb	b3da4f8d45e6484b24e13dbe0db7e6d454287236b4a89184187c74a3e843e5b0
io.read_file/argument-0-2-@	status 1	56ab68510db06395dcc8d5cbebb7db230cf66d4b20b8918c8ea79abb4482d5c2	e5d0f63ce2846067b4e8caf15e2fda57bf7ded793167ec9f82175ced6c47180a
io.read_file/argument-0-2-^	status 1	0ae66bfc9521338c029523d655f9f6751ace281c6265ad42a957d5fc23896aaf	48a8e95b8c793fbd47c0cfeaa5533391681e90deb395030539d3709a6596f902
io.read_file/argument-0-3-plain	status 1	da30e8b5c613bec522d6dfa239b2c6ad8c76e62fc7e5b97f3fdaed4240bed46b	4cfb175f0e3d43a6975c1446d88ac40653c10aeb641775b702f613308d5debbf
io.read_file/argument-0-3-@	status 1	f98b6d9db83a7755e281c91c41cdc7456a61f3b376c1e575b66c986419c9b050	3d77f79bc538af34c98bca685999f27d250cd2ddaa26bcc20fa896c05f6239de
io.read_file/argument-0-3-^	status 1	0c2a5b956f38201160f1929b785e2c724b13190c4da86828897ea590e8262af8	d28c24e7e3e2c4b94297fe80b54af6fae6e3d8edd6134eb5e56d9229bc73bef0
io.read_file/argument-0-4-plain	status 1	65e467a8b02b082d84b0e059d101ee91a19a1c1b4b058f286edc7d17a692e367	3ef48a5d5a34d54b1cffbe28380f792593fc2dc0fe26c62def9187be86ae4b1f
io.read_file/argument-0-4-@	status 1	03ed254970a1bb47c5669dfb6b613c2b04718cab5da9ac2decee8077fe887150	a265bafa0af6d8bcfb904a2e4cfb9574583c26ca7452385d1bc393cd14eb54fb
io.read_file/argument-0-4-^	status 1	885ff4cdcc5ee0c9dcb15d00189e1c70de8e421bdda2f1545b1e5373c255e8c3	eda12b69d0acf51b882704b47229d128d819f99198e1a2b545420fd0a1654688
io.read_file/argument-0-5-plain	status 1	24f442368c05ffaf607cc28ab9e5f3944705ea13dfb2af49557e4ada56d7e270	aacf6fa61bff2cdd7c1eed2e53a0086caabf3939294c2b4af592b636b48518dc
io.read_file/argument-0-5-@	status 1	0dec06f42f4e7fd719e50f766bd229f936a4b47d0b2dfbaa3ec6cbea7bb6deef	df7338cf9680b45b8df5da54d98db64b3e01900129b8e3595c71e6095212b07c
io.read_file/argument-0-5-^	status 1	ef252f6c025481151607355e714a776ea58dd881d7c7759c6586ce29d5966d9d	05dc759f46e80208fd2aaa2c814ed62322c10a5f435fe4b0fc7ae8734c215b4a
io.read_file/argument-0-6-plain	status 1	6f25f6c47897b060d1e6d3c1b0dca7827b0d84cceb53f3e85ed6f9d8a69c15ac	b18ccddcc33afb7550ff31a40abdccf2ed780bb29e54f810c9c61e936fc74985
io.read_file/argument-0-6-@	status 1	b6d481b9db9160585d6e4aaa3675fde53c6491cb29a2635149f6446652eebd56	2c01614f46211d458b802654c265863a564f8c297578cf644bf0407b1f9f36cc
io.read_file/argument-0-6-^	status 1	65f2c4e71119f6abe7257a585b1f9b8f8c2ceff1c8f9d9671b1e3e8abac1a505	dfb12e84a4ba0e606daee5e1069839dcfda00b444936c3b4093996b1135919ea
io.read_file/argument-0-7-plain	status 1	0ca1e95f446b21ac8c54520ca0fc51c700296c479961bb897b78964458b8e173	67d4e1e3faeab22a720b98e1106d984efe002e90f07244d49fed02fa5e9baa34
io.read_file/argument-0-7-@	status 1	6872ebd9ca33997fdb5fa9e9ffe73313105fd371fc719836ae8c6aa5d0083fbf	209b6768f0663c151abe5250e04569cbf4118eb884d3353ff03bed625a7b7d10
io.read_file/argument-0-7-^	status 1	9e86de0453f78bd0aa4dbe44b5d46fd567da1ae9e58e6b1c3de31168395c3f09	6a40f044929d30ecc3050488cc7f77f42e47447898a1c3ac0a240af1cdb39519
io.read_file/argument-0-8-plain	status 1	6b4cee44e2fdb01febf079c55d346f507e404a118f08deeab3b4b3c80c9affd0	cf89b7a91c7762b2d5b9e186ffa3c8a5c4b00a19852b56746fcccd2a34d0d166
io.read_file/argument-0-8-@	status 1	f69397e89df8ffb6aad9d9658ba4c7d3abdb165d2e242d765470570083a9be8c	85639bebebb05b430d228a30821345e8e3e636d784a125134f9d04f2f0e13134
io.read_file/argument-0-8-^	status 1	ff4848e43439074b5dfc574d7eb02ad85727db30fda786ec21b8e513b47c7019	878b448a3a3f86da029e64827a77e6513f128f031ef2e579f55c4d1dcbb199fe
io.read_file/argument-0-9-plain	status 1	f63215ca1550f3dd20a02ac2c4c663b3b29bc31521e530b9bf38281b54217b6b	16166dd9141f8e8b961bd76e097ce1434d8c667736699dc849a86d754c7db70b
io.read_file/argument-0-9-@	status 1	19c80847e1f0123d59fcb4575fa514ab92c7d660c39c5d78ed0c84412cb6a087	08cebcd7a6d45de45662fa88a97bece7012237632e042948b7f19098e8f2679c
io.read_file/argument-0-9-^	status 1	ca85c4a1e2a915555b8ec923659c99ac041193e4b64bd4b585da89fd5a953c30	b2b87714e0c4a1822477573739ff2f00b3d7dc1643bdd0243f69a224fe632664
io.read_file/argument-1-0-plain	status 1	4184c09b120ebc5344d63a37eb8cb14d761ec50d6e3fe34844b26e9aeb369326	efb9dfc0e9131980a0e0d8bfb22c0828c0b982ba6a780ebf0659b54ddee2d9f2
io.read_file/argument-1-0-@	status 1	b0a584d59526b7b60c3261cb1866df2ae64a000ffedb6c81702306537a4e4027	3448b066e86c7858245571e312ce972db47aaf6661ae76a2b92e9404b9d0873b
io.read_file/argument-1-0-^	status 1	ca1625028008687bd8a67b003e6b116df89078acbaad1373136fbc01f7d7a99f	87ca3009cd927522f483776e39c6cb9a5ad46533de1846214a5892292578e820
io.read_file/argument-1-1-plain	status 1	a08982c1dcd8eb59068bf006bcac78970b13ce07bd4a3c9406cd14ed97221d42	a7235b26e0df2f4752a22cd536049b55b83061a610e1382f120f58b340e22e54
io.read_file/argument-1-1-@	status 1	1d6e8d71d4278790bdbfc33dd1f762ff3587bec7008b760bae177fdedceb35dc	8b29639f6e651e1d8af4feef0f2909a29f08bfe06da8ce74c1d10d336b575dd0
io.read_file/argument-1-1-^	status 1	047804614709f5fba57c8ec8594140fe7af94896b359fb37853ed1436f7c266e	16623e91e98ba4f18d7f837f71c7c1fb363916c2afd3e7372af4ba0b851ca8c1
io.read_file/argument-1-2-plain	status 1	b1bf5046da4d9648a6508fc1e4ca30edc79ffdc4b5bbf818e71931c1a10b8394	662ac8ff9bccd24ec4a471ad7ba26ceeafa3123eb0507cc791e17e476239a921
io.read_file/argument-1-2-@	status 1	64e94baa0377d671ab8d5c42fb900e0abce5dbb67946760b8363fe8341dccc53	976c63a2d5d4cf97163b343bb8d6780aa5ca63a27cdc220ca8857724b34490ad
io.read_file/argument-1-2-^	status 1	ea39465b3cb361d0d530c1d32ad3f55c3ef0db9af953ed69558411842d8969b6	6fc7d4f0a96dad2c679e54d6d89649bef68f6b58ba5b1dcb24674c81c87d948b
io.read_file/argument-1-3-plain	status 1	b508fe0f544a931a788bb092d340a267089877a0590953bd3e6302c4fd2a4932	0ee63449430ff88ed86502b35fda05855a6742cf8a32685a2d67ca612737c8c2
io.read_file/argument-1-3-@	status 1	8efe622d7f2ec6320b1c64148cc1a21d0b99067a8d24df916b7164641f003e28	f7f957f4c9a8446aa3f7ea2fd188b7755d6b6ac58c2aeb9abf76e1da911202e8
io.read_file/argument-1-3-^	status 1	08816b66c03fda4fb69bc1e997300f13226396a59ce0ef4e23fbf42c926d4012	480477b0c4450e0f881c91eb3431b5b452488e3b7c7f0959ce1275bbd4316b53
io.read_file/argument-1-4-plain	status 1	fa7dc1fac74affea9fbe8ca6dfc1b84602c2fb8ad10c74b4eaf1510137d2e027	50f68c0ec73767bc70c4f1ad0d518a5a3304a411a05f544791e1fec4ba35d6c1
io.read_file/argument-1-4-@	status 1	e8bb341855accba34a0ff36d05d049a712827e30214a8765ba5a83cc63f1be07	f956fc9deb7c064bbc8afa6aebede3fb8d8154463c74c29650fa30802dd04a5e
io.read_file/argument-1-4-^	status 1	46f8d03f0a4f88d69939e1777102fef6ce6f874d3233e58ac9379e9d9946fa3b	2f54944c7543b738ab623038fbaf1080b223e4e93c4329f394e7bd0ca50fd82a
io.read_file/argument-1-5-plain	status 1	6f46dfa183df6e83162a6f5d95c34224b89c13fc17231af774be9a593c1e372d	8e8a10723b91c7292d1a83f0ca15d74022776d5023bc82759a3ceb5538eaa35f
io.read_file/argument-1-5-@	status 1	46ff1cb5b1f74ec997b03b1a78fa40db9cb1ab6fe55b3b6c4c978764b8e1c0c1	3ddf3f4331ea0c097498886d86bf87a201810043aae1676c0a24c0d99e387aef
io.read_file/argument-1-5-^	status 1	4c429265acbd4fc54aa7939c8691eefd5d986927e02ef3970e394d7d64433ebe	e6147a9613b59451b29bb2e16c9e916ba07de5532f982a1f40de64b1cf174b19
io.read_file/argument-1-6-plain	status 1	20c70d165fd21773b5c93cfc4711969c275720dd22346db581af3eba8e30a2c1	f467fc3cd35c800ce643cade53f807cc6958399258601fca19edd77a83d116c5
io.read_file/argument-1-6-@	status 1	10e88ffee75b99b0e51bcbf2684711a89665e1c4af51168e3c095f27b9c599f9	14814b1c9ca85a9ec1dd5548a2e153e0d2e611761fec8430355de4040d3d059a
io.read_file/argument-1-6-^	status 1	659eee17400b23173609478842416441cfad2ae7f427687e85bfdda52965bf7c	59702b97c2734d983efbc454998d2c150713c9d8c7c3eb0bc95fce39e23713f5
io.read_file/argument-1-7-plain	status 1	b8ed489577348cd8974f6174a3294a3e398eb50aaf90c2a7756e2957195240a8	bd39da59bb868ce0d7d2ca7e4accced40b2c36f0fd260e7c1d8b9b650da380e3
io.read_file/argument-1-7-@	status 1	c2e53f24d2cc60ad93be7f455a0c5e7228d98231fafd9024f21af1a8db2dbdf9	088eba9d9ac543dd495fd731560d32c2eb9e2bbfe2c394a2f6233ebe52ce0310
io.read_file/argument-1-7-^	status 1	3640dba8549ddaa2da5cda29f7c928f0680cf952683ad76a3af3f5ac440ebf12	c0f1443487a6d30386ccd0852c156dc3abe7f5dd5857fd252a10b2bd343d7f3b
io.read_file/argument-1-8-plain	status 1	8922aa328fc7e1fb49fc597b17157b716bf94d26cff4a430cc8eafcae03d6955	6f448547b90d7d07b91f766559caa83ab22a754c0d827beeb3ed19dcfaec8ab6
io.read_file/argument-1-8-@	status 1	b95e293e3c831875b1175c59e0d8a2708134f55c50e624f2119fd4b104c790e7	eb093b436ae52b78785536eedaa5ae3f8240363c7a6ba702a4a040e04db7776d
io.read_file/argument-1-8-^	status 1	cffb08a69479b7874edab87f33c61084aed4629ef7183a766e1b9bb9ff561e57	2e2d5960b068ae734a40e2a3e993fc5fac07bde923e402ec81a8777eb7c98b5c
io.read_file/argument-1-9-plain	status 1	4ebd8fe650874075647aacf6cfb9b92f8c62c2f8d0b0fcdf9fdca42511199eb4	3d0c5c05be2885177729e4e802f381d51b8c28c6eb0cc01bd426a9a075b65c84
io.read_file/argument-1-9-@	status 1	c2177fbbf16c96de89066b0f6710281b50189742c1de9dbaa72725cee1158a91	8b8a43f2e45c8205614e57345e2f94c818a287e5d543437c2a407549f7adf362
io.read_file/argument-1-9-^	status 1	d12b9639604bd614f2e726cd9edcd4f55a828c13f3a75c5e2e963df94b2b5e8f	4256615f901774a0ae0be9e2fbd4dcf4b8e8474323b24b7664b301a6a62df20b
io.tcp_exchange/base	status 0	c5b32342ef83e019e4e965761d69de2c1684fb359636a3430f45233dfbbf2d78	bf2e2b8cb2986839604652164080f8eac55e43464a34a212c599b84b5b002076
io.tcp_exchange/arity-0	status 1	ee791a8870338ad3985fb8ebe9a61d219b14b96e0ab517f6c4513b9d96c29d12	1d6082c1c358e51ca8da477f16b775d552e072adc93fa43fe64e50ae99226fbb
io.tcp_exchange/arity-1	status 1	5e6869cb63da8ca56c7441305ffcee4947e886411a48c805d2bdf1615dcfbb94	de9fcee9e6371f1098727b1b59346063ebb29d2a6a30f21f71455abfb02915a0
io.tcp_exchange/arity-2	status 1	812c023f515eb4e384003e9fe95ed0d35df565b21cff6f41822023ce36168f95	cd41616ab19035634a9e9efe7f3edb6476cd9ad0932975517364ef97a0f27b60
io.tcp_exchange/arity-3	status 1	1cd0f41f7400b52bc2e276225f42b56c9f3b6c600e875fbb834fa90170246770	15dac494e9a4d0a47fe66df0550d7fd0b9886d604af779924866b72e74efbb11
io.tcp_exchange/arity-4	status 1	58f56f1cb36d44729cdd180a83be52431d8db4fce0ab66e5eab1518b3688081a	babff2ef085d28abab62b33acb19485517594f3eeab892489278f2dab32d2c3e
io.tcp_exchange/arity-5	status 1	5b5d2981d9422c6fbb45018b9273ec60129ec29d189bef252fea39a0ad80de09	93f5ae7af859203428f8780f040ec57f07df833a86adf9352f5a5649012072e2
io.tcp_exchange/arity-7	status 1	669b308b05fad4aec6cdf2e04a1b00cde0ef98cc0e2be638dc7a6ae8b590d781	9dc42b50ac4f4d4188ee55991d1e0fe91b1e2f8cc2446a122287b869f0f1e570
io.tcp_exchange/arity-8	status 1	3b980a965406a3a91cea6de64c442689c6865deb443939e0a27dd84d64bdf790	8d24f01159f2ff5292054e9920bba4aa4d26e550195bef9274f336977a834038
io.tcp_exchange/reversed	status 1	c98617a83bd9ff5c2dc9e745d3eb8ed48106a502efe98e50e230e052121cdc35	0c058035f91c7e9fa61659fb265b605fa490acb8441c646a62eba6efaa5ed5a1
io.tcp_exchange/argument-0-0-plain	status 1	04a0bd87ab5f73173fe7df0778e92737f7dfe49e5f71b26bc98b64602e763838	f2131d9290ccbc702a4af78d2c1a43bd851a2bac7bf982c6868b9ca8a77ab743
io.tcp_exchange/argument-0-0-@	status 1	37524042a9c48dcaf8591b8b80a545e91d6349099d4b2a1dfdd15fc3474e81a7	08c47fc8e5ca890c6a9b79b586920626244a5ba03929858b6bb17b08f0d31f59
io.tcp_exchange/argument-0-0-^	status 1	5dd916654247e79270e590fe88006dd8b485c3dc726dd4ec9a00168440f8e2e1	26c4cb8aa1ccf6ae9cdd4e65ffd4d2f62ce3f24f85c968da0a02ffedde0b22fc
io.tcp_exchange/argument-0-1-plain	status 1	f88f0286dbdaaefceaf5a3b300005185ce5bb3bd41f1aadbeca05ef8b6f7cc8b	0d58096138f421aaafd80c59b52818a1c788985359243288b23ecac2a3164098
io.tcp_exchange/argument-0-1-@	status 1	92e6d9b40a5f0a443ebc11707c4b67969d1423076c0e86bc592b9e9c0fa09975	981e9b10e146ceb0ba800cb813de1185bae8b4eb14d60ccbb6d300524ebb20f2
io.tcp_exchange/argument-0-1-^	status 1	f187bc93818531365b60c36c021875876da422eb23f98497e71ab63ff9059679	3872a61fb09a8ae31f2a7274c9a8c198d7e2f4a8ad975bf6337be35be8f97450
io.tcp_exchange/argument-0-2-plain	status 0	7881ed6f0b7a2155739f3f968636878e36cd20ffaf1599a276268943fa27c003	405041fb309d518deaba86164ae785887ce8ff2ead3b4cd90dad075fcbbd3efa
io.tcp_exchange/argument-0-2-@	status 1	0f21f7b3292081f76af352377ed46c45a9ac3d5d0457c1fbd0d3de7ff879018b	b179af36215d50bc525a6cef990900bb710e4c8b1036af6a8e9ed38f2c574c74
io.tcp_exchange/argument-0-2-^	status 1	d96313bd08ba7cca200c774a2438f3b6b560aaca1eb66be74ecedd531457018b	eb19eff651e825e9ab3a165257ded126fe270b46ed9b5b5664f9423ec0460499
io.tcp_exchange/argument-0-3-plain	status 1	3e527d8cceb07b05ce6d45dad0b469c413c4bd2220a368e83c22bbfeab4aca25	dcebda084df8f81431266af9113c10295f1f56c489a358b4010c15eb447b1989
io.tcp_exchange/argument-0-3-@	status 1	1d713201ca2d4dd47120686ec24886784ca8dfbaf258f3768857760ad910f98a	25e378bbdde963f6d0c9d4761a0fb9e2ef48d545e41513c0adab94048775947c
io.tcp_exchange/argument-0-3-^	status 1	0f0447dc37247eda24a09bfe2f102689b10e0537f836f3724abe65f236fc132f	d2af64e2401657ae92f1c62466222e48d725392a0254ce7a09964595ad684ce6
io.tcp_exchange/argument-0-4-plain	status 1	4436eabb2c21c1519c9675f11c7c8dc68dd1ccc4c6accf2915aaed06223b6d98	089b91570b20f3e408239c94888da85d0103b87560c81c76caf8bcf0e4e30c5d
io.tcp_exchange/argument-0-4-@	status 1	ba6a40232e98c1db2a220663af4823f2519ac98f75199a0bca27e3f96884f678	bf959f7892b728bad4d2e3ee9729022920bb7ae4fcf25c815ca61f909dc50689
io.tcp_exchange/argument-0-4-^	status 1	802cad0ea0d6d8253d775474412e5d43d2f1f15bcfaf113a598c9e81aa0b1c0b	e1d93d3a71de0e3ee1ec7eccd1de1b0d1070df8d9998916ecdcdb18fc8346f97
io.tcp_exchange/argument-0-5-plain	status 1	4aebe32eed36cf39d082ecb45f224349bc1414a14f056c691cb1f863a12396d4	24badb8b962781be58da403f2a53f209d2666dd6c2ef402e7b55477ee547987c
io.tcp_exchange/argument-0-5-@	status 1	447ab9fa29e1b21e8d7e771515047067ad19398399019aa8b1cb395ad26cbec3	4f3ba787e0a4dea6b73e575958b99c0296b707c0e87111a6d341c504535a3a80
io.tcp_exchange/argument-0-5-^	status 1	0c48772603de1430ad8cf1a6958e9e64d36b007f498377650b1f761a56a79a9e	88e48c59502a6c7e5c57f9056c2be205b31349e61fba70561a19f017f8404d98
io.tcp_exchange/argument-0-6-plain	status 1	ab567dcc575a5b987fa6d5d0db89f155854f3d76558b7d2b6c403f5c0e2ccf8e	00295423cebfd4267506ea0b6c7395f96e89ab378f547069bdb9be04e5b76e37
io.tcp_exchange/argument-0-6-@	status 1	8b9142f9ca93188faa53523fea77131d7a947cbe875b23c702b68db5296eff2c	ae6f9458a636d6b0dc7c28f4e7390a101a045dc54cc8ae300f1daa9f71e0ed26
io.tcp_exchange/argument-0-6-^	status 1	75798abc64ce100427c8712c5b325e4f782a561902faafab2adb7a24dc97698c	94709d9ae0e4f07cdef9d7e96f27271c3e555d50d3c4ef0ccf5d70a9280d8351
io.tcp_exchange/argument-0-7-plain	status 1	32539c2013fc41858d8346e64c6fb2b47a2baa6d24999f66d8f7be2ebf1d1a3c	54b0dc66b18b68066cad7665cf83809967a972d46c86fa5a3f6170f3150567ba
io.tcp_exchange/argument-0-7-@	status 1	c70465157d9a4467f7b1405747a66f429a18a9b042d5404f5e90643d88167776	24e3835ae4fb809b9678abe6cbad5c72c5f7a179d985338e6ab2fc6be2c8eba4
io.tcp_exchange/argument-0-7-^	status 1	3c5a5973595770730044a0cdfc9e2ddb010904ffa7cf2003219ef76934b1906c	358d14dcd4b5af9a89c501887bd597ba284b5e8da0eb0430f340926578a56ed4
io.tcp_exchange/argument-0-8-plain	status 1	0d0014b4bef7da144685c136c67fe318adbd730985acffcb197d9858f182eb53	fae653b2579aa7bcf2b466f46877e64ca4af97b8ab6e4db4fe5bf2fe933d685d
io.tcp_exchange/argument-0-8-@	status 1	86105125a22200994b1f36bebd4625660f4c24f330becb8f9224ae8c104c7d19	8b7e626ad4aad1a99574be335fdb6e1f85bebf5e11118552716f87a0e5cf5c87
io.tcp_exchange/argument-0-8-^	status 1	ea1df8fa7d83108c14d561035ccf4ff6becf41e0cbdb651b3cc4ec8515aed904	828faa8edd5133e846e5639af9fc73599910faf2a558e964ec391639765d5569
io.tcp_exchange/argument-0-9-plain	status 1	96576a8e16c6bf6fbceaa65d64136ecaae1a3399685cd6a12ab9449980c43a4e	5eb95549e564b9515a85fb30eab44150249edd029fc1739dc64df59c27e1664a
io.tcp_exchange/argument-0-9-@	status 1	75692f4ee4c1a15e8e6a19640ec7067f217937dd0bbac3186ca5d3b76775fa60	dc7dabfed9d2c3272ddd5df196ab098a800908c3970284e59bf94b0821c03ce7
io.tcp_exchange/argument-0-9-^	status 1	290f03e62c2038cfc2344823c35dd1fb841cc2da41fe70c7b9ad5cc9c8ace99d	035bb9369705c2b15e7aac8c0a65693f2f92171e70d9e2abe1adda3650c90621
io.tcp_exchange/argument-1-0-plain	status 0	c5b32342ef83e019e4e965761d69de2c1684fb359636a3430f45233dfbbf2d78	bf2e2b8cb2986839604652164080f8eac55e43464a34a212c599b84b5b002076
io.tcp_exchange/argument-1-0-@	status 1	251732a06958e76fc4cf043fba4878fead7fab239ab0058041bfa94d8f55e8b1	897c4c425a2cd009490650d1259bd1d7b81f71695a3a43a2853113abb8598e14
io.tcp_exchange/argument-1-0-^	status 1	22dd4e849de5b0ef466bb85b3cd9e06beca43cfe2faa381a3f72f3460b9aded5	0654cb08bfd0d97ce44a407e793d9526011afb93bf4e74a38a15269f87bddd56
io.tcp_exchange/argument-1-1-plain	status 1	829c501efba4a7c52b131b890dbe3fca0a2bab54346108949d0da0024ce579c6	de5c5fbb7352e23a6932991ac101f75455b36f4fb14033507ff93e5570cea6ec
io.tcp_exchange/argument-1-1-@	status 1	8a6d54af82c6ce8ebb94d42b6aad79b6c5d4f8d7d7d7985a4cbf3a4a19335f8e	d5b9833539a94352559bc5f56e0f08a9c3609cf4d577bae3e1bf0fb1b9cb7e27
io.tcp_exchange/argument-1-1-^	status 1	7378b97d858186256aa65573e08248dc3a5fb3b9257cfb3c0a61197bfd0b43a1	ad5b9f227c29afad031ce00cf8dfe8fc84a461adc3fa0c98db9fe59320330113
io.tcp_exchange/argument-1-2-plain	status 1	5e76cc6d590d631f44be3e4edd5318c56c5caf89674714eb55ea3422f5749ca9	c7e3c976042d45182e42113f97925c60ecf66e68b21f7edd21417685827c7fde
io.tcp_exchange/argument-1-2-@	status 1	b1e90f87cd1386e5a283babb146b23101d82748c8a8fc785337e29d78b67b282	19f27635b7f1f04f947d5357db16553ad57be12c2254d8fa3569b5ca162e88aa
io.tcp_exchange/argument-1-2-^	status 1	6c355aa59839f5e6235c1a8790709768d473b9ba8d6968d40cea116e83f07a70	1dc2c9167ab55012ed5baedd062d50b136ca49ca55f6ab280609ba2772913998
io.tcp_exchange/argument-1-3-plain	status 1	b29e047d5f32deef27100c159187b75c60c18b8e5437a2b77eeccd9a39eb034e	e8e862c579208e196300ceb81601f7631d815cd03016ef4c4cbfdab1f1401075
io.tcp_exchange/argument-1-3-@	status 1	d0b8ec8000cceb591acc7fca101959e9dbfb46c80f79c63f8ad9e0f59f38947e	7faf7a4c1780064f527ae1b96c821042df93ed51eb7a5749449d81b2be5df538
io.tcp_exchange/argument-1-3-^	status 1	385a8af2a0751db8c310d758110b185270d9decde209b794e2711d6b3242b006	54e182e1baa4e1b0bf5126d08eb2c8bcb929e0e3b5fb5936b14c86382b857cf8
io.tcp_exchange/argument-1-4-plain	status 1	2e93e589d521833e38b9646efca9f42d4aead4aa1bedbc76e64f3b4884799a03	20c1697d12e6f6fe0c3f1a93777b60d42ac0c61fb3bf4af9f6ffe6aa15dae5cb
io.tcp_exchange/argument-1-4-@	status 1	1adfacf725ac9fc44370d8f5ff67a6e14ee863d6ef60456d303ff8176df0ad4c	b4380a64087b95a1d563de44c80820c3c7d33afb19df8cd5ec324d6ec747a38c
io.tcp_exchange/argument-1-4-^	status 1	1c556cbc4279cd3f959c0f4d2744eeb5cc8a1852ba26822a349b1ddfa38d117c	5f5adcc1a94607eab23bec778d8f498c8ce59a7ecec46c2ac357d25d76f6c263
io.tcp_exchange/argument-1-5-plain	status 1	adb0c70745eb149a82d45e164412a17c1aea7448c1037a2789183836a6c4b34e	1b7cc5ff160e6b8e5f1c4a97ae961321a586a3fb4235471bafc14bacc2207d7f
io.tcp_exchange/argument-1-5-@	status 1	32b467940631b7c9a470848fcf9b262e7f60987af0cacbd7106fa5fbaad05e54	5495c7487716cf1022a0d565a7330b875e735dbf1ccc872fa455444071fc7e0e
io.tcp_exchange/argument-1-5-^	status 1	ff7e9161c20bc792a311887c7ea937d0360e21cdda5c564ec23497fbb993591b	c92e0ebea6797527cb3c24ad245c78cbcee63e92006b0ba5a02f85183166f363
io.tcp_exchange/argument-1-6-plain	status 1	18700ee84ab4725d8356e5651bb4c3a5755823eb80fcf9015eaaa62ea61da71c	0eae6780df2dd355d72d631123f692d506e4ad81a2ec34e320d8306c3fda6c6a
io.tcp_exchange/argument-1-6-@	status 1	16286b8d15123a8e50a1275a1696fd6ab9f3288948609ebc3662a08ad445e812	4eb729a7b0b1e01ea9860a5fdb67bfd0807f9ba7730d4fac1f01c3cdf2f0e292
io.tcp_exchange/argument-1-6-^	status 1	94e408358dfb128d362760cce0e4b54f45a28f2c0c5f5eee7a90fd4ab935f208	aab4b6804934dcee9568a07c5d0444ec52713db93de822d512de10ea4dd0f983
io.tcp_exchange/argument-1-7-plain	status 0	133585afff7f9546b60ad927938094c5ae628827f968610e576b91d9843178c5	fe3020745add2a661ff5d2a7b371822434cc462c1e892751d306d6377d1cd742
io.tcp_exchange/argument-1-7-@	status 1	539b621c8138607f6199ad77002baba4e6f4e17cfbf2991e593253f5c8aafc78	611d6a1688d60cbd242506e42ab04de7f10983d1911cd6c87815258b1db3dbc5
io.tcp_exchange/argument-1-7-^	status 1	a46a18b0f1d7a52962ccc2f5ef44759eb10fb5c6850ae1c9be336dd92b61cf47	d5d0d0e45b4d20d1022e66cd5d89ea6be2fc48f91f39dc6c238ca010191e89ed
io.tcp_exchange/argument-1-8-plain	status 0	004b9bf9dac69dddd2c0eb50ed0e509c7d54918ac6eb0b135994ef3a54e00004	e8d8c7cfb655510d6f82310f5296c038d4bcc214327c062952753c7a033e2a14
io.tcp_exchange/argument-1-8-@	status 1	533ea1de34637ad26a85ee30a692b9002bcda4d14ae7633ffb82e44735d23c66	9144ec14239671ecdb4d08e996a20e77e76d792f0636d7b9db9fa0f9ac99e850
io.tcp_exchange/argument-1-8-^	status 1	98ff93088bb9a92c16dfa9e05243a07b90923428e92d61527d8308185cdd5ffe	c7c414d370b297cde2508f4b664c32eeb73b05d76634526fe75896bc3711041c
io.tcp_exchange/argument-1-9-plain	status 1	6bdedf4e268fb4e7ebd5dd468cd3c23cebc8899ac36ddc5ea80f4d784046c731	35dee10f63e321ead141d4d44a7cbca7b378758e05602c53a6617f4d05116408
io.tcp_exchange/argument-1-9-@	status 1	ce5f9ab35fb688cba63c3e49a9357b5c5a9303cff8ff05e921a25efea3e37759	8843be4bb55115921bd9d534b35d1626d380a6611b5595ab37f98374a56289ef
io.tcp_exchange/argument-1-9-^	status 1	8cc77e92c1143dcd50f8cc6fa09aac3025244b51db21249b9585f19c5cee6d69	e15d9dedeabbf006528045d1ebaae66ba6a134a842b20bea354e64fa5bb54f1c
io.tcp_exchange/argument-2-0-plain	status 1	7c5c6076e56251230e00f49c3315bc5d0e3a8cc53b6e2e69a8fc4b0d65d6c4f0	87fe6502f95db8b953546f76bdbe8236a150b9761953a1a98d6f3b387ec449f7
io.tcp_exchange/argument-2-0-@	status 1	99f351b44eaa17b88b83102f87477da47e76b247f90034d07651db5c71f809e7	569c06e2d06b40088894f3e0b7d9fbf1b51da4d72480632b262f583f8d885d23
io.tcp_exchange/argument-2-0-^	status 1	d253c8177fb89b9efd8fb2bf2449070bc34eb3da570a349bc8687c78b4ab4358	2b93c93bcd1c98b45a82e137801aece92585881b83bb352a21d99b4676f9bf9f
io.tcp_exchange/argument-2-1-plain	status 1	ab233241346925386aa1f631dbce8050085ebb887ae35b6c92fa1fc7af01bafd	4df1b1297698356d7c8d07658a53d56e35e03c6f61a92ed36009f802862ab2a2
io.tcp_exchange/argument-2-1-@	status 1	cd1ab5720fcaf8676b206ac7f2552e48b56a7459ca83d95478af9b77a786c1bb	5f2a4c091f77b83644ce275d413ed2b24fcdb0891884e109da906ea64e17e59c
io.tcp_exchange/argument-2-1-^	status 1	6a3c7b8f6acc1bb1d2def2f25940f2c0d9f7d5e8ca3cab92ea5c3d99d49ab1e4	d6d6bca5c0bb34a2e54ab33b04ff22437506b38160ffad7f874ce50d40a63112
io.tcp_exchange/argument-2-2-plain	status 0	e3e8986bf00578389c4019563b7b02728c896fd3c878c9e7c349884b0dc22d4c	41421b8fdfb58aab8155d3deb4b10578b72c08e45ba0d68f55374785ab40e032
io.tcp_exchange/argument-2-2-@	status 1	2a655de6b2a22c1253331b1b439e5f25c60e8d28c0666112ee92db6aa3b79ec2	ea9371b05576ccb92ea3ed58a80edbff82122dfe89fbeee2efd9e404da0cc1a7
io.tcp_exchange/argument-2-2-^	status 1	813671e8b5f4fef0c63776e3e0bcb254490c9e4d5fdaa0b8f0f791f034d958bc	9067e73e76391c5d38d4ea8c5e782269c01f2e545a251d51ba2cf378bc08d4aa
io.tcp_exchange/argument-2-3-plain	status 1	3d67bf8df224b3845f2d812b5675c601fe53d1ee59d2e83a28228cc7d2575fed	56f78f6bfc05ebefa4a89d279396291d421a6acbd791c1c4a9d356d86cd65518
io.tcp_exchange/argument-2-3-@	status 1	b3bc8a8fdc55c9834a69cbcb31648ad533de8c9c9aa35a1448e994719d8cf855	9bb48aef95377098dae3394ca250d13da6ac60c8b37068f66f0b5b355d266104
io.tcp_exchange/argument-2-3-^	status 1	dbab73dfb7fa03dea0d13e2112e6ceb2f88763d5c3b8cbb205943d33ef7b042a	9e2a0618bb3f46219dec35aad00f6e0067ff402d98a94d799a6456ff211fcee6
io.tcp_exchange/argument-2-4-plain	status 1	f9f85e15fd079801d1bf12fed2a17f16b2ee168505175ce7bcdacf7573051813	f040eeec4c4a5df87e948be71fa1762c6920be2fde2c5953b2ae59f88dbc9da8
io.tcp_exchange/argument-2-4-@	status 1	9ea755af0625d1a3dbe58126c9a160c4cec6440afa43532c6b4fb92dcbf32c48	4ccacdac503a53269e121dab31898eca47fc138d2aa9476b5b4b3ae2e6bb1cb3
io.tcp_exchange/argument-2-4-^	status 1	7932d4f421c7e6849d660bf443bde96be5f85385859aeda9a6924d4b051e6b78	c80a8aeef3534f29b79a300a55befea4affe3324f1fc01f3656bb6f53755ae2c
io.tcp_exchange/argument-2-5-plain	status 1	65feb029c74b4b0c71e31388a7d2b8932b4d534a754998bfbcff38f76dcef5a9	d681d63ca4ee82ee953dd1314f96a5b697bedb3230c339d443c1861efdc37e95
io.tcp_exchange/argument-2-5-@	status 1	147cc088b0ce64b42dae85a1f4fcd56a0a9060c09e0c680eddbb5f09d5e4a2b8	c865669610ab9a373da5d9ca199563179688ebc51b10b3261df283e8d82bdc2d
io.tcp_exchange/argument-2-5-^	status 1	ea0b3d789b5aff985f664ede728c3efae656dce16449488d2eaf21a61a7eb661	ff0eb7145fb6c40b9712f4064dcd73ad8816ab8136b6641a3dd6af53702bea79
io.tcp_exchange/argument-2-6-plain	status 1	fab7ba53a8b963dd6540aeb7468030a9ea5e891d7ec9d8816f012bafc447ce92	503491e5388a098d3ac4f0e5c36262eea5da8a706488011e23776b791a74c192
io.tcp_exchange/argument-2-6-@	status 1	2bf0034ec20c930603b5acd85b3477326ca643e8105c6656fcfab7bea373ca21	7bb56d4f0c21549bbecfde59858dc860704337fd76eca40ef058d1be05b9144f
io.tcp_exchange/argument-2-6-^	status 1	7b47c80649f533da34486bc14a05e825cca09ca577f4bb009b50fcb8378d835a	a8241138a75c79c13d791634c78b0388506f1d3f1045acc136d12b4f8ae6414e
io.tcp_exchange/argument-2-7-plain	status 1	f21881361beb1c48f4201c09a500d54aef3e07d1f8d2a5be27654f6bbc6423f2	5e1ac4882cdfa3b778cc9b2595627a41bee0dc1a46b7ad23580c8069fc8ee663
io.tcp_exchange/argument-2-7-@	status 1	d6874f88a884d4c2677d46f1669fe4cbd9cc41bbbd1e8721c1c85a7b8202afe3	9ae10a1374c84614828d391490cec2dc42c33759d1fe12a60dd507af607c1dad
io.tcp_exchange/argument-2-7-^	status 1	b51c4fc665a5b0ab325c39981d7c19b23819ce07ba880349c296c0984209df5c	aa0827dbfcae5dcf642b8cbc0d170e43f2a71f34d54489571df585af1cfefce0
io.tcp_exchange/argument-2-8-plain	status 1	52f9f8714cd405d9fae5174063cc783586bc4044f0b505d4943e01df137ca6bb	3d9e6cc105983fd598dcb2ba0e46ec859b31372510171a6b3a8c5ffbf0d89f21
io.tcp_exchange/argument-2-8-@	status 1	86b8f40cb093e7085879b683e4b9b6ad7d8b3e5367faf819ee8cf886707a02dd	cbf018f25632482183235eab825bf35b685c7620f59c99722b785a2a95034875
io.tcp_exchange/argument-2-8-^	status 1	d884b2bc6f5b4f11af1b5c24af8a490ee7f654a263a28524f41eed20c8f6e383	393b02cc4e5ea90d5dbd0ecb8aad0c7ad7eb586471ed8b378099172dfc890809
io.tcp_exchange/argument-2-9-plain	status 1	b6ee6719d105508ec7176dbabe0a3c5012d46f87b2ebdbea97014e6a0ff25d40	d7da9c3b6e83846ef754213e54aee3861646e1dfb421911d3312fd82b2df0c24
io.tcp_exchange/argument-2-9-@	status 1	9d72111c8324c570f24d47679bd1360d1dede555207b3d1abada2e3e3790e7ca	6a8f2a86ea24d629d835fa1ea63eac5735c2a8307785e8a42f0b1e787581a045
io.tcp_exchange/argument-2-9-^	status 1	a9e3ed140c41c419ac505dd0284538a5e9790b222b25e9b0d0b25f006266907c	9730821edb66f8d487f9852b96b153f0975d37b238e56133ae3421bb862eea62
io.tcp_exchange/argument-3-0-plain	status 0	35fe91753c4fc7274ec98b4b0a295f97a6c298f26e97b7651f5c30f4db015759	bf2e2b8cb2986839604652164080f8eac55e43464a34a212c599b84b5b002076
io.tcp_exchange/argument-3-0-@	status 1	5fcddbc932c985670fa7c4aa15a1e7bcd929a504538e9a2dc24858beee85f1b6	2163631aa9bdfb084a998ed1fe6dd74d584745de8fe801fcdacb97b045a00256
io.tcp_exchange/argument-3-0-^	status 1	4570677cc75c6f6278245c38bfb709cbc3ef29b27d3568448dd2bab80a465042	cdf8b692f98806245d50e4a8f3fdfd80b627b5be1876a11c35e29de2b00e8660
io.tcp_exchange/argument-3-1-plain	status 1	91cce1dd105eb4e913c60931455c8fc392091a5ca25621cf7c6d6d26a9f2e4c6	aa17e8d0968a7e8bc10cdbffe78981f8626c9f068aaa402505d503af6b048c9b
io.tcp_exchange/argument-3-1-@	status 1	51fc861b1d910fe854c543b80db8828db955a519808bc457966a5b9cf5aec974	f88da857a62db7dbad680aaf3e2a02cadf34a0e0de90f2f157dba0e3bcc7e8b4
io.tcp_exchange/argument-3-1-^	status 1	46e7f11489ab153c4ae20c15249d545bd81857e07ea6f01a5ef4f835900d0a96	7d5e2f5697b8b339d4fa4353d9bab2ac869015336224e178c32ca9978b5728b3
io.tcp_exchange/argument-3-2-plain	status 1	00cb3f6b7ac0fe3c779ac816db1f59f3140fac9e7794f14240b90d1ce48e3650	917259ca0007ce62d79a38fde67b441393d18b52440f12bc7c6e9ab5cd0cf16b
io.tcp_exchange/argument-3-2-@	status 1	543c6fe12fc4166def0bdc5a0163965fccbc9b3b5fb373d848af6e1e841f9c2c	8b647cd4dc3ee13e41ee2ff7b2979b966cbb762e3994fd25cee08479982cce8b
io.tcp_exchange/argument-3-2-^	status 1	56c24082180418e85efb0765c4ec887bfe8661fecf81b08a55b6d1fe083bb4bd	1bc4252b6a19fa719efb08a35f30b8bc9621f6b71f028f66a319df79c50e24db
io.tcp_exchange/argument-3-3-plain	status 1	f3a4ce0e4004a1e1a6d3de3303483ee36d006f56ebdb5322bfdecb67c7d7bf66	e8ed5567ef4ae14bc9e2c02945229b7463f90b1a26c735cdbd6daa17341e9221
io.tcp_exchange/argument-3-3-@	status 1	06ae88f6494ef3668debfb9900d5483a16e8853272a969f016171ff9da18d88f	c45d1164a0713a3dc7bf8a72f148671744540f1c09f075c97770f217e803ecb4
io.tcp_exchange/argument-3-3-^	status 1	0938d51357d1b370c87bdd736e48fa521ad9e6e5005ac39005fff23c95cb9dc6	544924783a66aa6c92f6edc94f152538d9b99943ef3019464d3e158c1d6c6928
io.tcp_exchange/argument-3-4-plain	status 1	188df2bc2de31aa3a8b9696ccc4d86f7c25a927f47cdec02f5aee95ed1829e21	71467cf1ce701f827bc4687ce4d7b76e438b0d0740764a6a1afc565172f351b2
io.tcp_exchange/argument-3-4-@	status 1	a804154dbc6b2b2c7c93f10cc62c325ce84a1405b8112281cdcf977343bbcfc2	02021095cf7d56e315351a797e4ff2a756caeef7429ff36cdc4e0b567fd9bb7d
io.tcp_exchange/argument-3-4-^	status 1	a038868749e6308765a9782670203a1d2e5431a9bc0e0562fd5e2b4402b444fc	a0376cb29cc541aa7d4ef73a015ed699d1ebf18ed6c0b7ab72d16d7174c0f5d3
io.tcp_exchange/argument-3-5-plain	status 1	b4dc7678246d0aaac35b65bed94cba41a9c8e61431e398a4b2d8415381af3f27	2da54e925c54c8a5dcd4a3a945d2868c6adf61a547facc33fd3dbd994c9e8373
io.tcp_exchange/argument-3-5-@	status 1	65cabc2bc6ceaddce9387e9b7a3895c0f89e968a0f3bf6cd9300c94582db3c96	86523a1557960bc2ab266a0bfc54f2ce661807c990e13c409943eb6eb19c92be
io.tcp_exchange/argument-3-5-^	status 1	449259ac15e6e0da95a166ba924ec95850e41216eb7c0fa1f57e41d4f8ac75a1	9f12ea40bfc4df34fe6159337b52c63fa3951c8c831d85a30bc2d4389142fb1b
io.tcp_exchange/argument-3-6-plain	status 1	9db1733853fd2a82514e967adb718efa4684f5d666c2dfcc775df3595e44dd48	f6a2e9c7d07ba4cf028568685ce5c0d9a3276e79b68d1b5e4f108974d4c3102b
io.tcp_exchange/argument-3-6-@	status 1	964f3bd7035f7ee0116647fd96a9eb936e72a4b64267e6e263fe16cbc0eb6fff	b3e0493e1b7e9be65fa9ad792ae0d16a2060d96f95e703cb2a36a33aa28da734
io.tcp_exchange/argument-3-6-^	status 1	e2bbbf1ae071d82e4d710dff983a7fa3f6b90c6e1d296d21288713843350a711	3dd54143d2b3f229198ae1953d9d8f9fe10c54cb1e9636acd4d043a73f272b21
io.tcp_exchange/argument-3-7-plain	status 0	70566ee4c79153d5336920f86e84021a8cddb7573a8946462c47609d28bb09a1	db6c0648384b0e55393f9ea1f07f91e3af64b5a3812dc75316308440b78d649a
io.tcp_exchange/argument-3-7-@	status 1	6dbc1c6f0214c799a3c1d4922b4133014a7234997a9d8282886359c573b0d157	da39d4add2acc65ad42303dd8dbab17c948fe021d8103f0787caf56e764df595
io.tcp_exchange/argument-3-7-^	status 1	771efed292a5cc86939d26a474ce8f3e1639657113263d51ade6d1730152b729	576b5a71da3741f6183e3103ae732c1339038017fac0481fe082caccc1f5e02f
io.tcp_exchange/argument-3-8-plain	status 0	87e74a5da6bceb2051b4ebb0b56828364e07ea2efb63e8584946f487744f56e9	36207b11e66f964af1ced6477ab1b29274db81d16cf7887c281cf6da7c5ae63c
io.tcp_exchange/argument-3-8-@	status 1	2ac153b518d8ce5f191280010b083733aed9f2342f90fb92ee876012ed469fdf	fe2f77b8a45bbc7f9579a8ffbce6f081c5a7816fff1184ad2f3f558135cca73b
io.tcp_exchange/argument-3-8-^	status 1	b163ad68b9d33da38de9bc6cb20c1c5c26a8f6923d0312bf4f19c660b440cdb2	cda77688c04ee5f08d2bebbcc064b44df1c70155b74ab92ef1dbcfe06d5791c5
io.tcp_exchange/argument-3-9-plain	status 1	ac32fa9e5c2eda83e2f313499d31dbff618880b66748f065bf52e1402b8fc836	47218ff92d695d1a03789d31f8328b92787982331dbdd010320def18fa971320
io.tcp_exchange/argument-3-9-@	status 1	0ea685ab39fbf9ca534a1f5a6fb9164450373a3c6f0eb0b8fdfaeb43eb936866	f244200848ade8fdba083c1b77ca025f722fa856c880921b0024bd8a0958a0f5
io.tcp_exchange/argument-3-9-^	status 1	f968e30caf11b539aa1bdd38d497116917443fa6c988d2c5dccd0769ca9b7274	25126d12d6d536bc7b3a9e66c843a1c0d0b34b87735d58eb49cbaad0a941f21b
io.tcp_exchange/argument-4-0-plain	status 0	8d003d3c833b3b9690b9e21228a9b6300f424af085ca8bdbcb989e6b165b7167	bf2e2b8cb2986839604652164080f8eac55e43464a34a212c599b84b5b002076
io.tcp_exchange/argument-4-0-@	status 1	5c80b3fec72420cbf7bbc9d8dcce55f5d74fe397bd3d6b901fdeeb8835323d5b	70956908f58209c1a05b23b68ec86a1ad26cbf4a2f8ed2110a9ff92dd997e454
io.tcp_exchange/argument-4-0-^	status 1	4a173f510db253ec0d55465fb1c62b032936dad81de37178b2042afdd55664e1	25dbff9a1e2ba74707611756a4af3132c48ebecc241da0a037ccdabb41a8764a
io.tcp_exchange/argument-4-1-plain	status 1	df66662e7c4a9c9674c47a190a83478214f182791d0a601f169ef2849fd4fb4f	b5c6568d18659c6bc86b4e2496559efc394d41fea624772e63758c2e5f8261a9
io.tcp_exchange/argument-4-1-@	status 1	917c706ab4fe0385e44dc139dab5d00d206ae07d79c59e1f62b43f6ce16c466a	560a10551897d371701d58dec4ece3417ded700b54ead922592b0908c97f4b35
io.tcp_exchange/argument-4-1-^	status 1	450500ea1035f53da7ff09ad68e851cf26ff5eee14b804298eb4dead677814fb	579a96d55e1addc39fbf70363af1e5196c4304b9bbec321ef90a7e94a0b5a926
io.tcp_exchange/argument-4-2-plain	status 1	ec736ca9537393501fea340ba2c22651745c790f638924e508ee30cd34c00eda	8530925a8b7df4a176693cfba2de78bf52194b0aa252f44e6ca2f3252ec57c57
io.tcp_exchange/argument-4-2-@	status 1	0d47c9b121cca2ba6d21a1736090f9e595e9dc6de33357936ff54257d5cca7bc	10ef0e948cc182988753bb34fdf75fd41676cf94cdc8fedf0bf281e4ef539476
io.tcp_exchange/argument-4-2-^	status 1	02c3482b300178a611a0e8f8496cef24266f993421112b06d43a0e67558d37c8	173fd072c0d26cf891708cecb235df14ab9c6f25a418adb159a41a7d6d49786e
io.tcp_exchange/argument-4-3-plain	status 1	c46f532b4ea543b3fc033da71268cca44d4f194777fc7d79fbea8cbe3418a93c	e31f7ac4bd5211799afd131ea0fbf3a985b20e5e3a799f93bf5b7ea16e8a95d3
io.tcp_exchange/argument-4-3-@	status 1	75b39e09632668576575de7c2e44047bc2dd1d568192ec0fe98a6bd45430e934	13f983e3b225c4f1fdd0cf0c9cdb411102e3e4d9af8b12c24ba67e22a427d261
io.tcp_exchange/argument-4-3-^	status 1	de2b1afa471780c8dcf9df05a55e8bcb46b2c29e323d4a17761954cf3819f4b9	1b7fec183fad5baea9a4e77182c80bb58b9aaba92bb510d28a1792e03cc7ed5c
io.tcp_exchange/argument-4-4-plain	status 1	82c478685fabad1ed838d38d693f2d85ad368d358657a1ed1f9c2c144a99bca0	b2d2f076ad6eb7dcde033c60bb0e55e2f7085fdc25265e0bee8ce12ba8888ac6
io.tcp_exchange/argument-4-4-@	status 1	b461c4155783c6eeb688704547dbe7901f279d3a0b364ee7f050848126d4284e	20ef9dcff93fcb447aceef0f1cb27cdc6e61d0a82e80536267f3785efb2cb556
io.tcp_exchange/argument-4-4-^	status 1	c6ac6e230c7efd881a0796d4c5f2f0890ecbdfac666974fdd5497ed6bfe8ec82	7dd1e2c586a1642bd712b079d7f0880ea330af03ee6325ad84964f308ee8c5d3
io.tcp_exchange/argument-4-5-plain	status 1	15e242b040b77f287656b257a752f18da22c4d372653ac89e4d6e0b03294031e	4b70db0fa647261ae497ddca1eeacc9d93e3660e5ab483b7b00955acf01f3ae1
io.tcp_exchange/argument-4-5-@	status 1	43ab01deb4ab2901e918befe75651703a6bc0761c10d68858b028a6152c6d1bd	0cd3076869d66540eb3628dbdb7f3fb96c7298ab1d2ffcfa444cb92827086867
io.tcp_exchange/argument-4-5-^	status 1	1b3ba54ffb3ed19b5fc1cecb7a731dac2d1ad536a89f0a36072633e86abc66eb	c2e33cf254914755550f42358b2b5dfe678f217c4b30dfb93f9a9aea8376e9a3
io.tcp_exchange/argument-4-6-plain	status 1	4220587ef1c325a7d9ac18df65a06684e4ec5792bd479b1390f3958b90edc9e3	8bcc2e58d9df4efdcc6b576178a3d156f9b42d59e60e04928f2899ae6c207cfc
io.tcp_exchange/argument-4-6-@	status 1	4e63f7ab53804ddd29b64bd55360e39fa19bbcd31d930a38521845c4f2e1f011	3ca4e94654a29aca39f74a25ebfb9cebc9235b96a2a550472de4f063d6200775
io.tcp_exchange/argument-4-6-^	status 1	7206985e8d5cbb7c6a69911750d7df02def649f26a905da467512f97a31b57bc	ae2916772672b1a0cdeebb28324d33392974ff9e077eb1fd8ffdd3f43d99d4c7
io.tcp_exchange/argument-4-7-plain	status 0	3ffec14b31bb1e07284a9343d49357898dcf4ec35295e0188734e2cedcad5483	6d9e6c31eba939944f8f43756815ae26aa869f7a4763304119c9c61b313d4f5c
io.tcp_exchange/argument-4-7-@	status 1	4827656da1234c227af556f839a20049cd7e7f9e6edc3f86dfb6029f9d684b5e	372a79a046d9bb8637b89bb5608780eeeccfb139aec545298d885e82a51c3041
io.tcp_exchange/argument-4-7-^	status 1	807ac3f9ec738245e565ad3ac3d8de701c6abf2e24c63a477e5607e12396826d	bc8ce6b11260c6c59f1f27bde8fa6f80d90f2a15f7c55cb156ca35190deff1dd
io.tcp_exchange/argument-4-8-plain	status 0	60b533abfe0532f6953adf45a223f887e5c2f14122c6239ff094b96b0d67def6	2575647be7018ec2bb4c15993e7ddd0aeb9b46703647553ae26c56dba3b67385
io.tcp_exchange/argument-4-8-@	status 1	8a653fdadc3bbfa0cc4f346dc62c71284a751dd445b43942936d4a1009d83ea4	571b209f77d8f3f6af823db7a3200067d980a42250e7208959885c1d78658938
io.tcp_exchange/argument-4-8-^	status 1	f0fed66cc3b0b52438594729115efe72788b901cf044bcc1e52396fbc1eb3135	4e1e6372139b48adbacfa8f07efad91b0e297d70d8d2e432217be3acaadb75b7
io.tcp_exchange/argument-4-9-plain	status 1	6743e056fe1c8d52a188ef061936e2a8eab8a5e449d86fc5ad52cee1c4ee8d1f	9ce85c3f97092b5ba7c26fff7505f9d642a6e486230aeba050d53e934103279f
io.tcp_exchange/argument-4-9-@	status 1	d3a9dbf5e305df88f410d8f9b16537b6a34b37df25bf186ca64696eca9fcc523	d75b64849e084b8a674cb75fc98911e27de4dbeb21fcd8777af8640476ab5c0e
io.tcp_exchange/argument-4-9-^	status 1	b387e119332ab9ee9269cb5ccaa8ca74cbc9a5eede3e39b8454eed50c900b6b5	aa3347437a46fb025c26213a92439fdc603dde1bb7105c69a57a93f5c70e26f4
io.tcp_exchange/argument-5-0-plain	status 1	c90ca3e6b862f426e297a9e1c641b87e5084b881c93394d968db952f0baefd6f	2ffb9ea46128a8538ec06cad477db22f386325f6b038febdece18a0623bc9fbc
io.tcp_exchange/argument-5-0-@	status 1	736c954f47f8ffeffb15dc1042c82e2b74fe0c72d6f31a45b75f2241da234d3c	e6dfacedf9c129ab3a9a65f7c7ac681b62cc6d9ff7eae4a1a4abc2c5fbf24039
io.tcp_exchange/argument-5-0-^	status 1	e6f84a0e8216956223b4d6616681454e093ae8f9f508ad08110956f4cd4c8944	4beb210d4095a32f16a3a0af9907eb12a0d840bcd1dcff47f0dba82e8224d42d
io.tcp_exchange/argument-5-1-plain	status 1	ec67795e88b88083d764b553390b1709d740b94b0b22ff8a0d946bd18a45abbf	773ac5e485f464374bf4451f404809565fbda4b157c2eed05754b5e2c2121236
io.tcp_exchange/argument-5-1-@	status 1	3899ed0f91023ba6bca92c978526cdbe8fb9ff15ce8a9c31633ab988056050ef	f66f50b7adda951fdb26df6a1691955ee150364cb33bbe6058f3baed2314170c
io.tcp_exchange/argument-5-1-^	status 1	edce359dd496ffb6eac89244ac375caae35dd14903260f8e15a7b14b11703631	7a2524b48b04b896e9fcb596189e4e526aedeaad80eea438af7b4b7b910376e5
io.tcp_exchange/argument-5-2-plain	status 1	4481ba7ff685227e30a6bfd887fa3bc3cf70f07789da22b41a7d168b1547bd33	ad49836f8b55ce51446df0f64b0e7387ff9334f26cb140fe91b92c5928942d8e
io.tcp_exchange/argument-5-2-@	status 1	ae5922fd70df9e1bf084d0893020cb83f9e636be44517d9e62e9f283edee2932	c8d47c84de3009701d2b0dd471ea87665ea7238defe23b81c403c4882db01700
io.tcp_exchange/argument-5-2-^	status 1	6ec0a1d3a9fe9408616d9c7c2b82400aa1eaa1d7a75aee0dd51c193055af6da6	5083b910765ee54af2f563829bf6e097a15b92879ed54f510f7a5ee5c2e10043
io.tcp_exchange/argument-5-3-plain	status 1	5725fc1431ae2e8a3e8b09484c4196de823665eaec9e02af9925c3dcfdf70b11	bc654c4016297887e998fc60d79b85ae6ce9819ef833ce220bda7e53d23a3018
io.tcp_exchange/argument-5-3-@	status 1	ab8d7cc457b876a833faf611e8621cce3b8550f2e810a16f6668f06a189a7311	a6262e9e96048cdb476bdd0861197923f84fe7e79570c451223f8dab080fd223
io.tcp_exchange/argument-5-3-^	status 1	c531477d8c767b6934113123804651e0f1d5ba6190da1a3fe29f707f27f8a25a	d879a35080db4dbd3ba43c98c5c57b77af1223d828e9f95a38a91d2815d47649
io.tcp_exchange/argument-5-4-plain	status 1	c5ed034bd876f8ce2da60cd588f3aa5549088f13765b301ddf84a281948fcfc5	6499531bbf4d0bfda9a9052eecf017a575be4f42e0d64c7e0a558df06a839e24
io.tcp_exchange/argument-5-4-@	status 1	ad9e58f445d38b56160dbf3b796fe56c1e5c3f46d799a053456c76e32d845dd8	383e333c2b27f193e6cfc35e7aa954be45b30798265f486cdb9e1be77edda7cf
io.tcp_exchange/argument-5-4-^	status 1	0bb3b5cbc9a397a894230ce0287efa8686d834d43dd52d9aeebda3fd11de483d	a659c96abc687eddcbec98e8226a93328aae27aeb0f8b7e05622b39b9c0c5e89
io.tcp_exchange/argument-5-5-plain	status 1	98a6d30b6e87be5d9890a09fa6f188312182831789b8cdd2e5b1e91068699ce0	ea5195b4479c5a618f1caf5dace410ff18c43cd72b49978c351da95f40d0cf1d
io.tcp_exchange/argument-5-5-@	status 1	08910246e33dc22f657509d7d6ad9314ce2724f17d828290776b268d276dd8ae	ceff00e8314c364b4bd3e3f8fc2bc8ad186420dec3cfd113c62f7a63dec58abe
io.tcp_exchange/argument-5-5-^	status 1	160012a8bc07162af55190464af0a4f0ec1781009e6e5a472ef0e8e37357e86b	f6d4bcfbc6de8ea23014a8aae8a9323857f59a5a40d67580d60de9efccd3f0e3
io.tcp_exchange/argument-5-6-plain	status 1	5a919dcb5f982ed89e63550a77bcbc5023855e59d2dc08912dd7faacb1d268c6	75b627bab4c971cbd9ea8b262885414dba5caa828bbbd37ba521862d5c567205
io.tcp_exchange/argument-5-6-@	status 1	44c2deaecc0a853a1945da9d5a031afb12458187a49df6ea232884693adcc539	2ceb1510ebae561aa27fecfb6a053ac3f95675236affa2d31dc350e3fdb1f27a
io.tcp_exchange/argument-5-6-^	status 1	c2657160205f0462f08be80773bd610d2679ccd9522f193a706df4e3d93b808d	0cbe2627854cebc206d213dfdfd78efd4f9455eacebc0ce0e9a6e4c0b3852cce
io.tcp_exchange/argument-5-7-plain	status 1	15a4857582865bbf80fd17b22656a7e5233599edca39cc710fc3125b8aa027c7	2d389147e06940951d9de885f24229c5ae010a5b8399ce3c292f202c1af28af8
io.tcp_exchange/argument-5-7-@	status 1	606e8b6391b1a659e621dd87fef5c435a331f66b0140d4b6d1820ec6bd51b8f0	9cc6c5d56d7c88cbe47b916d016fdb54a385181c79aeb096e189b795db5fc9e5
io.tcp_exchange/argument-5-7-^	status 1	d51d4476db5cd684e5665e3f197a5a652af3e81b38a7a3122ef13ffbe0dc90e0	ce850eec21dc8ea837193b2f5f62a67b877ad69c5ac9355df90bcff428a4de7e
io.tcp_exchange/argument-5-8-plain	status 1	650e87512e4b5dab34e3736831f379e5c2aca2ce5afac0c063d8b5a1168f458c	353fa4be0a741e8e71a35a8dae33503891fc708412e6b54838650c833a953a47
io.tcp_exchange/argument-5-8-@	status 1	6502242753a4e518b207a3b4d1097f8e15092785cab2abbd7d4631606c953a0a	ba1fdb6c18b5a1eda9990dfe8b29a28bf851a0b485925ef4ac1cbf383aeb1335
io.tcp_exchange/argument-5-8-^	status 1	5b0237575a07e23f4a369b990556b4ac4207a0b74fe347a693c113bb991d52aa	ab3fccd44868c9cfdda0ead26f8cafa27feaab43e0d90ca5c05b2767296d7176
io.tcp_exchange/argument-5-9-plain	status 1	c290c06dfe127a2f997e5a5c4a6643a39a432853290cd8ceaf2af9a9202d38fc	f86e204041a4c41f571f071d6a79a11e237b2a81750114afcfaae8ed8e1b84f8
io.tcp_exchange/argument-5-9-@	status 1	79cab44b73d62dfd8065f23a9126e83821fccd6af765a905039444f997dad8a6	fdb87d92982603e3b36769ed1cf195fc4dd73abebd870458b6b1222c1cc4e5ea
io.tcp_exchange/argument-5-9-^	status 1	a113b067220a9d22efe391fc9e4d41a02ad198619fe0bffc31327b147204911e	6b136090b70e4081d4651586f824affb4a96d8f0acbb1e8e08c39dfdd79c8cb8
vec.len/base	status 0	1e5159c924b3a4a388bb91b6f739211fc43d2657added3034ed5b5bbb6030e70	5a6aa8cf32b51edef2d4cfcf325467ab4821b54d625fbf92856758ca2244a28c
vec.len/arity-0	status 1	3c2fb8590b5bd117ce789389b94d91446dff0fb98835301ec943e9d5776db2ae	3a65d6e0a9deca4c80b0461f350799d92d4b8f602d27199163ed141f7e2ef582
vec.len/arity-2	status 1	89ef161842384573863d798c5dabe27d8b4049f05db7635bba812ae824597b29	659aac94a2d6439614fe7824d63fa0f791fdfa7190c6cb280222f487ec867c88
vec.len/arity-3	status 1	7d5ebb23a906ac354c94ac3e240b52173f05b4744c869729517efbd683786de0	9cb47ae466d0f3687eca493892cab48558718ca356e85862b8975bf159ddc1cc
vec.len/arity-4	status 1	54746dbed8406cc535ded30412c415a78d96dc91351b7749077bb4b4f74d37a2	2f5c17047b3dc7ae89843638de07d0894a52fb6c095b36cd6b0e6e8a5f5f8947
vec.len/arity-5	status 1	71dba3c12cab6a0df724a69a082806498511674356945cf5397a614f66b35631	17006c3d59d1a4d4e94ebe91ef325fe4e8b8ce6d42bef8067bb31be05731700f
vec.len/arity-6	status 1	75008c5d0a06431425e2cf832369f03924690b0996a2c72781a7ba3cf5eb1fc8	68e033dd0c7224013d91213131eb51a798804205e85b81953c196e6c697d8680
vec.len/arity-7	status 1	a72c89fb32228b8c794fa973dec890525df87307a3a5d3013a8764adb99934c4	bfa922e9a3827f5fb5c301cc760dcf6799214cb3c5e9f13e5afa0e1bc0f2bf6f
vec.len/arity-8	status 1	715bfd543f4c4dd8a1e42dd05e89f8d88b8f2a37f95bbaa93e568925569ff81e	bf688437318fb1830bc7bd1fdb6ea96a0a32c1a2a47b8ec6fdcb013cd5db7ed1
vec.len/argument-0-0-plain	status 1	23b2ca1907267190d1f3b76c0d320b5e19ceb23ce151f998186bfacda63fd7cf	eac313607db263ef9b2bb2f61a50f974dd8b38f81ba3e32bab67ddb2059a5839
vec.len/argument-0-0-@	status 1	d3e163ba95957da7e1ed1e5ab7d7760180df8d8749c1e518370683a4bb89630a	5b1ccdb1fc353e73008a6bebbb52dbb46b7d20ac8ec6fa0dddf3697b93b30107
vec.len/argument-0-0-^	status 1	89b793c32ccb912911ce4571ea3295f089243df9be9336805a328cc45b3987fc	749be7c2c0c52540d9e485bea90e508393e8aa3d1a4eac47a04a8c2fb5fa18a3
vec.len/argument-0-1-plain	status 1	e71ffb6a858b1718846c104bdcc9ddd017d055e59e4d76091ba5070e32c1606b	a3e7d1179cbeb2273c52d81053d902e72a68703c890dcac8bc1d2c02136caa60
vec.len/argument-0-1-@	status 1	35c7348cdecfa824ed379baaf28d860d9e57403f83809fc75fb8bce8ad58534c	e9fa7a9768390847fca0a4acd33daae83d2e53bdb610978b54d61aa6d2549dd2
vec.len/argument-0-1-^	status 1	586cb395fa2deef7427bcb165673752960227618d1c1f7103fcd68fc6ede897e	d9ac317cab63e0e8a56f2457f3277bac57dfcc8314a18ee345cde666c25c34a2
vec.len/argument-0-2-plain	status 1	4e12525dfff1c3c9c165d7d2a1a94fc31408950a5f88b41748858f602c4de59c	3b80a8afd2009571f022a1e810229d032235b9585c7bc4ef36f8e18de8b38200
vec.len/argument-0-2-@	status 1	e9a9f0948cdfddba7f659e5b2405f28b95fa0d354087f2768f2d5ef0f352f040	8c945a325c1e852cc217da3a60bb0c408249953ddd27cc06fc04a546cbf5628c
vec.len/argument-0-2-^	status 1	001b69db71155c0337a2f7773ce74ba383efa9720bc46670a7aaff1b3a0e7de2	471f3090cd4d7f8d4a9cbab6655435e1393a2f0a10981291c3240dfd12e61823
vec.len/argument-0-3-plain	status 1	97da3a2347464ad6d6344fb3afbca1091e4c49755991dcfe753df10388490fb6	a2c6947ac27dbd2a76d506c6ba3c2feeff452f3f5a2c0a4d7065deb7704052f8
vec.len/argument-0-3-@	status 1	646e31645adf45d6017c81c2a694a7c6e79e32d76d162f4275ef850caa627080	5b060a60d32f23132ebb2090279d19d2b963abe433d9ccb8e30441365488291c
vec.len/argument-0-3-^	status 1	9f5b241b3b1e2edb9d233982a4fb4336aebb32e1f00e4c5cd2834c698e09349a	89fec4dd3959dc9f51002f9025a31cd30d06157ddae654309d694427507b0e54
vec.len/argument-0-4-plain	status 1	111bbf4f344738e280f3e57d200a133d5f96c019c75d8650e516d067593ef20f	80a00e3141da5cb3524605e0e89d68efa4eb039c5bbae53091f3658714fcc0bb
vec.len/argument-0-4-@	status 1	2f10c03622854a8cf1163ee8e82c29e03b1b81b08ca0e2c9a212fcddd96e541e	0c59d7a4000503a09190407a388df4b08d08d1894a307e6b18c05076929976cc
vec.len/argument-0-4-^	status 1	442683e5ce5d14a03a6548abdda2e79937390417528c5c845087e9438763db34	5bfb75272291c17fb4947fe2441b0d9cf4caa20977096975f8dd8cf6433e2e2a
vec.len/argument-0-5-plain	status 0	1e5159c924b3a4a388bb91b6f739211fc43d2657added3034ed5b5bbb6030e70	5a6aa8cf32b51edef2d4cfcf325467ab4821b54d625fbf92856758ca2244a28c
vec.len/argument-0-5-@	status 1	9b5b58f75d8cc30c20fe1ae34820461bf7378fe562d39293fb7281faf3fef1a4	4e9fafa5d9d24199d0c7ef35694cc71bc82a189e906ead3c56a2ccddbae8652c
vec.len/argument-0-5-^	status 1	816a28f1b1be8b142da2b5cf1b2f49b5d3a66b13f3688c8e1c78ba74942915ee	933e8e63afb39dbcfdd3f4c10713790c0e77a7e8af2f350621efdc946a166068
vec.len/argument-0-6-plain	status 0	aaa780759a0356aad91b6d4dc1eb412002ee0a4b30d20827e635936bf5377246	58876b114e068634666c1e4e1164c759adc9defa650ffd788f6ce74f1559d3c3
vec.len/argument-0-6-@	status 1	96815e1382df55fe410bbb0a50c4b59921d15e6540b46850f32f795cb1ed0832	d7a0350327aba9b66558867035e904015bb676a31360f4d36c1ce6a1b5505d86
vec.len/argument-0-6-^	status 1	6841ed60b5ecf292ff691f77e12252e0c7bd3181818c96cf9f645c1c0b09cc00	2a397e8058f6d95269fe825ff8095f1a3ffa212ab0f2dc50b3332f929bd87f47
vec.len/argument-0-7-plain	status 1	1d3e18a61eb097e746a47fa71d77bc457da80b2edf7f2957317544336a6ea6d6	a4369367cfada6ca529623f2c583328d4712f57eb4217810e573aa2899dd2c54
vec.len/argument-0-7-@	status 1	ebf46e1f0ccf38fd7ba002fe3b86dc9ff6716218f5cf335f7fc6427b3dd5a5d6	43ec0fcc8f1b14ac11d869c2531cb348a138108e7728fbd8c2863d22238caf8a
vec.len/argument-0-7-^	status 1	48cdfd864b7935fa1eda7eeafe374f7f9bd695a4bc56e872202e32d8d995316e	198ef41e575e5ce650b3857bac7188889ce76cd9a40eee4610bc93e7e4d44525
vec.len/argument-0-8-plain	status 1	d9d1ace7afb2ef62e46efc88610d456b9124c9e3119dbcbb6dbc66fd246721d3	29dc5f98f62ca94069aa387814c4490e51daaeb201736d9f969453f87659bab8
vec.len/argument-0-8-@	status 1	c7ed04d9ad1571917974992c42a1445fa06d7b46e5228306950a45ce29544c8c	cb76e485f7e2ba4907e0473213a1d9934fd831b6e3accfec791321d3878c59a9
vec.len/argument-0-8-^	status 1	87bb179504103740e6c57511ebcfc31fd27232795b714f72626fe21ef03fb473	e98a64072022f5371a334845752977e82d2e6abe0c00331d8c0d5c2bcace3be8
vec.len/argument-0-9-plain	status 0	a6006aaf86bcf2b0379dc1558e728206b05242e13da368aab363583a01fa12d2	2c1a18b7d9f4855790bf679343fb5af6e0ac19e6a499af3b24f70fdc6146291d
vec.len/argument-0-9-@	status 1	d33a7307f6a37f923fada8773ccfe39323558c8005698d3ef5ccd15b3629e4b3	6d324622350acf47f813a9821aad654d173c5c5b1b2cdae6d9cc0b1e6106d120
vec.len/argument-0-9-^	status 1	7e0bfbd19e09c27d381a03b28773210842e1c5c7bafd40e14ac894cf4212ecfe	1c41f2fa61b5f6a6f54e17ab891ab72665bc5863a14871eedb2ac109ed70b199
vec.get/base	status 0	ddf7bcfe716ae15e3550706654c12f77c6ff55f91aee18b3f68aca1bfd890f48	65a345dc59f2a099006933b784218210b30ab83ce7bdd29229e6c0bcdd21bed1
vec.get/arity-0	status 1	bedbb14faa8e6ae0ad9da6beca773e227608f16db3bedf32ee327b7fcd7573d1	3a65d6e0a9deca4c80b0461f350799d92d4b8f602d27199163ed141f7e2ef582
vec.get/arity-1	status 1	ce416d6a4c777d7f81de7d4082e231f6f238137b4772ed17856d77062f350313	6a34131c0835f7ad4ada4e1d076c021735fb0e93ce4024de3fa4710af90a6068
vec.get/arity-3	status 1	f0cb424ad60ee9f78db1c5a263c2960f16f7796c48b60ecc6db160fa85caabb8	9cb47ae466d0f3687eca493892cab48558718ca356e85862b8975bf159ddc1cc
vec.get/arity-4	status 1	4fb4d0d5b847fa982d64be77e21bcff9d67f21f2e38dcca10cbfc5f879ed1bbc	2f5c17047b3dc7ae89843638de07d0894a52fb6c095b36cd6b0e6e8a5f5f8947
vec.get/arity-5	status 1	5f1066c0cb90c53f9c3f5c9ef00968dbce731cbc5354e162b7b45e274f96ca7e	17006c3d59d1a4d4e94ebe91ef325fe4e8b8ce6d42bef8067bb31be05731700f
vec.get/arity-6	status 1	721911dbd955b3a19479399dbc5e12ca5e0509ef7c6ae83d30ad6d7e07545232	68e033dd0c7224013d91213131eb51a798804205e85b81953c196e6c697d8680
vec.get/arity-7	status 1	cd61b1ffea26f2274697da3c80180391548e5132efff6ee444832ac02f4886b4	bfa922e9a3827f5fb5c301cc760dcf6799214cb3c5e9f13e5afa0e1bc0f2bf6f
vec.get/arity-8	status 1	a3b99b96008c615fb8b16d05e3666c32323d3cdf990b7a42ccdeb0a96c6cdce2	bf688437318fb1830bc7bd1fdb6ea96a0a32c1a2a47b8ec6fdcb013cd5db7ed1
vec.get/reversed	status 1	695a0402d814998b577da306360e0cbfd16ebc6ad4b4429a55d661748bafa9a3	bc12d024e9f66922673f10b651899fe02bd4aa8355052dafc975b218a0b8fb11
vec.get/argument-0-0-plain	status 1	23739f516db1216099c794ca34e3f5810431a324c688160a50c9d83e2854737d	fcf4c06e0a8f4cfa37629a6bbce227c4553ca68f8835bccca0d425c22da8e13a
vec.get/argument-0-0-@	status 1	1b9cbc8fd68936fbe02c6f751d659ebf7ba98b1cb3f224930b6f2a4dadd2b8da	8b6dd64f7a05f1b24023efa103b38dc836d2244780d87f3d531232df8a139f77
vec.get/argument-0-0-^	status 1	af423fddd6b29a4713a78f16768067d7ce5a9b2f89e80de5b0ea65331eb66de8	fcf8d1b308b35941a4c47cf3c0b6a8ba7d9286065baefa593cc38de3b17639bf
vec.get/argument-0-1-plain	status 1	7e1c7bafa8c9bda5c94d2f24a518ebb7abe41aa420eb1a0c7191cbee41039eb7	493e679311d0d7fd95fa04b77ab8c95c88b5afc1618ae53e5e21086ace949e17
vec.get/argument-0-1-@	status 1	1d1e978a70a8a04fc41986f085203b1debec95d2ddf43a379475ea016bc8a45f	63ab7d977aeb4246faca23321c48a3744e49b7386df1c9c89f22f4eff0f4ad91
vec.get/argument-0-1-^	status 1	27738e8be74510df15e86572a331acf4276ee539140574f6fe5b3957ead26c07	211e50d7a162dbf97e6d3a3a6a70de558530c7603cf0d53ee26821f4718465b6
vec.get/argument-0-2-plain	status 1	25942cb885d5e1beb73d201d3dafcc2d927e985d54b7fd0332024a02d3e33897	f11fcb3d931170c40ac9e949aaa820ee731c74963fed7633b7d62f21380034ee
vec.get/argument-0-2-@	status 1	6bf5353e8c6989a359c2e34a2adfd9a9c56ddb7f908165613df18fadd3fe275b	a6f295cbed5b04baf24eef2e65e464c869a58ea1f471d798739a5c819156f35b
vec.get/argument-0-2-^	status 1	50bb536e74acd16e5850d66a0fd6ef9718edf2236c47dc46f81e7f1cffe39853	33fe663051634449463f6118f11e1c4011e9e978c4ca2865c6e222afffee079c
vec.get/argument-0-3-plain	status 1	d965f44248351a6d4a17954689734c70bd5de63e284edd5996144a8e5903c562	6f78a014daa356deaf82a6f3ad4969eb473b5fd90ab20b6fe599610c2a862022
vec.get/argument-0-3-@	status 1	907d63fff2779366025ca56bbf0510b10b1531011223fa7a04e3e1d31d804348	235695eef093914ffdf06d79c022f96fd4dde5da1bedfa8b641c064f6f683bb3
vec.get/argument-0-3-^	status 1	d43fbe82c288e31f402bc9097f3b88d0d03a20537390aa4d44c54b1c67f4c0e8	478e0191b0e8f3a026694e9c2594f0e6073dc32608555a3e0355a0713ae4c251
vec.get/argument-0-4-plain	status 1	9b78895549fe09fe1febff7cacd81e0a1a0d7c534bc66460598ab5e20295b742	1360a8ab0e8c1f65fb103f06c5140b1519ea49d915cccab246125c90646f54f3
vec.get/argument-0-4-@	status 1	eea52d3db2600b615665d9ecb5e33137f5d71ce98d5e761ff101fdc05fbada11	71c175a200a9666b131d0516903643209d105438bd495c7d5a1cc3a963df7c3b
vec.get/argument-0-4-^	status 1	c21b854c5cdcc7739075ab382df3d3e70302a042894161de40ebe295c33e83b8	ec65175ef0e5fd989ea2ae91af61abaf976565543dc0034f01d7265b590e12d4
vec.get/argument-0-5-plain	status 0	ddf7bcfe716ae15e3550706654c12f77c6ff55f91aee18b3f68aca1bfd890f48	65a345dc59f2a099006933b784218210b30ab83ce7bdd29229e6c0bcdd21bed1
vec.get/argument-0-5-@	status 1	9bb5bd7c97c4b429d1d0e8922a7704cddb77048398f295917b89967b7a0547ec	95a242223b3c87091ca106b9d40162978441363a33e1d8fdcfd396154f3f8707
vec.get/argument-0-5-^	status 1	12c91d5138a6778f6b7173e3c1198acd037673332135035cd0e2ad7aec77910a	f04e9bb476b2248c602a5e5293f4b4fb16d71028c1d1bc494dcd947d30e630a2
vec.get/argument-0-6-plain	status 0	b52ef0c3c389f59322f5ca89238c1a73371a85482c612090ef1ac99aefa7c3fc	09703826ab3e73919d51ce2cf48d19d3c8d25bdfc68c8291df4bd004f3384aff
vec.get/argument-0-6-@	status 1	41cb02aea6072e74ecd68387f03a2b6cc0b4d2c6134068bee8d64127f29a6b0b	1afd4be9a3d57089a0ac4554fed45c95be0610544bd18ad22b2842e29f9dcf62
vec.get/argument-0-6-^	status 1	2d89b41ef718198818961193a997e9876fd3c828be58ef1796bd53e0eeb9b503	a3d12d9222fed6ed9937453858733ef66094da2a3d0a1ac8b7c4bc4f0c75c6d8
vec.get/argument-0-7-plain	status 1	d412b7d344680d96b87fcdca1f59d7e6c4db20949fc5ea3b1fbf7d229bb8c6c1	19af0135f15f980d57e500cac429219ebbd7d3e043875d43434cd4035648c708
vec.get/argument-0-7-@	status 1	e473992737c732ba984b871b608c4b1ac126482617fadf2e8995c9643e7fe081	9cad5a82641f971e6b017ae03891a11e62ded1395a02574dee14e0db0b31e89c
vec.get/argument-0-7-^	status 1	8a7f11832356fcf63051fcd598e8083775d1ae894b95d6b9047bdd7d0b077b27	6d2f9f952ce727f278671a531c66f1a0cb4c9a8f3f4b3b066f90abc74a47d645
vec.get/argument-0-8-plain	status 1	309620fa857a8f71424621d3f401bb09ed19b92a4c10843679c8c53ce1bb99f3	ab822b83e60f30cf82618fe62d66ab0aab43d82799d5cc4ef02a28313e1c5147
vec.get/argument-0-8-@	status 1	82aa11c5d23bf452a8e3383e9235bb5738dbc3546a8d86f63e8b7fafd396d020	5ad5f238f6efb0065bd247f0c601e634a7558ea501c8bcc3f61dce2fc1441f4b
vec.get/argument-0-8-^	status 1	7703f2a1f072dc6b8b06590fdfe828fba4565f23d441af944a7861cf427f363a	8a4fd93c610917dbbacc91c9e5a66911aba1a9d8bd2f9a5d65d1ce01ed5bc1d2
vec.get/argument-0-9-plain	status 0	b5be640804dece2b15b9b4ec945ed0710eb2a55e976900f17836cfc2cc85712a	4ed636bf6202c7b34887fb8ccbc7fe51dacb7699f16e1b29c16114f0117c1f1f
vec.get/argument-0-9-@	status 1	2cbd5022ab69dd18f083c129b8c671fa5812fdc0c9e697a38c071b7f5d44b5f1	23243b68827a2dad6119346d9007c7b4cbc92ec8ee5010a25846d8e63ab9af31
vec.get/argument-0-9-^	status 1	b3e08ffeccbca899f6e18680fc07002313ce402d5141ba1c50d25a1da8eb1c35	c904f0b2a7ee71e2d65537c282d887e5d007e7d33d23db637b579eba46811f90
vec.get/argument-1-0-plain	status 0	ddf7bcfe716ae15e3550706654c12f77c6ff55f91aee18b3f68aca1bfd890f48	65a345dc59f2a099006933b784218210b30ab83ce7bdd29229e6c0bcdd21bed1
vec.get/argument-1-0-@	status 1	baba8939ae4ace580d961160cb68737ad4f301acdbe8d87b2ff3b1eba3fbcca6	a954bce6c1543d43e02c9c2182ba61e35e650b77793012b228b7e5d246cfce30
vec.get/argument-1-0-^	status 1	d926e32ddb0e0481cc9b94aec8823d3aa72d4d1a42cbaf31aa245afc594aa8d8	ae7753ce0d5bee2a1f52324331ca99ccb358a3ae214ced04192ebf62a1abbfb8
vec.get/argument-1-1-plain	status 1	3fa7fbf271073884d89d47a897fff7d2c7bf3e30f54f2402944582dba19be955	6a77262792232a19dc01f3ee5a2015729b1f1b1ae7c02f265977429c1ccf4768
vec.get/argument-1-1-@	status 1	e157fd9d6c98a8f0b86bac7d23cfaf120e29fa5a94661f65da14977ee541cdb3	e1b22de376adcabb24480cdcded17584893d82212081bd5b6cd6050932dd91f9
vec.get/argument-1-1-^	status 1	92a35739f7699fe627ef948a81764e23e14a2662501468543aa9bd2edb4e13c0	1c0904d4db3ae8667efea2816da367b5b7f73ba0af6d4aad1cb23d22d4fc016d
vec.get/argument-1-2-plain	status 1	1d48956b2b73c6c2a83a56edb57cbd7c9e679dc4a7b274257fb9f1a7f3249341	b6b09b1850c7f84d698472358b4c979c65619e2a3712742f7850a1c33674ce46
vec.get/argument-1-2-@	status 1	b090c49c73be2b549edb8b2309e3505f99a19ef6215e7dcb9b2e8d1ad0ecc576	66e02efba2013056eb8b935244df2e1f6337c0e182c66871306f9a8f99619b6f
vec.get/argument-1-2-^	status 1	2bda65359b349b1fe110273730f3e9fde527161d767f21e8ae15b4292bafc679	cd916a4f44d5bbb601a0209c14deec96b834b171b8d6e0efda23bf5c31b320b4
vec.get/argument-1-3-plain	status 1	7cac696af8a041299ad880af245a4944f62171682ba9d99a713d1a8a067ce3da	3a0bf6550c79fbdfe4a4284d06831572680c6c0bc894d950d80e5dcdf2bac8a3
vec.get/argument-1-3-@	status 1	cef2b150192a4ce4c004756b21140c14aede08c5769eed855540c1e622ce78c0	ceef91e119f160e53f7dc9b8eb37feacd220f1325faa57f14ec7e849379a98be
vec.get/argument-1-3-^	status 1	29dbd3ed1216d1d352919a1c9ddf2c5d53eac8e584dcf6df79fb300f4ef7bdca	79c90ed8958aa9411e78348a133bd85e6db419dd235ccb40217a29a1302b8d0d
vec.get/argument-1-4-plain	status 1	548a61be33ed2bce122a833158ffaae3119435814050b4fb2230ab75295387e7	479dc05558883896ea8507f2d784ccc89132a4c6d10929e0bc1228ad17fff630
vec.get/argument-1-4-@	status 1	fafe41e70edd44b25e095e8893ef3d0f7ecec05c7f1a79441db35a0b0fdc0f85	52e5417da02f193a6ff2010604200c7ef648dbd6dce520e5f420953220d56635
vec.get/argument-1-4-^	status 1	e568aa27bd8693eaa2b3cc7649a2683b7dee138850b3df3726e3140675e7609c	1342df887fb5d22535c7e7b36997b8c83cb1c21613f20d3e410b58e2d6b6d4e6
vec.get/argument-1-5-plain	status 1	abbe2602f066ebf27d95ee162f4970513f5b8ff44d52b66021d93c34f18d74a1	a4b87c502c385d2fbdd7c4ec1c203566d0cbdc9124749a49f143a918279c2518
vec.get/argument-1-5-@	status 1	dd5c48315d0744418ca7ec769d8b859d0028b972f337bdee560d48ed85ad18f4	4e848d6210927396acd1dee2d3c6a86687c64df759ff8c2096eb216cd363176b
vec.get/argument-1-5-^	status 1	c8ccfadc56718b12553a1bfffdc41a3a451db12fc891de8c4420ac0def02a6a7	05bbd857bb81c408916e24ebc18b951cebc75e764e56ad3f621fe6d0803d61d0
vec.get/argument-1-6-plain	status 1	a6eac4ff43ec27ec0805d6f28e9b2c8adab4166b81fb1cd89367a4226983b5b2	cf2a342e675667bb68b91d310784331a61acb2d1f82e5604ae0ceac8437f66a7
vec.get/argument-1-6-@	status 1	9f773608c334052c4d845ca7848e1bd529934e8d95516659979c535bc802a4af	4d807c697ebd4076b2ad61fa0649a2209b8f234bd4fdbef37223e73e2c8e89a1
vec.get/argument-1-6-^	status 1	c9319a5ecfb792cffb526071de5900db9ba8596ec47f2ce05257b5b539776c3f	41ff157c94aedbe467f07a8c14e9611bc073b804496d6afb4b781361af2b78a2
vec.get/argument-1-7-plain	status 0	fc963f0a5f0a708de6129880f3032370d500b1c6a78ae5c99a2bdfc031dac606	744d25d6abde1deca12c3bff340cc8f90d4056c2853a4bcdf256306adf4a6f71
vec.get/argument-1-7-@	status 1	f1f360ea543b12200fe821cf6164cc8f97b776c4dfde45e5764b4867af1ccfad	6b8faf0fef7e9323b1a5c035e5108fb90e2c2825932bcfee11885de18ef7266a
vec.get/argument-1-7-^	status 1	233a8c1cea97aac285fe521ef3eb52b92245f9338198ed192d0a9ea612e503b1	b11a954370a11a8dd81b9d1494628ac067a7e41c47273549d86c0a4b33860051
vec.get/argument-1-8-plain	status 0	19e276c8ae4a4413788e158903f8f7d6b1e9247784487e4c4c69708cec612b81	0c8a2ffa3044d862618469ffceca9a73cce3f11c0b13898734ee09ec157439a7
vec.get/argument-1-8-@	status 1	06f405b7f492bc691cd59426e9b8efe34a8e628d1d37479388b05e556ce31815	110a79103f2d140a35b375facb2b5d0ef782aa7cd11a8d3605d0600c1a2af387
vec.get/argument-1-8-^	status 1	2db8a90642045f87d24103ecfaba4e07ba4837c0b0b850f4b0aed3c2bf5bdfd0	53082be35751db3399e778f2946f6720ac04451dd6d2f4942d7f889519da9cd5
vec.get/argument-1-9-plain	status 1	306cc1fc33d19553b5713630f68d9552734c1fd4639153f44cb1b3c86e1aeab5	bee537215fb9b39efbf0845e0a515af0e504ca50fb092856d457f98849b066f4
vec.get/argument-1-9-@	status 1	d4b29f4b2411297db530240aea7e279768d65fc195713c3d18b4e983dcd8d1c7	47a53340dd658046fcc8755023aff114375feed168a9ec6dc55602d30947ce30
vec.get/argument-1-9-^	status 1	57cb9d7fed684d5c7ce7eb67f77c33ed98390421a8c0f0e038c5c26ae735352b	09d329e819aa626cc98d3bc941de7d392ee7154610dc280d5ced1463333249bb
vec.push/base	status 0	db8e9a7629709016c717eb11805f7ae8f323dfb42ce240d9643ec82b052e66ea	6eb41643074b9cf632a4e74a3eb31d7c398829e5b88287ae3839fe4db289e722
vec.push/arity-0	status 1	3c649de86c14ccbeaaf439fa4021774e4e5d7a7342dd4d53fbd6908029e72a4a	6f3d25630059fc1567d09ab8b0b99b12c610740af09b264124a3290bdce653a3
vec.push/arity-1	status 1	5d3535152d6876429973524033fb7830561d51fdec04a4daab41f8a6b03f45aa	bc0f9df6b3584ffa26ba86c442a92a42b84f733a376312582d70e9442c954605
vec.push/arity-3	status 1	e74c67218d91d7fba52ad966ce2aa5718d60e4c286ceec1b94c4a2689542cdc1	afc4c13c15aa27048d1eaee62ca136b7a64ec3351bcabe669336bc2eb89ac4b0
vec.push/arity-4	status 1	023a6f4122499021a79fe3aedac78bc946ef131628bca4f73acca6c9a48fc057	bc0654ae43ebf7481eb76b9994f083b4cd586c0697da1878b2db8ce6c01ade7f
vec.push/arity-5	status 1	9dc0d919c86d113ca9f2cf557390ea14839f8a4c4c9a73d70b260dd004b1ba06	ac368513772d3d0838f894d4721a46c7ac8e13dcab4a38eac881499ff542bfb2
vec.push/arity-6	status 1	3e34f88ca125e57d72f45f76ebf5e1e0f0fa5b8925b47333480f2099deadc41a	aada155fdf262a732d42522cb22c9504794ea85992e6ccb056890f25cd0d10d6
vec.push/arity-7	status 1	52b1b3afec4bb201b1c4dde564b5b45b571af8d7fc3dd975f2ba4d5829ec42c5	da899bc3656a3fe6eee46fd9b222bdc594ea07da6eacd2227485a7d0d694244d
vec.push/arity-8	status 1	96803e151c826a60ea40a56b9cbc810d1d66935ebfa74657ed101466ae8e26ea	cd4a6973f62989da232e25f362e9961c9ba98799e97c187119918225b7397478
vec.push/reversed	status 1	1784745791e4110d3b2bc5cae763aa3c531508cc9f74b0f435ca5586cc28b064	ab048de2445960c1826b853a860d42542472a02ce797c154597fd36ca2a7b512
vec.push/argument-0-0-plain	status 1	9097394390353cb3f985f1a96d8408bb84ef1e5b4f702006f018fd03217c45bd	78cc8a0f5051e9497d928b8f85cf7f3fb024da98165b58ca428f707e3d1d36fc
vec.push/argument-0-0-@	status 1	cd314f0ee5fb8beca16de67b6bcf8bb757f38ce6ccbbfbfd493a1ca25986f44f	0028ddb702735ab6335d246d60e7c2895603b37f37368868b3d61bc1a9c2336f
vec.push/argument-0-0-^	status 1	b85417cc288ed6dfda5272aa86c9565da2389f61effed8e9866b932c935dab10	8bd0f7bc5feb6a41aeb43ecd3da6c53daa93148ace5401356336d02c25f4a82e
vec.push/argument-0-1-plain	status 1	df96b477659b72ab186a085e0b60f3c995f00ea7de06521fd7d38467c9e62ed9	81d4b7ff3ee2088f5460f9365020b25b1667f2323913c7ab50f6e5df8cdb4c7b
vec.push/argument-0-1-@	status 1	c75537be2fc422f9e9ce21ee4faf53412a191f039c694a4a97ef93968751092d	ede950e425577feb1b39b65748b633c39de41e826944cfbd5d38985f5ddc03c0
vec.push/argument-0-1-^	status 1	064b7f215b443b1e451f020280c0fdd4e4f4baedf1781f1df3a8ad01bcc55bbb	7a4c139b84da6a414686f47d7977bb6950f1c6d6a8659431c40119cdd8e3ea08
vec.push/argument-0-2-plain	status 1	c67c642e9b033dde568ecae26a7d4930301013924043b652e6efd90d1e859b32	284c5a9949b10e73bf1ec2ffa3a4e772e025132d98f2da9f8bc77a4cb5ed155a
vec.push/argument-0-2-@	status 1	d84392b627dc5704494a81c61757febd9365ae4934b916ff34ca253b35120a92	5265ac48547ebc0588ab06122b2e1b0459ec697a6a59f1e3e9147a491d972228
vec.push/argument-0-2-^	status 1	56df923292cc7a3ab7dffd6683f940414d3638d24439852442348d6b5401e2dc	0cedec50783a4b10e4b3aaa0f1bbcf4267e27581cd98be4caa39ab7cc6c43ca0
vec.push/argument-0-3-plain	status 1	48cfa4fe44c126e9080e549ff0094ebc95234a6607733395c353ec0f1b122bbc	54034c2516a62b5546bf382ba47981a68a81067c2e1945b38172f36ad163d635
vec.push/argument-0-3-@	status 1	da4e12d2280890ed79915e5b17d155bb9717b7ea51cb64736e17c9330aa74078	623d14d99f7739b42435914103614399e89d97ba998b66a45a3888ed89d8a689
vec.push/argument-0-3-^	status 1	4bd9da10ee1ffa0c1b1a9a7b783286d5677349e33522b59ff5a3e77cb3a49a0c	1016adf4089c47d1b6e7694805fdeacfd8973e9c76bc1283b72418abf50060b5
vec.push/argument-0-4-plain	status 1	82325ec5e96bbb5367445593b9271bc209a8dbe22e1b6e12431209ca778364e1	84fe3d1a172f7955e3bfdc5c309713c7c01ce21b535d0b6366c956e0ad9f94a3
vec.push/argument-0-4-@	status 1	a45811a08a1948ba1bd4767df9e6c70cc4a3748dfc6b1da236d8438544f1e50e	a84f83be4729d27a18474316ee992cf8ab37207ac8cc07fd4af07fa70dd30cec
vec.push/argument-0-4-^	status 1	20b837d98e850259adb8cb4eec4a0a0b6426bb01801597841c1b21b734c0b412	ed3fc7f7e107c153059496b200543231c2881af34a37054a1c5a768500366555
vec.push/argument-0-5-plain	status 1	e8e3faad099819e181034c1508b9db43f72079f73fc624951ba4009eb697aa37	a7b259dde5615ae26f70e01bddc9a3dc0c4abd0f159bb09376857a55c16decf7
vec.push/argument-0-5-@	status 0	db8e9a7629709016c717eb11805f7ae8f323dfb42ce240d9643ec82b052e66ea	6eb41643074b9cf632a4e74a3eb31d7c398829e5b88287ae3839fe4db289e722
vec.push/argument-0-5-^	status 1	c40076d0a845415b48fd1d540ac04f844fd4c280b46ce5d57e50d35ad4085e94	08d616b2857c61773b9f053b5210e54eb9bdf3af11bb3392465c36903624064f
vec.push/argument-0-6-plain	status 1	77276654236b1e1b4f7965ce8053b5792b306a2a2dae815a609c476d87536a18	77bb499de2547fb4a4685c019662f60c294ecf24ab7bb78b1356f07b795995b5
vec.push/argument-0-6-@	status 1	66822d599bbde2662b1a4a1b64e50e6fa71a1e9bdde6fe68578923b563fdc518	dd0187659482f194b2cc4e8f7302ff6ba50247a0c4553b3894da143f04e89f1e
vec.push/argument-0-6-^	status 1	cf539d56c62f11a300a3372320d66ef958b7936d8d19080d04e9a27ea79ff8e5	b4cb07958e5a6365d71354a84acbb97626fab9fb3c42559ab92f6e241b96134c
vec.push/argument-0-7-plain	status 1	1bf72715f8b7c6299d192a2ce479710d02d041fe16fd2d63ff47c2c5f717d498	0ccc01bea9b01f55c93e4d48e9e10bf329e5947c16ac521c578a11fcc9f6825e
vec.push/argument-0-7-@	status 1	f24771f7c6fcd83c3fa406400c50e9202a0c4849c323cd59225350f9f16af7f4	53b010a9e9e2f70940783c53bf2b478b5baa78a8716eb20b49f69e7e6870423e
vec.push/argument-0-7-^	status 1	874d23471330244e807c1abb0ce0d3dcb762f2dcb2840834da29d448b93ade8a	a09a3d3a1d1fe51b93535110e8089e8d8e9a356b07764acaa25f62279b2af08d
vec.push/argument-0-8-plain	status 1	b82bd2390f9020da09a1d7661417bd64862120c63d6036da6f6101c6ffccba9d	536e030c6f2942ffb18e511d881a5a196051db23e9404da63d43f5ed2162be2f
vec.push/argument-0-8-@	status 1	ce9d0cbb3a08c8a2d5ab4febe471123e35af0e1da2a16de329b0d5ac4806dca7	b4203e5651774f996e376b4221613a1cb9de755973b44a1a7bc30e29143b9608
vec.push/argument-0-8-^	status 1	ad3ef9c816e2391d5c60810a057f09526c1c3d77708e6bce1c09a5d0f4c10089	69030f59bde713e9f8054443c22d0efc919571a6c002a43ad83011d84a9a56b5
vec.push/argument-0-9-plain	status 1	3834f8f8683e904efdc48f5e76370e08e85e543de6ccecafb39ee52ab24102fb	95ba0e623c2d0cf859bd46f5eba8e929c993b48c05ca389e7adcde361e547d2e
vec.push/argument-0-9-@	status 1	64c669bf140a66aa6e6374bd26a290221116d28f1ce4262cb6f22a4cf329a9da	2b64be8350ab12e8edf121b474ef653fd3cd3298ed5325305cb4b636d8100528
vec.push/argument-0-9-^	status 1	0c5d8c8d103f8929b2fcf3d8187ba9b68e60bd7eac24e5396742f117caf22688	d340487a52fb75ff565d8596e460056b25a17a92fc22414dec24cfe04b45499c
vec.push/argument-1-0-plain	status 0	db8e9a7629709016c717eb11805f7ae8f323dfb42ce240d9643ec82b052e66ea	6eb41643074b9cf632a4e74a3eb31d7c398829e5b88287ae3839fe4db289e722
vec.push/argument-1-0-@	status 1	22bbbd1217c02c1d590367e45f71d47234c77864117fec10e2bb048a4b38680d	018aa98a6bc4c2d0fd68e5179cec8e03b912a92789e77df1d420bd5485f426de
vec.push/argument-1-0-^	status 1	b17aad38890147d1a2f8b3abbeb837f32903e411b3aff8b1aeef7a01d79a47b0	d9dc1f76c640590c13185f57eb2689e01b52239da7c95c26e85abc09ce7847ca
vec.push/argument-1-1-plain	status 1	701d2abdf5508db863f4531611ba917caf33e107b9bfa97045f37c7ad44bc104	54a2642e20073c4d56823a7e2a025aab52517bcb71bde2443627b6129929e9a7
vec.push/argument-1-1-@	status 1	5d09bf658f500e370736d8f4b3789120040377b1e9ff864589926eb01cbc6dcb	23d2e38586dcdbabbe1619f609b48556e6c8f311d6c2258bcd26fb7a0a803d9b
vec.push/argument-1-1-^	status 1	bf08927b62f33fc37d2e304592eadfc4675fd9bb8acee5aa3951ba8d65e77239	5f92a51f0e3a4edac294d444ce610dbfce4c5a6b22076de8407c00533095a43f
vec.push/argument-1-2-plain	status 1	a064db54a47aa0e2390cd15c303364f368350673ad74ac365652075950874eed	4f87b39122c7a956a20779f1fd25b017f0bd04cc5664d9b51ec8ef11dacf08ea
vec.push/argument-1-2-@	status 1	e7c29f70bd04e2f99e533c272f0a210c299f42e10dad4031fba1eca46e79cbfd	8783acfb90c3b027678ac81ace9098502ed5c437d0830e2549e7244ae300b6e4
vec.push/argument-1-2-^	status 1	fcf7a1139f73097a60faf4343b55ef6db2193f7b241facb02c9111587900cdb1	400365df4b66eea80e3d6e44949b97f40d37728c89832189f5a9300dd2db8f62
vec.push/argument-1-3-plain	status 1	455b1c6759e92bc9144ed158ed3e706c61d41a5c50694e3239076b5256b9519f	54a2642e20073c4d56823a7e2a025aab52517bcb71bde2443627b6129929e9a7
vec.push/argument-1-3-@	status 1	6ede666e23bbe07fdd548af1566b9e1e44c6546dc8eab6fcf03be463012c50c1	23d2e38586dcdbabbe1619f609b48556e6c8f311d6c2258bcd26fb7a0a803d9b
vec.push/argument-1-3-^	status 1	078b1450dbf3b1fd4a8bd25dc75bd5da339f41fa602eede1b9275feca804aee3	5f92a51f0e3a4edac294d444ce610dbfce4c5a6b22076de8407c00533095a43f
vec.push/argument-1-4-plain	status 1	20148d219be3ec5b47034e43d0ff2d5f52445286e347db7e40b82752a6d0b653	20802680cb41a3f45bbcf939003f23bff2598833f4cd7880ec441fe61aae18e2
vec.push/argument-1-4-@	status 1	9c6cf0120881ee28d1698b41602f01cf4fe7536a29c68e57089deeb788748ff3	9032343d383605bb8781a8c097594d82152ee60f155264a3718064bac02d943d
vec.push/argument-1-4-^	status 1	dc6be907eb79bb410d28a4aa4e87bb7b091ce63979dbb70b664c21be31e05728	6149ef7a152d38bc19e34e34fabd12331c4d3f96dbb3c944997c449d1db3ab76
vec.push/argument-1-5-plain	status 1	99f23723398c71bbe2a83e1c63319b059cf1827d7eea51d4f73effbf85d28d25	415bcf54b4fafe5bac0a0afd3142f652ebb57f379e4b9b5bb069ddad2b198593
vec.push/argument-1-5-@	status 1	96173b08cf04781caef53055af110a60f2f9c1fb1b0186278b9124ace35e1ab9	1156e2e790e2206940c98b766d7eff1e093a90e2558d6450480b67168fc3368e
vec.push/argument-1-5-^	status 1	1db1a222ceaba848d23e026f8152c2576e6783be0902b5bb033c4961286bf78f	c6d45eb820e55c91b85992ef9160fa571057caef8251decae41e39025a5a5d50
vec.push/argument-1-6-plain	status 1	ca366222011725854ee7ade3165d2acab41d151ef6ecef9b20660a317d7f5239	1fed82cf8400c12e11ff5c6b8967727dc23e238f49a96dbb4f170ffb5c31023f
vec.push/argument-1-6-@	status 1	ad6ab2519e00e9c6883de0b333f5d6d8ac0b90e693fbcc38f8314fe094866d70	3eb47dfdc3e26d033e0cea9eef8e54f0bf60212c6370a2ae0b38c9c074247fbf
vec.push/argument-1-6-^	status 1	b80d21ea8b48dcaa83ac1613d30296bf8e9ef9476720c40785212b512c591b3a	da7b6fcf8d0754d559fc51df6454fb07f14c02da40e2b054e6210b3c41feaa2a
vec.push/argument-1-7-plain	status 0	45738149a6cce2e76bad79dceb45273e2bbb366f43808523cec3be619317e60b	0fe20399e532a9720629f5def7e825dc41946c652c088bdd52ce74e6fd42d881
vec.push/argument-1-7-@	status 1	205f61a2c901a124caf66fb51f91dfcfbf30f6da5d41858ae85ea2f6b00447bc	2e7227bd554b024896a30babbcc88d647a0410a4fb359cf200af2cc11db217c7
vec.push/argument-1-7-^	status 1	2c8be637702509713ed98738768a08aec1a4941371ce0c824e60ecd102c854cb	7e5a7de0a317da0ea1d5c03ae108d602144994e24cbda01144d9a4d469e593f4
vec.push/argument-1-8-plain	status 1	e3d9abc8fd8d9a692a1f9feb2a123b8a1c1ce398744e7cd46e0757e5fb1f265f	6d255c30b3b7d666a0db7f79c5aec4ff7fdd2b5b94c5631f4a4b568559180df2
vec.push/argument-1-8-@	status 1	02dfc30f77ddcc4ca77fa7336923f33a8c2ccbd6c042bd78701f0eb1e4732265	a0955efa04809baeac4444c31225b241e9bc6a6af711e539e8286672def9ac32
vec.push/argument-1-8-^	status 1	05b99cb7365844b493448cea278aeb4bec6ed62e9b15d513f3a0c2bc07ab54d8	62777e996471e6d9c6bd66ffddc111d7a8c1e5c8aea735203898b536f233dc82
vec.push/argument-1-9-plain	status 1	38827a32bad47b9a21051c7df17f1485c147111b5d2441a8f8833753d2b810f2	8fc6bd2d9d4bed9890d3a2008aa21e3c13fcf53d8928d597ed156e585895d1cb
vec.push/argument-1-9-@	status 1	311896271dd6d97757f510ccfb58191ece2291fccd8c53bd73bf39ba5b9393be	637184442282e377856dbb5213c828aa4c5d5db4e66c87374e0468ede505b8b5
vec.push/argument-1-9-^	status 1	6196181cd47736e1ef74512e6254cb3bbd8b109bb1f97eb16872672937032514	829cf1166263ea2e2642cf56f69aab6c93f84c1c689e396f6652bb07bf67fca6
vec.set/base	status 0	9ee7d5ed140d0df8c18ae6983e88e41dd7220c5663b5e04d9bb8cb28fcf5535a	a07fe1f240dd8e27937f96a6b26e9f1567ef3e8d1442269b0871b07ca5742bd4
vec.set/arity-0	status 1	7ad05f223144e87ed80bdfb3e4983394ae6d02cf5e11dc0331be68dd09cb6e46	8a340ba9b51165560a64047b5e2a6da1f7c417f50d086951929ea138ddd80ca4
vec.set/arity-1	status 1	9161b02fd818944d028e752a5a093983e9eebd8cae35f3cf8228ecdc1eaa77b4	9984fde32f79bfb0ffb1638ea4a5f59e605ad940f0455ae94518743e55e4012c
vec.set/arity-2	status 1	e571b2accf7a52e971554cd5e0b30c581eb43a22a9b49b094ac7a5341161bae8	3b9b03d19dbe4ad49ee31850fba063ce4d6cac0adabc4536b9ef445ba290811b
vec.set/arity-4	status 1	dbd0b5a58aa2f00c0cf208103123909cfcfa318756b1de169dcab34e4d1a9dae	ff0682f6866b41a2fce1c2bb6e363cf1426c34fa72756f749315fbff1db2db98
vec.set/arity-5	status 1	6c6a87f2a74b864a66035a931fdc7cf4f6ade88275c572d35d424f2353b201d4	76a38aa9834d27b4e07abfbf3ace77d93dbe11e6993ed81faf61e2fe1c9c44cb
vec.set/arity-6	status 1	705cd14fc4cda5c19834185454de49cd58810f2ca5882c9130ef0d69ea7cc087	107f05ad6d3c4139c1ee8dab783863e087996c4587159402589008cc4c3f4ae4
vec.set/arity-7	status 1	bd526b8c616e5929ce6ec13505e167c96feaa36fe6c964dbe2bd6432d87396b1	f2ea1e1c5c225698276184ddb7dc7a2cdc092afa440eccbafb1e0e102001d747
vec.set/arity-8	status 1	486d1adcc505b30d09faf82c00e1c9833df488bcc7eea5b345dac16113977631	14781b619c9d8f041ba65e245cf47245f2f6d6108ba4f0cad701cdf1ce6dc855
vec.set/reversed	status 1	736bc0bbae9517f5823f16982f7928e6b78d280a5b09d0193659efdf020f4e90	2fe492cc0999017269c9ed14168c6bfd4e27ceab58d81ba317ad5ad3832cf048
vec.set/argument-0-0-plain	status 1	5948ec62aa363d948b7e782ac4b0fe5ec8d0b5ca310e671569ae6d802d923179	96e0f304cb7d4aa5230a53e51dc334d5b8749fbefb27d6167f08a7868df4a4ea
vec.set/argument-0-0-@	status 1	28391418a07c6c78703cf6fe7326bf718dbe575bcffffcfe46ad69e22988ca16	aa4580096d639ee79b10a36fd817b287cb7ba348b5658bfa13221e3259397c13
vec.set/argument-0-0-^	status 1	171eb21d02468bd10d495006b0e85347dc0a35ec56a676b3705a0ac0b24903c7	f53cdbc3857fa48afd7cacd8465d11e6662bc5386f7d9369082fed462941d5b3
vec.set/argument-0-1-plain	status 1	7ed5f26d49966546bf0642c81de0bf367044f60ede9340f318e359e5a568e595	279a395e7741dc27e9b626f6e4ce8892e4ad61b9873c0467e23292c6faba143c
vec.set/argument-0-1-@	status 1	f0159845e00bccc8503b9f7383e55c9e3c94ac31ea848bcf3066c85c53d8cb1f	76095fb4c7be17dc99ac7855756925cc9999c4ade69e3224914c8678ea49258d
vec.set/argument-0-1-^	status 1	a656b83857ee3c90057be5d1519b59912da91a0b792d609e68ac880461349b9a	93fd96ecff93dacc710c8d6f98b12d2ddf6d7f0894ef698497591b5b8a2b5913
vec.set/argument-0-2-plain	status 1	6a57d816d1190f9b877ece3a7ec7be69ea4c1b11a207f01537b62638d9748718	9bf680c0e3d6c72540113a1bb4a85fa04d3490ee60399dd0b6614f4a3883c7b6
vec.set/argument-0-2-@	status 1	65abd47fbc7d730593e6fbca0b060e5b19c654d1c99fc791f6097a604878d4e3	7c7c1ae3f45fed0dcb5c8e72bcf0d73e208f25e1b5e26afcc02cff97c9732025
vec.set/argument-0-2-^	status 1	acec43932c622606580cbde750260cf87cc637881ff31ad547dbeeedb136ea6d	9300bb1a45fd13395db1aed4ee07cfcb56135638331ac28e555cc1b9819cd2cf
vec.set/argument-0-3-plain	status 1	0fdac77d03356de056def5ec16f7fd4eaac709ee08ae4b0a946aefdee7616114	469ff67183a308c07660fad2d1d42b44fe2eeb2f8306461f59de66978256fa1b
vec.set/argument-0-3-@	status 1	a28507885229e9a42ef0545577fe07836e05465437b8db19bace25069dc5009c	7dc57500ec39d7b0866b765b9123786927abd86d1f716ddd931479b5ef67dd98
vec.set/argument-0-3-^	status 1	7f9738874dac5da2c341dd243bea8cccc856375a72bbedbe98033977ed347b78	94377fb2f49eb3203674d9d508df6e350f0f433950c2ba96d8817bfc06ba36b2
vec.set/argument-0-4-plain	status 1	04ff95604477af24de7c6fe6528c1d1b85ba25a24fb52a8ed07a8b722250eae3	228789ffb85212d46ef08ad7d11ad83f3aaebcac799d15b4d30af22c683980ba
vec.set/argument-0-4-@	status 1	05f5ac00b87a27b2b0740408c023acaaf9076a7b2e32ffa6dca1f7ecbd6db91e	22951c1a4cdc78aaca4f4fd059c0d301c85b333749a0ed28123f81272fe4c928
vec.set/argument-0-4-^	status 1	e9963d337575cc106a809736df17b55f63c2b360a7b9bb68da407dccb237d0a9	60508f093c4137eeab5e24068797006129b74af697499d4755c68cc89576343a
vec.set/argument-0-5-plain	status 1	2122e7cc9c9580e90a2294b98223933fc765040fde300be667abf0ada903bd0b	560167ee17ab0f947d8c9112bd6e99f0a552fd558675fd22cd35b928ff8ee166
vec.set/argument-0-5-@	status 0	9ee7d5ed140d0df8c18ae6983e88e41dd7220c5663b5e04d9bb8cb28fcf5535a	a07fe1f240dd8e27937f96a6b26e9f1567ef3e8d1442269b0871b07ca5742bd4
vec.set/argument-0-5-^	status 1	f70c7dbdf301b44d07612902406e9979583b22464c162edeb44c61b8a77bc085	94b2e6c6c95f9d759ce96487e1cfac6151ed7b63300f2b32f8b0a324c5520c08
vec.set/argument-0-6-plain	status 1	a47199b4b0a21f22bd227a6790c89aa394387de54d0bb7e4909bf74f88bd0d3f	00131657e5911246fbe7822273bc23c168acaf914dee9d0df1c121db77e5d3c8
vec.set/argument-0-6-@	status 1	49ee49933c8c8e31fbda8abffe8a1b8ccf6d84a4c64c5b4735120c1ce5bf6063	765fc873a2a8565658b166b6e04e37ca4d8a5e65a2fb35110f2e5d7b166d017e
vec.set/argument-0-6-^	status 1	888ae8de256c19fbff16a1121ab6b90484800fcd7fb217e7ec6d784b66e56db2	813c763c3cc5d2e6d61031113d4df80d51ebf7119db5cedfde0a823ff4ff3ddf
vec.set/argument-0-7-plain	status 1	378c4cb94c186e6c87519697cd21b86fb3a4bd601027dbe3af12302dd4b8355c	e0092a2ad002492fb3f13fccdc7e7a76afb5210c3e6d0e5e1b2a1dafb7ec0cb4
vec.set/argument-0-7-@	status 1	2d29035a7bc5dbe2187cd4ea4227e9eb0804cbc37cad663e123487523250b537	527761ef98167139ea4cdae5a78777900e4c74e383bdb426e7f7c86adfe66c6d
vec.set/argument-0-7-^	status 1	48c8708dc771518fe38c8110735440ae028bd16596509d572c9d7cb00e9e6c1f	5f1ec59ad777bb74fe68b8691d0aa17ab23ba28de9bd6dd92e3f9524137c567e
vec.set/argument-0-8-plain	status 1	fb32126e9b5cc2472af811ec1fe4c1c504b7d2dbb1705eb192ec9aa38d008473	0cb5c2d429af36fe5e724f142d753ec71aae63239d1d1722d210bd6d35ae7a82
vec.set/argument-0-8-@	status 1	102c92359429c3907cd02e5b89ec5bcfc037aa47b13486b84d7dc3d93e3fd632	ee2c3c9d7fc1adc24fc8c19f95e0971336551c9d74815fc05009a56bb6b8d740
vec.set/argument-0-8-^	status 1	e23ae15a49192ddf3798d493bfae0b311a153d8469e86b7b41bdd4c5bbec9d64	c0fdc05f8c8fc9de4928ece8f1ab7b2c2f4e9ad2d6f4bad843030840d9813142
vec.set/argument-0-9-plain	status 1	33ab740a5ece6434b10a727c9c8de3364bbf148cbd66b5e9d0d279b72a3d379b	66da43b5db00acb31fb8ae65355d40e0effa6657a143fa0531acfbb3f4f2ee33
vec.set/argument-0-9-@	status 1	fe83bf745581a7918088fab5ab72ebd378e9c10e70ec3cfa9fbc6fb81fbfd8e7	44bdd30e050e008191d18c0d6261e6266e0c3ac8b3901ee397039f3927560689
vec.set/argument-0-9-^	status 1	16f99a0d4d0754fd13485ced84c2a88d0f2ebd41aaabfc98b81fae9d9a8bfdb1	2483fd635ebb5200c0c13a2affb39032ac5e3dbfb53ece9ddce1b6c8749287c8
vec.set/argument-1-0-plain	status 0	9ee7d5ed140d0df8c18ae6983e88e41dd7220c5663b5e04d9bb8cb28fcf5535a	a07fe1f240dd8e27937f96a6b26e9f1567ef3e8d1442269b0871b07ca5742bd4
vec.set/argument-1-0-@	status 1	3da70e204590055394490cece9cb670f8aeb172efb61220b5c415a779af4e565	17476512d0242ca4e5c46d91e82002f16e412f3c52795072ae702bf0f4364d46
vec.set/argument-1-0-^	status 1	6f48bcd31fcb98cf47d5f391863d13e3433d929d77ff1ff55bec59d2e63fbf6e	40d9bbbbbfa27c489700650554dd71937e668d952d028be271e6ceea1f87dd51
vec.set/argument-1-1-plain	status 1	2558f1a92590f81a2540c13bb9ff0cf5df944d56afed562f8c22c804cb3d22ed	4bb446be3ab3293a611dabbd07e5fa90fb23f9f93c021eddb7f8da0727600ba5
vec.set/argument-1-1-@	status 1	1da63af142dcbe8cd1e52c28518772ac1a3b5f6cb4df24a52dd9eaacf2f9355b	7c0edd060bf5088e7e500a711579fc4e196ea11bd5c3484fed909337e79234be
vec.set/argument-1-1-^	status 1	84e819625d0bb5d297ad1e0922afb0eefdc52f4bdc3e51ca1be2634d5754fc7d	aa02c3736560a2d3da27c962ffbde336b200da7cac857ad3040b901f3cf05d8f
vec.set/argument-1-2-plain	status 1	32088ab2414e0b9e7da23c43d75f1a5998446c437ab325829b6bc20a9c9f0fa6	e498629256b4f575f280bc4babac84d9989632380206098882abf07ec535d9b8
vec.set/argument-1-2-@	status 1	5750aae8be6e15f965897b3aef52c2175bc1e34ca93a4b7d9b5666ee0c39ec5e	1178ba3769776df6f940d9daa79b1515ea00359e28463fa5d042fe3001a87990
vec.set/argument-1-2-^	status 1	2e0cb5e55d727a7845883dd8ee6c8915d4e08972d28cffceccc5e3b79c6aa8d7	43dc55994563e0467ff088f71c11a79f8c4820a9b7add44aabba3ec89d35b20c
vec.set/argument-1-3-plain	status 1	509c4948dc15b6af608d144bf5297979e431f9933fac22d68b4bc3b4f865ebdd	f0254ca51774d6c39e4a8e738a1e7586dcd6f93b27c5c9fd3f94a06e397a1015
vec.set/argument-1-3-@	status 1	4aafb747537e919040d3730dd6879c87540cf385c0cc34750c64a48246e22de8	eb5873ea51cbb41e353fd2cc13311fb66e62cdff597e99307c5413bc079cd033
vec.set/argument-1-3-^	status 1	ef6ea3ab8152a6cc9e851e403bff264918617a4ad6341654397f0be97a673a00	5862d31a07d5e33dbb7a39622849e90ffb5e67e4742240cb59aa7be7431b8702
vec.set/argument-1-4-plain	status 1	6513e1662e959c53b65a82f5cb47bf369788d16547cc26014b0173c318562067	06cc484874ae1651ea9211eaec13bc7a2cae72de6f013cb24a83c372332edc68
vec.set/argument-1-4-@	status 1	8b80e97f30228ff1f3f1360a1c0d571c86b2e78fae024cc0e24920b936edc4ed	34cd2bdeb20ebdada7cb183604b8dd560216fe491af6e90e21db9235ada27383
vec.set/argument-1-4-^	status 1	51122fc764f889747f18e3c86df6d036f886ca3229802319ae57c5baa43dcb29	21126c1d1e0352a924e460d4b95bf562ad8319283763775af7325c3de908fc0c
vec.set/argument-1-5-plain	status 1	dd8a2823d6aaca1a5d407add25203b0a95d61832c1ea848cad6567113799a29a	52b1c15ffe97e1a26fc0fe69a742c888cd676096534996096fe769d511c1b33b
vec.set/argument-1-5-@	status 1	3b1db35574e17ff95d59ec0c44ceecee1062414e30396de1ea9ab6014030192e	8181c48ab6e328fd23e898684852cc8c352ade83ecadd0fb6270fea5cca6fa7b
vec.set/argument-1-5-^	status 1	b3310aa224e3482fda91e79d2e173d0398b85efe747f808d61fc3dc2d6a94b89	d0be061acf42c6de50c56f032fcb0c0f2ef08b2d657c06b3e736b4760a234819
vec.set/argument-1-6-plain	status 1	d6940e78555381e098b4f3b02bf05ec979d65c2e89b591b9e5523db617e6e6d1	c1e11bf107e496c6f976d9f9d1235920adf9e549038666921e2cdc9e9635c918
vec.set/argument-1-6-@	status 1	94f2c3edbfc552febb1ef4bbfff9ee225055591fc4e6e6d669df53a4e640ae8b	a2b1b749f7174a9d6ebcd016fed434ba7f3baba613af763899d14fd195fdc12f
vec.set/argument-1-6-^	status 1	fc604ca4b525e5649abe87b2b20d2ed09097985dbcc9d8a98c38ce66d7276021	43e7017aad9dd587651b0b16055d5a1904d17c403af0d79524e0e90b2097e536
vec.set/argument-1-7-plain	status 0	381aa22471753a59c4c25b45778d8938e7d2052bc54700c8e2b434ed0f2b02c8	dd0614477d7e871129b29ec4f02cc9af50a16befcdc1c1874133bbcc61b3904b
vec.set/argument-1-7-@	status 1	ec4ec187273b839bbc29409f06657f2a48c736a094de68087b01d2712b01bec4	b976224ac52f2270dff7f4b7392ff713c71348f1bc4de2c68fa8d33036c3fcd8
vec.set/argument-1-7-^	status 1	58826817653139b05cd15a05c21df7a7f0c97b4395e1fa86ea0bf3b7e4197443	39ca48b80c24b6e870abbc87d508e80899cf52f2a77fb21831c74b5ad5953380
vec.set/argument-1-8-plain	status 1	cb310cc2387f058cdf6715aa391b06895e10589404b12b139706c595a22a02e5	d1161db0caaaed0c92bf1397e0616a591a4d853b4755c6e2f489ac4289e9dc57
vec.set/argument-1-8-@	status 1	a637f4bfb9c4824c7aed1041c451b0fac1ed41ffebf67e2dae64c6b1f970b932	1be52c0bbf30e55baf47fa2937fbb018f604a6879197ae6a5d2d8d73b64e1182
vec.set/argument-1-8-^	status 1	e0ad1cf1511d1355fed8689522b37f06e1557f318688149ef7b1bbf2f0cac6c4	4a6488a2c25041bcd503da30cc1637c00568a0391ce816e6a249779717623aaf
vec.set/argument-1-9-plain	status 1	e54c200aec52afed859a1f1aec158c2365dcafb2ab78a1e0575df87b3811ef21	5eefe4e9ae299f317db72b1fa53fb990c2472c6ccdff5c4fbd53577078fc74dd
vec.set/argument-1-9-@	status 1	b428f0faf878ea47f6c4c3df43d5bfe23d057fed7bd539d33f087e8cca9fd023	4724e09c004fda60266745123fa37017ae156267483cec6e96f7038a07323b55
vec.set/argument-1-9-^	status 1	2127b0a9c673c2b2350b0478c76ffba3f05d3ecfe5626e46027f9226d91333a9	52c08c320139ce1953234921e56ec88c6725b6f57781a77914f9a7ba37979aed
vec.set/argument-2-0-plain	status 0	9ee7d5ed140d0df8c18ae6983e88e41dd7220c5663b5e04d9bb8cb28fcf5535a	a07fe1f240dd8e27937f96a6b26e9f1567ef3e8d1442269b0871b07ca5742bd4
vec.set/argument-2-0-@	status 1	f52a029cc32e362b135cfeb94e8603bf39dced4f23915cb2e84f557d3b0fe549	f9ec6c055bc1a2f92f181ed89709beb8865822e8e650f43f8b8ddc2dcd72e183
vec.set/argument-2-0-^	status 1	4a908f4c6a3fc83cf40d683f8b874d6c9e208e6d56e1b3395faa1868007341d2	003b5e75811350cbfbf2d0caae169240ea966641415acc630a98fd7c25f32bab
vec.set/argument-2-1-plain	status 1	38c5a83d8abefe011b050ac5e8af4cb58e75ede827e2328909b15607c805f3fe	21e123b108cd32190225c3f0358d7aa90cb7406d52320b055ab8c6d363fa9b79
vec.set/argument-2-1-@	status 1	250b609d597052617f8b1fdc2bd407c754cbee6d1671f4c6ca5e7484a5928c7b	794444ea9fb167fe5812339c97570b1cd3a96ee96e1d2a6987d9ce0e15f6ac3e
vec.set/argument-2-1-^	status 1	a3c1e9ef78740dede1fefe8815c77e76c82af217db2de05d38d9e7dc399d0f36	342072a32f7e88d75cb6ebeb1a602ace9682021bf19e0164e9abdd19041feba5
vec.set/argument-2-2-plain	status 1	59015ead5098578b5174274028088b0cbbabe4cbfae6893b31ceaa8fcd33ff8b	fe572f9470177cb9123805ed0ceb90e593f51417ec439efd1ff867901c04dcf2
vec.set/argument-2-2-@	status 1	0c615c6ea34fc163c8b309439264d8acac8cbd5398e071525babbb60e34af1fd	8d56d867a571c91d80d7cd633e1694a54f111c547529095d82bfa559a6d5ff42
vec.set/argument-2-2-^	status 1	e9feade6c6e348c3809833a81f6458bee6e124695da0f0e5038c47202ded2618	d2a16c944fb297825780b88be2a96eca6a26a0497d14fcc02215a3efda309baa
vec.set/argument-2-3-plain	status 1	8f5aaf8dbe1508b6cfa7e36c4bd2ebd1b324736b21a224e2f6591fb649a43fc2	21e123b108cd32190225c3f0358d7aa90cb7406d52320b055ab8c6d363fa9b79
vec.set/argument-2-3-@	status 1	90095371b2ed41069df54d47a7fe0cc6523dea9a8f89283d518e8ac303366727	794444ea9fb167fe5812339c97570b1cd3a96ee96e1d2a6987d9ce0e15f6ac3e
vec.set/argument-2-3-^	status 1	08a35263ffbcfcc59ba32353e7bae37a7ac60e1f418bacad2f0d2b35d97b2f2c	342072a32f7e88d75cb6ebeb1a602ace9682021bf19e0164e9abdd19041feba5
vec.set/argument-2-4-plain	status 1	a507abfba039dbc3a92b88be30f3efc633cb74783d182f2075e9c2fd09ac6d5c	6fbf0ce76675fc9a80cc719fc6aebdef4bce2fb86802e2c8f1103676497cc7eb
vec.set/argument-2-4-@	status 1	e0c72a6f3e01b6ea5aeb6242f9a2884365fe76afe641829ba23df2462aa84c06	d1b029ee03b2d254c08836f24b0a33a68aec33ad4c257d09f16731f712d2d95e
vec.set/argument-2-4-^	status 1	1921fa8677e19b1e3a2d5fb7ab92814868948e345f4437e78ec6f494bf7fcd91	1aeca06d724aa5968bfc975909f50eec3f8fab97f9f0d2d1e0d9f0a42fa92a33
vec.set/argument-2-5-plain	status 1	478126cf55951e47d801071fa4cf33fc8c12f85390b8685203865e52d4655e14	e6f38dc4fa9243929dc640b620eecc1cd9c501c94d8db57f4e8b72d6b89ffb15
vec.set/argument-2-5-@	status 1	6900ba00f650b802a74118827f382113bb552ef9f397e3173f9150074481d08e	b4b28c99c34b5dff0b0a066d33de1e6a3fb9b28c59aec58922367b01ff8bf959
vec.set/argument-2-5-^	status 1	59d0a7623c24982dd6b30ae84d817c1dd13a07c766be3b2192b74dbc9850df1d	8db8e92f0f2f71fb197d78daaa718be6d4e5d05ee1846823c7e3a08f9d608930
vec.set/argument-2-6-plain	status 1	56eb375ba14941d841d1bfadbd816d2ca7728e948f25331b981c7949b6e7d4a6	56c5a30aac0b4fba4af5b5cb44262a6c3f9475c07e67fa153e1337c3e7302bce
vec.set/argument-2-6-@	status 1	cfbf3a3184a902cb3727203f9a453a468b51967f58564dbacee250d35627301b	fcdd12b0eb3f1a9727b97e9d89110ec4e5776704c85f05ac6b41316c197f9709
vec.set/argument-2-6-^	status 1	6bf6f08cf30e1433d1798a7427ddb0472622b0618218183844e6ce415b612a14	81306dea8db447132683a5bd3e374800871b84375a2dc274b6977bc80480fafa
vec.set/argument-2-7-plain	status 0	5ebc9ed2e13ccf81ebc9281bafbfced7a8d06aea36423f08ec64efd9d7f5ddf1	55741c81f57c716c12414f5f111b9fab0033eee4ce7c548fef441072104f2725
vec.set/argument-2-7-@	status 1	8724577e6afd1b82b8ad3211f2225c75351cafa6b5b462fc202649097b22386b	11480035d72a9026179bd76039ef86f25cccdb5ba8e5d108304188074ac8b2fe
vec.set/argument-2-7-^	status 1	cdcfdf92cd257dad017cb90a9d065df4d216c01e72b9defdc5020912ea70308d	502289b505f50c82321aa7ec1b4f617e5e332f13a67d41fad567daf9b7480bc7
vec.set/argument-2-8-plain	status 1	89fe1c70c7df62abd6e40cb4f22a1288a152f712ff31fb0977954196d8efaf9c	518ba42b96fcb11b2b723affbf56f92a2feca32c4eb8a363f88ccd7472ea65c9
vec.set/argument-2-8-@	status 1	e2cecc290d1acc9582a03c6ca980a5b2c2a40cb43ce910235092574d696c712a	929c6d2f574661286f16ea0ad49022f092dd1594a052ea6d496e6d7c89af5821
vec.set/argument-2-8-^	status 1	cd44bbd687d38446f9d42c53e39e4ed215f0fdb3f4107bf493be8b18c390323d	494545da8a8a43950a109b248fc4f91166029539947b4ce5b8a3178d920d82f3
vec.set/argument-2-9-plain	status 1	c070b46f7bd479243f9b323ee48ab5a49bcf397c003d3ccbd1617f398c336e4a	207ef0a7c6c6d21e63f84ddba4e334e2e84b95ee6b6408af04bfcaf1ef3da8f7
vec.set/argument-2-9-@	status 1	bc1d00032daebd747ac990279c3dfd3a36d14858683dcd5f8ae2f2d2159db356	40b174642df0b3d3fd7a9432a4f6b63a70ca0064084629c55772c34bcd53b6c0
vec.set/argument-2-9-^	status 1	787db94e1d5f9adf0e3c7a1ffb5eca21c3e43d9d09a70a191bae676ed1f40d5d	d7e2a066918661f5f24aa7edffa11bc41d0c241be88d67c3c8ac13f308c11025
arena.add/base	status 0	6b9af52fb44cb8f59542077e4406ff3b9eaf708e228892e2925c2c9c2724c4ad	6c1eccd396b5ccc465e0d5f2af05e1a80dadfe0862e26f317c9c9011903fef40
arena.add/arity-0	status 1	616745641a6bf6b76e3344788ed50ad33d432e6c7c9645159c026234a331ff89	6c5aa20ec5ff16abde550125a592f9937248730f11555650203eab6f97f9ae88
arena.add/arity-1	status 1	e634e411897327f2a815b6994e0b4cb2074b1977250dbabb03a84bc07992eef5	edc7ec17efb2a8ecf6dcf66d90e90376f32532dbac716b8867cb6430ae5fa36e
arena.add/arity-3	status 1	f628039a7e9bfb7fd695fa4736db43bee73a7a7528d62d980ce6fe67b31c5cfe	b907ab4b09fa559ec8235882a8225346937d416824d49092f48154bdbaca210b
arena.add/arity-4	status 1	ba59372bde352807cdabea271ad6ef3e3a530180319449290b6ad73d4a8afeff	b8fc657297033f80c5ca982fb30cd0c33c2be5bdd0c3b26028f8ae75087a3e2f
arena.add/arity-5	status 1	ccfdca099ec8c1f3d2da084ffd311e3e7553dc028a5bddf0cdb0c5e9504b8166	0fe7d73d8a543882ddd150614bc45a73f9c6cf1f7aa90ff3caa2e48ccbf9f2f5
arena.add/arity-6	status 1	fe30718b700ca9a3ed600df13921e486a20006e8e5f242133d56eefa5b329a3b	bc82c9709a79ade12381e13eba97b4aec89de582762d7305eb88ce893e894756
arena.add/arity-7	status 1	ad9d4070bce515783cb2e52f398ddacf61b0c0984a7d75cc98f446a1e449de4a	bf95e05cd635a4855be8988607456105bcfa4d5d8d77539913f03bf1635e7e45
arena.add/arity-8	status 1	9c35ec2d83d878e494dc4ba081de48e9f89d43e2b87952d039d91ee963ef0d23	7051f0d033766e1a8867b94b85621b1a657aeb77cbee555c015fff67e450828f
arena.add/reversed	status 1	1ca4627ef212b172239cd593186d73b44c02c0ac01fe94545aa1af517931a442	7c903af03ae04e2512f0eabe7263d802594dc74d5628085e3656cbddab6a8bb4
arena.add/argument-0-0-plain	status 1	7d2eb2dad07dda32a927fb2d30d9fe6b66c199af87837984a411c919f264171d	fcc0bbe16c9b36f38e38810aede180938c0de8cab880686f06e957cef55a5d87
arena.add/argument-0-0-@	status 1	0f1a4e1ca402a0080dbee3ad5dc901f7188c1b1dc6bf615a76191a98c3f952a3	96be4ad12d11a8d26048e390f7005b7161b5c8a82ffa9350d8d16bc25e8212a1
arena.add/argument-0-0-^	status 1	04c0d526edee058280c6726f811659e4c342f2d00e4d2732e34df6f9a3e9632e	8ffacbb7ae539cc0a9a78aa7c33b506f320cfe92535188fcad6908acec4a9be7
arena.add/argument-0-1-plain	status 1	76fdd39ccdfe109761c9ec2f6edba7f0dca4123d1009f599f32997aacde76a9d	59c1bf95af62a0e18e474dc17f5fb3bc6fb3bcbdeec2e74ac93be3f8bb7bd36d
arena.add/argument-0-1-@	status 1	5a8fb5659d010eb237a1f134d31410a4754644ee511c27dc98f232cdaf31c5d8	0e19fd5e5154202a182255fe1fda0aa51401576e28c6b93300e35782d5807968
arena.add/argument-0-1-^	status 1	f728c299348ff62390459cca658141f4d377883d64b644a0fd796d371f7bd5e0	9f18ccd80c57c33b34c0f17f227b5d76c1d86740349538f9b7d32506c9847a39
arena.add/argument-0-2-plain	status 1	bec448fa27d69b58c59e5543e75fecda2c981b7e54aa8828bd0f4f2cc6afc6d7	c3f7cd9921a3e55c42235d264f36b8c7a2f0824954cf6952639a1f0841072dbb
arena.add/argument-0-2-@	status 1	7ebce9c7fdebcb55383aec4fe678d02fff966c60f3adc7776ee53d81ff8de650	3e80ec7302dbbcc1bd16ac2b87a55470641b053aba759a3284b02e572e3ed223
arena.add/argument-0-2-^	status 1	2343736184fcacd568c26213812fb733fab72a53bf284ee62055de131a84c1d2	75c54170c15b160261e36400d55747b384ef41b3551b0f356f1e3015e7224e5c
arena.add/argument-0-3-plain	status 1	264603dcd7edaadd3277435713fb34cfdab234fe8aef1a5c85d651e8d7dde569	8fb31b6a6913afb7f6f549da9633927fa324c55b1d5c609c85693cbdc056b209
arena.add/argument-0-3-@	status 1	f6e93982ed89a7ca2e6816df01d93e8c71463c38f601339aa06ad5394fc77069	9fce601eddb200e919427c99b0ebc94c236f5e27d7250a92bfcabd27e36ee45e
arena.add/argument-0-3-^	status 1	7aad4955e5ed1ab9ed342d880404db0b8b965d40f79e3b09610aff32d33cbc07	d214eb6ed6b3cee41410e854fd9f3130bca693694f2ddf10ced1b1a74aa34ae1
arena.add/argument-0-4-plain	status 1	6cfe46cecff0e866f5b0ebb32acf42bd37c960d6d01cb00520d4b22ee094c484	0ab2a1b3dd014f8cfc5fda626db96035806f418ce712e232a6fc4b9ebfb2db9e
arena.add/argument-0-4-@	status 1	8e820d9408c0d868f4d643d5dc02fab12f73e04fdc00c0729f39aa8bd67f3e21	59b84e7ec800932cc3b4eec9221dee9f0f5ad79977ae221102f4cb23417d1b8b
arena.add/argument-0-4-^	status 1	060879e4d797239129ec16132425f5e7380db82e64945f440ca39fde2d3c8f25	7473f47a935a545485228947637a805a33761c1a9465b5327ca9ae036325b237
arena.add/argument-0-5-plain	status 1	978da0499d81e85288aab9ace790c0a1105834124467f1a730de528d408e310f	c01d23388afbfb7f9062405304ff705bb59ade9ce9bcab9323e0ff1b58991cf7
arena.add/argument-0-5-@	status 1	d225556ea8c5fc222b965d38f646f5894919f939404fbefc34e8896b3331c3be	6a91879016319c32b6d1143523b38660b4b7cd22e2805340aae4d0fa617c2798
arena.add/argument-0-5-^	status 1	dbbe93a91673ebc2bcf089d94bf4ee3f2eba3dd30bc15680175fb7d49a988c29	ecab9b3ffa560185ff24c2290b1fbbea148e486b6c4e97d101028ef3d3183bf9
arena.add/argument-0-6-plain	status 1	055fa58f7a941e0a47cf4e4a42cee78a9a11181d22f6e7ba656a2aa8fc5d91d1	a15d7a1293004474c51452f33aa25a457c029542db85b81c9bdbacb172b0f11c
arena.add/argument-0-6-@	status 1	716432e2e8cd4b82fea662bb2668a2ec4c34555493e21f4dd097871b895119b2	8a95cae1db4ae1f35b8c89848e33ef02c054363c43e86f30b6c986aae0c33bc7
arena.add/argument-0-6-^	status 1	488fdd9df36f42d6845b1be96e4b1bef6cd717186d503478068647cfafa08232	c0bdbe2b7c682eb6f2642964ab1b064ad6e0386edeac75942d6a8edaa9780155
arena.add/argument-0-7-plain	status 1	8ca5ea4459a4db52c0d6cd3ec02cd1fc640b3a9a7d38b18b508c2923c052cea6	00bb9e30fdf09785fcd35edada0e9315210a2e932e6d38b19e32723879b06319
arena.add/argument-0-7-@	status 1	834bfb16026a5861db3ac350a699686fedb89e0a82b4387338ac4fec7c2ad0b8	a64bf83c090044c35747f25f16b203c744e59ccf51db6fa2c1998dc3fe8bf06f
arena.add/argument-0-7-^	status 1	2b630cd48488ace7fb4f86488971ee27bcf4a8f524b413440505a0443437eb3e	99ffb37eb71127ec705461225c8e1dad5e738bccbb81eeacfaa691cd69a5a249
arena.add/argument-0-8-plain	status 1	2f79ce65835c0a25ec85d627b71114137db9040065ae3e35bed20233aa303aaa	56eaf0cb69657cfe2fb1567265f9b9440d04e6d24a9b64487a32dc63835fe0a6
arena.add/argument-0-8-@	status 1	00611e670e16628fc5a6a0e7e327d697510a3178908e2aaa2583ddda53c9ddd8	8c4c04e035b2c13a230edaf8c13363fd2b16a2e8bd0eb5e471487ada4870ebda
arena.add/argument-0-8-^	status 1	823894122143f149ec899b9d0ecd6338216d16be1d74a7329c6e6be106db1cbc	8cdd45be201625666c53bc636dc879c688ceb90062c9819e419bd6ef322e11c4
arena.add/argument-0-9-plain	status 1	2b81dc36ffc1a5d6939f5ff41a7b2e7a139ca35318e3661f344682e69f022c3e	aede5e0861195169f0781c472a179adf2a5787fd96ac5a09f163418a24c6cac9
arena.add/argument-0-9-@	status 1	242a9960c9588c3fb3ca7d16cc51800229cf7bbf078680718428bb0cf86130cb	c568865240923f833c0696323755002b3acbb3c71adf3fd8dad552bfc7f19f46
arena.add/argument-0-9-^	status 1	3bb8c35e31c122e7a502ca14de23affb5abd199b69ec12ae1458e5b9cfb810dd	154f5bf823f8a7341e1cb12d9a9f69ab707174d081ebf9a674376c14e7390426
arena.add/argument-1-0-plain	status 0	6b9af52fb44cb8f59542077e4406ff3b9eaf708e228892e2925c2c9c2724c4ad	6c1eccd396b5ccc465e0d5f2af05e1a80dadfe0862e26f317c9c9011903fef40
arena.add/argument-1-0-@	status 1	04c0ab43d548c0e16505626eba3866175c0f9e999e022d7add5b35ca063e260e	9856b6e735ca04c0adee732399cf356043331a7ed56dffa7c06d6539633c19c5
arena.add/argument-1-0-^	status 1	07bf122ca606effaa253eae1c171ba98be6b3c7b3dd40cb8fe66bc6fb5600301	c47e68050e63ceece931104b0f7b150eae843b6030b2ad7c8538ad42ef6a3584
arena.add/argument-1-1-plain	status 1	d15551c8964ec60c1e3bc732276621167c0686f0f356220de5ae8c159547cb7b	6c8cec22864fe6dfb611785650f13e3ff484ff63cf8609ac54e533a3ded3f938
arena.add/argument-1-1-@	status 1	c60f0a4bedfea504928ebe011ee6a898f29bd785d901ea2976c4def689cb38fb	cb17b6ea7ae9bc31ce3498488dd5345cb4370724bedd6a8a3e651d6aed182cd7
arena.add/argument-1-1-^	status 1	c65054ddc4bb751a7f5a6434c644aecacfa17740a0a69ae0daedef48b5701cc3	9f4ab4058ddd2855f9c2fcb7ecdb698881384f30410aa9d0177ef6df69b3fe6e
arena.add/argument-1-2-plain	status 1	97f0ba76c0bdb41af8a6d15428a510396d853991375ae2892e86fe6cb48fc6a8	ff2edb85dcec6124254979d1248a291e71a12b0353a6aeaa5d5968be10c01e0f
arena.add/argument-1-2-@	status 1	5d90d35802e7c42574ec561a8de7202eec1ebd9a0a56033dd07b98773480db72	91ba3219da1c4eea1c72d0dd278a43d17fd6b6437c6f7a3c8bfeca6d824fb4c5
arena.add/argument-1-2-^	status 1	d503b524005fa57d8114f1add24eca7a82bc88314dac40bf666c897df40dedf6	7e9914dd7e128fd82ce2cb892baa9d4a32cbcc21ab57ebf9dfb61a470b731b0b
arena.add/argument-1-3-plain	status 1	ec7a9e847676b79f034aad55f6e2888e84bbc1b5ed40c0c6cde57a9e5c9754cc	6c8cec22864fe6dfb611785650f13e3ff484ff63cf8609ac54e533a3ded3f938
arena.add/argument-1-3-@	status 1	5b2717cc0adb5914e6446176a92912a74c162d75bfabe3a6c6cf69370aa0ebad	cb17b6ea7ae9bc31ce3498488dd5345cb4370724bedd6a8a3e651d6aed182cd7
arena.add/argument-1-3-^	status 1	1c567ae7f85339976a71365f158f8c2c4dd9d6ffdebda02c3999921a62c29a4b	9f4ab4058ddd2855f9c2fcb7ecdb698881384f30410aa9d0177ef6df69b3fe6e
arena.add/argument-1-4-plain	status 1	3b30a91de466c2a97f67884294c1d1f4f1d7bb9629eaec72ae7a822f612c72ff	3850d3ba6740daf09cc8cd3f5cf84320ad0ff461ce09ac7e1587ed6196ef872d
arena.add/argument-1-4-@	status 1	2cbc6d411fc8f43bc7b9a0e7511c7b6b78d0aa949c64984a7e2aa8efdd0affa0	2b4036571727bf0b76a45b1479672a562557c0c13e3356680da8b5a349f3205d
arena.add/argument-1-4-^	status 1	72f0b74859f8795333aeb398539d89ab6036871d88b524af9c957ea615992898	678b8976c70447f09604ff6ead31eed992a71dfa99eb7794a1a26ab9d894093d
arena.add/argument-1-5-plain	status 1	a9d4b93260bfb648a893dff3f6909f8b5c8e2723db707945e834555a5a2beea6	aa144949ebd0a991451ae248abae187be70c89a4e3be8bc36d9b691a0bae7bcd
arena.add/argument-1-5-@	status 1	e736e4c60310515004d47b8c754c1b9b711acf64500db70a60248d7f01eb9a95	dbfb1177f645dcca0c1d1f0afe95ba66892de9c12d934faa3a140de12b85a44b
arena.add/argument-1-5-^	status 1	5c766187738ee2496e13bb9e66812e3137a17ce21ce3306b0e4156698b363b43	abe43b443de1884fe3e48e68a58351cd39cd0908d0f1cfae948a54e93f2d3e9a
arena.add/argument-1-6-plain	status 1	21d3950f1519bc4085f2eca115c89efe3da55213058ed6e9d134aebc78b8093a	42f275bd3053f6d1ef26f36bdaf2fcbc4e388f5fcab6eb2c0822b2ca0d369ad3
arena.add/argument-1-6-@	status 1	0002bdbfec0407301a9b3fde96b9867d8ec0bddb2d8561506828e410c02fc82b	88fae1b5547c1a2eb2d1f493e10132d4d5ec4cb10ceb2079422f657e78264889
arena.add/argument-1-6-^	status 1	206117467de01447f19f4917d40bd1bdb5210db142b689fdfb9822f49f5fcb5c	60e904696b328c50851abac83396129296071bf71bda815b49d2939271688d11
arena.add/argument-1-7-plain	status 0	b293cbf2ee7d08ee8f338a308a2dbcfc1bb6b972790d49360ffdaae96eb68e99	ed6e01512f90b2700c91da5e915401c1fd28a1f6d769deafcd68943b9a8f49bb
arena.add/argument-1-7-@	status 1	c779a6650e4d8bdef346a17d2ffb1d53a4006a4f006c4aba88c0fbc5bb1288db	851bb8d64a02835dbc5b0657577c8fe8d9c588b06ea22c9e934d6606ea1ad9ef
arena.add/argument-1-7-^	status 1	cea03a668931da614530c7c1682be44c047cc6ecff7f0686dbfd7d0ab99008c2	3849f8c47b4505b698c961ceda8cb8d2af0bbac98871ade8006a6c7007f6254b
arena.add/argument-1-8-plain	status 0	1f5a16508e410b919361b794ea159130aac9477b4246d0d1c890128bfab1873a	6ac04b7dcc4b98c3c3b5ee3e3d96b62a188c61353af3086fe0933d71031fa785
arena.add/argument-1-8-@	status 1	4acc8bd5dd1f27ebc54d8a123efa898980d0e4d744df9a06ff5c791e6a9b0246	90c824f36aa59602fe05d1491fd3cf8d9ebe38a19d69f46f7b1fede3f9c1f487
arena.add/argument-1-8-^	status 1	a6405d2c37117f9e4665f10614bba7a4230939b9279354e293aeb5aa9f02245d	99df32497d10f1b199491eeedb76cf95eeb50fa5e128e8ffb1c5e03246355f5c
arena.add/argument-1-9-plain	status 1	9322928c06c3d2072fbd77ef36f6b54214f2aebbbac74f0e918277897761edc1	1af89b72c727cdff8c2a3c5c3c833a1bb76eab21fabaa48f58d028d0d3a77926
arena.add/argument-1-9-@	status 1	7536e0945e556efd7bbcee158a18cfe856b05de15e0f05d16cbd0062472406fc	47d10070a34f52c8ba1deee491ec207912aa96811156a73a4d3443f9dcfb67d5
arena.add/argument-1-9-^	status 1	b2a547990611ab480f858185f5ce51d7c10e0056a29507e02b15daa4dabf58b4	822c6b9cb7bde3cceb62914e4316dc3dddd2e8c74b255da4f9734e0f08faf013
arena.get/base	status 0	ec18fd52f8d7663d966b144b653b08a6b4d93240f1b67d47003c9e774379963d	fad606efed170abce89723a186bb55a964e21e9797719377426aef01a11c6712
arena.get/arity-0	status 1	dd1df5ebb8fc6d1b1603b3b8326849ab6085366b6b5de38ec679d5a540aae580	9a86ccab9c0259c872d31721b195db3231d02848f657237ddf107f13ef5736b1
arena.get/arity-1	status 1	e760e36a2f0e4b0f7bb3f186c19587d78ccfe6c1da491ab6a8fb83f057d11794	bbcab439af27daf9ea1da115fd13386f70f9443bf43ca0adf5112a3f5e049218
arena.get/arity-3	status 1	3a258d9b19c6d27d362bb8e04345946eb20727af32a8c6fb89051f7efcc1384d	a67b51464044c559a9c7657c93bcbffdeadb44e182a6ddb99f252f6b01042f07
arena.get/arity-4	status 1	8ef5ab1845d7b8c701f4fdf1a2e3bccfbd2719b78792b1704d4a5a2f0a6bc0ca	504dc995206e882c280d8bdf65a7d7ebc828e5003fce5a27893e29c8a851a7c7
arena.get/arity-5	status 1	5926283e29fbd8a7310844850df1471d82290b1a0c84dbdd270e11dcea3bd1ca	cfecf9b0d0894b6b7cf4df8466874190687c4deeb08d9e5fc8a6bacb0246eac6
arena.get/arity-6	status 1	22f34698a1d30ced51b17851d88bce265378923ea4785af06a6d62190366ea64	1a431b2db0a81db08442ecab5278beab0ab5c299d2c8756d54b3460cbd4059c3
arena.get/arity-7	status 1	9b4bbb9509fde59691ce24575bd4f7eddd72b85207ea1a4df2ccaf0363e68ab7	6e7e421bdc957d38fe538a7c42736e8b29d1a13846efa95d666137a3b765e24d
arena.get/arity-8	status 1	3da7092a0470a8e8e95bdb4061e5adef1e91c6b216756b7548fa6690a7619493	200d4c42b713510afa598f9b20c15179a0041f484474898338e44c8afac8bc24
arena.get/reversed	status 1	34c1f92fd4d1245f65d07651815384cf91fc7998130a65fe56c7c6080b94d86c	1a897ef4c16d43acf893af0c08e4723b689428af9dc8f895b734d0d7101b2486
arena.get/argument-0-0-plain	status 1	239195fdf905e6aa1066bd07c3ffec1197aecc169f85983a424fb6f7b5cc6930	7da589f267c7c742fab3f8fea994fb5cf8000dbdce3549b21a575b1c622e21d1
arena.get/argument-0-0-@	status 1	045909ce86111566f79694584878411923aa4c4d296f05ccba1cea0aa3683b45	f5cd24c8bc63acaa632a61ddb00c0132b494f1617d5a2d1bc4ed3f2c6a91eb02
arena.get/argument-0-0-^	status 1	495d76f43d964a2dd6ca2b3ff81e973fb9ad89d709eee6fa1a5bc826c7f73f8e	cd9ba3248f5074fc32e405a9ee3bd562245c6991bdf4fdc0ced781d7bc0210af
arena.get/argument-0-1-plain	status 1	da5b22a73586ed31c0b24b07c25833e8431325dc73fb7baeff00e7abc04cb3ec	84b2d7f0a31ebbd6e219e7a5838352916f1c122e489c414c5b053a82f81d2559
arena.get/argument-0-1-@	status 1	a51cc79c1ae38a539200967e2b885f9fb923d75eb5aff722165ddba3f7d7f40d	86b824956ddd7e271ced328787ef29eee5382293e0c7ce259036a679f3e87d58
arena.get/argument-0-1-^	status 1	4761cafbbfc46d7eaf17215e800b6c0cb07c73da88dc62206f75fd7b21c8d55f	440890b63210e2c8c49e40ba9e4c8b2b4372fc451fe4b8f9cdc61a66681ea4b3
arena.get/argument-0-2-plain	status 1	d358d51c678f676f1ef5f557fa3b00cc6fb55917d531b154e92deb96ae440a3e	1e8cb5f90c2b8b25ecc546ed880db49118cd971941ca299bfc04884fe64f5c38
arena.get/argument-0-2-@	status 1	a1aaa7f5045f19cf8f4504e50858fe8b0ebc9826c88984741e62d2ecb34ab108	b2ec62166ffb5d817e8196d0917ca344879e97ff98bd0f55f2d1f8dbc9ae744e
arena.get/argument-0-2-^	status 1	d469faa88926c28b780f7ea539de69960269ffc3421acd91ca0907eea74b4565	f57d9f2ae986c2e4239d1e974de7d84095ec879d8367da434dd9e262c03119a9
arena.get/argument-0-3-plain	status 1	0bcb9404e201ce6959dcf66fc63ac4358f008f670e75f1d88c2b02b1fbb4b0d4	0cf8a48ae140279d683c2b7a40767fc50978595a1edadde7fd9806df64848d7a
arena.get/argument-0-3-@	status 1	f539f8020a8546c0cdfd0105bad386cb248d4d0690c2a5729fe60f9a046e38c9	fc86272af6f94de0d110e1e9d0f391486c667cfea6c20b1a6b5fffd835de949e
arena.get/argument-0-3-^	status 1	0a05d1a57cb2b8788225cd96f94b06f80f530e182d97594754234ebd18d4fa6f	7cbaa99547adc3dc20704982520acca0c7c390c02a4699d59b1fc1dd74d34124
arena.get/argument-0-4-plain	status 1	677f83c1201a4ef4c7376a759c7de14a763138e242c4f9b94fff2fc59c20e4bd	45d3583cc7811acf4e64dd0f1c751a85b7667a3eec025a9920d35d05c255fceb
arena.get/argument-0-4-@	status 1	da6642d049b3424eef8e684e4befaf79da726d4737dc66a8303b35acd6509d4f	b04cc0e6190676f9cefa9d56baadacf722aa248e4f0a85e9f610dfff930be0ce
arena.get/argument-0-4-^	status 1	ca6c4f861a654bd92826f37423bfae8c51006061078c0ab493c5cbae7e08c309	9e0c6b34274b3e3b9a54e1d112badf6c6309a7aa6e9a932b78359e8a7cc914f9
arena.get/argument-0-5-plain	status 1	3b724f884ee2facfde6261986efbff4359e0411da835c3f3ad4344c760c063f3	3325d5994eb9f1a0e565de954e667872a744fed51f50aba28d0fb3fd78787838
arena.get/argument-0-5-@	status 1	bfa31709227147abe801806d059c28b9bb7cdd6700a9699aac25401fb38d6b32	e207a2ae7194eec3ddb828b9ed0754b7ebcfe4d07d473d70f179f4f6de994501
arena.get/argument-0-5-^	status 1	23a0f1b6947623f02ae72a57b50bdafb96810b96799821a85f356db2326b7335	1fe46d2253db60cc76d9de3ff3377905d45e204b80101ac272a27d8ceb80929f
arena.get/argument-0-6-plain	status 1	fe83c3d25e002d6ccd236a3c3f7a83535739a054c8ce5acfc4e99628893f543d	88b72d5ddfa7f883662cca4451210f58558d093fac328f0b6bb6ce671f6b4c11
arena.get/argument-0-6-@	status 1	da3f3f1d9b023994c925a73a3d678f1fa4d5f492ebcf3fa2263b85709dd5b8ef	26e9970215de465c33b467d35dd556350815fe916df0e6f4b19add8276224d24
arena.get/argument-0-6-^	status 1	dcc7d0c8daa0df1c76dd5dd714f8a93becb44c4f2e8092a52baa03e8a7249635	5c308781f9240feefa248eb705893ee781e93032a44e3e7db1c491ca86934815
arena.get/argument-0-7-plain	status 1	004fb3c583aadfa266505e538a0f7685906956104e27500dd85d2aff8e391b60	a964db9e6f2f36b678ed7479e30aa3255a1a724e41e049c691ba52945bf34a05
arena.get/argument-0-7-@	status 1	bd9955dc676b4cf4c2bc6039843b8a091b403d7bed881172f7a7d529df922f36	37652a0635295dd6a9883e63cac022cf1af3740f8a010d9c94b93d114d17b767
arena.get/argument-0-7-^	status 1	b2c4feda0b689831375400fcdb1057330a8c143247640d13aed2cb6f8ffc832c	47d94d1a6f10c9e58f7125716179adfeee1e753791a97e53f0ff9c0736a97c6e
arena.get/argument-0-8-plain	status 1	668319fc7a3985afde7a6c2baf2f46c63fb28f04d40e5de9585230dffed50aac	2e4fe7c7ac0a2e2be68ab874c647ebc6d72878e801e48544e02fc4735e73d433
arena.get/argument-0-8-@	status 1	b51aff2b23124566f7fa7fbe928ee6a32a826b8d830767d2b2d28d64e4f6cdca	3f18dcbf0fb60c4120388f7ea7b519e3284388ed911dffcdc8dd2b15411a59f2
arena.get/argument-0-8-^	status 1	a8fe246ae7379bf197cc53716134dacf967a0baef25e2351d299e06ac29c8de8	983ff2f3142612db61e9c06ccd8078d55144565f9623edbfff77f9f9f3ed6e23
arena.get/argument-0-9-plain	status 1	78246b8882672cf3de4cbaf3e5dbe15527c5a3dbfb41180e23e7c04c522e9f97	4548d690c17a0bc991ec43b2b529bff7a20b43c5410e044f751c68658965a3fc
arena.get/argument-0-9-@	status 1	0d5925fe05832006d630d84236003bbf7ec4e4f4703f5130e4d424139725815c	50e824f8f8d5a0db90f002b058771cc632da6f600578bd7d1dff281099ba8ccb
arena.get/argument-0-9-^	status 1	b996ef6b6a0f9c2d31f7d2ae83795a27bec025621b6a4ab7fd474b839d3025d9	b8bc2380ab2a7ad4af4bd38ceac71d8efbc76b135ef553137ec7d51f5fb6bcb6
arena.get/argument-1-0-plain	status 1	a1766d67b5c92417073e5a54ef7ef386ca134642d627b40b919bf9d9b009d12b	10fc1943b6e2721867a01bf4db4a0051f1847194d7f0a18241b16fbf9e10b4d8
arena.get/argument-1-0-@	status 1	1cdb7c7da917cf1a3ceed04ff55e1a0645af1a63e6a18807866c493d7da11f03	bbe5a6c6bcc5129c4d7fe0d421ace6272e948bbe9d1e3ef5a9c5aedfe513c91b
arena.get/argument-1-0-^	status 1	b1b0aae53f71eaffc25ad57b5ebadb522917d1c0d1787c4b019e240bee6c5661	54caa0db46b005660475e121f1f535574e132b2c87f5991a26ffd91ad03fd8cd
arena.get/argument-1-1-plain	status 1	f4aa8395b127dcaf21d60e49ae9ea192a7e605510a3407e3af2532b7071a74c7	5d5602c4a33039544363cb50a7d4e9edeffc6588479a6dadbcaacca11cdea4de
arena.get/argument-1-1-@	status 1	2d83ec9740abbb27ac2562d5b78f13610872fa22d389e336f6051809988f5253	90e91d94af8d6f4c375ef19a8c8bc99f23b9071eab8aebf1c9d33996b6f8f763
arena.get/argument-1-1-^	status 1	7e4a7e720e93665350b964851b1fc23d6137bf01328171f368625bc815d68ddf	cd2ed926959bc96a5cfc3805340e8cc5a8d0ce0b15358f6de246481ecfa2f7c8
arena.get/argument-1-2-plain	status 1	68bd02b1c522cf5b3d43cc49f9472b245670d2ccf44ebe79dd1d04d118439545	7104a784d5d4621434fdf66411d2cfdc81b1cced8cee79c2f27bdae6063c2ba2
arena.get/argument-1-2-@	status 1	504876c6218f866d292af84361a0f40fb58f66aac7b69815bff3d02e7c9c70ce	44946240c67b426c31812f77db3d9577dece43500d8c725ae3442e0052ae6682
arena.get/argument-1-2-^	status 1	65ceab85eec3c4de9d0562d842b3e1533cb00ece406a6ad76785d24e164b3165	b1a628a1d7f77a163ee872556dbe7f157ceca8a8f543b3aa2934439224365d2b
arena.get/argument-1-3-plain	status 1	f7b590839e1f964df2ba6e9bf99fb1fb964a97360e1fdd47540a4db825dfa8dc	37e3c671c84a4439cb6349fe17a4ed4681d7f16d9b2df3d1186e5df4ac2348d4
arena.get/argument-1-3-@	status 1	4dfe0edf5d5ddd7c8e8edfe1d51e995297d72402818265d51ad843c4b05108f9	7977ed744707835bdfe8a2b81a0aae54fff6e0bfaf740a3cf1b309974e2f1991
arena.get/argument-1-3-^	status 1	a8b95dc5cd5acdf80b006adcbc6dfb39207fa337b20d2976761f03e6fcba3743	a6985ab32e76b4afc4dd39995b37f25e1b8cf4d860e6a3ef5a76eea3e995e735
arena.get/argument-1-4-plain	status 1	7e5545c6b12dded1838a202f046a4e5e4fbca0834a68e9d3e477b2b43abdc9f3	a2871836f140cb9ecd8e4673f129a652a98ca1e948f7acdebca0bbb9d5645a5e
arena.get/argument-1-4-@	status 1	f6f144223b299724cef46da96490358bb9368d3bed967bab901c7a70f1dfba84	9bdfd36000f3f8c6a0ab621ebf35c9ef79c28f442dc049f33e5b42d6647c726d
arena.get/argument-1-4-^	status 1	7bf3820c80d40b318ad4ced81f902fb61b3c3979ebb7a896701f6f4fce97b7a8	9cb5d02a4117184f2ed8fa40c854f6b3625823ebf0ea59d47b18a8d75a345db6
arena.get/argument-1-5-plain	status 1	6216be17b73956cd2aa2172a5d0c97ba7f59b2463e68a0ff0cc08b4cbf277b78	fe29da778a70fb13c17826784f1664061ba8476bae54ffac33ac10afdd0c828a
arena.get/argument-1-5-@	status 1	3525e7c5e3128ba49f719e9cbc399c115312d0e0da491d3806fea3afcbe298f2	48b27b691395f1dfba41c51922ff93d61796bc4aa8101fa8f144f93859a141fd
arena.get/argument-1-5-^	status 1	046b0f5603607a98a81925617f821dc3cb85a1df170632beb9121d171fc3c4b3	9daba7122b2d8890144a2a0a1e484c44e14f216153466428bdc62ef308cf3b10
arena.get/argument-1-6-plain	status 1	460d6285e2e5fb3eaec010756f055253d0e53a5c5f07ba94abbd0d9e941d7ea2	044688144bb52bd995177fe3f855b5d315f0ba8f6d25367a8f2da283ba691ab1
arena.get/argument-1-6-@	status 1	bb2913b8d67648696e3aedacf33845267fa1b6c3014ad1a539be1b57ebfd46f7	e440546778f57163fa2b8c590c450f78de1f30888a343668cad4cdb76e697916
arena.get/argument-1-6-^	status 1	f4f7de825b625f9e487081b52b06e2124fbc0de477ae3661c77b818856565c69	a55cc359ea3767c3dc17617bdd711f652f1e8bc2339dcce93f15afd09023b3a9
arena.get/argument-1-7-plain	status 1	0c8af52bb07aaeacd2e659521c00fc775703928dded792d2f88aade1c5b746fd	587cb8587c94d92ed150e6c96be41819a727397ee2f8743e300637c86b4f06d8
arena.get/argument-1-7-@	status 1	66f4feef883762475a46466b12f2489f028a8642a27ae84a58dbd96760222139	769504ee4941e19ce96ac2ce814835500d95bdcbdb090030e1e60154a7b7bb85
arena.get/argument-1-7-^	status 1	a5bd65b8cfc9e34bfe39ce4fc80c3682e2f51a80264123756577db81390dbe64	dc310addb6486abc302cc9d77872a335757dad0ee353026d3c0534a7fc743f78
arena.get/argument-1-8-plain	status 1	a1ebb369e1a645ef267cf2affc087b6940306b0ef873a2a55f5cacfe943ec3a6	e9bee05d1ca8c1ee5e04a9c1c1033397746ad7589715977f598c4b0688a21748
arena.get/argument-1-8-@	status 1	9def21ea94f53e7b29a9a80ac79f178791d78611f577d63db80f07751e906d7f	5dfe4a0bd7a2bdade34e1e1889e379b26906ec207524bea8dc7852341b21108a
arena.get/argument-1-8-^	status 1	94c943702d30bc77f1c8bdcf551093ce21d9684e7b0baf1860b5a4203ddb6f26	ba73bfbabf75d4a979fc91ace4c38ddf3bbc1a8b4dcb6527b59eb640be752ac1
arena.get/argument-1-9-plain	status 1	adb2bd953609ec0b28df7d0a6fed8fbb043af9ae3e763ad444d74a1729b67483	ce64001aac608041f462fa3c3e70bc626b6cb38a74653e6108ac629cc86472d8
arena.get/argument-1-9-@	status 1	b09c65ada1447fbe9ecec1f48dcab1eef40e568024d3fd2d539fcc3fb38ccc82	5e4ff47d1bbd46c192b50b6497bac6549dd4f09be50ab5c715130981ad5895a0
arena.get/argument-1-9-^	status 1	1fb4ddf0c3378d362505a48594090c77bed7db66bf2d2d1234d716fc8b23d9aa	b0b9d5902714dfe112ba64b7674b45e46588d2f3fe723a3894baae136b1d8906
mem.replace/base	status 0	966d662ed6b5632b0994ac054165955f64e3efa2dbef602af16950b9f599423b	5fdc91f8623b262a86b533149bfcaca7cd7d5814b3ec1b9843c4bc8fb66de5bb
mem.replace/arity-0	status 1	3dec2c50062236e2139f9eaf6bc9a350b87cb571392377d091ac5f04d10d6d30	ae9d67c79c4ff9f275501d5033656e44d12193258846d98e27e1347ccde40804
mem.replace/arity-1	status 1	519266dca70c1e5e6736ad407dd0199cf59a0f24d74553fbd4051ce43b3e5c1f	605796239e61174f54d700a48803a404f673c4f4d0ef265adde8bbdbe68db124
mem.replace/arity-3	status 1	e4003a2eb78bb2c52e0c1cfedb275b5da437dc2a15d8eb0d21a1416072057833	1c6eed6c29e1fc911e5ebeec7bdecdcd8b280e2f775048bd62bf13f20e40fa7c
mem.replace/arity-4	status 1	46cdeb77dba94a4ee9eef8462892d829f20fbc6e906c1a0847270eebe9cb9e0d	488def8415bf7f9fa9950b527bc8188aada545fce8d786f8fb7a4634d5375d6f
mem.replace/arity-5	status 1	10a91b7f5fdd1b503a87156f87fdc971f9542db94af2bf918b4670787ec224e8	936aeea2a8a2202641841f27cf65ba8f4ded97583caf69919edad6f4856be130
mem.replace/arity-6	status 1	60c32afbe7b44819be6729a64b6a48661ad30c5f4b5776203764e9b62308141a	0cf91625d079e4542e7c4e71cf21797d6b37f36ad283ecb794c93d177336d136
mem.replace/arity-7	status 1	d6d86ad5fbd5464c7ce96abf37f301f403d3454d6cd11229e23fb432a4149895	08a19db99937b893e574d053b855118c132dba9f7aa6792bac95c0b74336e20f
mem.replace/arity-8	status 1	04d4efc1016a05cdf88606893770511a0c314d408ff64948476371d85047fb9a	db372639a01161380171f89681824595171c44cfd1e4ec51fdb551d63bb2d1fa
mem.replace/reversed	status 1	9b5369b9c3c95d657164969565989a72d4db01a33f554ba613898a8030e918f0	c3d924c9b9993c744faf99ae92588f268ebfce6df50fa2aadfc458373b73ea9e
mem.replace/argument-0-0-plain	status 1	235c910ea4cf033c11c5f0b00c2ecb98edc1b3742af1c0810998f0d4e635e1e5	b409af56950e2d569cedb7c45d765a171ca8e17a7fc07420e88fd5dc61f5c0f6
mem.replace/argument-0-0-@	status 1	dfeae1c1766081b10a822eec8f8d33565e15b60cb7481bac82dc2da0726c9f34	51c062c84736b3579d78a431f78cfeff6d05d02d9531933ec9e9eaa23f23b9c5
mem.replace/argument-0-0-^	status 1	94e3179d303bdb91444bc3bb0d26449eafb3154277164eb6e0a6192fc0e36da2	b8df43a05bda4e00e72051ae63a1ea0f3ab326c3c344305bf573defd23028482
mem.replace/argument-0-1-plain	status 1	c94719c10c97525de6c29c53b1243b506ac35230c74d86256a64d6fd691a4afc	c922f191f6c24efd5015b0b3fc90e65b67d2d4f49e1e6369a4e4cd58855e14b9
mem.replace/argument-0-1-@	status 1	ad5554f895eb56f88b843f7acf25448660aa973cf722e939fbd1a0eaef556ed7	2275d7c2dfee1bac7a970a8145649e0b2687e2e7fc06d3579c3f8e184f6ef1ba
mem.replace/argument-0-1-^	status 1	a9a99826aa6906d45b586e974db8b5d6d962bae12edf955fed348b3a5a1a6d12	a6291f12f89749e64d88ee1476d9567b569734393405282a35ee3c9073c4fad2
mem.replace/argument-0-2-plain	status 1	67d7419df0a0208f1f2417734f51199503c4535cd18c4dc4b5feb3a10339eac4	d10c745c71a2133c4577ede467ec94c2dcf44f74c6b4f8e876326a547ab18dd7
mem.replace/argument-0-2-@	status 1	620cf3a2c5cb9d8c4686da3f190ac7cf8d30078555ddcd0c430409d6b54d78f1	5fc4fe96217b92ea488c9ed682c9ded046e9c31a118dd68c90c93a5c7e792443
mem.replace/argument-0-2-^	status 1	ca202f704ff194017e74457850a679efe3143a46f2b8dc636b5c1d3d43413f47	16393f457f801ab8604dd16af5d88d1700f98fe32afe0748b2226952b36b0572
mem.replace/argument-0-3-plain	status 1	687507ba47323866b7e2592d5a807e0aef4ce82fb90284383132063e8bb4a512	d53f115ee8d9fb1090d33a87465b5571005ee29cbc5d6468cc7f69ab4a5d29f7
mem.replace/argument-0-3-@	status 1	ad53ebb3f109dcd4ca5421cfd1e13c1474040e1557bf30424c62aba4e18d37ef	7c9f9db77f01c4842c2ec09b372cb3df093db275f87a537f83821f06e6241459
mem.replace/argument-0-3-^	status 1	cd0512edcbf01837ed13a698246cc9200b931969c61fabc289a26fda6891c6b0	12892c3df7c7fee91537aa1bfab57c0b4c6f7004b2bf28be7b6f7c88f4f72936
mem.replace/argument-0-4-plain	status 1	739192c106ac2705866ea7d0e6c8c75c277be8c3d055eb87c4fb17eb96e89d88	63bef90dc62dd75dbcdb2b40abefae7a86c28810b896388a7bbf91ab4bb22fb0
mem.replace/argument-0-4-@	status 1	2caebae64d474c74de791400a97be0fd29ce40ab4cb736c0080b334de4c5402b	0cbd2b3918f38266c263d5c625d0ca23e00a63034136f638decadc29fa53cba7
mem.replace/argument-0-4-^	status 1	d8a8829cf1c84cc937b24f28ea37f59b2fd7fb4efe0f61364593d9e0b1258de0	bda5cbaab1e5c879da777729e62402d8fbef5656f0e4f3ea2c04579282970196
mem.replace/argument-0-5-plain	status 1	25f018693ae1c71dd9b06b915da6bb9d012f5e0e979dafd4721b0a63bd61e16a	f8cac3fa785b0c9146e38ee5c85750937cc64eb908ae9741fd7deaf743c32258
mem.replace/argument-0-5-@	status 0	3c9ed72d7c14bd26a02cfe7a73ed412cec7df10fedf3a2a724de75d1ad0729fa	210414b3645ae90ebed317d173b275c9afd33ed8caa3dd2b6be82008768d27b0
mem.replace/argument-0-5-^	status 1	1bd4e07538aa9802b543c61593a4d34d2914dcc587c820964cf2768133797750	fda693094038479a56898b4f368f8865fc3e98fb75a8dc3c54be85e9be89df3b
mem.replace/argument-0-6-plain	status 1	b0e2ba6f109fdcd542a5dc4d9cd1dde01266016447bd1197c682e38f28a6881a	b1b2573aa79f4fb27b571b6d4a7e2b7d2c39b7b5cbfefde8347d31e887ea2649
mem.replace/argument-0-6-@	status 0	966d662ed6b5632b0994ac054165955f64e3efa2dbef602af16950b9f599423b	5fdc91f8623b262a86b533149bfcaca7cd7d5814b3ec1b9843c4bc8fb66de5bb
mem.replace/argument-0-6-^	status 1	2b36eb7202cae82a3be0d1df528bae8547d646df50b82bb118fef0ce428a0879	97f37bb2490b82abaca3bba202df49f0e8c425bc7577506abd0807540f655d66
mem.replace/argument-0-7-plain	status 1	18cb7380a29b6c75784cb5beae90219992ecb4d9606e6457cdc52c5041e69c51	718f9be5a8262eb95647c741e4c946da0e5c11c3e1117e8f0d2bd40e1bf76a06
mem.replace/argument-0-7-@	status 1	6a8ba413bee6b3f843a18e61589219639aa92618a6382621833d768445f6a3d4	24fe918866f16dd8e4279af1d1a53574c1d17614bcc9cbb7ec3a7dbc36abbb77
mem.replace/argument-0-7-^	status 1	5b1dfe33f8ccca5fb39e395cbe0b433960285db7b94e09d52f18882bcf3fc820	afde0a832ef1219de8af4373b05d74ec8448ef5ad99f4796f66ae0b3c465b05b
mem.replace/argument-0-8-plain	status 1	a510f73e157833317325413fbcaba630ce9812373f73aaf001cbf467283b3169	fc87d822eeedf1b48470d695c4173d373b701e74d7a8dcf3c7f6d94de2dc1d58
mem.replace/argument-0-8-@	status 1	5f87bf782524401f0b630acdbaf4937cc6a990f4178f85f1805357ad9216e63d	aa4444689c3dcf5dceedeb302f0ce058a5fec4815d40734115133d24c7cf6e3e
mem.replace/argument-0-8-^	status 1	9a82a2e967b05342c0edc81036ff30084b67372d15a30d5d2ad6a1badf08db00	4ad1823204fa0b2776cc7107bd104339a1f0ad743e7e2a927f29528b69519df8
mem.replace/argument-0-9-plain	status 1	32be0465407f151e1926566dc0e8649e61e7e8c6610169ba9857cb0e00372b94	d0aecd8529deb5eebabe9ab4aab25ff97817857c8561c746d9e805df7115f5bd
mem.replace/argument-0-9-@	status 1	9284320ee7432c004a4491af633f36748eadf68cf59cacac90c651ac09f4ea7b	975bdb46a5bb5d836777dafc197db95358ecbe7fb095b30e42277f4f7d60d2b6
mem.replace/argument-0-9-^	status 1	c4111aa5f9416f0670ca3449a10f1c806e71dc34d262e26e94ec0e4af65853da	7d94cfd98218fbcc9244cf883245c1d9e1e32e63bd9c061b087567e3b2f56b50
mem.replace/argument-1-0-plain	status 1	9d7aa01fbd0f2222c080c57a73a684c3ea2dfdd6b77b08639b4ba8f8b972ed01	66917afcacb0611731f9f8c288b8624c894a061f5ed2e70f3692894ff2744a9a
mem.replace/argument-1-0-@	status 1	bf240a1128138c26b6851e4b9c54fad9877cf26eabb935a3eca1526e448da5e9	200ef2122c162f74e237199773f4b0ba8b330ca2848b1d019585bd0f3917d0da
mem.replace/argument-1-0-^	status 1	02eb5f59e2b1df7ff315ba3ab2e2f36cd130228cb5353036979885b797eb52ff	dfec9e6e04ad9219ef52f3be11e1e16e5f0f5b97c3fe8a2cc64f9e06e0ae297f
mem.replace/argument-1-1-plain	status 1	d2a75a7bf2fc77b0b9c5104ae0729a9440437291e246eef6d3511b90434da36a	f527c93af2dd9e4b3e5e569f529e0cd64c479c423486eec15f3efb8286316544
mem.replace/argument-1-1-@	status 1	a0e3e4371f36ae65eaf760cf0f2cf590fecc9b94d3587a730e7c3b511d863728	7c201232546f50257d5323d6d4f7f1120f832deedfc7dc31e6b44dbf990b47df
mem.replace/argument-1-1-^	status 1	73bdcfbf2ad8d41eea20b92378d87d8f7f0a4ee8f1d21741ef17cf73e0c0a6a1	1fe7703a590f91e636b7df261336a87b08c04efd975276c4283ecdba6498a002
mem.replace/argument-1-2-plain	status 1	fc2390998b000512e0446724f10c26f5b6c965c0dce849b179665d9ab4a9e043	25fd13981d4dee33f6f92a98dee4126450b51c609e9d4b94452d1e37ee3391dc
mem.replace/argument-1-2-@	status 1	a88ded446db896c724f891b26a86527df960a3859356874589f0a7b1656a0c76	82950d13c809dc824d544d1b864e0cccde3641b264a30bb478489a3fef9c87c5
mem.replace/argument-1-2-^	status 1	ef6d86c93750d8b6e4c4216c846858641d52b1f473cd7fae656d734c4a8e98a8	702ac2682dde5a6e3b926c3c523463c7097cdc837a058dcbdbe8c170dd592ad1
mem.replace/argument-1-3-plain	status 1	999d0539593ac0e7b78cd582a94fae8f1624eda5270af476a2ebcb40dc7da7a1	f527c93af2dd9e4b3e5e569f529e0cd64c479c423486eec15f3efb8286316544
mem.replace/argument-1-3-@	status 1	dfd79ff00cc61573a9ea2ccfabad36dfdc08c71126cd76a789c42287445c0ba5	7c201232546f50257d5323d6d4f7f1120f832deedfc7dc31e6b44dbf990b47df
mem.replace/argument-1-3-^	status 1	8d05a2783e5194e091ed5a5ee0650a135fc5afafcbf062eb225342c1ba77373b	1fe7703a590f91e636b7df261336a87b08c04efd975276c4283ecdba6498a002
mem.replace/argument-1-4-plain	status 1	daead2f1d98e2bd0b67d10c39fc22a51d0ef2587620815cc522352edae836774	e16cb02b6f2ca3f68ec0671fdaf38e1cdf01a5beab91c94ce8107046946d5c6e
mem.replace/argument-1-4-@	status 1	4b5c5dbcdb0f6de9a5a8d6b1603b0380bb2234af029a46c031a1cf2a2aa960e7	ff9b4348548822738a091c7efc0e44952ae12769e32d50b89498d95e8183cddf
mem.replace/argument-1-4-^	status 1	d492dfaa72c162ff67a9d7b9c771c6ea0fa763788217f929c3494c2b987b0cd1	ec267e4e241562da85293d7b1cfec9a2f5711fe5d7274ffff1edcc8cac9ce8f6
mem.replace/argument-1-5-plain	status 0	0b7f6a3058391af78acd3a2c604a6d0d6ed8ae6a40065e35f8885b8c87a95dcd	0b4b9e29b8db9c4a5053db23523816cd321cc8dc13d1f173208801468a885ea3
mem.replace/argument-1-5-@	status 1	199c1d3d81dea110fdcb36d60fed25257008524b859f45c7795d8f255f373a9f	c0b1eb530820070320aec7a4836992c52eaf7fdb1b190c573cc3d66a59c6037f
mem.replace/argument-1-5-^	status 1	133c2f0e79631ee826f640d4a61a0820665f152d610851262ff5ec9afaa72291	26ce48fca28e9235d0d1fa74abcd0d475e8971ced485fa34fcedef601ad1774b
mem.replace/argument-1-6-plain	status 1	b569abf1ad9412ec64151ef2ce04fde476e3146c5b3459e57bea78c631dcd13f	719c7aa4d97c3ee79c41e09c9f1790b47c598154bc8d5fa34af98e9ff4b90b4f
mem.replace/argument-1-6-@	status 1	2dbb0fe023000e6c2c38a2e2f4b33d68bca4f3cc8ca1212327724dacdf2148f7	c9e5937208320d05fac5c84e34aa9486b6ac25f50bb1e80adb3392dba9e67e04
mem.replace/argument-1-6-^	status 1	967b0ec0b71eec1580ea7e53da68a480acd1b41c2aff6462e46fa33df881f95e	28caef7e83bb12ea32200d43044bac6c3e3ea89501670a5260d5ec3de0d1327b
mem.replace/argument-1-7-plain	status 1	a1fe493dfd1d985ceae95975238884df3f517058c534633667e8d2d91d875dae	2a5a66909974c7839c5326f3ff181e3bb35950ac34b8fc649b749a4003ef3d06
mem.replace/argument-1-7-@	status 1	0d6a9c4dcd5dc5029eb894150516544ed7b7c17b3f1ad00df453d7fbee4c2db1	b15857f394e63f8ab15b69c973c8331e3d5a7a924dcd320caeaad2e980020a2e
mem.replace/argument-1-7-^	status 1	ffb06264e537d3d98c3f65b06f5a8fcdb00951b6a58748a04aec911297c4ac17	7fc49b7a43e0d766bfb077467753de9ae71c10d0ff4e04e7876971b14b3a567e
mem.replace/argument-1-8-plain	status 1	731b2395e9d1b90d1699185dea0a3b30e6ceaddc9892468425a881a74147aafa	dceabbbb7a2caba6e3314abb49c0c0ea5fb3df9df2db26fb49181b057e60c581
mem.replace/argument-1-8-@	status 1	9ced2ef5190c2ff75fc652403e67e272fb4f82dcd09c4c6d79abec039f0c6d2f	14b5b102e9d5915270492d2734f9b370430ead5c18841f2ff95bc84b776c43c8
mem.replace/argument-1-8-^	status 1	81a61d1fbd2cfb7075a6f172f909b2c0bdaeb2b3bb021f5c1bcffd9205db1d23	222c68ebf76e20d7ef4a21b449e954e8c905e83118f560a5f16e3a3c340be0c7
mem.replace/argument-1-9-plain	status 1	c7bea1f722ed8888da466d8139b8ed96e55302225c8aff079a1919b4b6e0e4e3	a739f82adc41bc1040ebc0ab85e6cf929d72ece541d34b1282bcc5ae7146c202
mem.replace/argument-1-9-@	status 1	51e150fba9a597feaecf927ccf80917e93d0c44c0c9478fbe891bb650e5d4cc1	84ad9b69656b3907e7c380d5d94f555e7cba1d328493e56ac5612e4861bac69f
mem.replace/argument-1-9-^	status 1	0a8cbf91b9659947fb4bfe9c77ec5f7b6e5b3c598a674e4e8ca5400c1d8d12e2	921daed59e7989bb24175f2f4f510e1ab71c9561b0da9b87601dbbf39b15be80
identity/base	status 0	55b029b457e5ee402107aa8d1a008c2bba17d2d47da4c340c33727ea6e32e47e	29434a45b8a3bd9db567c19f7406466d83f17971d52a7dc4c18d8ec66d15ff0e
identity/arity-0	status 1	19b620145014fac95de9285e032f214bdd4f4ecb84187c1b1ae27a9d54c994ab	9facdebd2a10d19c7273be20e553e16155a5e0213c885a20cfb8fa98daa95bfe
identity/arity-2	status 1	a8c819af435c63c594daaea7bbadcca503d1379e278a8b8d4c021c62734519aa	1aa885ac06e058f9aaa76b7369e37fd9097e13a703e819be850f8e1fcdbf4cd7
identity/arity-3	status 1	cb1f6a478d1ab736a7f4631e99556e0fc34be1225970ef98cf53c6e20761ecda	b31decc7b45e4989ec91c3dcdef31e1be2729b6260690991f810e027a6b4acdb
identity/arity-4	status 1	994574d075755cbc80c1befed5f7d532715bea359b899bf7b2e150420852c41c	bb5e0502439d653584e81928656b1bc4f72f931cf7e863e92a746f73e18c4a7f
identity/arity-5	status 1	627f3805197acebb993cee52cc416cf3d03ea396ecc8f7c54984312d0970ee80	5a5c38918acc7ae9b0bc3135e4886dcf09fbcc6a1d071baa25f786738fd3ad16
identity/arity-6	status 1	fb3089a84341aeab301fbfd9ab87628db3ab06a0c7e29c511bebf36cd7266929	f6fed5f45890c632821b0e4e16eab6c6e45beaeae07ccb32dc87c7e34bb367b2
identity/arity-7	status 1	00ffd27b95eca2091daa0ad62d2e56d469c75ad64950f97aefb947c2968344cd	e5d96d9d0242f4e7ce4bc520d59d7b239801fa6d3ac5dda9e79e492585a4bdbe
identity/arity-8	status 1	9a989227b0f7b5b8d75b8b35a7e850297fa54f5b0ad4ed2e30c3cfc905b792bf	09771db10d3b082db9535f7bac124ac56bb837ef97cab568b818f32b4318fea7
identity/argument-0-0-plain	status 0	55b029b457e5ee402107aa8d1a008c2bba17d2d47da4c340c33727ea6e32e47e	29434a45b8a3bd9db567c19f7406466d83f17971d52a7dc4c18d8ec66d15ff0e
identity/argument-0-0-@	status 1	76e99dbc35abdfec029eb583d3ea4530bb76ea4795fb38bb42019b746dc62b3d	dbd09c23a14990027f1382dddd63e8031aac5318b367cebf02d9442117f0e46e
identity/argument-0-0-^	status 1	f4255a9deac19fa926306f2a43333ab0a6e2a3d1f2e74264859172270ee98e3c	0f71332ef33c2dfafc403505e0a2419804f0142ba92209564c161be5b3adf235
identity/argument-0-1-plain	status 1	914328a140957c63d5785883661b0613d40234245aa4f622d328226aa215f7c8	efc76d40ed1d3007a49a125193e6b489fb93896847638f2ac6433388931edf8f
identity/argument-0-1-@	status 1	6f625ede77b1ee550a8a26e8139d89b39415ca228d894eaf276d164879a057fb	e0ac9c9feb92c791ef9872a7c40a1aacbcb0b82ee438db2a5813c7114d20abe0
identity/argument-0-1-^	status 1	9307960475b7dc248d62cd2f4adcf86b435663c04fbf6adcbc3e1fe762e8c6c2	df935ea692a4b62223615f975965b921c45b01e8db8692eb9a3239776bdc4285
identity/argument-0-2-plain	status 1	ba95e8f3fa87561ad9d11631d98bdbfdcea41115f349d4afb10ab7e95c07544a	16c1fdc684620a3d256cba6f27be995be515b768766d0936767ae2bdc75d6296
identity/argument-0-2-@	status 1	03792afc7d36d6452b9667557e58620f558b203136d745af3a8a92e6baa061d5	3f041dd4480b50c2f556b83fc658ba5c4942cb7806c331539a10c1606f2014fb
identity/argument-0-2-^	status 1	22c2532dfbbed0c1921afeae6142dd531487429a171871787b291ad44ef4c52a	d31fbfb5bd3732b0e3fb998568766b15303877db466d8fc35770ee4875ea190a
identity/argument-0-3-plain	status 1	c6b93ad018d9b2ca9bee8d1c66111b0f8e6546253ba3fe27240667b465b4b773	efc76d40ed1d3007a49a125193e6b489fb93896847638f2ac6433388931edf8f
identity/argument-0-3-@	status 1	d7fb51882e2bece85ea6f03bde4164a4d41811ac23b08be3c5379cfbe8a5dee2	e0ac9c9feb92c791ef9872a7c40a1aacbcb0b82ee438db2a5813c7114d20abe0
identity/argument-0-3-^	status 1	6c210d88b1eeaa1a3fa8b9ced3b8f131c8b11d390eb2d7852dfa33c34b6531a2	df935ea692a4b62223615f975965b921c45b01e8db8692eb9a3239776bdc4285
identity/argument-0-4-plain	status 1	ac4c954579ac84c39effbf6bc0d4c277f67ef1f7967841b7b88024523fd9ca2b	1036851ac1ff15b8c7879422905f0cee32a0915ca46c71470b5a782e48894754
identity/argument-0-4-@	status 1	2e7e71af13fed9532d707cab1d2390c703ad525cf6f2916e675a46b9c85c5789	299b8cb87c0fef60984a6271b503dab1429d0c96717d8af392b05f6f3b4fe7ec
identity/argument-0-4-^	status 1	0b3f724f4174398063ae22ae5332ac188799b67f2b626fc8c9d7980d348c1b1b	8bcf31747eb82a7c1984c2e880e1e9bb3bb722e7dc2baada13ceaaf9e854f834
identity/argument-0-5-plain	status 1	fa2b21f02e7ba7a18fbf2d85e793508c171dc71c75a84927c62d6c6936cb9360	49b911a298db88f44e87234267e3f6ee6133348f7b78c7d291c0c716c7fa6622
identity/argument-0-5-@	status 1	d98499183f66b9914bf96979c13f88ff4138bc87a5c905bf415b4370392226e1	3e27f63d9b2cf07ead3ba4efbbe265cd7c6994cf1bf311d394dfaceb3075a809
identity/argument-0-5-^	status 1	dcc38c08ab27e603a83d1ffee1d6ff601b005f8c2e55778d2bc5f92501236685	b7a36a6b7d33bf40763c8312a5c786b68888cfd4014dd6cd63e406e856c29395
identity/argument-0-6-plain	status 1	355225d6baaa431be9a0301689c758c17c6ca77e73fb385490ee210ea2d5722d	5f16c2e32a391645aa9c01b7d9d01516810ddf76c939dc098f0d30dfb40eb534
identity/argument-0-6-@	status 1	4ccdd32c8fbaf6e00d37aa6b2a92eba3c77d248731f808092e27de9a50037bd7	679ea071c009b30e69efcfea5f694907d8187f79c46169d34001f5f959cd3a60
identity/argument-0-6-^	status 1	5316bf5c3a17deacf8a3e4835f4820d771c538bf2ce3dc5ea5c46e526b48191f	b2acb13a04f7c679562056c916054d03531b148f02acc56889d0c1f97d771584
identity/argument-0-7-plain	status 0	8a6b1f27233d570fda3525da07a9ab6d51ddfd2f657f8ef3d761b6b1c562d82b	c5a8176f82717422eb3c8a3772a7f3fb18489aa82463e8786e790c8e537889a2
identity/argument-0-7-@	status 1	b421b8e64ddbeb6fc547ecd7ed2cb6aefcf449658dd0a3021d9b6a70d2592b71	78d9d7fc488044ee9447b41635d18d0123e62e28f1547edfe1c0c583e861452d
identity/argument-0-7-^	status 1	32b781f2d0b6a3edd77c1aeae941dbd8c7cc5804669f03ea144b2a02fb4ee0f4	d0703a17d3b5becec9e439ec4be2ddc31db9e2a0c208fb237ae2f18343dd297c
identity/argument-0-8-plain	status 0	d47025f7188be5479cafc3b6bce731355e0f60da5b7cf3bfca9d385b49474f88	bc8e08c57a03401d98ec46d34437d9604c6c6aaecc0c97dbd26afc2dfa843881
identity/argument-0-8-@	status 1	1134eb02bcbecf52bfd981f58f160a97a29d3d3a36702a05beea464441f85219	0da2fdecd1df1489014a195029702c6ab5ca80c44a867d92f23d85442e14cb97
identity/argument-0-8-^	status 1	8d60ffcbd87010fd2fa01c52e834b1af50b4fbeaa80bcd5f9f5af1effa8712aa	f61751b6a42bdda59a84e34f4ce071062961dc432a1b47e9e862cd9c3148da8e
identity/argument-0-9-plain	status 1	1de4eb8fa727e42dde1ad826f15db50d16080bc2076516af20b1ddfdc793ecee	e3077a23c0d43d6923522d395b366bad1bb8a416c57ab6c28eda00057cc0431c
identity/argument-0-9-@	status 1	e1f17aa7b9a55465e8e6dccda34f1e2c4267c6d7ca69d1b2315fb763cf3a2a78	e2dbea95340c5379a763bc514ea3c4bd216b3d976e5d2bffed487461fb1403c3
identity/argument-0-9-^	status 1	0ccd6519e70e0801dd8753d66e6e371c961b77af2946177e4fba3a48f7a4bf98	dbede7a99400285750d5b254922e52533505ecc5aa54646d8520a6cafe2c6d73
size/base	status 0	624ac4d81f140469da661b273b51260692c559ae4b8574568a29b04f09d1b3d7	676145bf7e35dfecda088b58414bcc87af42874d4f3c30dca383a30a1a56c400
size/arity-0	status 1	6f6b44f17de00c2ce4389bf176a9327d8cda0d93dd96a8fdd59a0b672143848b	9b0cfc0a6d89498e819e80997fe5a0302e7d2da32c2cc37bfe087a20f6236923
size/arity-2	status 1	2a23d2afa5b12d2b847a32629eb743f632fa1eedbc77fc19fcb6fb7856303667	432a156a0242cab54a1a16cf48d9e6e2cb412a4b029a4708ce5b3897b4560bbc
size/arity-3	status 1	5fb4ec9a6237dd63e7457c7b9ea2b07ba42c65f3a5ca9398c3d0297da3ef378e	12f0718eaac5e2524f0e8d5c5081deb2299644778ec523f978f02fd97b80d464
size/arity-4	status 1	3fdbae7527d4b7da647f26f59c854713be90be912ef1815d0165f132435e4ed3	50557002b945c2ad4a253d274e9b005547ced513c2604f34c7cfe15cc9bf4539
size/arity-5	status 1	ac49840e26263d4c91f2f62bdc538aeba1b0befa1d36299147b6909a4e5fb3f7	fdcefbf83ee137ab786d89889ed66ade4f76afffa8123f4b3a5c715f2eb9ce06
size/arity-6	status 1	917c57d0d831c9ca517982cfda2d6f4f275010f7c5d918c0ea3f37f9917727f8	2c5a2df1eec2dc067d9dae72556ea2e36c63024f976808ab107a75d6df2e3b97
size/arity-7	status 1	34b8aab8200d203a43fddb9c17f7d67db7bda723ef15aff59d13a7338fa7844d	9e2ec016bf2bbcf05230159e14d94259b97ac75f083be283335c05c4c6f35b03
size/arity-8	status 1	e638ae57b189cfcd29e87c1a636f67dc3df8479df0966859337cf0f6d6647732	b2e4ac41860510875cce6dbf85711d79a5b1e0da904fadd46a353f7a6a2eab8d
size/argument-0-0-plain	status 1	6e1248a5d5900ba83446e8f270fb2a2bd06e55be66a1d5106521335eb3502d79	cc45af9169292c6e78cee0a2a569951bd620deaf9549594a231afdbdf43175fa
size/argument-0-0-@	status 1	2ade952c965f82c7a952b8a0f64be4ecf1cfd7d2f3ce77f626d6b7e65981279c	4d0c1df4175dede80b6e16858113da9faf2640542729bcba0b409922fa08c4f0
size/argument-0-0-^	status 1	a1d76f19800660b0c10fa3abc7f4d281144a848427b3680f70ebabb538e1a2da	778370bab338400303479dfb3b0683594529be029f34acf02e8e7e940a7e2863
size/argument-0-1-plain	status 1	ebdc87bdba029e6f80153348e103d82afc2ae7f4400769e4f241f2fb44d30a1c	ac1d17bd98dae8c98a0ad6035b9cb8cf9a17091e53a9e2b81b9e4c0e75f67244
size/argument-0-1-@	status 1	524b341de1ad78dab1ec96afde57470e3587a8aa041a3deee23490ffc8718e39	18b117a4b936d321e3b86e6cc90221378618f9568c15600cd3cf547fed020bf6
size/argument-0-1-^	status 1	cff1ebfa3fce4de2d5fd5e87e6fe621aa29b54c85cb13ba1e5dbc56d0c49616f	b64ada33cfc8f3672cbfbeb23e2826deccea90c3306a573b94f652957c4db47d
size/argument-0-2-plain	status 1	89e961499e6e090e2d42385872a0d981743efa89f2e86e9938e90a55e25b7ffe	4a4fca47836b2e07c67ed04bd28e82553edaac984c5fbe89d246929731316f6d
size/argument-0-2-@	status 1	965f93cc50af7fefd93754a3954ba230b81ed27e3f5bf62d22acd064056afbad	0708f7927b8b15a3798561a3594bfa432a4be13c12c55f88a4b65fdb5e25f961
size/argument-0-2-^	status 1	7573f5f88e2d99196f31152ee0565f7e14ccac93ffbbeb598b13f0ed9a2f4d9b	13d5a78acd435433504e2a5f0a801f6ba578571e02b72ec86ab59dc10939b86f
size/argument-0-3-plain	status 1	6a0e40d5862eaed33cc153bce03df0da0030e94627b709f4f56b159d4431d583	ac1d17bd98dae8c98a0ad6035b9cb8cf9a17091e53a9e2b81b9e4c0e75f67244
size/argument-0-3-@	status 1	9b73c875a892afa251345a96389c2b2ee4fd1495c4c723a2a09ab32ebb08b18e	18b117a4b936d321e3b86e6cc90221378618f9568c15600cd3cf547fed020bf6
size/argument-0-3-^	status 1	0400fb0ea968c4f1010c3165ba24658ac3dbe76080527634767150d5708abebc	b64ada33cfc8f3672cbfbeb23e2826deccea90c3306a573b94f652957c4db47d
size/argument-0-4-plain	status 1	051bbeb7f1522a08f8d9731d75519d6147a639b91e8e3fb0372a2a6f34d6fa66	1110cfdc400ad4ffa2cfa6317e566bbeac0f745761787ae858c9b0947975149f
size/argument-0-4-@	status 1	403e16abdbffafc8423206b4e6773732ee94d87935c77fab85dd34a56d7e65f2	fed31cbcd15d2f2565f6635e02d75c6742391e8d17a53a791a698f894c871b0d
size/argument-0-4-^	status 1	a5af8a8cfa41cff7944e32dc87933705824948d2c473c5b0e4e44647f34af22c	885b3038f3aa3390f7d2c98a18dda2974ba5993ee707957f705c0399d5418745
size/argument-0-5-plain	status 0	624ac4d81f140469da661b273b51260692c559ae4b8574568a29b04f09d1b3d7	676145bf7e35dfecda088b58414bcc87af42874d4f3c30dca383a30a1a56c400
size/argument-0-5-@	status 1	c0ff5890e92c0ef65112e6bf36115af433a86178e6cf83b4729b743ab3f6f5a6	025648a8d5fe594f43ff23c1cee370f81d943fef0278d4a66efa358df50198ba
size/argument-0-5-^	status 1	6e6db3b220a7fe87eddf390074c961b3f1c51262f186b8e4cd93d9fd2efc4e56	22665367defb570960bc23639d7babdb1ab680f1cc142ded18723ccd9335f123
size/argument-0-6-plain	status 0	bb741f8768effbb8aa2593c756f388a173ddc8ab0e1bf2fdbef82ebd5f29aef0	48553c9b4896bf67d766139badef4c4f39cc31f22bdb122286523eec02d2ed7a
size/argument-0-6-@	status 1	acc6786636b9d88c726e6844f2e0d6ef340a33aa32656e61f3a7694018e084b1	8e6699ca6d9e46791e17f78f863ec5c85ffedb08cf4793a0c4f73faa295130ae
size/argument-0-6-^	status 1	36795c714b2af87895c90f8f4a464575a8287ee347af7a3208211683ad251f41	b0862b53798f420c46b160bd0ad6f2c0cdfca84612e631d730834e0b9c2e8df3
size/argument-0-7-plain	status 1	7a8d9db40deb70cccb0dfa2f1a670d5190328294b83966c00ae8a7b00566b4ac	ee9636b556f488bcdc0f96db683df99b0f23803595c34522dec0542f35853538
size/argument-0-7-@	status 1	e3e560bece356044e529147ce6af7a795b8c16a5633f47b32ff0efd6559e611c	3ebc046994324e7a61a30e1542ab8a3e2bd7687b6d13c7ecc85827c97b1463ac
size/argument-0-7-^	status 1	fd6e33cb64d0bd339c7e0fdc584ddab6b47d5e9fd52d0aae43588bf352324317	0abcd30e4780369595d5f9eee6974f30e04916bbcb7c2c0434bd82f5c30c32d1
size/argument-0-8-plain	status 1	238d24912fa97dcceae8351be4c0212f3e3931dce0b9d8ba53f2ef42edf2ad38	e84a498cfe5f855e9287f416c8e3b4021dbfa0126f246a68dcb6963f5be821ca
size/argument-0-8-@	status 1	5394ecaa2c1a1cef98e0cb5ca4ed1aecc5a1db8f97815742ed1bcaa880911328	9e05390da5d2050caf79e06f1e75f0fbd7cbe1760c0253100132c3d3445bd4cb
size/argument-0-8-^	status 1	0f3e376b84859fc7f7ef05bf47dc0fef9513fcfa8cf22b34e52fea9e7bc07bbe	f38e1181579d6b0e84c1c9991ff7e5fa02197840338baf1eebd256319b57ee8d
size/argument-0-9-plain	status 0	2da519a72cdfc7031f4aef54081277fc5ac9557522f768d1e3b801539222dd73	62f8979cc6bf4da1d4f33a1a0b0d406d818ca2c14397b2050cd332af42cdf24d
size/argument-0-9-@	status 1	ef4b05d1453d9c0f7a68a28bea7ce99fef7325a19a88cb73926bf6c44de8d873	55fd9e165c358078c702bea234e9b1d070d86375abe53f78596bfba82c7cc404
size/argument-0-9-^	status 1	22b186d50ab668e9e7981d1d699b9a2057a366cd8280b83cece3e86edf24625d	91c08da6d9b23fe06fd6f86c9288381be852eaa10c1c1fd6bc3667ddd76bb2ab
take/base	status 0	df61bc9cedaa8458fe78da4935510ced58adf03ad2862d4bc39487e18243f8e4	beef4e17bf3e0ae95c2bed411894ec9d3ce9b66ab496fee60e004d32be304577
take/arity-0	status 1	086d58de25773eff59697b62e99d772aeb74db783d51a34731c0089c2bf017b7	2fb8ce2eeaa483c1b1dab46abcefc40931398d5464e0b13115650be7906bb75b
take/arity-2	status 1	4424f5a704cfe3cfff3bf46686232472e6d7047cb08c6b8b92975d0118972e88	726a308c4b6c98018d9f219cadf2654dd0acb05b9ef2f62dfd32f6e06957d4b1
take/arity-3	status 1	f2059cc8c99890baa34f973c509d68d8408d2945648f4d78d581d9efc9a3e33c	f2c6d0253403608fe1996da58a0dc6c270935552956a0ff8576b25776ca4189e
take/arity-4	status 1	5b66f71df2e3e57945a49abe0d863a7399b606d6dac0b6b8b66f024b295bbb95	293c6af8e18dac38fecf55f71bae03bc2fdc3b4e067807db44425fa0811f7680
take/arity-5	status 1	b03ed05609fdd5095a6b624a76919b9a49e4433a9b3496cbc9f0520f72dfb085	a01dbaed99b0e30609bd71101d5fa2c0a7da9ce687f9eca662780d1d36f2a8c2
take/arity-6	status 1	1ef39de9413687b3fc40d71b8aa08d899cad9699af065c41b6e8747b4185df4b	b893e8578ef5f76c5b8052dcc5034b341d4e6ad1c53311f37c1dc4c8d2e96a54
take/arity-7	status 1	a220c83e734787b7decf26d2eef17adb17b575d914604da62110c3ac44b48569	20f7ce7dc9fd8b5da1f6d294402e1906b77dc0f647c6738b7aa5ccf01099cd07
take/arity-8	status 1	72aab99b17aa2f7b74e3c9d6b251412ce8d741546517e90a543e0e4a84408862	e510de44a5368c9e96045f3c0c5197928820a8ea3c2f1d0063ed5a450a318332
take/argument-0-0-plain	status 1	001e7562be71870e630845bc907e2ef3cacc9e3a7ca1dd93b64b2fbacbbfb9d2	be008d749b481dda88fe9bf20adf35e45931442c66e1f1a080d8429292af9d34
take/argument-0-0-@	status 1	8fb3355f3d24bded7c9d1aea7f763760f3b5aa827f7c64efbca285b27e299dea	13d6c79b8f078ee39b005b6e05091381ed2a1d6c525600174742bb46ce960a37
take/argument-0-0-^	status 1	9a1e140adad9cb732fc40815699ce8fd5543d65c94149c6156ee973444c49e56	0ef683b49837df9105e3e2bc441dc8901664fb1bfcd05c40282df193cfa98785
take/argument-0-1-plain	status 1	75422d679b521f32d9ca304431d7524b40a8181104f05f3305558b7c00e47fee	87d2897f1a165e3278a7d7e168795b55e20f85dfcc041c9ce6e9236b8bc44ea4
take/argument-0-1-@	status 1	03823e17afdaff56e6b9efcaa028edf4cf1b272d0ce1fc263f8c0264559c78b6	40a355a7127325c33c2dac40817bfdd3c2659fe6c570d925aa30a64f3385b724
take/argument-0-1-^	status 1	d84cb0af495fe469bac0721ad4ab7b6cc0cc7931256822514a2d76d5c3efd625	a345a7bf525d0427335dba417468b807e836888b61b9cef4fb289e4b0cda2964
take/argument-0-2-plain	status 1	617e37642ea5097d90f2e9719c163e541131be545569b6b1ca7911a5029553b0	a8911280fef6deb086f43f6a512f9df5c6646cd975667f78788c1ee4f88f8e59
take/argument-0-2-@	status 1	212f2076b9701647a5134ef2f7a545eeb69754def15d1448129a41a8039f836f	4d6d7b29ab646982fd1fc3869537732575a5e32e56b2bb0e89b7fe26b045a539
take/argument-0-2-^	status 1	68593eb838713a9c00721e3736dc68b85077da78092a25836d44de5ded5242d8	98c15c5e6627fbc475506f927309ae7a962463be7c5e93dd4301c51cc476e0ed
take/argument-0-3-plain	status 1	00bba04c75cafdb1a7cf07b28061caf49b51ecf87db9609f843677f7347ee488	87d2897f1a165e3278a7d7e168795b55e20f85dfcc041c9ce6e9236b8bc44ea4
take/argument-0-3-@	status 1	2308dc5a59610901f95a880938ddfd35f5eac2d728856e50e2864750127efdd4	40a355a7127325c33c2dac40817bfdd3c2659fe6c570d925aa30a64f3385b724
take/argument-0-3-^	status 1	e5c451ce1f9d617366d8ffdf8f77144977a4d3cd79df7939d90229672e284eba	a345a7bf525d0427335dba417468b807e836888b61b9cef4fb289e4b0cda2964
take/argument-0-4-plain	status 1	26a07f0c753e5528677f260320372f904443312cf66f745e13c24dd481e8dac4	ee8f02df3d7b01aef1ac419c42a97476d8b14e7fa2d783b24ff0d61c43bd4e5f
take/argument-0-4-@	status 1	0e08932b5ca42edb613d21f9e879add739a61f2482270c7e4158c37d8ba56c5f	8b26e4a41016cfc19ad24786537446d3a9e9538c9de7f908a3244270b98bf5e0
take/argument-0-4-^	status 1	0f574489f377935610c853b0b03c5c2cc5e7dd2e1046e1f3db2885a8b1ba8870	644a0dcd43333de6396ff1db63aedacafabc4f46665440f33cc29b4fe1f93278
take/argument-0-5-plain	status 1	45506f49e75ff1a10c10f179b764319981005f6b13ef00a403abc018d45ed86d	513105b26d6044df71e27168bf30a555bf0e3f0b2d3896fb14235105341fb58e
take/argument-0-5-@	status 1	6815e4ca7170144fa3e9a3458fe289787eb95aa96682fbc6a9b734efb9bcacf6	a9ddf7e9e9c7914ee210ae77c033be6d39de98de88fc5162f8b04bf87ba5bbe6
take/argument-0-5-^	status 0	df61bc9cedaa8458fe78da4935510ced58adf03ad2862d4bc39487e18243f8e4	beef4e17bf3e0ae95c2bed411894ec9d3ce9b66ab496fee60e004d32be304577
take/argument-0-6-plain	status 1	16791301a8bd5fd32bcca755dd2e2ecaf920f00b936bfcd231babd4eae56cbf3	358a05109bff885cc223a1b1978629330cf90b39a9bcbcde83fa11b068dc8e87
take/argument-0-6-@	status 1	84fd85e2e8690c3e0529be95c4229bb4e7594f0371ccd811d49fd74f617fc860	f16a8af58bf7a82c48f259c8b5e9bc6dae1e26961940ed82b52104f664f18142
take/argument-0-6-^	status 1	276a1de62902b813d923633a908932641954ac5aca92c8f3bbb81b708e95ae31	b56b5b998d0be53211bcb876e2bbec4f8ab0f6dca9f1ab608f9ed04b759bbb86
take/argument-0-7-plain	status 1	6d473023ee9170d897214a8b90135a6fb8518d9c46a432b6ba710c7649496745	f8bbebab00df682b26e77101589ef6b7450809ffd49954eeca156846577649f6
take/argument-0-7-@	status 1	9bee2be4078f73178453f9c29dfeb21546da1df410f92bda6c41d15fa265bb30	c5b18b91a1b14d47488b4b68eba21f808cf64b29528ff3f0747034168c0bd0f4
take/argument-0-7-^	status 1	9b775470fcca638edb05add10b078ea95c994c8b18a7531233f639f61e543768	29f0605837ff0451873affe3db9b73a501c7dd4c97813be543aa316bb09e2353
take/argument-0-8-plain	status 1	3333fc93ea0d256c2b22021b3341735ae3b553dc30b94ac850af9cd86f524d4a	1085710a7312afffc38d6dc0c012d4c6795157b1bdf2485802c0e65ee2fee094
take/argument-0-8-@	status 1	77c24a3a9d340d4a720d91b8a3111e929179d261ab473af4d5985113c341ecd7	390abb0a18c4b48702972f5447c3a36a6d96b7569fce5417f861f6b032aa9523
take/argument-0-8-^	status 1	f1b052077b1a85174389c53d3a3a22601d6e0ff7b79700d2c6408ea8a4663b6d	5e2b77090fc3ca39af97295b09c324ec5566d1793088eca56aa6b277dcf8015e
take/argument-0-9-plain	status 1	ca4dff682a758cc9dfd33ad1d2033e85f385a40d75007402298db0314cbc6715	343a006b37084f5e42eab14c389307c053a4125a404d686bad08b0f69ca2b9bb
take/argument-0-9-@	status 1	b332c264a1ca5c6687642a78f30b221569990fbdaf1f1e0bb0aadc8ab78f8f91	1fef94828dee4aaf8b0a8646d3e419b1b28176ba31934b4b7cae8876303b9013
take/argument-0-9-^	status 0	4187d592eeb44598682a4b9843c20dfcc8b3ef28543ca6642879ede1177e7680	8f1190bbaedd57f4b9af5f55cb0e9f60272c0fc030975a69904e80835462a024
touch/base	status 0	e467726eb921d2a10f0771fc54b3440c3000c3b73a9561a12dc7caf74f2e9e33	f7fe98043afabe9c968785a0feca26f3db473e21d377ee60f2b2dc7474714dd2
touch/arity-0	status 1	eedfe58643961a6ca6e419811e143d0c312222b787b7b764a5a7bd9ac663b14a	bb1797765b4aeaff76661c201ace0c90a540ebdabea0a24aca5e8eb4b30bf6ec
touch/arity-2	status 1	7c0234df2f165cf757e02f7ceeda27d7b9dca05e3b0cbd00d4d3c1539ed865c2	778dd342fefd161938b0b3dc9fd37964cccd47f2d755b6330f74dfbc8557d5b9
touch/arity-3	status 1	d34306b0dd654b543cb0b89ed506d58b05d9e4bcb4937cdb36f91f39b07de30c	0ac83dafecc6782ddf5a112d576ad1cbda7e7d7b7bd6eebf9f59ba44e2265102
touch/arity-4	status 1	dd083cf12f38328822275294a99dc0447536a0d3844b1adfb3ec3c3e90b2a462	cb5643b57d698e8d394c506ed05febaecf1580792b93be1eded9958bfb07317a
touch/arity-5	status 1	6e1cc17ce6d428a34340521c7ae7f52814d7f5a05debb3d30e08514701fea504	f23081b4faa2f1f71cae2166570f8e0118bc9ac42e34cc49effdc5c86e050692
touch/arity-6	status 1	6f1b7964d7b2da40dbc19662d67eb55d57f62baaae8ab56f1b00c9199783d6a5	3981c3f0a0def4eb3ed5dafc9e866ae70c0685ed748e1a4127370a7c82cf22f2
touch/arity-7	status 1	8e24666e9305c845c76fc56766dc421d04dceff3159cf6c9ecdf881261e940fa	962db9359cae2e523ac6915ac516c9cb1ad5bddb960c2817245a047bf202fa5a
touch/arity-8	status 1	851665975ab01fd3419d1da347455417050f0b460b1e75f236c2235288c98e48	5cf707c2089858d940eec5f633a15fffb36d6e3c8cf7c404452a2bcfd2750c9e
touch/argument-0-0-plain	status 1	e12b5eb5106c57c4b44bc2983ab8b786d3ce6739969b3b76257a445aa8ed910c	e8967aeb27682752043285760a118dc3f3f6bcfb4ae19a45df148dc57132ea87
touch/argument-0-0-@	status 1	9acb62499b50903e0d064dcafbb75f221328c742dc05ff82efb131fde5cc451f	050290f4823cef3b2ca2ff1fa39f7d17ee1938aad9589ace43292d1c748c103a
touch/argument-0-0-^	status 1	644a67dd8425ff299c633b3bc78ab9d841596415c410e2422b0252a62e78d39d	1e286edea1888e2af82d3ef883273a9b803ea5294161b5088e8972055a3ffc3e
touch/argument-0-1-plain	status 1	ea0b65f2bf26b3c0243adbbf6b730120d93af634aeb166f2790915b2eca2987d	3e0188ef2ae30b65109546d2c271173d3144c06b128618fce52daff64903bdb7
touch/argument-0-1-@	status 1	24a31da940d2fc4a634842269a42d47d0d4242fdb6b6ea5631a132c43125322d	874e147c42a1d577f0031a5ccf89ce147d9528ce1a7bffc5abcc82d2fe5c11cc
touch/argument-0-1-^	status 1	b0a710222e95ddfb38ef17a239d25a5c6f29739e2e956a4a711fcddcb91b76af	ab8c11593e824d8e486e6aec269357b4416bb8c6fc86ab0d3d56856a418f1755
touch/argument-0-2-plain	status 1	bd2472514f704eb50e813e08156ab5b3cbe623bc59e2168e6c9c2b7ff081c3e2	7f1edab15359dc3b6f7b9823b97f18723d003adf9278511fcf1e047beff447da
touch/argument-0-2-@	status 1	ceca278516276ef62f6bebfb273262d2c7268ee4263e8cc47fbbacf461ad8fd0	5c7ca93e60908c1d432c3ac6339d7932ef427efd42fc78578addbe4a7fe36816
touch/argument-0-2-^	status 1	7e5fb4b8f5ca8a9aa039d595729306cfba2812641a09fb7c62a09d532cc6bc7e	8f526e95ce122d6a5cdd857147758dc75873558d538c7666001d966c975f8ac3
touch/argument-0-3-plain	status 1	213fe3c0dccc7396faab1dac669936b865a3f9dbab8f32993805a5bcbc2d422a	3e0188ef2ae30b65109546d2c271173d3144c06b128618fce52daff64903bdb7
touch/argument-0-3-@	status 1	331cb7a43b21a3ea11e0d4ca3d2a5b52c963bdce2654fe8f0a7e00c9b8eab9e7	874e147c42a1d577f0031a5ccf89ce147d9528ce1a7bffc5abcc82d2fe5c11cc
touch/argument-0-3-^	status 1	391f499900fe59ca616a6c5b3f26fd702b58f0c69ab18f146499f2f79f47bbad	ab8c11593e824d8e486e6aec269357b4416bb8c6fc86ab0d3d56856a418f1755
touch/argument-0-4-plain	status 1	3f9537a70e40ca4cbf26764a0791f113045932287e1de280f33cb4787d3875b1	9d591c2f96ab451dcee4f13fc7e5e6d4d973c18c9bcd13d5cdb41fd4261e6035
touch/argument-0-4-@	status 1	c13439bedf4ac66b1ce016d8409cc28ea79006a38418dfeee26a9fd3af93309d	4dcc1e29e68d4c4d84d27f23bfe43e08191c97c3b85eb1f51ea1f93579ce4324
touch/argument-0-4-^	status 1	d5316f6a330e3768a4e2d932517755266816a8ec6ee2163f060d28e9e52817dd	b8836d58217c96ffaf081de710d0da20fcf2cf4d09238bd3960d24a6029d5acb
touch/argument-0-5-plain	status 1	45be4fd558c72cfaee69a34148ce7c2a9310dc52dac9d711e81568e762062652	e68fab3ba4d7cb286da4a2426b95c926728485b95c4935fb46d567d7e7de88b6
touch/argument-0-5-@	status 0	e467726eb921d2a10f0771fc54b3440c3000c3b73a9561a12dc7caf74f2e9e33	f7fe98043afabe9c968785a0feca26f3db473e21d377ee60f2b2dc7474714dd2
touch/argument-0-5-^	status 1	07818b1e233add0457eeb13522a01735e56d700af33c910f7b0b8e5c092b27a5	63d8e27476bcec53fb72c569dc38c0dd9d98a32823b17b01dd388e89d40ce348
touch/argument-0-6-plain	status 1	e69967e1115bdf3214279e04a5a0e0850af0b5c5dd9bf0e752fb8c1d7742cda0	1e2ab7a058851f3a0a1f5b7933e6c4baa2dd45c4a869ce42d7ae2de60748c62e
touch/argument-0-6-@	status 1	0b5bb0d93218f9619e4b4eadae58b8586853df904970a6368b13e905c2b5f1c3	ddcd7ca82e0d51f81eb35e6c57060487d728596ddb8611b8ca27bf60051ac7c7
touch/argument-0-6-^	status 1	0e103088f246033749c2afa1de37f1bb49cd0eaf8bcf3632ac36d8be5df3eb71	c3e11745c40e7d321eecec8da1e0a2434558814eb5fc96347f379c0658beb2e1
touch/argument-0-7-plain	status 1	b377d524cbe8aace27ae8e45b1f781fc6272c49677713942b9ee711c86d43d92	524e6898aa17f1e5b0c177541f715312e929d9deebec58b8ba97697ae81699a6
touch/argument-0-7-@	status 1	dcd439d8dc2699f0505bae8b4cd8965681b4992b6a01127aa70b67d935f73c9f	2c416b416ca158a1b7e2b66d97978572ad8d8671b31d76210b008d5ceb1a8103
touch/argument-0-7-^	status 1	68475b5abc4f6d1cdf2acb948b5e30ad201ef603b9532b7fadd3598e919aa36f	c260aad1ff6508372bc2f505e5f03b70ad5504a6ec06175ff26286eca5bfbcef
touch/argument-0-8-plain	status 1	e830dd18caa65ec0b593a1e6002796e96a22dda97a9d2f3c86facbe195a2d1c6	e83b556193c8f9750dac6e17cbd50d8ee9826d0d1bfffebf4e3349ff69a707f1
touch/argument-0-8-@	status 1	25b97682725faf638815e7b023283d70a225d8be5d29f788827749d9dcd64630	1d99b52861314e7ebfbebc221d753ac377f6f7e82e99d4a8157d886a154db223
touch/argument-0-8-^	status 1	08e1dcda306b61400ab816ee04be1af513074f09e34087dc3c3a64d7072b2cff	bb27803c4dbf19c511d0527f363f97289540b04a769c4db853f8c24360b9b9b0
touch/argument-0-9-plain	status 1	2fb6ebda9f13d8d7063a6fbeb547ee8eeb85042f3fa0e151b74f270bc6bfa581	d72b71159218965b5581cf5fd1fc22c8f6572ecf5c1cc5cf591be3ee11ce8618
touch/argument-0-9-@	status 1	0636009f4b3438c268e8fe8458ef3c1eff65aa11a6e90e1ff7c1e40c6926d2a8	b7b810e144f37fbc63d1a26b46dfbe477c138d1baf515c516f224bde75c83a54
touch/argument-0-9-^	status 1	b235ed2a650c784a28a68ebc1d6df3af6d9ba015f1c7e7f58ee3f665d4b732d4	9e55330d5774f00bdfbbd7962fab1efa6a4291c97ab95a8fd2ac46476e0a00c0
Box/base	status 0	23772fe1e37ca9eecab7fe385ccfa2668e3eca65864aca3a4d61c8f9908c664a	2fd7356efe3cf52ed234664f0737bf7ff028c1eed78bf0867210eb1f1dcec0d9
Box/arity-0	status 1	835c223aa3411a2064cab235cbf5c5b064ba30bef940907fc7105e726ccebc73	6b0cde9ed0a6321af853e1fed780929b616f1ca3c61d7e1140ddf5f6b6f1e57c
Box/arity-1	status 1	33e338b56e5e8af703e6059b573bba54e11691811fb852c4765853bb63d961b0	649b9444a9161ec8023545dea32922022266fd6378c849b803d702b44e1303f4
Box/arity-3	parse-invalid	af4fad7c1bcad55126c6d6a6e959429efdcf7f514f9ea34ebaf15c8c2fbb60d5	377ed9c20a1385c4d28a354623b3090300788588e958f63fba662fa884ae255f
Box/arity-4	parse-invalid	1703c77fcf1d17b11f70c33421972a738e6dd7d1342edfe498c339aae7f07e48	377ed9c20a1385c4d28a354623b3090300788588e958f63fba662fa884ae255f
Box/arity-5	parse-invalid	6c7b8e6eb6582f339fcf2b0726112d63f6f42bf98d22287e183b45df7ebc5417	377ed9c20a1385c4d28a354623b3090300788588e958f63fba662fa884ae255f
Box/arity-6	parse-invalid	4a5a0fb0eb56103d4ea3c397a15174108eabe6dd333fbe5a699646b93e78b995	377ed9c20a1385c4d28a354623b3090300788588e958f63fba662fa884ae255f
Box/arity-7	parse-invalid	8c082234816caa63ade79ddc5fad11fa2e0c734248f8294dd8ecd66f734593bb	377ed9c20a1385c4d28a354623b3090300788588e958f63fba662fa884ae255f
Box/arity-8	parse-invalid	01ff3e9e677189873273c220701b9699933cd5fd451eec39ff6af76d3f7ee01b	377ed9c20a1385c4d28a354623b3090300788588e958f63fba662fa884ae255f
Box/reversed	status 1	40b7760303a4fb4ceff898e69d4ce527e7575a6d6aaff17b58fc3a7b69c7ca33	e4a9efbb6c29c94c8f11e41e501d28b454847262ed6f0c4cc4da8a2e9edeb632
Box/argument-0-0-plain	status 1	44dc17e25d5ce646239f04f63a9a8f5fab94c67e3711872d5d77f9cb54c9e426	793024d5c673b996b78b6cd9c454bc7dc3a03f824d5ca1e59143a53aaf13d2a1
Box/argument-0-0-@	parse-invalid	45d7735ac6de4241f6e16a293c5e9743cfe156fa3fcdbc0a2cc2a0824892ff70	377ed9c20a1385c4d28a354623b3090300788588e958f63fba662fa884ae255f
Box/argument-0-0-^	parse-invalid	18b210d71700dd6fa21f7005d62a721bf13d5fdd237e4377419d029b0e6f5b25	377ed9c20a1385c4d28a354623b3090300788588e958f63fba662fa884ae255f
Box/argument-0-1-plain	status 1	00a260033e1c37a3f970789fbd3575a28fd616a871ec6568ccbb4169a19852ec	397350a6cc062be6aa3e22a11bbcf54cd33cf1972a28a59a734ac1161b63b6ae
Box/argument-0-1-@	parse-invalid	d922fd0422b11de9384ef12fb1f3e97afccd28495a3c68f719fe13b454bc0719	377ed9c20a1385c4d28a354623b3090300788588e958f63fba662fa884ae255f
Box/argument-0-1-^	parse-invalid	48b061809a1a5b05cd5e8e70ad0e4558fc392d368807d534ddccabbcf3c6b31e	377ed9c20a1385c4d28a354623b3090300788588e958f63fba662fa884ae255f
Box/argument-0-2-plain	status 1	df10993ece068dd3c2aa7a6010cd638a3cdcfb3256401818ebc3825bf5a4eb0e	465aa4222eb153151187411c7f855dd5c06012dcdb75c20a1ac0fd60ba3e27c7
Box/argument-0-2-@	parse-invalid	197dd6d4ecf1d47281ebb44d8f85e5c6848fd8483197b4c7c6ea4508237ef585	377ed9c20a1385c4d28a354623b3090300788588e958f63fba662fa884ae255f
Box/argument-0-2-^	parse-invalid	387ba604fc3fcacedbdbf21128fc40753ac5a9142b3660f857345a51c41ab9da	377ed9c20a1385c4d28a354623b3090300788588e958f63fba662fa884ae255f
Box/argument-0-3-plain	status 1	e42eb35ea94f4398d61b46df1bcbdd1fccc4bea6617ec4889caae9e82fca1bd9	397350a6cc062be6aa3e22a11bbcf54cd33cf1972a28a59a734ac1161b63b6ae
Box/argument-0-3-@	parse-invalid	9855c978e4236cc1e022b2da10aaeefc9df0f48d6ea306b9b0574d1b2be1ded9	377ed9c20a1385c4d28a354623b3090300788588e958f63fba662fa884ae255f
Box/argument-0-3-^	parse-invalid	3981c61a8f2b57dffe843d79a3633137eb806b2850c38397faeba6e8401bf3c9	377ed9c20a1385c4d28a354623b3090300788588e958f63fba662fa884ae255f
Box/argument-0-4-plain	status 1	0815b27dbebcb12577a4481e7f64cd9b4b72734620abedf011086cae1daa4c22	145dd371ca850267ed8d4981492d4c472996a667bd974752a05bd4dc6d48335e
Box/argument-0-4-@	parse-invalid	9fb29289522e8625c8e6c0735ff49e57760a36cb0374cab5c713b91489bba904	377ed9c20a1385c4d28a354623b3090300788588e958f63fba662fa884ae255f
Box/argument-0-4-^	parse-invalid	ad2b3ed444e50222320d075618b9651573c44aacff44e819e638563c9e42c593	377ed9c20a1385c4d28a354623b3090300788588e958f63fba662fa884ae255f
Box/argument-0-5-plain	status 0	23772fe1e37ca9eecab7fe385ccfa2668e3eca65864aca3a4d61c8f9908c664a	2fd7356efe3cf52ed234664f0737bf7ff028c1eed78bf0867210eb1f1dcec0d9
Box/argument-0-5-@	parse-invalid	e2d91c53b876df8d7483f201e1cace8bef8852b7e061569e9d67f4d543fe0829	377ed9c20a1385c4d28a354623b3090300788588e958f63fba662fa884ae255f
Box/argument-0-5-^	parse-invalid	2055f78b53e3dce2f08da0f92b1c77a8a1e9128e324a89ca94714caa97abeae5	377ed9c20a1385c4d28a354623b3090300788588e958f63fba662fa884ae255f
Box/argument-0-6-plain	status 1	6483c531495ac821a5aa15e88f3481f2f271d84a0347cf7963fe0551463828af	0db8328e4fc4b909cda134948692c3cd24a68b3eb99d53bf4264119431ec6484
Box/argument-0-6-@	parse-invalid	5afbfcfac19b8c7950b8cec3db4ebe9d8438492ef3c23e8ef82b0f10e8a88d11	377ed9c20a1385c4d28a354623b3090300788588e958f63fba662fa884ae255f
Box/argument-0-6-^	parse-invalid	2fa21c1fa3494e648d266ae379c67e9ef4a0c596178e0c2e9fd1b660f165f5b7	377ed9c20a1385c4d28a354623b3090300788588e958f63fba662fa884ae255f
Box/argument-0-7-plain	status 1	2dc0f86a091cb1fdff8265d491f6e5fd069692db755a2ff6ee2c416ba38eada7	7d395ab3a35d0e5c9cf584dae9defeec9127238437e59850549543f37fdac2ae
Box/argument-0-7-@	parse-invalid	97c8e40565605cc4c3392d1b7d20059c28fedf32d60a60660e0eb19c8f360b0a	377ed9c20a1385c4d28a354623b3090300788588e958f63fba662fa884ae255f
Box/argument-0-7-^	parse-invalid	0a4d340e22bc5a580406473a3f71a1629ab4d96464ce1b7ebbeb100c90686272	377ed9c20a1385c4d28a354623b3090300788588e958f63fba662fa884ae255f
Box/argument-0-8-plain	status 1	dbf14d45c07160dc0bdd35d0d4b627e1a5e6ce477ff22e32173fcfb1e310fbf2	331c7ad2ac43ec1e924c485cabd3ae9f671392db0694862208a43a6445942b12
Box/argument-0-8-@	parse-invalid	bc1da4161ffaa423a2fbe63cd7e57b1ce4090d3fdfcfa582016e998d9c9228ea	377ed9c20a1385c4d28a354623b3090300788588e958f63fba662fa884ae255f
Box/argument-0-8-^	parse-invalid	dd1a649f7b51345a2d5b8433cfd70559d588725a649dfd8776eb1be78a288494	377ed9c20a1385c4d28a354623b3090300788588e958f63fba662fa884ae255f
Box/argument-0-9-plain	status 0	6ca076ccf4e931304feaabdaeb47c21df63fc3f24d01568a7b8eae08b57ea70f	8c7cfdcf500779c78c61e646337aa8ab7bfea7ab18b0cbac6d061dd3317ec541
Box/argument-0-9-@	parse-invalid	28d1e157c53557e14badf335a4531e886f7c889abbd2f96d76db0a37fc97b15f	377ed9c20a1385c4d28a354623b3090300788588e958f63fba662fa884ae255f
Box/argument-0-9-^	parse-invalid	3e7ac94c23933eaf2421751b636e511c6c9bc9219e0324dd58bfa94a69370067	377ed9c20a1385c4d28a354623b3090300788588e958f63fba662fa884ae255f
Box/argument-1-0-plain	status 0	23772fe1e37ca9eecab7fe385ccfa2668e3eca65864aca3a4d61c8f9908c664a	2fd7356efe3cf52ed234664f0737bf7ff028c1eed78bf0867210eb1f1dcec0d9
Box/argument-1-0-@	parse-invalid	94caa8bd5498c9eb12e82a5509fc5cea827c01abe654544d6b4604ea27c5afd5	377ed9c20a1385c4d28a354623b3090300788588e958f63fba662fa884ae255f
Box/argument-1-0-^	parse-invalid	a8e952818e4f9165308b80e975bd7f1a3d86d62728cabcdb21f6d906b45e4f84	377ed9c20a1385c4d28a354623b3090300788588e958f63fba662fa884ae255f
Box/argument-1-1-plain	status 1	b8177663318ca961893ebc210096d80921575c484bdd256f5a66d98b27753263	b248316c389c687aa51f3a3dc2f1849eed2361dd0bd5ee42dbfa83e37e483814
Box/argument-1-1-@	parse-invalid	9a02c628fa41fd9b4fb3565be1db2a240e9c480dab3e2b38774b90a4134a04ff	377ed9c20a1385c4d28a354623b3090300788588e958f63fba662fa884ae255f
Box/argument-1-1-^	parse-invalid	0e56a013dbbd818be6ca6a193d2f6467efbd9e353c77d74860a269b61cbc51f0	377ed9c20a1385c4d28a354623b3090300788588e958f63fba662fa884ae255f
Box/argument-1-2-plain	status 1	3290c19ee9d438d2e6c4be72649191de6ffa5c689d9213f2ebc07ae348cab64f	74462d1ad22fc6f39e2fec1030dff4e0d1b9a2e724c170fe46558a86120218f8
Box/argument-1-2-@	parse-invalid	3fa00178d7e3430cd85f7c441bd28290a7fec654c181dd08416ada14e3d1924a	377ed9c20a1385c4d28a354623b3090300788588e958f63fba662fa884ae255f
Box/argument-1-2-^	parse-invalid	b80a0dabc321d8d0a53df810f0703874d24b353da5fff5418c9db6591b560bce	377ed9c20a1385c4d28a354623b3090300788588e958f63fba662fa884ae255f
Box/argument-1-3-plain	status 1	38851a538992abb086147499f0812a34d301b025d7915b9077e7ea50de310964	b248316c389c687aa51f3a3dc2f1849eed2361dd0bd5ee42dbfa83e37e483814
Box/argument-1-3-@	parse-invalid	cd0cfde8e53b4c71397baaf5386af6ef93f4517fd61d4676a19a414fb36ecd7b	377ed9c20a1385c4d28a354623b3090300788588e958f63fba662fa884ae255f
Box/argument-1-3-^	parse-invalid	6cc6f63b1bb22ef02d57a2b8b8ab05218627328d71fd84fa94a45816b36aad86	377ed9c20a1385c4d28a354623b3090300788588e958f63fba662fa884ae255f
Box/argument-1-4-plain	status 1	3118ad367ffab212a704ac02c9d70ebc4edca82e4de8f9d024230b4c4a79e206	c8b40061b648d973df934d804f125d4f88d0d6b24337c76b561f196d7a3061b7
Box/argument-1-4-@	parse-invalid	4b999a51b5fe1a1dd5ff77376e25b1e33effcb08c24173bc32756f56a8643ce7	377ed9c20a1385c4d28a354623b3090300788588e958f63fba662fa884ae255f
Box/argument-1-4-^	parse-invalid	350390e9163a610cd115cf98f953717b1b914f6eade85c8c009464e90ec5b28c	377ed9c20a1385c4d28a354623b3090300788588e958f63fba662fa884ae255f
Box/argument-1-5-plain	status 1	a23855ae3a97493e64a9959135590e7755be0de02517b2ee1aff463a33c3eb12	477655f79ec4d70d4e772266aa10b99ffc7106c82049e7f017e505dc430deda5
Box/argument-1-5-@	parse-invalid	cc9f6a319c2019098e13107950fef4343df263f468f793157acb0695535f1e6f	377ed9c20a1385c4d28a354623b3090300788588e958f63fba662fa884ae255f
Box/argument-1-5-^	parse-invalid	341f2bab64a1b6a198ad3cbca4917e69e03564ff4c06dd2e51d66e78e7058b9f	377ed9c20a1385c4d28a354623b3090300788588e958f63fba662fa884ae255f
Box/argument-1-6-plain	status 1	8ac8caa852ee76bc7ebdaa736c0c6c175cdf366a715fae2c67ece3c232009eeb	6d4971cc172679d60f0dafc6d5b2e5fdb11bee4a646d1587c177bc86d4d31ecc
Box/argument-1-6-@	parse-invalid	ed6c5827b9a730e913206a29cc50fbe443a08cdede85a62c8f3e9207155f41c7	377ed9c20a1385c4d28a354623b3090300788588e958f63fba662fa884ae255f
Box/argument-1-6-^	parse-invalid	5b8a28b5eeb5ff4afa134c3cbcc12198132a38018a14993b5a05ac4e80f74640	377ed9c20a1385c4d28a354623b3090300788588e958f63fba662fa884ae255f
Box/argument-1-7-plain	status 0	2cb731b6f5ef40419d045f48563b0e4d83ab689364f124a484424e10cbc86658	97f7feb5f12f21e769562ef834bb115a2074fb6cd8ffb923e6e87eceee22bab9
Box/argument-1-7-@	parse-invalid	bde896d6e9ffec960120382c816b7859a5a2dc1ee6ef69245213cee67717ed73	377ed9c20a1385c4d28a354623b3090300788588e958f63fba662fa884ae255f
Box/argument-1-7-^	parse-invalid	f0ee08a218b494fe299c675563e052354f644021e7aaeb8bb333dfdbfd477fc2	377ed9c20a1385c4d28a354623b3090300788588e958f63fba662fa884ae255f
Box/argument-1-8-plain	status 1	8cd0781eac2d35c39435b5d569e3e522248e886b46f26bd42bdf399ee9c25b63	5ea6bb2904a1238631c1c7b45a902eaf1fe5e5514887c426646a2be96a185497
Box/argument-1-8-@	parse-invalid	7dd3097297e748a1159f859968f911b1911b86087c78c0d088a5891a1136c77c	377ed9c20a1385c4d28a354623b3090300788588e958f63fba662fa884ae255f
Box/argument-1-8-^	parse-invalid	24892d5c3a2db2698a4d4e2066c0807a28cebfa9fb9ee2a857de5af9bd2600ea	377ed9c20a1385c4d28a354623b3090300788588e958f63fba662fa884ae255f
Box/argument-1-9-plain	status 1	5793af63f17451bd22d099c93ec84254513051943e3e246175249ccb2ec27a14	8b6efd3cd598a04008c10d6e9846c2227461fff276df39198e3e51a3b8890113
Box/argument-1-9-@	parse-invalid	3174df577769bfa2cb808a00210cfff6c63cd094265324a020ecb17a9c74af9b	377ed9c20a1385c4d28a354623b3090300788588e958f63fba662fa884ae255f
Box/argument-1-9-^	parse-invalid	d82a56068fe144f91829612ae07edd699af006d88edbe6363df4d5d181c29780	377ed9c20a1385c4d28a354623b3090300788588e958f63fba662fa884ae255f
Item::Value/base	status 0	8759920dde9a59a17144c97eafc8f64bdde36a3b0c17aad3bfb597627920057a	b32a4550783567f9b5b48ae4c6747e5b495ae3ff7d75631abf450ac29d30053e
Item::Value/arity-0	status 1	88d8753ea195621bec19d872f4e44b0fd3103b1fbfe2b0327687a96e37c6def7	766472992fc75705ad7153eee0d277917128604506dd9d78d8cf79365ef05ec4
Item::Value/arity-2	status 1	f33fb763c73bee8599e48e3e4174db4eb2416db5252fe6b3c7eee4791a06a924	1884877be0b266864722982746464f2de1a53f33977901602c8a84f73dbe24cc
Item::Value/arity-3	status 1	31d74b436b5c51bf1ceadf8a8ca699b2d52b54cb51b1ca30d79adcccc7d7dc7f	74733569dc5202d6fbf13370b88e8975bb771cd2f6480542e99bd7917084e1f8
Item::Value/arity-4	status 1	61098ea3341d0d388d4fe47246110d50822585968d27da426d1fff4e233dad65	c7e04f1899228857289197005f658b8c9adac64a317073172237ed7ecb4b264e
Item::Value/arity-5	status 1	fa62fb624c39fbd6be717e2fb5711cffae688d4f98c541797857789d1bd6bab7	3754995c088a9a718f1ef44a8cba8ad2218354e5c0d05710f8ed1c8c52b4bd25
Item::Value/arity-6	status 1	5f36771c3408bc4839dfa724dbe7f821362e25f11f60358672a7beda4ba783ae	ba54a46ead94361a36d53f298c2c88822ed1b46d754990cabf7e80f5b96a07d6
Item::Value/arity-7	status 1	18c07d84e082bad3bd1a4cdd834482ecd5717de316b2963839946ac6cf5c3e61	fab4a9d85ec881547b8a696200aa925e467fd6da11ac08c0f2d227125a668cac
Item::Value/arity-8	status 1	eb401a26f22b4e7db07d29d656999010eb9befbb59d3783524cdc030430c680d	28073eaef869fa84d0b97b8c3b0a07071e37724005a951c0bb083404854f88a0
Item::Value/argument-0-0-plain	status 1	2893c3761612c57c6496088ebac90b9f3398ecbc01a61842a69276d6a60ada7a	97ac2681dda9945f57708597deec4c17f621f4a29303d5b8c0138d0d2cd15107
Item::Value/argument-0-0-@	status 1	3944505f8211fcd0e5f399d90b5ab29383ecb8056eeedf3fc4094273cc145daa	ca0861d635c8033111ee8a2ea749195de696ba6e8c00a1ba4bcf6bcd372579c8
Item::Value/argument-0-0-^	status 1	0234bdd193d8f1b83be0174da72405a71025acc83e4393541bfd3b5fe0f2a91c	f704fbf4e94bdaa86921d75733be5707245b6545e5847ea16b4fdebb898f8b30
Item::Value/argument-0-1-plain	status 1	c420e0a1e02ff5496ed6d96235d8504e0c2deaac4c1af155ec701c9977c311bf	0b702ce34997384109cbe116d1ba68d278a37100ace1e1760c81cf32f596c003
Item::Value/argument-0-1-@	status 1	f63895907f8a6e388f1c6cb1df2e0495007a2ccecf30f2067d6f062297b9de4a	bd3a73fd48740390d69b763cd93745df5b7acc6ca3c2342b5d29f8585b11a4d5
Item::Value/argument-0-1-^	status 1	8a77fdea8d5079031f09e4b780f9d536fa76880423b075814d952731847c413a	73e8e2d7b2795d94f80b00c7cc480ff88be3392427a8800f16aa2042ca774d22
Item::Value/argument-0-2-plain	status 1	37ead389740644d3e77f03ff45ccaa08a0e7ecd5d26f6bdbb71e83d224c51bf0	35637965dc0e55dd925966f6814beeec8c07c5b404b11f8c9eb6d32566f1f5a1
Item::Value/argument-0-2-@	status 1	cc2cced4be077b906446d5dc674e0a5693b2fbb979360920908e3cb7f1142276	fd39571a0f01f020d18ba143beafbffb97a48c0f1280f012af54f0fe044ee59b
Item::Value/argument-0-2-^	status 1	477c0d2ba0b744fc0d1fd27a05673ac1d3dd624b4677e5a2b9c22b5f8be3e589	4ac9a088ba00a32d203264a502d6a80be178c8794699edb3b3b4405276391698
Item::Value/argument-0-3-plain	status 1	81cf89e711c8aa5270cec969fda89dd40c8ab1673b4f8fb8de50f781bf72b5f6	0b702ce34997384109cbe116d1ba68d278a37100ace1e1760c81cf32f596c003
Item::Value/argument-0-3-@	status 1	43423d1d489bc7943b1b54dab8331da389565820ad61fff7cd2f0b1c50a4f601	bd3a73fd48740390d69b763cd93745df5b7acc6ca3c2342b5d29f8585b11a4d5
Item::Value/argument-0-3-^	status 1	b1ae31274a1e35d2b86ac31a0540d619721b1905ce723218f70eaf1965dcc6ed	73e8e2d7b2795d94f80b00c7cc480ff88be3392427a8800f16aa2042ca774d22
Item::Value/argument-0-4-plain	status 1	884b06fe0a3bdf51a6a7c60390c1b94aeaba74f8d654928e7e113293d7a429e1	83a76d2f63c7e0d531e77236c285bfdfd4f9e0e7b1ba545dafa814ad2653c4e5
Item::Value/argument-0-4-@	status 1	19dc60e7abf26472655be2adac7f65ce6d2ce2731e19c5bfc5047ad92095c2d1	68ed25b1a57d78e7c31549de51c0d4c59c7945023f6de71856a79f58ca37bae9
Item::Value/argument-0-4-^	status 1	c00396628a684e02920887fc6bbfd8f8a63f26f2f3e3382f2aa7803337a84a38	8ce6437e309bcebc38cc401c7889ec865922e394027f3922b7722673f20a45c6
Item::Value/argument-0-5-plain	status 0	8759920dde9a59a17144c97eafc8f64bdde36a3b0c17aad3bfb597627920057a	b32a4550783567f9b5b48ae4c6747e5b495ae3ff7d75631abf450ac29d30053e
Item::Value/argument-0-5-@	status 0	ab196397aaa99e2ea65cad3f1408d78f21770c3b4431ef508afd51075224ebf9	adda5a77b138e9ef7fee8a212a0dcb83e63a21aaa554bcba93fad344a2df1788
Item::Value/argument-0-5-^	status 0	dd34cf6154bc59972b702fe1f1b60da2a2e08688789eb68a5ca98c788833bdb9	8d0bcee60ddaa1b1983c159d78ae56eb5c7757f7ade3925832018ccc19df6ede
Item::Value/argument-0-6-plain	status 1	0cdf58e6144dea52a37b8d09eb5101ea74e81df54df69d3b2104c0b65b5842ba	09f3c4569271f581e32806f5442f79fc0eabdb9a56adbc4c42772f682429f5a3
Item::Value/argument-0-6-@	status 1	394ab1a9ddbca0883667ef486af5d8413e6f189304a9108a2a5d7f717ee2cd4a	2564022185b01c77b02933c686258ea97657671d3c1dfefa71e77857bd2893bb
Item::Value/argument-0-6-^	status 1	abb94499e0ffe668d41fdf9ed1bfc592acc10678336411a42034c6ef27d9f4b2	675a01dea962b0902f9d2a7d17d611c2a4e9c8204f620763b03e0e171efa1112
Item::Value/argument-0-7-plain	status 1	60aaa9fff0c3ae05371c3d9c005016ab5fb54b548b48faf2e09e4e7fa3d6ba39	58591109a0b557844c424ee6f694ac1187c27c2d55b9a1da285cdc3240161b45
Item::Value/argument-0-7-@	status 1	9e9ffef93bf2df2000bd9bd7d85f09bd7f3330a25bc85094f13595c90aa07d47	c50912961eb6d2d3bc075092b0f8784592d4b7316769daf26600b181a9e8a2c7
Item::Value/argument-0-7-^	status 1	1b1e2c79c6352d8231078aae17febfee0034a7de4f774c7562feb48a60755a96	b0ce4613cc58cc60e0fdf9f42add64d87b1bc4e6d9d6686669bb1615488e5ead
Item::Value/argument-0-8-plain	status 1	fddc44ecaa519393474bb5d25a0a722125d563c854e2941ac3a71121bc8de167	7bb6c9066e506474035306746e8abb7a5d5d86497738dbab0c04443c004a2dc4
Item::Value/argument-0-8-@	status 1	8298c2e8294112734780e752d1e582575be3314bc1c9b7d7c968d9e4e161ea6f	6b32e60dba5b0547fa23e9e6d1bd75de5532ca5668d6a2ae31820d7a4bc58351
Item::Value/argument-0-8-^	status 1	ac061b4777db28b5ea79f64a4d49167ec547e0b90e9fe27701e9812b4e11bcac	8d7d9fa130a8c43ef7db8a37125d72f40c3782982fb215b9ae2cd94269ca0bd6
Item::Value/argument-0-9-plain	status 0	4cb2868ec1b96110511cb52617976af4f893eccad4513eae177cf58d1455252f	33523bdd5a3187a6d279b3a5be77b733c2b575e7428a3cd6276e9237aee3031a
Item::Value/argument-0-9-@	status 0	4298b36dc2f42ee883a8aa762584e130727d22e33d005c3948288a72e89f28b7	84c83a83210ee29d46cbd2aae4765f90fa8af2f1dda150760077773290939373
Item::Value/argument-0-9-^	status 0	2ed0cbe400b0e711661d06679e62f465a2a7bf6617f5bcf19039f94a2654117a	aa736585ba32e95500787be9c6824599b4b5b633ea7b59d4d716ce1d9f7b5ba8
+/base	status 0	66c6845fcb8011e4783b4920950e4fad7d552fcbf0fd5058e811bde4eace78e9	18608ac41d85cc655e9003eb2580612c6eec2c64b21ec4e187cff97dcea67715
+/reversed	status 0	72a2d5544d970c418da47da4679d6934406649f7d025e5c4d3a853ae0246beb1	18608ac41d85cc655e9003eb2580612c6eec2c64b21ec4e187cff97dcea67715
+/argument-0-0-plain	status 0	66c6845fcb8011e4783b4920950e4fad7d552fcbf0fd5058e811bde4eace78e9	18608ac41d85cc655e9003eb2580612c6eec2c64b21ec4e187cff97dcea67715
+/argument-0-0-@	parse-invalid	e46b7066497c915185b9f8519967b41f6f602272f48d88f5c3b10d74ad360563	377ed9c20a1385c4d28a354623b3090300788588e958f63fba662fa884ae255f
+/argument-0-0-^	parse-invalid	832086bed615d9e7b65f42024c25b69b2d5b60e9e710da82e9abc16a8aafdfcb	377ed9c20a1385c4d28a354623b3090300788588e958f63fba662fa884ae255f
+/argument-0-1-plain	status 1	6f524f1153c56d5938fa95c806704fbfef2c9d5d042f34b1d771e62b0f49447e	fd7790ea1140c6076a3508b2d898ff39f8d758cc9247837e6dc2b214c0c794c5
+/argument-0-1-@	parse-invalid	bb44ba2f439c7dc9bb48ae72efed36fce26ba26b2b52d86a9016184489afdf9e	377ed9c20a1385c4d28a354623b3090300788588e958f63fba662fa884ae255f
+/argument-0-1-^	parse-invalid	90ed558c8eca13b30c35ebbc52b40ddb9c27a9f62984008433d31425ff82aba8	377ed9c20a1385c4d28a354623b3090300788588e958f63fba662fa884ae255f
+/argument-0-2-plain	status 1	c3138e99739ba03aa1ba9844c23e589076e695cc6122dfdfe7d3832662a44b52	6c7653a41076e7c5dccd6de80ddc8d308fc8123c56ab93bffe53807819b366da
+/argument-0-2-@	parse-invalid	08951eff537600e3e9577ad48cd5961ce28f366e360974d46faaeb87c14ab55c	377ed9c20a1385c4d28a354623b3090300788588e958f63fba662fa884ae255f
+/argument-0-2-^	parse-invalid	f291a951446e26b5b23f226dfdc4dfad4505905ed0de3bc959d029fb74e220a7	377ed9c20a1385c4d28a354623b3090300788588e958f63fba662fa884ae255f
+/argument-0-3-plain	status 1	41a4966bb2716d96246b6ca29082e1da8b4e2749f7268c13a8400e9068a591a4	d2efd7a1ac0393a5181f45cd9e808e625743a9ffe688cb0e995284791f237a65
+/argument-0-3-@	parse-invalid	abb5dc4b7dea70431d0c4cd99621e9c958f874a211bd694db82fe06233ac6183	377ed9c20a1385c4d28a354623b3090300788588e958f63fba662fa884ae255f
+/argument-0-3-^	parse-invalid	897706b0d86b770173943820101178af047704b5beecc7232a525c689d43f3a3	377ed9c20a1385c4d28a354623b3090300788588e958f63fba662fa884ae255f
+/argument-0-4-plain	status 1	4263d9233fef6ceea4a8c5dcae9e604263b4599f805bda7e6eac349b8163198f	1701786b8d30eb89e43c411360aa438178feca5f9959d8cf0f302aed11b69638
+/argument-0-4-@	parse-invalid	cb14f79390f7a02ab3f1c54ad68b33782002729245b5f8f5cc2163b4c0633e17	377ed9c20a1385c4d28a354623b3090300788588e958f63fba662fa884ae255f
+/argument-0-4-^	parse-invalid	edbdffa069fa8b51629356f6af9b0f545925a1ee08aaa3b71e4720084fcd8184	377ed9c20a1385c4d28a354623b3090300788588e958f63fba662fa884ae255f
+/argument-0-5-plain	status 1	217c51466fe59397d85cbb92ad2ef27f12fd692b7d32836888a638e46b571b1f	31a841a63ba92e245ea85f65f481f4127281570232cd89a83bc3daab087afdb9
+/argument-0-5-@	parse-invalid	89b77be5e5a22803ddcf68364739bf8696369c5a775d9f5c52893b3e24672e88	377ed9c20a1385c4d28a354623b3090300788588e958f63fba662fa884ae255f
+/argument-0-5-^	parse-invalid	b423e9cfeb97fd0c28893c5bd113592fa68eede56c5bae8cd5fb33c0d6c6009b	377ed9c20a1385c4d28a354623b3090300788588e958f63fba662fa884ae255f
+/argument-0-6-plain	status 1	a187613f8defd5884b1b31624773359532398126e979141d30a920d58464bddb	2177e9808901a892c12a4a5749c767c3d21e06f8dfa7fd1d3a808cc53956d43f
+/argument-0-6-@	parse-invalid	3cf332332f4aab655857af80fe957e3d3f8ec93c804aa4cb04c84cff0d324a43	377ed9c20a1385c4d28a354623b3090300788588e958f63fba662fa884ae255f
+/argument-0-6-^	parse-invalid	beb740baa87065dbe8ea69e11f8674ad575d6d74aeb6f8a094b924054bf9c639	377ed9c20a1385c4d28a354623b3090300788588e958f63fba662fa884ae255f
+/argument-0-7-plain	status 0	a84d182591b1420c5973bbf746aae9462d68bc7d7a352c35f2d52c8d823c3a76	47acfef54ad12ba66d1d2601c01c9e8bbb3beeb6f87127619cc27f721d484f3e
+/argument-0-7-@	parse-invalid	982ea9231be75db2235765ee9de2f4ede4db602d9d41847c20f0112ead01d460	377ed9c20a1385c4d28a354623b3090300788588e958f63fba662fa884ae255f
+/argument-0-7-^	parse-invalid	895a5e5d7493df87149c61dd66903a8fb4c8f911ae659aea548dd4cf83c4991e	377ed9c20a1385c4d28a354623b3090300788588e958f63fba662fa884ae255f
+/argument-0-8-plain	status 0	16192cbd3e9db2edd18e574766f5a52149a5895f71cf1c43ade5173dd03d8dc5	c9016e0560191c464eafe1c314234f83ab7502b3d0f0ec658bdcbccfc35307ab
+/argument-0-8-@	parse-invalid	71afec1c78f5f8bd57b84015376dc3c969692788f55fa8594b624587c043bae2	377ed9c20a1385c4d28a354623b3090300788588e958f63fba662fa884ae255f
+/argument-0-8-^	parse-invalid	919abb1e7804e56c2c4323468993ffa6ad0314b0be6f2557c8ddcda5aa7e02a6	377ed9c20a1385c4d28a354623b3090300788588e958f63fba662fa884ae255f
+/argument-0-9-plain	status 1	de4ebcb7dcd9dc373586b864479611d7bf038290dccf538f1efc5b2406b99f1c	c8d0b46c9094903057e5a1d2b29d50535d79bc864124783703be64f4480c64c2
+/argument-0-9-@	parse-invalid	91840f0ed4031997977ca668b9752964c20f768cbd1407e17be1d20e1344b19c	377ed9c20a1385c4d28a354623b3090300788588e958f63fba662fa884ae255f
+/argument-0-9-^	parse-invalid	29ce7acb01b5b7aebbd5f9467e35023f6412dc16b093cb02fa33efb3aed434b3	377ed9c20a1385c4d28a354623b3090300788588e958f63fba662fa884ae255f
+/argument-1-0-plain	status 0	64e1e482971601fbd55f28663fad5dfc0ce3c92a1095331d9c9d8e81a746b6de	18608ac41d85cc655e9003eb2580612c6eec2c64b21ec4e187cff97dcea67715
+/argument-1-0-@	parse-invalid	a61117b6164fa047c0538b108aa616549b349055500f9624b1a5e2b028c3e21c	377ed9c20a1385c4d28a354623b3090300788588e958f63fba662fa884ae255f
+/argument-1-0-^	parse-invalid	cbd99e41dd28c45620a85cb362eeaa29dce28365038db7c300241b391ac89ec5	377ed9c20a1385c4d28a354623b3090300788588e958f63fba662fa884ae255f
+/argument-1-1-plain	status 1	99011e5ab97b1b27b345fec40d552db8450e71017eb3b6898c0607713171d752	2de8a06374f39b83e6367eaeaa111b4192eb6aca526679286aa96df9911d9ae6
+/argument-1-1-@	parse-invalid	1963cd05495ba4a2dcdd15e9eb934cb5088e429cfe17b9fdbd475fa50748ce12	377ed9c20a1385c4d28a354623b3090300788588e958f63fba662fa884ae255f
+/argument-1-1-^	parse-invalid	f668766b42182eb2eb2c16324ab780dc9803c5ec747fef6dee8ee64f1bca98e5	377ed9c20a1385c4d28a354623b3090300788588e958f63fba662fa884ae255f
+/argument-1-2-plain	status 1	967e7601806244800882a710c2e029875d4d705980edb4e292f2f976e6e0a633	990f1218ed561ad6fe1f8b3d12aa18956f9196d10d31a5c64223b5da94ff6830
+/argument-1-2-@	parse-invalid	75fc98375e38630ba2fb0478defae9fa9c7e60548b8e214ac513640e2c4084e9	377ed9c20a1385c4d28a354623b3090300788588e958f63fba662fa884ae255f
+/argument-1-2-^	parse-invalid	cea56f855b46f0efda48bd1a1bc7cde167493b88470aff641608947e70731c93	377ed9c20a1385c4d28a354623b3090300788588e958f63fba662fa884ae255f
+/argument-1-3-plain	status 1	0c666b0442cb8cc50b6f1debe82bfd98d3636ef7b28cf114d3aa2950f48e421b	ca720439252653a124d43f3dc0eafc00a539f9396e2ddcf21567958573edcc1b
+/argument-1-3-@	parse-invalid	a69a5d9740488aae6fbf807b029372679ddd98c3d338e27fe720c6041bf40fe0	377ed9c20a1385c4d28a354623b3090300788588e958f63fba662fa884ae255f
+/argument-1-3-^	parse-invalid	496a2062d89d2aff129a6d7687c9599e3b427b29a5a2e4a81e79b81773b0b703	377ed9c20a1385c4d28a354623b3090300788588e958f63fba662fa884ae255f
+/argument-1-4-plain	status 1	739b12177aefc5c1c3a1b6a2b5c5ebb6d1288fc6729faa1287a4cd9d70abcc34	48b916297e26d28a0f7a09637d9f42cf14e536199adb85175f2b379e7a901922
+/argument-1-4-@	parse-invalid	adb879a8ad448ce5d48261d4ecb105abaf9c97ac951781c63ad949444a78461c	377ed9c20a1385c4d28a354623b3090300788588e958f63fba662fa884ae255f
+/argument-1-4-^	parse-invalid	6ba12cc4e4aa6f4125b7c65b75da1ca781724035dc083a5b6d2ba346931570f8	377ed9c20a1385c4d28a354623b3090300788588e958f63fba662fa884ae255f
+/argument-1-5-plain	status 1	f9e85789ea150d42cb3f5270e493673d51a15754a0a4c5227a58299191e8e92d	04bbfbbfa834aff20afb231ee4d2ed252eefa651e2bd3f9340e665639f540658
+/argument-1-5-@	parse-invalid	8a36cb865d45f3b1b479ebfdc86402a74d8c241b97a8e0f1ba14fb26fded5ba2	377ed9c20a1385c4d28a354623b3090300788588e958f63fba662fa884ae255f
+/argument-1-5-^	parse-invalid	b305fa070cfeb8462b50c43b3ef8f39f830aac0e17efb506f7abff670c33b737	377ed9c20a1385c4d28a354623b3090300788588e958f63fba662fa884ae255f
+/argument-1-6-plain	status 1	90c6b7f994e0feeb643f173324faeccdd437cb669028c930c3dbbc4f0185342b	a5fed4fe111519a550b6d1726c87ce579bbc554d576736f745259b57c797d3fd
+/argument-1-6-@	parse-invalid	b4844b3fd012f5d3b10a0b629a70cd1acbe5b78cf85a2dcb627df138b745a9fe	377ed9c20a1385c4d28a354623b3090300788588e958f63fba662fa884ae255f
+/argument-1-6-^	parse-invalid	9e170dbb11c1bcc74d68146b8482e73f5c7632ab0fbb37a9e3b36ff6ef3fed7a	377ed9c20a1385c4d28a354623b3090300788588e958f63fba662fa884ae255f
+/argument-1-7-plain	status 0	a1997679bea517b46329797c447de92fd3a6e455ded3024d46218f69e04f3302	9959674e0e2c9e41a9af77e8f36660dd077b1da9ad5888d178c2e7f0ecda84f5
+/argument-1-7-@	parse-invalid	b1837c767fabaee1521ed34e78dd113e2cf1fff5836c2acee63ff602127af642	377ed9c20a1385c4d28a354623b3090300788588e958f63fba662fa884ae255f
+/argument-1-7-^	parse-invalid	a470111d4bc50c4b6d5fe8383b1f1e7a8830c6666ad36aa4b3fb5620f8c0a394	377ed9c20a1385c4d28a354623b3090300788588e958f63fba662fa884ae255f
+/argument-1-8-plain	status 0	2b779ddd26e2224d87842933b1692bffe24346b92c962be6d433519950f42b28	860fab518a26a244218e41618590909d9dbb6cdcf34d3b41b4420f5cd10e711e
+/argument-1-8-@	parse-invalid	a4b1edd3cf6f57c164ed3447dc9ee08ebdadbcfd1fa6a3fc55831e37b1ce8949	377ed9c20a1385c4d28a354623b3090300788588e958f63fba662fa884ae255f
+/argument-1-8-^	parse-invalid	f38e3be496aaab89781092a2c21cc7a096bf02a04b8c3823cadde1ec2319ccea	377ed9c20a1385c4d28a354623b3090300788588e958f63fba662fa884ae255f
+/argument-1-9-plain	status 1	a8c79036139448883296332d8d04f7a836ac4048c297d2f534cd23bf1ea5666a	4af122dfc67d18fa0dc0c937432e47444a6d495e703d459e1b7841814fbe1378
+/argument-1-9-@	parse-invalid	16da15fc109e6e9bd80e92f622d9f697722ffc250931a30a9115df9d52a33282	377ed9c20a1385c4d28a354623b3090300788588e958f63fba662fa884ae255f
+/argument-1-9-^	parse-invalid	631340bde8cc3cdc612a65f9dcce0a7d4a4f4313db41eff89e3ea5d8e1d86983	377ed9c20a1385c4d28a354623b3090300788588e958f63fba662fa884ae255f
==/base	status 0	7acb971b081766f59be089abadfa475e536e6f901e533aff45c598bc9f00efad	11e1cd9b0c43c7f492272d93a3bfd3498d87b3331406a5a1bdc4ef552b919c79
==/reversed	status 0	19bcb279ca4ace1a1ee90cac8f8caafbd138c8d1aa82b9c9dbcee8c2aadf66e7	11e1cd9b0c43c7f492272d93a3bfd3498d87b3331406a5a1bdc4ef552b919c79
==/argument-0-0-plain	status 0	7acb971b081766f59be089abadfa475e536e6f901e533aff45c598bc9f00efad	11e1cd9b0c43c7f492272d93a3bfd3498d87b3331406a5a1bdc4ef552b919c79
==/argument-0-0-@	parse-invalid	3f5daaf2d3c41b92831f227e8b80d79cde75f8014a0b1bb3cb6d6477d97c0102	377ed9c20a1385c4d28a354623b3090300788588e958f63fba662fa884ae255f
==/argument-0-0-^	parse-invalid	27860cc53fb6b28ce0aa9de0dc12f9b4e4c37c045ed447f066b703d889aa8eb1	377ed9c20a1385c4d28a354623b3090300788588e958f63fba662fa884ae255f
==/argument-0-1-plain	status 1	0b1ee4835504ab18d558104155b0c0b1e7fc2285dd4c2a54d3001a0f71bcfcd9	c853b4a0551678c7371b0d6a8d7303d4f452061c52a0d1dce8ecbb9178ff5870
==/argument-0-1-@	parse-invalid	c265b466f25b6bb305c7d3bf9703cb93b061aa7c4d291c03fedcc638a2bf5659	377ed9c20a1385c4d28a354623b3090300788588e958f63fba662fa884ae255f
==/argument-0-1-^	parse-invalid	adf7decdb4d440ceea39204c850e539dfac89b5202567b07f91a7d7894a04d71	377ed9c20a1385c4d28a354623b3090300788588e958f63fba662fa884ae255f
==/argument-0-2-plain	status 1	e0c2c06b9c1967afe430e4c507bb1477f16e89b3220feae3cbcc994e4c4e1b90	235b493cd4d0dde809ba2ec6bd2bc438ef2de37e3e1adf0bb4a41af2542608a2
==/argument-0-2-@	parse-invalid	b20ef60dc1f4b57c7534dc5b225c4ef0e7dbff6d795e4c74ce40d71265f1cd1a	377ed9c20a1385c4d28a354623b3090300788588e958f63fba662fa884ae255f
==/argument-0-2-^	parse-invalid	a16638b4d6dc695c0c4ea51a3eeac53aeb546d4775404419fe7689f57a5a2a91	377ed9c20a1385c4d28a354623b3090300788588e958f63fba662fa884ae255f
==/argument-0-3-plain	status 1	049bfb65b30f0a51cdfd6c81f1cbc921a499141956311d72231316fb1ad72d04	87a2492711c1bb57e3526881ed3ed8d1660c4a3b93fe55387ed6c394f27dcd8b
==/argument-0-3-@	parse-invalid	976ba26a918d55fd0d30f01906d339de542cf302db6a6753efd1aac3a6c756bb	377ed9c20a1385c4d28a354623b3090300788588e958f63fba662fa884ae255f
==/argument-0-3-^	parse-invalid	b58f69c6cbe0e683fb0a62ab7a4d2ab828c2fbe6031a672cee24c9d1f7abcebf	377ed9c20a1385c4d28a354623b3090300788588e958f63fba662fa884ae255f
==/argument-0-4-plain	status 1	5724ab77432018e2311173be4b8d680f1c27de7733c0f44fbf02844f4daaa4d7	773cf55c55708d374f632893c97a1fa00f04d732f6c8466f5cd5281b3a42c173
==/argument-0-4-@	parse-invalid	bb7461f62ad69bf577beaae790a952ea46313f8817de1a9564dfc9b5f864416a	377ed9c20a1385c4d28a354623b3090300788588e958f63fba662fa884ae255f
==/argument-0-4-^	parse-invalid	5edbc002f5bcefec2deb1bdc541a69eaab3dd72804e37b9e61aff8f9e047306a	377ed9c20a1385c4d28a354623b3090300788588e958f63fba662fa884ae255f
==/argument-0-5-plain	status 1	d22797149e4dce7c94bf5d5573af6e351ff4866dc9dd8edb0e4b3b195d1023d6	3659e4870ced2ada562cce85a769e1c8d063ada61cf2cdf2c7ab30e4cd473b85
==/argument-0-5-@	parse-invalid	a7fd177a88d771734e77db61869142014f1c8cd7746c59c608d17ff50430a674	377ed9c20a1385c4d28a354623b3090300788588e958f63fba662fa884ae255f
==/argument-0-5-^	parse-invalid	f4f6275e9db669b1c9a908a8c5d5ba63243b0ce0dfbc06b761e92a3b980c57a6	377ed9c20a1385c4d28a354623b3090300788588e958f63fba662fa884ae255f
==/argument-0-6-plain	status 1	8b126947deef37c33f305cd1c3f20e5e92ada28cd8437bcca4981221264e4fd4	7e360d4e072b85a770d4d38f81e008cefe4be35ed615d3eb6b325e463feb3683
==/argument-0-6-@	parse-invalid	95face5cfa7ad61d22dea3837dc6f000ccd7d611276293ee64bd0400b4110cea	377ed9c20a1385c4d28a354623b3090300788588e958f63fba662fa884ae255f
==/argument-0-6-^	parse-invalid	eb22759808b64d7d8949e87dc5ecffd0f15122d3dda4bed3f8d8536b950f3ab7	377ed9c20a1385c4d28a354623b3090300788588e958f63fba662fa884ae255f
==/argument-0-7-plain	status 0	79f3a0a501e42542a884caa3b8343f84c01d3bdaefebb4bcc1788122828332ec	31e5b9cc3a34c195d11a78c6563e6446b5aae6ad53e934e48c65b275685d5311
==/argument-0-7-@	parse-invalid	2bc12fab111958980013120cba245bb90d9841143e6afd178096e0e8b9aa783b	377ed9c20a1385c4d28a354623b3090300788588e958f63fba662fa884ae255f
==/argument-0-7-^	parse-invalid	509ec3353728e917c1a0779e3b9242591c8b01c21eb1c716e36ebfef10ce942b	377ed9c20a1385c4d28a354623b3090300788588e958f63fba662fa884ae255f
==/argument-0-8-plain	status 0	2d5f3977084085b68bd6f3777dca8128443a4f2e1b432b411821e9f4ca11fb09	b62dfc976c80ada4b8df4c9bbaf10a65562eba4a4df25afb832b8cad6c7c8a75
==/argument-0-8-@	parse-invalid	e03dee0cc9f7328c948e3b6a5ecd92e2102f4c122aa88b43ca9f212bc01fde45	377ed9c20a1385c4d28a354623b3090300788588e958f63fba662fa884ae255f
==/argument-0-8-^	parse-invalid	e455cfe66e29de1150ef09216d154a0ebc3cea6ba3f11da5ddc1f0e9b2509e0c	377ed9c20a1385c4d28a354623b3090300788588e958f63fba662fa884ae255f
==/argument-0-9-plain	status 1	00e4e124d0bfa1023c3ce1430a8bfbe8084e0f5332cbaf86e602629dfdf30d5e	bd109541cccc79f604929025045735c1470693b43998af7a4c0c43cf1bdd32e4
==/argument-0-9-@	parse-invalid	695b17612c03e530a510add55a017c8881463d003e3875e52148dbfc1415f3bf	377ed9c20a1385c4d28a354623b3090300788588e958f63fba662fa884ae255f
==/argument-0-9-^	parse-invalid	95394f690adb233e45603576edb203b88ab06f3f8b74818cd74f7349c22c880b	377ed9c20a1385c4d28a354623b3090300788588e958f63fba662fa884ae255f
==/argument-1-0-plain	status 0	4325e4bb04b23567a66e678663038147c86eb4ec3733939440b7c49d7c2e619a	11e1cd9b0c43c7f492272d93a3bfd3498d87b3331406a5a1bdc4ef552b919c79
==/argument-1-0-@	parse-invalid	aac256215580676f7763fc42295c9c017938d16a03c9ca4d829c07752bf139c8	377ed9c20a1385c4d28a354623b3090300788588e958f63fba662fa884ae255f
==/argument-1-0-^	parse-invalid	3516b2fab88fa12ab2e43bd9176e208da4bc5da73527a59204618f3580b7670d	377ed9c20a1385c4d28a354623b3090300788588e958f63fba662fa884ae255f
==/argument-1-1-plain	status 1	89c411371ccf05d1a2cb1783af658d7bdece2c4bd04fc81b820b8a8b0c09cda6	513ab26e806dbcaad3f296df8527b63f18f204adf26b5d9395fc3a65323f4f20
==/argument-1-1-@	parse-invalid	1b172c77c28dfb1786d8a8b0571facd33bfd037744ea0080b3dcdc8f4fd2bc76	377ed9c20a1385c4d28a354623b3090300788588e958f63fba662fa884ae255f
==/argument-1-1-^	parse-invalid	be3f692c186b72d6df1485bf8d4c93e034bdde88cc3bfec3ffe2092f2d3006d0	377ed9c20a1385c4d28a354623b3090300788588e958f63fba662fa884ae255f
==/argument-1-2-plain	status 1	ef9af52881e5e25208e1c228872eff76563cb31b3078a1d2de897d8f5a1f1b40	eb7742ad8defb8edc470d9c007d58a502eeec79c1f2666f0e10f7b61a0473320
==/argument-1-2-@	parse-invalid	56f512aad49866bb659e86e985d439daccc4a0db3a53ac444a82a0e2ff15300d	377ed9c20a1385c4d28a354623b3090300788588e958f63fba662fa884ae255f
==/argument-1-2-^	parse-invalid	cf7f5ac389f6c5e3616eb29f411a450202a6f02a1678aa2da3463c2bd887ac88	377ed9c20a1385c4d28a354623b3090300788588e958f63fba662fa884ae255f
==/argument-1-3-plain	status 1	71de0710cc5ac751a1f7c5694301b1f37d02a7e8942a3f0c37c9c610655d3b57	6b885552fad0375ad98ef97f80f190d61fc907c4aeaaa737df0ee48d97df05ad
==/argument-1-3-@	parse-invalid	dc8f4517a2aa98e4f0722bd8c758196bcc7e1b72856586d6c787654d874abb53	377ed9c20a1385c4d28a354623b3090300788588e958f63fba662fa884ae255f
==/argument-1-3-^	parse-invalid	514cd9a7c54b755a3fda866b27a1db801972e7082e8370157f7bdbd589ed2b74	377ed9c20a1385c4d28a354623b3090300788588e958f63fba662fa884ae255f
==/argument-1-4-plain	status 1	e4e74b51b6c07159fe97839e4e4751ecfa8611000c0bb078053d29ce68c97262	fdc0ea5287fe2177c536df0ffc5d08c1c9ed61e23ffbb3c3808b834ea50e8d1e
==/argument-1-4-@	parse-invalid	472f545fd32bb1b804080434cb35b6e6cf32ba08f236bc31143d4c11647c8795	377ed9c20a1385c4d28a354623b3090300788588e958f63fba662fa884ae255f
==/argument-1-4-^	parse-invalid	3012ba731304b6f3c0ed1e910912069f74b5c24a4de33d304a1b44e97950332d	377ed9c20a1385c4d28a354623b3090300788588e958f63fba662fa884ae255f
==/argument-1-5-plain	status 1	323926eeeba22326a5da38a141758107582d844fa5e1e6378698d5dfbf175f77	c801382a5634959fbdc179cbf060415f6b437296bc9054a518caead63ffee064
==/argument-1-5-@	parse-invalid	714debad8378d6ec56d3e2e7f9c08accf6aa6964cb0ecfedac45240eb64ebcff	377ed9c20a1385c4d28a354623b3090300788588e958f63fba662fa884ae255f
==/argument-1-5-^	parse-invalid	f697891d5e074fe1d7cd9b671dc6f6d9641602f1d0a0f0accc9f01ae35f425a0	377ed9c20a1385c4d28a354623b3090300788588e958f63fba662fa884ae255f
==/argument-1-6-plain	status 1	c79cd49e8949973896849d7558594311aa7bd8250dfd5c02598b0077dd08a35a	b0a3bfcb3a34bd118a7614ad475c681aea88c96897f7861b1ab3581baab95dc4
==/argument-1-6-@	parse-invalid	05d9191fbeab4540248e297abe192ecfbe7c815f8d6a62e0007466e760d669f1	377ed9c20a1385c4d28a354623b3090300788588e958f63fba662fa884ae255f
==/argument-1-6-^	parse-invalid	52fc27201d360bcf1a5b7ec58b32ad10af802f2d6ce3e0669ec038ad5fcb2f28	377ed9c20a1385c4d28a354623b3090300788588e958f63fba662fa884ae255f
==/argument-1-7-plain	status 0	c087e716e8051bbd99343579dd7428723922fdb2e4b53c376d7bde98e877f68c	8f42a0c8a0640809d7b3f6a0647f2d7a72b3411cbb07384fec78a2fcfd87b975
==/argument-1-7-@	parse-invalid	fa0d6367257b0805395ac4bb6047df5dc0f714c6501ac9e4131f2e4675004a24	377ed9c20a1385c4d28a354623b3090300788588e958f63fba662fa884ae255f
==/argument-1-7-^	parse-invalid	279a077bf56b252ed4bd6d9ad82d3266808839817b8480a9066ddfd25f2c544d	377ed9c20a1385c4d28a354623b3090300788588e958f63fba662fa884ae255f
==/argument-1-8-plain	status 0	7dfa6b89e1ae16c58189bc2574ed6f649a069bf72c6a51741ce3203667c3035b	a97be1441714c0a1d5bec4577224139f82c0498268fc68e02f72dfad3d06f566
==/argument-1-8-@	parse-invalid	4f4ae6575dcb361588b2fea75ada4a47852ea587db90dc5b905f1679868bdabc	377ed9c20a1385c4d28a354623b3090300788588e958f63fba662fa884ae255f
==/argument-1-8-^	parse-invalid	56ad877d2767641c4df48f4bf9f8989bf1b0495ca52260d53475559a9655c483	377ed9c20a1385c4d28a354623b3090300788588e958f63fba662fa884ae255f
==/argument-1-9-plain	status 1	ba429433a0773ae3cee3d2b805f7c52032e1c9ffdb204eca5ca0ffdf60121b7f	388c0419e97b35d3eef616b4f73deb7a6c2556a2d7b5e70bacf5425b58769d32
==/argument-1-9-@	parse-invalid	1a7d70fccd87ba5f4baeed88ead4041848b196a98363f03bac4b00127e34870f	377ed9c20a1385c4d28a354623b3090300788588e958f63fba662fa884ae255f
==/argument-1-9-^	parse-invalid	c68b96b33d0e2076175979df0b6d3bf03456a7f5c38454620a9331c133f25058	377ed9c20a1385c4d28a354623b3090300788588e958f63fba662fa884ae255f
&&/base	status 0	4b1457e0a69b59db5232d64a3ac1b0a7c29db9a6d43919f7e076d81f090ead46	062b5ec77d15b2f3901a222a90ca4a8dffd307bcba93f75c04258281af12fa7a
&&/reversed	status 0	e6159c8ebbc54bca1b505d197dfdbab99ef655b6e4ab634f8d802b6e03701a0b	155e8e040a8717dbcae4face34d51250a640f58fa894b8f47b7083d7ff7a0336
&&/argument-0-0-plain	status 1	c14f664e1689e24930d25c052f67d086df586666293cd2590518911862a71022	314863d5e0b4fb8e3feeeebc9c61a5197657778a4208b461ba3b239c16c97eeb
&&/argument-0-0-@	parse-invalid	af83012124a0c5b135fe253ed64537df97a2b07270c848388b7002631e9e8ff3	377ed9c20a1385c4d28a354623b3090300788588e958f63fba662fa884ae255f
&&/argument-0-0-^	parse-invalid	525c20ed2824b745ef63300ce061e7e7ff75863d401a21a5ddbf915b81e739d6	377ed9c20a1385c4d28a354623b3090300788588e958f63fba662fa884ae255f
&&/argument-0-1-plain	status 0	4b1457e0a69b59db5232d64a3ac1b0a7c29db9a6d43919f7e076d81f090ead46	062b5ec77d15b2f3901a222a90ca4a8dffd307bcba93f75c04258281af12fa7a
&&/argument-0-1-@	parse-invalid	edde102835261adbc8e8b2e596322d03e62f9d98f8fe8a3afb91d258eb14a3ef	377ed9c20a1385c4d28a354623b3090300788588e958f63fba662fa884ae255f
&&/argument-0-1-^	parse-invalid	b1ca1ddba0520a34cd4e114fae3c162ffcbe445f0b8aba4bfa4ab8d8114845fd	377ed9c20a1385c4d28a354623b3090300788588e958f63fba662fa884ae255f
&&/argument-0-2-plain	status 1	c01ca734165ffedcf4852c900abe25e331c30b5afc6abc65f20c5ba22337bff6	e8e1ceeddb949941f7a2f69aa7dafc943709f4c88288b9dbdb95bbf71e6496fc
&&/argument-0-2-@	parse-invalid	c0fc7fa23b7a2e5da28ec57f04f38846c3ebd78763233ca91696c2d639167f90	377ed9c20a1385c4d28a354623b3090300788588e958f63fba662fa884ae255f
&&/argument-0-2-^	parse-invalid	4d836f50ab4f9febc2861db6f8e3ab0043ca03147c776c947bc892354e98d171	377ed9c20a1385c4d28a354623b3090300788588e958f63fba662fa884ae255f
&&/argument-0-3-plain	status 1	238651f2a44c503281e62dd58a99cf23c7ebd30755645eee4a2cbfcfa50ef3fe	a94280e03f78ad26c63e75dd5f7afab3195b61ce50a9a597eb5bc38b51041ff1
&&/argument-0-3-@	parse-invalid	7d652c3155f383bd3189528a222cad15f276e6b515e8f764b883acb7a8e7bd4e	377ed9c20a1385c4d28a354623b3090300788588e958f63fba662fa884ae255f
&&/argument-0-3-^	parse-invalid	27a9849112086e0972a64e609bb1e20e282a688f9734cf41fb03e9b770b15b3d	377ed9c20a1385c4d28a354623b3090300788588e958f63fba662fa884ae255f
&&/argument-0-4-plain	status 1	44e1c803c95823b811f48714f11a99a14efaa8b4ce719c4bb1ed027f13dc1618	2f3d155e4a0e4ec665b2f64f8f5022bcf8d9650d972368236ad0983b602241ad
&&/argument-0-4-@	parse-invalid	403881b9e6ddae4d765dfc4b2b525d5ff27843c07a55a1b86eac6c5c63d5a7ec	377ed9c20a1385c4d28a354623b3090300788588e958f63fba662fa884ae255f
&&/argument-0-4-^	parse-invalid	ba504530dcaac38fd490f172175e78870d1e502d216dfce928b9b4d5e645d1c2	377ed9c20a1385c4d28a354623b3090300788588e958f63fba662fa884ae255f
&&/argument-0-5-plain	status 1	55aa9f4e7746fd1680bf8962a951b11073c148a77cdda6992d98b3f0fdde726b	f220632d8d60a7ef6206f20f538ab420c8e12bf9efc7c629ec616c52272dfc66
&&/argument-0-5-@	parse-invalid	2bbe13699b56855166b9462d2a8bfd7cae849102792d096c7414176bfa414e54	377ed9c20a1385c4d28a354623b3090300788588e958f63fba662fa884ae255f
&&/argument-0-5-^	parse-invalid	c739ff7b6a86ac07fe8125ce0db97e3e57144c34583b5ea50478e8f4c5abad15	377ed9c20a1385c4d28a354623b3090300788588e958f63fba662fa884ae255f
&&/argument-0-6-plain	status 1	ab123192e0449134529d34d0e1f10dc81e41e1619dba07109a81362b0ab2aeb0	15331d66c7e7b37c41ae4ff64867322815f6f1ed7755b8e4c6f4d7ad295587b4
&&/argument-0-6-@	parse-invalid	0d80cfcd1aabea3183ef260410720e4d0f4a2705808e6e04113f72656068b391	377ed9c20a1385c4d28a354623b3090300788588e958f63fba662fa884ae255f
&&/argument-0-6-^	parse-invalid	0f93bbfe37c776fb3b01812d7525b656c388664a21937af0d4ed2e7cfe1f7299	377ed9c20a1385c4d28a354623b3090300788588e958f63fba662fa884ae255f
&&/argument-0-7-plain	status 1	2a59459727bca66c41d07b3bc8073c6ad5ef81dab0c20771379c7210402862d0	a28930e00d04d5381a22a571a97cebf16324e293067f69cbecdfa486fd8bd31a
&&/argument-0-7-@	parse-invalid	d14c9f709e2b1fd5f4d78fe64af44f3062ecac598d766a4a0d3fc50b040e1846	377ed9c20a1385c4d28a354623b3090300788588e958f63fba662fa884ae255f
&&/argument-0-7-^	parse-invalid	f9c0687f1164077d512ba8dbc24fcfa747d88d123e4ca2bf4eb173d897fb3c58	377ed9c20a1385c4d28a354623b3090300788588e958f63fba662fa884ae255f
&&/argument-0-8-plain	status 1	8b2457353e0a70f993272db55322220523f56c70e2eabd3cfbcefce7c2531bd0	c29602d1756d08c61887d34ff63faeb06779396972297f7a30b753a647110ae3
&&/argument-0-8-@	parse-invalid	af4d1bdbada8872dcd02a9bf74b697f6f2af7ef226f120df6c46d9e618802b63	377ed9c20a1385c4d28a354623b3090300788588e958f63fba662fa884ae255f
&&/argument-0-8-^	parse-invalid	b77319873f0ef421c21592823d018f0b4cdf5363d81cbcaa7e784ac7f14b0ab2	377ed9c20a1385c4d28a354623b3090300788588e958f63fba662fa884ae255f
&&/argument-0-9-plain	status 1	f2191bc8f45bd6f3d7c117a6446841f13f40e8004a77e1460a25f847ec641be7	a2a34647a3227cbc5b90adfcff8d3d4cacde1bb1e4526d3f5bab4965b8863623
&&/argument-0-9-@	parse-invalid	7c2c32c3aba9b4c89af7d2707b67b5f413a58bb6df21d7c0308e4a9d8a1eb044	377ed9c20a1385c4d28a354623b3090300788588e958f63fba662fa884ae255f
&&/argument-0-9-^	parse-invalid	6639dc15e54c1ef541cf6aea5b24066f6bfd7e159e26ca7e65e61664eaa2ed69	377ed9c20a1385c4d28a354623b3090300788588e958f63fba662fa884ae255f
&&/argument-1-0-plain	status 1	7f926b9191355d29aa504a383d83995630c3874ba1b397792d778fcc917f9939	b688bbaf06c4b4a313e070372ff564d07ec7f88a644dbdc891cc143dc4c24784
&&/argument-1-0-@	parse-invalid	23e3bcf71458c193af2ff7b630c75636fe0210eaa652d0d3abf965d0b7a930f9	377ed9c20a1385c4d28a354623b3090300788588e958f63fba662fa884ae255f
&&/argument-1-0-^	parse-invalid	94a8592fe5a10eae3b64a4050d4ded22a7fbe2a3f6496651c3827bed6b6d8bb4	377ed9c20a1385c4d28a354623b3090300788588e958f63fba662fa884ae255f
&&/argument-1-1-plain	status 0	c9cc48b7cc0a33a4be0704675701e496662e24934b55690d31bf076909fe2ac9	6868637b962454f184391d9823bcf2c2ee16cb581b1dd275a196f1236318be58
&&/argument-1-1-@	parse-invalid	d6391340370eda42e72a9cda52a0ae14d438f9a5231f348bb94aa236b70a77dd	377ed9c20a1385c4d28a354623b3090300788588e958f63fba662fa884ae255f
&&/argument-1-1-^	parse-invalid	f34c206a68673df26bf5be69b5fc1652cc684cbe690330e0c6c9e481d23af264	377ed9c20a1385c4d28a354623b3090300788588e958f63fba662fa884ae255f
&&/argument-1-2-plain	status 1	d504a813a230f5d217c176c3f0390411578876bac10c5460faabfc2fe64c9a35	16a9662f903caa4bdb760963903c96b5fb5d14f7c5b6a32b506ce8ed28ddc162
&&/argument-1-2-@	parse-invalid	e82791c75f5ee493bd6ddc2a5c973dc211e49e6de6308df0a4f4e972e54660ef	377ed9c20a1385c4d28a354623b3090300788588e958f63fba662fa884ae255f
&&/argument-1-2-^	parse-invalid	c4ed524bfc991648b33cf1d59e33c21916fd8d6457f50aa6d79cb98bd6cf048d	377ed9c20a1385c4d28a354623b3090300788588e958f63fba662fa884ae255f
&&/argument-1-3-plain	status 1	0c4db95b9717ea1c54c2911627f3dda91f17adca85aee94d13d77c84c55f9893	8de58fa1867660a8b1625d705a1e828225c27f105eb8db0890f468fb97c1e33d
&&/argument-1-3-@	parse-invalid	f4d1f7c935588865c76a5a37d0b4833307ec2b725f9cfc389fe0ecde1f3fd9b1	377ed9c20a1385c4d28a354623b3090300788588e958f63fba662fa884ae255f
&&/argument-1-3-^	parse-invalid	ae9a02931f2d8fadc28365672862f5066a21721247facc12bd47a0c8bef9974a	377ed9c20a1385c4d28a354623b3090300788588e958f63fba662fa884ae255f
&&/argument-1-4-plain	status 1	81a7e578cc7de69031906b1c285264bd681a536674a37e5ef371d081c87793b9	c98f840528cbb7702157e9c8afb4406eb1ab5727e2959391c02ef82e632f84ad
&&/argument-1-4-@	parse-invalid	8e014d7d93ac25d692b5bf7b2d5fedbd963f16e99886f2cf882028203d35bcc8	377ed9c20a1385c4d28a354623b3090300788588e958f63fba662fa884ae255f
&&/argument-1-4-^	parse-invalid	c5810e3b3200205986ffe16ead086b2096b73fa46b1e7942f3227630bbaa9d36	377ed9c20a1385c4d28a354623b3090300788588e958f63fba662fa884ae255f
&&/argument-1-5-plain	status 1	c1bb97ce028a0921010d7c0af56be5cd06a03d3de553f06a35338d95dfb6cdd2	e3a287fdc4a7a24a2a694fe677e451db182b8b4f454a80f0b15c42193f64d74c
&&/argument-1-5-@	parse-invalid	7db4d2f56e165a52e6cb8374929678bf9df23d2e446b9aa283070feaa6a2787c	377ed9c20a1385c4d28a354623b3090300788588e958f63fba662fa884ae255f
&&/argument-1-5-^	parse-invalid	7a81c145e618443e7ca7265d65cb88827f5ecaa728d1b113384538120d4fc8bc	377ed9c20a1385c4d28a354623b3090300788588e958f63fba662fa884ae255f
&&/argument-1-6-plain	status 1	aed44f668342c0221a9cdf2e869a2273341eae0fab89c778d5c025b0d4958a9c	47b505f522c4a4ac4af41eab5dddb817ffbe0194e7a5349f5f7c144435892ac8
&&/argument-1-6-@	parse-invalid	9d435797d0e1f0fd62edb53daed062733b2b0a0f338bf22708184aec94987954	377ed9c20a1385c4d28a354623b3090300788588e958f63fba662fa884ae255f
&&/argument-1-6-^	parse-invalid	b48b91438d3af6d75efe240fa8b4a5ee7585bedf7f38a7bc33d2ff7ca0d2f727	377ed9c20a1385c4d28a354623b3090300788588e958f63fba662fa884ae255f
&&/argument-1-7-plain	status 1	2d8b5e89700ce3ab8a1056c32ba8ba2f9bf9083b6f62981f46a0a6fabfa23f69	63ea12ee3e4b1cc2f7dc08d431216d75d4a8e450dc7d712a38d1ffb7b3129696
&&/argument-1-7-@	parse-invalid	0b81e20c4a8d3a8e59cb7cc1025fe7ca811a09dcd5092a873fa58d7f952cf02f	377ed9c20a1385c4d28a354623b3090300788588e958f63fba662fa884ae255f
&&/argument-1-7-^	parse-invalid	d612244dedef9de4a91a16d83441e67a2a9bb995bba995146ece9831e42eae59	377ed9c20a1385c4d28a354623b3090300788588e958f63fba662fa884ae255f
&&/argument-1-8-plain	status 1	04fd9ff6cb7301ea161b5492f8e0cbd987fa150d1c896a87bc34207495e20d71	38f269c39412784871fbd1f199abd990a7418a629613a4fafc40f80bb657bdae
&&/argument-1-8-@	parse-invalid	8eeff3a6c01eb2fe98af201b39138c8ab1e41d5c40e24403641b407f411e47b9	377ed9c20a1385c4d28a354623b3090300788588e958f63fba662fa884ae255f
&&/argument-1-8-^	parse-invalid	5bea73d9ea16acedb0d323cde3b0e564bf3538ad1ad7ce4038f5e1ee0148ac40	377ed9c20a1385c4d28a354623b3090300788588e958f63fba662fa884ae255f
&&/argument-1-9-plain	status 1	3c9cb947121bc01f7686d2867e1f74d9de2f048eebb7e03c26057fc754591544	c2815c6dbfc8dab94161100790b0ef8e2f27b0f5b2f618e21cfefb37d0842bd8
&&/argument-1-9-@	parse-invalid	7bbc53564c2fa60c6f389dcd9b32bd0fbd7130ceef5ffab437a114ea0d594ea8	377ed9c20a1385c4d28a354623b3090300788588e958f63fba662fa884ae255f
&&/argument-1-9-^	parse-invalid	8f5bea3d1ca10a95f4ab14a7b629716c29b40a5ac21d17ea946040ba964a55d3	377ed9c20a1385c4d28a354623b3090300788588e958f63fba662fa884ae255f
!/base	status 0	54dd76e08f424ee403f159e52ca5f46a6782db8e543834102730a904d28bb98b	c9c8a00df0fdc29036c14a3131f6962d586581a3527522bd37621012de7e3a1d
!/argument-0-0-plain	status 1	bb54799fddbbcf1392115f1cf40163f73676ec97eed935b8de0ec56e234f69c3	e0d08caf4fa28be4fad6d4c968e90ce7ae687e44e69f23a60ba92c0bff81eda5
!/argument-0-0-@	parse-invalid	b65fcddd4d9a95cd8694bd2e0c0140f8770efdc9e679a863a6e7c546611c406d	377ed9c20a1385c4d28a354623b3090300788588e958f63fba662fa884ae255f
!/argument-0-0-^	parse-invalid	bae27c19c5c02e773f2d090c7fc019e30da9c6c900e93a9d24c53329b0f477d2	377ed9c20a1385c4d28a354623b3090300788588e958f63fba662fa884ae255f
!/argument-0-1-plain	status 0	54dd76e08f424ee403f159e52ca5f46a6782db8e543834102730a904d28bb98b	c9c8a00df0fdc29036c14a3131f6962d586581a3527522bd37621012de7e3a1d
!/argument-0-1-@	parse-invalid	67c3cd3f5184e3fe9e7f15066bb7c4fd56d27521a99886857311a22ee8b0f2dc	377ed9c20a1385c4d28a354623b3090300788588e958f63fba662fa884ae255f
!/argument-0-1-^	parse-invalid	20a16f816141f4562f377c437ea6fcd370605a555f51f9ea94ec714397eae95a	377ed9c20a1385c4d28a354623b3090300788588e958f63fba662fa884ae255f
!/argument-0-2-plain	status 1	3b416806bb0f9680234ecfe70d81a5bac8b74dee0e706ada5d3547027e705a2b	cd9e80e833698e0c09d4dd6a5c2f743d99a90c7e81141cbbd4720e58fefc6805
!/argument-0-2-@	parse-invalid	04540eca177b3df671a4bbc85c0977abeed3a7396bafdc934519ce4fa8dab4be	377ed9c20a1385c4d28a354623b3090300788588e958f63fba662fa884ae255f
!/argument-0-2-^	parse-invalid	8802c1601c8a3a7c3392e880390eeb4414619a5c24d3e0e2fac49d124a697db6	377ed9c20a1385c4d28a354623b3090300788588e958f63fba662fa884ae255f
!/argument-0-3-plain	status 1	e510a5feb532fdb76edc9ef6fbaa45556f857c34cf19aa1b766e36df5779ab5d	168604a6a7bb178a389129a31a7f12d484f67c542c4c71809cd9a6834f8fb70b
!/argument-0-3-@	parse-invalid	0fa80dd04da00fb1d82530abd5180a500a8c5f197c588f14ddffba291466de68	377ed9c20a1385c4d28a354623b3090300788588e958f63fba662fa884ae255f
!/argument-0-3-^	parse-invalid	4aae112677e35046ff2e223d7199194895e365f34eaa0ae4ef0dfc39e1d2f462	377ed9c20a1385c4d28a354623b3090300788588e958f63fba662fa884ae255f
!/argument-0-4-plain	status 1	1ce76a9dd52ad3c43c189fe543b9c3d151801f2b4d9fd98de125707c59cccbcb	d63b79b82b6b5146ba802671c19c74436585b77e72dd9116ef56393551ae15c7
!/argument-0-4-@	parse-invalid	6afa893f419c1db535a5bebba417d32d8c80f13e88d9f4152527a116c71dea96	377ed9c20a1385c4d28a354623b3090300788588e958f63fba662fa884ae255f
!/argument-0-4-^	parse-invalid	19881f8cf477f3b2954f95116acfa707d5716085666b8eafc5166f1bc9fd2028	377ed9c20a1385c4d28a354623b3090300788588e958f63fba662fa884ae255f
!/argument-0-5-plain	status 1	5c040d24ba6da71c5e08adb419b30e6314ebafbff5eb18b325bc11c624799a73	ef146858b953f2494f650e491cefa5df67b6d199e0dfd3017d0b46f8e0beb1d6
!/argument-0-5-@	parse-invalid	33cb1a164d1f009aee68f31cd813835cf0935ba22c7b1c543caa0cf9dc0420ef	377ed9c20a1385c4d28a354623b3090300788588e958f63fba662fa884ae255f
!/argument-0-5-^	parse-invalid	e524e9cee6b2fd32ebc6ff97a76a3fda11acacf19595cc6169e10921fcd7b6bf	377ed9c20a1385c4d28a354623b3090300788588e958f63fba662fa884ae255f
!/argument-0-6-plain	status 1	a1e9b64534e3703557a51eb24f2ed5fc2ab0e543045570aad5dd7aff571d1c4d	5e2744320c0f06ea208a436b9b92593a630dad0978fe75da2be52d23cc0256f1
!/argument-0-6-@	parse-invalid	be038228ac76be1a72274ebd501f89748a60b0fc65b6989bfc83260a9941e925	377ed9c20a1385c4d28a354623b3090300788588e958f63fba662fa884ae255f
!/argument-0-6-^	parse-invalid	3d1bf1a95b40e11293022a32a1292f4d2a6e085d42bf877c5cc823766611ca1f	377ed9c20a1385c4d28a354623b3090300788588e958f63fba662fa884ae255f
!/argument-0-7-plain	status 1	efdf62d46abd57f557913d809f4548bf90138396d0fb9041088790b341ccecfa	507d17293cebf1107a564554f7dec380b472e2a362e68794b65a5f759ef0cbaa
!/argument-0-7-@	parse-invalid	e3b8c706252a621c5d22cfbc2791eca6a6ae2675a7a54af36a3028474e298ef1	377ed9c20a1385c4d28a354623b3090300788588e958f63fba662fa884ae255f
!/argument-0-7-^	parse-invalid	8906e5dd8ff861c1e1db430ad62259fd652d4266b8dd5fc266093770888cf3b9	377ed9c20a1385c4d28a354623b3090300788588e958f63fba662fa884ae255f
!/argument-0-8-plain	status 1	a89a254376e7c0a0f5f5c3c3c00e9d20f7828fa8763c31a7f584fd3995e3ce79	a475bfa93f152372829d8c05fe107ebf54347753e6ea796c84fa499ebb0f837f
!/argument-0-8-@	parse-invalid	474836924fd6a3a0162a00eba65e0ed3f231bc6de7c02610ed3411b4519fd7a1	377ed9c20a1385c4d28a354623b3090300788588e958f63fba662fa884ae255f
!/argument-0-8-^	parse-invalid	ca63af4dbbee7ccba3c0eba7b4ea1d862aa893ee0a0a6e02db16cfd355274db9	377ed9c20a1385c4d28a354623b3090300788588e958f63fba662fa884ae255f
!/argument-0-9-plain	status 1	030398e335b0c65f94d9fe7b4db8929c008aa56f9876970359e8ce4b66b3e111	c896df79942d0ce9b38a82133afb62b3bc3c89360198f1a229df8e15f1a605c6
!/argument-0-9-@	parse-invalid	829bd3f0bc4396012f73eaca0130644573049c0f16139b5130aed71cfed5d100	377ed9c20a1385c4d28a354623b3090300788588e958f63fba662fa884ae255f
!/argument-0-9-^	parse-invalid	2e7946e2a96cfef12dc9bd729385208a9c053679a72caff275fd73e92eaf46ad	377ed9c20a1385c4d28a354623b3090300788588e958f63fba662fa884ae255f
