# schema=1; counter_cap=1000000000; host=macos-aarch64; instrumentation=RFC-0121; serial; setup_cc_calls=1; flags=-std=c11,-O2,-DNDEBUG,-Wall,-Wextra,-Werror,-USLIM_PARALLEL,-USLIM_POSIX_WORKERS
# toolchain=Apple clang version 21.0.0 (clang-2100.1.1.101); probe_fnv1a64=b4aef619d1f2e1a3; harness_fnv1a64=702ddc3b8eaafad8
# runtime_header_fnv1a64=7f544d117b4ae9d3; setup_native_reproduction_calls=1; file-read counters exclude the observer report I/O
# seed_bytes=3020129; seed_fnv1a64=fe98a0d0af92e656; observed_source_fnv1a64=6fe134bffda2440f; observed_runtime_fnv1a64=2cd16a8e87a74f79; compiler_fnv1a64=6867ad6f2de3e42b; observed_binary_fnv1a64=b54a7e2ea7409d62; cc="cc"
# metric=name_insert_steps; source=syntax.insert_name_chars; point=loop-header-including-terminal; amount=1
# metric=name_lookup_steps; source=syntax.lookup_name_chars; point=loop-header-including-terminal; amount=1
# metric=name_edge_steps; source=syntax.find_name_edge; point=loop-header-including-terminal; amount=1
# metric=cache_checksum_steps; source=cache.weighted_checksum; point=loop-header-including-terminal; amount=1
# metric=program_parse_calls; source=syntax.parse_program_result; point=native-entry; amount=1
# metric=program_parse_input_bytes; source=syntax.parse_program_result; point=native-entry; amount=(uint64_t)slim_v_source.len
# metric=source_lexer_steps; source=syntax.lex_modern_from; point=loop-header-including-terminal; amount=1
# metric=data_lex_calls; source=syntax.lex_data; point=native-entry; amount=1
# metric=data_lex_input_bytes; source=syntax.lex_data; point=native-entry; amount=(uint64_t)slim_v_input.len
# metric=declaration_index_calls; source=syntax.index_declarations; point=native-entry; amount=1
# metric=declaration_index_steps; source=syntax.index_declarations_from; point=loop-header-including-terminal; amount=1
# metric=checker_calls; source=check.check_source_mode; point=native-entry; amount=1
# metric=typing_calls; source=typing.analyze; point=native-entry; amount=1
# metric=typing_declaration_steps; source=typing.check_functions; point=loop-header-including-terminal; amount=1
# metric=expression_check_calls; source=typing.infer_expr; point=native-entry; amount=1
# metric=ownership_find_calls; source=ownership.root; point=native-entry; amount=1
# metric=ownership_frame_close_calls; source=ownership.close_frame; point=native-entry; amount=1
# metric=memory_plan_calls; source=memory.analyze; point=native-entry; amount=1
# metric=range_analysis_calls; source=ranges.analyze; point=native-entry; amount=1
# metric=c_generation_calls; source=codegen.emit_program; point=native-entry; amount=1
# metric=c_function_emit_calls; source=codegen.emit_function; point=native-entry; amount=1
# metric=c_expression_emit_calls; source=codegen.emit_expr_full; point=native-entry; amount=1
# metric=project_load_steps; source=project.load_project_modules; point=loop-header-including-terminal; amount=1
# metric=cache_requests; source=cache.run; point=native-entry; amount=1
# metric=cache_key_builds; source=cache.project_key; point=native-entry; amount=1
# metric=cache_probes; source=cache.probe; point=native-entry; amount=1
# metric=cache_hit_handlers; source=cache.emit_hit; point=native-entry; amount=1
# metric=cache_miss_handlers; source=cache.emit_miss; point=native-entry; amount=1
# metric=snapshot_build_calls; source=query.build_snapshots; point=native-entry; amount=1
# metric=invalidation_estimate_calls; source=query.measure_update; point=native-entry; amount=1
case	metric	guarantee	count	cap
# operation=check-1000; input_fnv1a64=8fefe3bc06a3cd2e; output_fnv1a64=cbf29ce484222325; output_bytes=0; exit=Some(0); observed_repetitions=2; counts_per_process; external_cc_calls=0
check-1000	name_insert_steps	exact	12895	1000000000
check-1000	name_lookup_steps	exact	31906	1000000000
check-1000	name_edge_steps	exact	85834	1000000000
check-1000	cache_checksum_steps	exact	0	1000000000
check-1000	program_parse_calls	exact	1	1000000000
check-1000	program_parse_input_bytes	exact	56947	1000000000
check-1000	source_lexer_steps	exact	23031	1000000000
check-1000	data_lex_calls	exact	0	1000000000
check-1000	data_lex_input_bytes	exact	0	1000000000
check-1000	declaration_index_calls	exact	1	1000000000
check-1000	declaration_index_steps	exact	1002	1000000000
check-1000	checker_calls	exact	1	1000000000
check-1000	typing_calls	exact	1	1000000000
check-1000	typing_declaration_steps	exact	1002	1000000000
check-1000	expression_check_calls	exact	2003	1000000000
check-1000	ownership_find_calls	exact	0	1000000000
check-1000	ownership_frame_close_calls	exact	0	1000000000
check-1000	memory_plan_calls	exact	1	1000000000
check-1000	range_analysis_calls	exact	0	1000000000
check-1000	c_generation_calls	exact	0	1000000000
check-1000	c_function_emit_calls	exact	0	1000000000
check-1000	c_expression_emit_calls	exact	0	1000000000
check-1000	project_load_steps	exact	0	1000000000
check-1000	cache_requests	exact	0	1000000000
check-1000	cache_key_builds	exact	0	1000000000
check-1000	cache_probes	exact	0	1000000000
check-1000	cache_hit_handlers	exact	0	1000000000
check-1000	cache_miss_handlers	exact	0	1000000000
check-1000	snapshot_build_calls	exact	0	1000000000
check-1000	invalidation_estimate_calls	exact	0	1000000000
check-1000	file_read_calls	exact	2	1000000000
check-1000	file_read_bytes	exact	113894	1000000000
# operation=emit-1000; input_fnv1a64=74e858d18e83307c; output_fnv1a64=0c949f2734248990; output_bytes=459313; exit=Some(0); observed_repetitions=2; counts_per_process; external_cc_calls=0
emit-1000	name_insert_steps	exact	12895	1000000000
emit-1000	name_lookup_steps	exact	31906	1000000000
emit-1000	name_edge_steps	exact	85834	1000000000
emit-1000	cache_checksum_steps	exact	0	1000000000
emit-1000	program_parse_calls	exact	1	1000000000
emit-1000	program_parse_input_bytes	exact	56947	1000000000
emit-1000	source_lexer_steps	exact	23031	1000000000
emit-1000	data_lex_calls	exact	0	1000000000
emit-1000	data_lex_input_bytes	exact	0	1000000000
emit-1000	declaration_index_calls	exact	1	1000000000
emit-1000	declaration_index_steps	exact	1002	1000000000
emit-1000	checker_calls	exact	1	1000000000
emit-1000	typing_calls	exact	1	1000000000
emit-1000	typing_declaration_steps	exact	1002	1000000000
emit-1000	expression_check_calls	exact	2003	1000000000
emit-1000	ownership_find_calls	exact	0	1000000000
emit-1000	ownership_frame_close_calls	exact	0	1000000000
emit-1000	memory_plan_calls	exact	1	1000000000
emit-1000	range_analysis_calls	exact	1	1000000000
emit-1000	c_generation_calls	exact	1	1000000000
emit-1000	c_function_emit_calls	exact	1001	1000000000
emit-1000	c_expression_emit_calls	exact	1001	1000000000
emit-1000	project_load_steps	exact	0	1000000000
emit-1000	cache_requests	exact	0	1000000000
emit-1000	cache_key_builds	exact	0	1000000000
emit-1000	cache_probes	exact	0	1000000000
emit-1000	cache_hit_handlers	exact	0	1000000000
emit-1000	cache_miss_handlers	exact	0	1000000000
emit-1000	snapshot_build_calls	exact	0	1000000000
emit-1000	invalidation_estimate_calls	exact	0	1000000000
emit-1000	file_read_calls	exact	3	1000000000
emit-1000	file_read_bytes	exact	170841	1000000000
# operation=check-2000; input_fnv1a64=3eeadd6ba89d4f89; output_fnv1a64=cbf29ce484222325; output_bytes=0; exit=Some(0); observed_repetitions=2; counts_per_process; external_cc_calls=0
check-2000	name_insert_steps	exact	26895	1000000000
check-2000	name_lookup_steps	exact	64906	1000000000
check-2000	name_edge_steps	exact	191834	1000000000
check-2000	cache_checksum_steps	exact	0	1000000000
check-2000	program_parse_calls	exact	1	1000000000
check-2000	program_parse_input_bytes	exact	114947	1000000000
check-2000	source_lexer_steps	exact	46031	1000000000
check-2000	data_lex_calls	exact	0	1000000000
check-2000	data_lex_input_bytes	exact	0	1000000000
check-2000	declaration_index_calls	exact	1	1000000000
check-2000	declaration_index_steps	exact	2002	1000000000
check-2000	checker_calls	exact	1	1000000000
check-2000	typing_calls	exact	1	1000000000
check-2000	typing_declaration_steps	exact	2002	1000000000
check-2000	expression_check_calls	exact	4003	1000000000
check-2000	ownership_find_calls	exact	0	1000000000
check-2000	ownership_frame_close_calls	exact	0	1000000000
check-2000	memory_plan_calls	exact	1	1000000000
check-2000	range_analysis_calls	exact	0	1000000000
check-2000	c_generation_calls	exact	0	1000000000
check-2000	c_function_emit_calls	exact	0	1000000000
check-2000	c_expression_emit_calls	exact	0	1000000000
check-2000	project_load_steps	exact	0	1000000000
check-2000	cache_requests	exact	0	1000000000
check-2000	cache_key_builds	exact	0	1000000000
check-2000	cache_probes	exact	0	1000000000
check-2000	cache_hit_handlers	exact	0	1000000000
check-2000	cache_miss_handlers	exact	0	1000000000
check-2000	snapshot_build_calls	exact	0	1000000000
check-2000	invalidation_estimate_calls	exact	0	1000000000
check-2000	file_read_calls	exact	2	1000000000
check-2000	file_read_bytes	exact	229894	1000000000
# operation=emit-2000; input_fnv1a64=d500c9894ed2446b; output_fnv1a64=94ef0a25301a03c8; output_bytes=919313; exit=Some(0); observed_repetitions=2; counts_per_process; external_cc_calls=0
emit-2000	name_insert_steps	exact	26895	1000000000
emit-2000	name_lookup_steps	exact	64906	1000000000
emit-2000	name_edge_steps	exact	191834	1000000000
emit-2000	cache_checksum_steps	exact	0	1000000000
emit-2000	program_parse_calls	exact	1	1000000000
emit-2000	program_parse_input_bytes	exact	114947	1000000000
emit-2000	source_lexer_steps	exact	46031	1000000000
emit-2000	data_lex_calls	exact	0	1000000000
emit-2000	data_lex_input_bytes	exact	0	1000000000
emit-2000	declaration_index_calls	exact	1	1000000000
emit-2000	declaration_index_steps	exact	2002	1000000000
emit-2000	checker_calls	exact	1	1000000000
emit-2000	typing_calls	exact	1	1000000000
emit-2000	typing_declaration_steps	exact	2002	1000000000
emit-2000	expression_check_calls	exact	4003	1000000000
emit-2000	ownership_find_calls	exact	0	1000000000
emit-2000	ownership_frame_close_calls	exact	0	1000000000
emit-2000	memory_plan_calls	exact	1	1000000000
emit-2000	range_analysis_calls	exact	1	1000000000
emit-2000	c_generation_calls	exact	1	1000000000
emit-2000	c_function_emit_calls	exact	2001	1000000000
emit-2000	c_expression_emit_calls	exact	2001	1000000000
emit-2000	project_load_steps	exact	0	1000000000
emit-2000	cache_requests	exact	0	1000000000
emit-2000	cache_key_builds	exact	0	1000000000
emit-2000	cache_probes	exact	0	1000000000
emit-2000	cache_hit_handlers	exact	0	1000000000
emit-2000	cache_miss_handlers	exact	0	1000000000
emit-2000	snapshot_build_calls	exact	0	1000000000
emit-2000	invalidation_estimate_calls	exact	0	1000000000
emit-2000	file_read_calls	exact	3	1000000000
emit-2000	file_read_bytes	exact	344841	1000000000
# operation=check-4000; input_fnv1a64=793dce8c0e3f7507; output_fnv1a64=cbf29ce484222325; output_bytes=0; exit=Some(0); observed_repetitions=2; counts_per_process; external_cc_calls=0
check-4000	name_insert_steps	exact	54895	1000000000
check-4000	name_lookup_steps	exact	130906	1000000000
check-4000	name_edge_steps	exact	397834	1000000000
check-4000	cache_checksum_steps	exact	0	1000000000
check-4000	program_parse_calls	exact	1	1000000000
check-4000	program_parse_input_bytes	exact	230947	1000000000
check-4000	source_lexer_steps	exact	92031	1000000000
check-4000	data_lex_calls	exact	0	1000000000
check-4000	data_lex_input_bytes	exact	0	1000000000
check-4000	declaration_index_calls	exact	1	1000000000
check-4000	declaration_index_steps	exact	4002	1000000000
check-4000	checker_calls	exact	1	1000000000
check-4000	typing_calls	exact	1	1000000000
check-4000	typing_declaration_steps	exact	4002	1000000000
check-4000	expression_check_calls	exact	8003	1000000000
check-4000	ownership_find_calls	exact	0	1000000000
check-4000	ownership_frame_close_calls	exact	0	1000000000
check-4000	memory_plan_calls	exact	1	1000000000
check-4000	range_analysis_calls	exact	0	1000000000
check-4000	c_generation_calls	exact	0	1000000000
check-4000	c_function_emit_calls	exact	0	1000000000
check-4000	c_expression_emit_calls	exact	0	1000000000
check-4000	project_load_steps	exact	0	1000000000
check-4000	cache_requests	exact	0	1000000000
check-4000	cache_key_builds	exact	0	1000000000
check-4000	cache_probes	exact	0	1000000000
check-4000	cache_hit_handlers	exact	0	1000000000
check-4000	cache_miss_handlers	exact	0	1000000000
check-4000	snapshot_build_calls	exact	0	1000000000
check-4000	invalidation_estimate_calls	exact	0	1000000000
check-4000	file_read_calls	exact	2	1000000000
check-4000	file_read_bytes	exact	461894	1000000000
# operation=emit-4000; input_fnv1a64=b4060d5b5053c2f5; output_fnv1a64=154ab35ffb809ca8; output_bytes=1839313; exit=Some(0); observed_repetitions=2; counts_per_process; external_cc_calls=0
emit-4000	name_insert_steps	exact	54895	1000000000
emit-4000	name_lookup_steps	exact	130906	1000000000
emit-4000	name_edge_steps	exact	397834	1000000000
emit-4000	cache_checksum_steps	exact	0	1000000000
emit-4000	program_parse_calls	exact	1	1000000000
emit-4000	program_parse_input_bytes	exact	230947	1000000000
emit-4000	source_lexer_steps	exact	92031	1000000000
emit-4000	data_lex_calls	exact	0	1000000000
emit-4000	data_lex_input_bytes	exact	0	1000000000
emit-4000	declaration_index_calls	exact	1	1000000000
emit-4000	declaration_index_steps	exact	4002	1000000000
emit-4000	checker_calls	exact	1	1000000000
emit-4000	typing_calls	exact	1	1000000000
emit-4000	typing_declaration_steps	exact	4002	1000000000
emit-4000	expression_check_calls	exact	8003	1000000000
emit-4000	ownership_find_calls	exact	0	1000000000
emit-4000	ownership_frame_close_calls	exact	0	1000000000
emit-4000	memory_plan_calls	exact	1	1000000000
emit-4000	range_analysis_calls	exact	1	1000000000
emit-4000	c_generation_calls	exact	1	1000000000
emit-4000	c_function_emit_calls	exact	4001	1000000000
emit-4000	c_expression_emit_calls	exact	4001	1000000000
emit-4000	project_load_steps	exact	0	1000000000
emit-4000	cache_requests	exact	0	1000000000
emit-4000	cache_key_builds	exact	0	1000000000
emit-4000	cache_probes	exact	0	1000000000
emit-4000	cache_hit_handlers	exact	0	1000000000
emit-4000	cache_miss_handlers	exact	0	1000000000
emit-4000	snapshot_build_calls	exact	0	1000000000
emit-4000	invalidation_estimate_calls	exact	0	1000000000
emit-4000	file_read_calls	exact	3	1000000000
emit-4000	file_read_bytes	exact	692841	1000000000
# operation=check-8000; input_fnv1a64=9530e683c539f063; output_fnv1a64=cbf29ce484222325; output_bytes=0; exit=Some(0); observed_repetitions=2; counts_per_process; external_cc_calls=0
check-8000	name_insert_steps	exact	110895	1000000000
check-8000	name_lookup_steps	exact	262906	1000000000
check-8000	name_edge_steps	exact	785834	1000000000
check-8000	cache_checksum_steps	exact	0	1000000000
check-8000	program_parse_calls	exact	1	1000000000
check-8000	program_parse_input_bytes	exact	462947	1000000000
check-8000	source_lexer_steps	exact	184031	1000000000
check-8000	data_lex_calls	exact	0	1000000000
check-8000	data_lex_input_bytes	exact	0	1000000000
check-8000	declaration_index_calls	exact	1	1000000000
check-8000	declaration_index_steps	exact	8002	1000000000
check-8000	checker_calls	exact	1	1000000000
check-8000	typing_calls	exact	1	1000000000
check-8000	typing_declaration_steps	exact	8002	1000000000
check-8000	expression_check_calls	exact	16003	1000000000
check-8000	ownership_find_calls	exact	0	1000000000
check-8000	ownership_frame_close_calls	exact	0	1000000000
check-8000	memory_plan_calls	exact	1	1000000000
check-8000	range_analysis_calls	exact	0	1000000000
check-8000	c_generation_calls	exact	0	1000000000
check-8000	c_function_emit_calls	exact	0	1000000000
check-8000	c_expression_emit_calls	exact	0	1000000000
check-8000	project_load_steps	exact	0	1000000000
check-8000	cache_requests	exact	0	1000000000
check-8000	cache_key_builds	exact	0	1000000000
check-8000	cache_probes	exact	0	1000000000
check-8000	cache_hit_handlers	exact	0	1000000000
check-8000	cache_miss_handlers	exact	0	1000000000
check-8000	snapshot_build_calls	exact	0	1000000000
check-8000	invalidation_estimate_calls	exact	0	1000000000
check-8000	file_read_calls	exact	2	1000000000
check-8000	file_read_bytes	exact	925894	1000000000
# operation=emit-8000; input_fnv1a64=458c9b028b8824f1; output_fnv1a64=31dddecdff5ecd68; output_bytes=3679313; exit=Some(0); observed_repetitions=2; counts_per_process; external_cc_calls=0
emit-8000	name_insert_steps	exact	110895	1000000000
emit-8000	name_lookup_steps	exact	262906	1000000000
emit-8000	name_edge_steps	exact	785834	1000000000
emit-8000	cache_checksum_steps	exact	0	1000000000
emit-8000	program_parse_calls	exact	1	1000000000
emit-8000	program_parse_input_bytes	exact	462947	1000000000
emit-8000	source_lexer_steps	exact	184031	1000000000
emit-8000	data_lex_calls	exact	0	1000000000
emit-8000	data_lex_input_bytes	exact	0	1000000000
emit-8000	declaration_index_calls	exact	1	1000000000
emit-8000	declaration_index_steps	exact	8002	1000000000
emit-8000	checker_calls	exact	1	1000000000
emit-8000	typing_calls	exact	1	1000000000
emit-8000	typing_declaration_steps	exact	8002	1000000000
emit-8000	expression_check_calls	exact	16003	1000000000
emit-8000	ownership_find_calls	exact	0	1000000000
emit-8000	ownership_frame_close_calls	exact	0	1000000000
emit-8000	memory_plan_calls	exact	1	1000000000
emit-8000	range_analysis_calls	exact	1	1000000000
emit-8000	c_generation_calls	exact	1	1000000000
emit-8000	c_function_emit_calls	exact	8001	1000000000
emit-8000	c_expression_emit_calls	exact	8001	1000000000
emit-8000	project_load_steps	exact	0	1000000000
emit-8000	cache_requests	exact	0	1000000000
emit-8000	cache_key_builds	exact	0	1000000000
emit-8000	cache_probes	exact	0	1000000000
emit-8000	cache_hit_handlers	exact	0	1000000000
emit-8000	cache_miss_handlers	exact	0	1000000000
emit-8000	snapshot_build_calls	exact	0	1000000000
emit-8000	invalidation_estimate_calls	exact	0	1000000000
emit-8000	file_read_calls	exact	3	1000000000
emit-8000	file_read_bytes	exact	1388841	1000000000
# operation=reset-125; input_fnv1a64=9ead86cdcc07fe83; output_fnv1a64=cbf29ce484222325; output_bytes=0; exit=Some(0); observed_repetitions=2; counts_per_process; external_cc_calls=0
reset-125	name_insert_steps	exact	22	1000000000
reset-125	name_lookup_steps	exact	5053	1000000000
reset-125	name_edge_steps	exact	7886	1000000000
reset-125	cache_checksum_steps	exact	0	1000000000
reset-125	program_parse_calls	exact	1	1000000000
reset-125	program_parse_input_bytes	exact	16397	1000000000
reset-125	source_lexer_steps	exact	7351	1000000000
reset-125	data_lex_calls	exact	0	1000000000
reset-125	data_lex_input_bytes	exact	0	1000000000
reset-125	declaration_index_calls	exact	1	1000000000
reset-125	declaration_index_steps	exact	4	1000000000
reset-125	checker_calls	exact	1	1000000000
reset-125	typing_calls	exact	1	1000000000
reset-125	typing_declaration_steps	exact	4	1000000000
reset-125	expression_check_calls	exact	1508	1000000000
reset-125	ownership_find_calls	exact	631	1000000000
reset-125	ownership_frame_close_calls	exact	375	1000000000
reset-125	memory_plan_calls	exact	1	1000000000
reset-125	range_analysis_calls	exact	0	1000000000
reset-125	c_generation_calls	exact	0	1000000000
reset-125	c_function_emit_calls	exact	0	1000000000
reset-125	c_expression_emit_calls	exact	0	1000000000
reset-125	project_load_steps	exact	0	1000000000
reset-125	cache_requests	exact	0	1000000000
reset-125	cache_key_builds	exact	0	1000000000
reset-125	cache_probes	exact	0	1000000000
reset-125	cache_hit_handlers	exact	0	1000000000
reset-125	cache_miss_handlers	exact	0	1000000000
reset-125	snapshot_build_calls	exact	0	1000000000
reset-125	invalidation_estimate_calls	exact	0	1000000000
reset-125	file_read_calls	exact	2	1000000000
reset-125	file_read_bytes	exact	32794	1000000000
# operation=reset-250; input_fnv1a64=aab118740d1ab046; output_fnv1a64=cbf29ce484222325; output_bytes=0; exit=Some(0); observed_repetitions=2; counts_per_process; external_cc_calls=0
reset-250	name_insert_steps	exact	22	1000000000
reset-250	name_lookup_steps	exact	10053	1000000000
reset-250	name_edge_steps	exact	15636	1000000000
reset-250	cache_checksum_steps	exact	0	1000000000
reset-250	program_parse_calls	exact	1	1000000000
reset-250	program_parse_input_bytes	exact	33147	1000000000
reset-250	source_lexer_steps	exact	14601	1000000000
reset-250	data_lex_calls	exact	0	1000000000
reset-250	data_lex_input_bytes	exact	0	1000000000
reset-250	declaration_index_calls	exact	1	1000000000
reset-250	declaration_index_steps	exact	4	1000000000
reset-250	checker_calls	exact	1	1000000000
reset-250	typing_calls	exact	1	1000000000
reset-250	typing_declaration_steps	exact	4	1000000000
reset-250	expression_check_calls	exact	3008	1000000000
reset-250	ownership_find_calls	exact	1256	1000000000
reset-250	ownership_frame_close_calls	exact	750	1000000000
reset-250	memory_plan_calls	exact	1	1000000000
reset-250	range_analysis_calls	exact	0	1000000000
reset-250	c_generation_calls	exact	0	1000000000
reset-250	c_function_emit_calls	exact	0	1000000000
reset-250	c_expression_emit_calls	exact	0	1000000000
reset-250	project_load_steps	exact	0	1000000000
reset-250	cache_requests	exact	0	1000000000
reset-250	cache_key_builds	exact	0	1000000000
reset-250	cache_probes	exact	0	1000000000
reset-250	cache_hit_handlers	exact	0	1000000000
reset-250	cache_miss_handlers	exact	0	1000000000
reset-250	snapshot_build_calls	exact	0	1000000000
reset-250	invalidation_estimate_calls	exact	0	1000000000
reset-250	file_read_calls	exact	2	1000000000
reset-250	file_read_bytes	exact	66294	1000000000
# operation=reset-500; input_fnv1a64=311a9964e774fa69; output_fnv1a64=cbf29ce484222325; output_bytes=0; exit=Some(0); observed_repetitions=2; counts_per_process; external_cc_calls=0
reset-500	name_insert_steps	exact	22	1000000000
reset-500	name_lookup_steps	exact	20053	1000000000
reset-500	name_edge_steps	exact	31136	1000000000
reset-500	cache_checksum_steps	exact	0	1000000000
reset-500	program_parse_calls	exact	1	1000000000
reset-500	program_parse_input_bytes	exact	66647	1000000000
reset-500	source_lexer_steps	exact	29101	1000000000
reset-500	data_lex_calls	exact	0	1000000000
reset-500	data_lex_input_bytes	exact	0	1000000000
reset-500	declaration_index_calls	exact	1	1000000000
reset-500	declaration_index_steps	exact	4	1000000000
reset-500	checker_calls	exact	1	1000000000
reset-500	typing_calls	exact	1	1000000000
reset-500	typing_declaration_steps	exact	4	1000000000
reset-500	expression_check_calls	exact	6008	1000000000
reset-500	ownership_find_calls	exact	2506	1000000000
reset-500	ownership_frame_close_calls	exact	1500	1000000000
reset-500	memory_plan_calls	exact	1	1000000000
reset-500	range_analysis_calls	exact	0	1000000000
reset-500	c_generation_calls	exact	0	1000000000
reset-500	c_function_emit_calls	exact	0	1000000000
reset-500	c_expression_emit_calls	exact	0	1000000000
reset-500	project_load_steps	exact	0	1000000000
reset-500	cache_requests	exact	0	1000000000
reset-500	cache_key_builds	exact	0	1000000000
reset-500	cache_probes	exact	0	1000000000
reset-500	cache_hit_handlers	exact	0	1000000000
reset-500	cache_miss_handlers	exact	0	1000000000
reset-500	snapshot_build_calls	exact	0	1000000000
reset-500	invalidation_estimate_calls	exact	0	1000000000
reset-500	file_read_calls	exact	2	1000000000
reset-500	file_read_bytes	exact	133294	1000000000
# operation=reset-1000; input_fnv1a64=f4bf707344a14d5b; output_fnv1a64=cbf29ce484222325; output_bytes=0; exit=Some(0); observed_repetitions=2; counts_per_process; external_cc_calls=0
reset-1000	name_insert_steps	exact	22	1000000000
reset-1000	name_lookup_steps	exact	40053	1000000000
reset-1000	name_edge_steps	exact	62136	1000000000
reset-1000	cache_checksum_steps	exact	0	1000000000
reset-1000	program_parse_calls	exact	1	1000000000
reset-1000	program_parse_input_bytes	exact	133647	1000000000
reset-1000	source_lexer_steps	exact	58101	1000000000
reset-1000	data_lex_calls	exact	0	1000000000
reset-1000	data_lex_input_bytes	exact	0	1000000000
reset-1000	declaration_index_calls	exact	1	1000000000
reset-1000	declaration_index_steps	exact	4	1000000000
reset-1000	checker_calls	exact	1	1000000000
reset-1000	typing_calls	exact	1	1000000000
reset-1000	typing_declaration_steps	exact	4	1000000000
reset-1000	expression_check_calls	exact	12008	1000000000
reset-1000	ownership_find_calls	exact	5006	1000000000
reset-1000	ownership_frame_close_calls	exact	3000	1000000000
reset-1000	memory_plan_calls	exact	1	1000000000
reset-1000	range_analysis_calls	exact	0	1000000000
reset-1000	c_generation_calls	exact	0	1000000000
reset-1000	c_function_emit_calls	exact	0	1000000000
reset-1000	c_expression_emit_calls	exact	0	1000000000
reset-1000	project_load_steps	exact	0	1000000000
reset-1000	cache_requests	exact	0	1000000000
reset-1000	cache_key_builds	exact	0	1000000000
reset-1000	cache_probes	exact	0	1000000000
reset-1000	cache_hit_handlers	exact	0	1000000000
reset-1000	cache_miss_handlers	exact	0	1000000000
reset-1000	snapshot_build_calls	exact	0	1000000000
reset-1000	invalidation_estimate_calls	exact	0	1000000000
reset-1000	file_read_calls	exact	2	1000000000
reset-1000	file_read_bytes	exact	267294	1000000000
# operation=project-clean; input_fnv1a64=8d460bdc464606eb; output_fnv1a64=c9f09fca4b7759bf; output_bytes=3857; exit=Some(0); observed_repetitions=2; counts_per_process; external_cc_calls=0
project-clean	name_insert_steps	exact	96	1000000000
project-clean	name_lookup_steps	exact	286	1000000000
project-clean	name_edge_steps	exact	583	1000000000
project-clean	cache_checksum_steps	exact	0	1000000000
project-clean	program_parse_calls	exact	3	1000000000
project-clean	program_parse_input_bytes	exact	877	1000000000
project-clean	source_lexer_steps	exact	393	1000000000
project-clean	data_lex_calls	exact	2	1000000000
project-clean	data_lex_input_bytes	exact	318	1000000000
project-clean	declaration_index_calls	exact	1	1000000000
project-clean	declaration_index_steps	exact	6	1000000000
project-clean	checker_calls	exact	1	1000000000
project-clean	typing_calls	exact	1	1000000000
project-clean	typing_declaration_steps	exact	6	1000000000
project-clean	expression_check_calls	exact	20	1000000000
project-clean	ownership_find_calls	exact	0	1000000000
project-clean	ownership_frame_close_calls	exact	0	1000000000
project-clean	memory_plan_calls	exact	1	1000000000
project-clean	range_analysis_calls	exact	1	1000000000
project-clean	c_generation_calls	exact	1	1000000000
project-clean	c_function_emit_calls	exact	4	1000000000
project-clean	c_expression_emit_calls	exact	11	1000000000
project-clean	project_load_steps	exact	3	1000000000
project-clean	cache_requests	exact	0	1000000000
project-clean	cache_key_builds	exact	0	1000000000
project-clean	cache_probes	exact	0	1000000000
project-clean	cache_hit_handlers	exact	0	1000000000
project-clean	cache_miss_handlers	exact	0	1000000000
project-clean	snapshot_build_calls	exact	0	1000000000
project-clean	invalidation_estimate_calls	exact	0	1000000000
project-clean	file_read_calls	exact	4	1000000000
project-clean	file_read_bytes	exact	746	1000000000
backend-base	external_cc_calls	exact	1	1000000000
# backend-base: external_cc_ns=128044542; generated_fnv1a64=c9f09fca4b7759bf; application_exit=0; flags=-std=c11,-O2,-Wall,-Wextra,-Werror; this backend time is separate from frontend work
# operation=cache-cold; input_fnv1a64=6ecc2f72cc10a770; output_fnv1a64=9d22284e97cf376d; output_bytes=4504; exit=Some(0); observed_repetitions=2; counts_per_process; external_cc_calls=0
cache-cold	name_insert_steps	exact	96	1000000000
cache-cold	name_lookup_steps	exact	286	1000000000
cache-cold	name_edge_steps	exact	583	1000000000
cache-cold	cache_checksum_steps	exact	4496	1000000000
cache-cold	program_parse_calls	exact	3	1000000000
cache-cold	program_parse_input_bytes	exact	877	1000000000
cache-cold	source_lexer_steps	exact	393	1000000000
cache-cold	data_lex_calls	exact	2	1000000000
cache-cold	data_lex_input_bytes	exact	318	1000000000
cache-cold	declaration_index_calls	exact	1	1000000000
cache-cold	declaration_index_steps	exact	6	1000000000
cache-cold	checker_calls	exact	1	1000000000
cache-cold	typing_calls	exact	1	1000000000
cache-cold	typing_declaration_steps	exact	6	1000000000
cache-cold	expression_check_calls	exact	20	1000000000
cache-cold	ownership_find_calls	exact	0	1000000000
cache-cold	ownership_frame_close_calls	exact	0	1000000000
cache-cold	memory_plan_calls	exact	1	1000000000
cache-cold	range_analysis_calls	exact	1	1000000000
cache-cold	c_generation_calls	exact	1	1000000000
cache-cold	c_function_emit_calls	exact	4	1000000000
cache-cold	c_expression_emit_calls	exact	11	1000000000
cache-cold	project_load_steps	exact	3	1000000000
cache-cold	cache_requests	exact	1	1000000000
cache-cold	cache_key_builds	exact	1	1000000000
cache-cold	cache_probes	exact	0	1000000000
cache-cold	cache_hit_handlers	exact	0	1000000000
cache-cold	cache_miss_handlers	exact	1	1000000000
cache-cold	snapshot_build_calls	exact	0	1000000000
cache-cold	invalidation_estimate_calls	exact	0	1000000000
cache-cold	file_read_calls	exact	7	1000000000
cache-cold	file_read_bytes	exact	1174	1000000000
# operation=cache-unchanged; input_fnv1a64=a81e58c0e19d54f5; output_fnv1a64=ce7e196a1598e575; output_bytes=3858; exit=Some(0); observed_repetitions=2; counts_per_process; external_cc_calls=0
cache-unchanged	name_insert_steps	exact	0	1000000000
cache-unchanged	name_lookup_steps	exact	0	1000000000
cache-unchanged	name_edge_steps	exact	0	1000000000
cache-unchanged	cache_checksum_steps	exact	4496	1000000000
cache-unchanged	program_parse_calls	exact	0	1000000000
cache-unchanged	program_parse_input_bytes	exact	0	1000000000
cache-unchanged	source_lexer_steps	exact	0	1000000000
cache-unchanged	data_lex_calls	exact	1	1000000000
cache-unchanged	data_lex_input_bytes	exact	159	1000000000
cache-unchanged	declaration_index_calls	exact	0	1000000000
cache-unchanged	declaration_index_steps	exact	0	1000000000
cache-unchanged	checker_calls	exact	0	1000000000
cache-unchanged	typing_calls	exact	0	1000000000
cache-unchanged	typing_declaration_steps	exact	0	1000000000
cache-unchanged	expression_check_calls	exact	0	1000000000
cache-unchanged	ownership_find_calls	exact	0	1000000000
cache-unchanged	ownership_frame_close_calls	exact	0	1000000000
cache-unchanged	memory_plan_calls	exact	0	1000000000
cache-unchanged	range_analysis_calls	exact	0	1000000000
cache-unchanged	c_generation_calls	exact	0	1000000000
cache-unchanged	c_function_emit_calls	exact	0	1000000000
cache-unchanged	c_expression_emit_calls	exact	0	1000000000
cache-unchanged	project_load_steps	exact	0	1000000000
cache-unchanged	cache_requests	exact	1	1000000000
cache-unchanged	cache_key_builds	exact	1	1000000000
cache-unchanged	cache_probes	exact	1	1000000000
cache-unchanged	cache_hit_handlers	exact	1	1000000000
cache-unchanged	cache_miss_handlers	exact	0	1000000000
cache-unchanged	snapshot_build_calls	exact	0	1000000000
cache-unchanged	invalidation_estimate_calls	exact	0	1000000000
cache-unchanged	file_read_calls	exact	4	1000000000
cache-unchanged	file_read_bytes	exact	5090	1000000000
# snapshot-unchanged: invalidation-estimate-output="0 0 0 0\n"; these are not observed compiler operations
# operation=snapshot-unchanged; input_fnv1a64=026113410a46a4bf; output_fnv1a64=340fb68984020517; output_bytes=8; exit=Some(0); observed_repetitions=2; counts_per_process; external_cc_calls=0
snapshot-unchanged	name_insert_steps	exact	64	1000000000
snapshot-unchanged	name_lookup_steps	exact	194	1000000000
snapshot-unchanged	name_edge_steps	exact	476	1000000000
snapshot-unchanged	cache_checksum_steps	exact	0	1000000000
snapshot-unchanged	program_parse_calls	exact	4	1000000000
snapshot-unchanged	program_parse_input_bytes	exact	856	1000000000
snapshot-unchanged	source_lexer_steps	exact	398	1000000000
snapshot-unchanged	data_lex_calls	exact	2	1000000000
snapshot-unchanged	data_lex_input_bytes	exact	318	1000000000
snapshot-unchanged	declaration_index_calls	exact	0	1000000000
snapshot-unchanged	declaration_index_steps	exact	0	1000000000
snapshot-unchanged	checker_calls	exact	0	1000000000
snapshot-unchanged	typing_calls	exact	0	1000000000
snapshot-unchanged	typing_declaration_steps	exact	0	1000000000
snapshot-unchanged	expression_check_calls	exact	0	1000000000
snapshot-unchanged	ownership_find_calls	exact	0	1000000000
snapshot-unchanged	ownership_frame_close_calls	exact	0	1000000000
snapshot-unchanged	memory_plan_calls	exact	0	1000000000
snapshot-unchanged	range_analysis_calls	exact	0	1000000000
snapshot-unchanged	c_generation_calls	exact	0	1000000000
snapshot-unchanged	c_function_emit_calls	exact	0	1000000000
snapshot-unchanged	c_expression_emit_calls	exact	0	1000000000
snapshot-unchanged	project_load_steps	exact	6	1000000000
snapshot-unchanged	cache_requests	exact	0	1000000000
snapshot-unchanged	cache_key_builds	exact	0	1000000000
snapshot-unchanged	cache_probes	exact	0	1000000000
snapshot-unchanged	cache_hit_handlers	exact	0	1000000000
snapshot-unchanged	cache_miss_handlers	exact	0	1000000000
snapshot-unchanged	snapshot_build_calls	exact	2	1000000000
snapshot-unchanged	invalidation_estimate_calls	exact	1	1000000000
snapshot-unchanged	file_read_calls	exact	6	1000000000
snapshot-unchanged	file_read_bytes	exact	1174	1000000000
# operation=clean-body; input_fnv1a64=3cb75edeaa1312c6; output_fnv1a64=c9d737f61035ea4e; output_bytes=3857; exit=Some(0); observed_repetitions=2; counts_per_process; external_cc_calls=0
clean-body	name_insert_steps	exact	96	1000000000
clean-body	name_lookup_steps	exact	286	1000000000
clean-body	name_edge_steps	exact	583	1000000000
clean-body	cache_checksum_steps	exact	0	1000000000
clean-body	program_parse_calls	exact	3	1000000000
clean-body	program_parse_input_bytes	exact	877	1000000000
clean-body	source_lexer_steps	exact	393	1000000000
clean-body	data_lex_calls	exact	2	1000000000
clean-body	data_lex_input_bytes	exact	318	1000000000
clean-body	declaration_index_calls	exact	1	1000000000
clean-body	declaration_index_steps	exact	6	1000000000
clean-body	checker_calls	exact	1	1000000000
clean-body	typing_calls	exact	1	1000000000
clean-body	typing_declaration_steps	exact	6	1000000000
clean-body	expression_check_calls	exact	20	1000000000
clean-body	ownership_find_calls	exact	0	1000000000
clean-body	ownership_frame_close_calls	exact	0	1000000000
clean-body	memory_plan_calls	exact	1	1000000000
clean-body	range_analysis_calls	exact	1	1000000000
clean-body	c_generation_calls	exact	1	1000000000
clean-body	c_function_emit_calls	exact	4	1000000000
clean-body	c_expression_emit_calls	exact	11	1000000000
clean-body	project_load_steps	exact	3	1000000000
clean-body	cache_requests	exact	0	1000000000
clean-body	cache_key_builds	exact	0	1000000000
clean-body	cache_probes	exact	0	1000000000
clean-body	cache_hit_handlers	exact	0	1000000000
clean-body	cache_miss_handlers	exact	0	1000000000
clean-body	snapshot_build_calls	exact	0	1000000000
clean-body	invalidation_estimate_calls	exact	0	1000000000
clean-body	file_read_calls	exact	4	1000000000
clean-body	file_read_bytes	exact	746	1000000000
backend-body	external_cc_calls	exact	1	1000000000
# backend-body: external_cc_ns=132850625; generated_fnv1a64=c9d737f61035ea4e; application_exit=0; flags=-std=c11,-O2,-Wall,-Wextra,-Werror; this backend time is separate from frontend work
# operation=cache-body; input_fnv1a64=ce38ad199fd57dd0; output_fnv1a64=d70e053da9b46d33; output_bytes=4504; exit=Some(0); observed_repetitions=2; counts_per_process; external_cc_calls=0
cache-body	name_insert_steps	exact	96	1000000000
cache-body	name_lookup_steps	exact	286	1000000000
cache-body	name_edge_steps	exact	583	1000000000
cache-body	cache_checksum_steps	exact	8992	1000000000
cache-body	program_parse_calls	exact	3	1000000000
cache-body	program_parse_input_bytes	exact	877	1000000000
cache-body	source_lexer_steps	exact	393	1000000000
cache-body	data_lex_calls	exact	2	1000000000
cache-body	data_lex_input_bytes	exact	318	1000000000
cache-body	declaration_index_calls	exact	1	1000000000
cache-body	declaration_index_steps	exact	6	1000000000
cache-body	checker_calls	exact	1	1000000000
cache-body	typing_calls	exact	1	1000000000
cache-body	typing_declaration_steps	exact	6	1000000000
cache-body	expression_check_calls	exact	20	1000000000
cache-body	ownership_find_calls	exact	0	1000000000
cache-body	ownership_frame_close_calls	exact	0	1000000000
cache-body	memory_plan_calls	exact	1	1000000000
cache-body	range_analysis_calls	exact	1	1000000000
cache-body	c_generation_calls	exact	1	1000000000
cache-body	c_function_emit_calls	exact	4	1000000000
cache-body	c_expression_emit_calls	exact	11	1000000000
cache-body	project_load_steps	exact	3	1000000000
cache-body	cache_requests	exact	1	1000000000
cache-body	cache_key_builds	exact	1	1000000000
cache-body	cache_probes	exact	1	1000000000
cache-body	cache_hit_handlers	exact	0	1000000000
cache-body	cache_miss_handlers	exact	1	1000000000
cache-body	snapshot_build_calls	exact	0	1000000000
cache-body	invalidation_estimate_calls	exact	0	1000000000
cache-body	file_read_calls	exact	7	1000000000
cache-body	file_read_bytes	exact	5677	1000000000
# operation=cache-warm-body; input_fnv1a64=4beee8e0491b33d2; output_fnv1a64=20a65ab52a8c4dc8; output_bytes=3858; exit=Some(0); observed_repetitions=2; counts_per_process; external_cc_calls=0
cache-warm-body	name_insert_steps	exact	0	1000000000
cache-warm-body	name_lookup_steps	exact	0	1000000000
cache-warm-body	name_edge_steps	exact	0	1000000000
cache-warm-body	cache_checksum_steps	exact	4496	1000000000
cache-warm-body	program_parse_calls	exact	0	1000000000
cache-warm-body	program_parse_input_bytes	exact	0	1000000000
cache-warm-body	source_lexer_steps	exact	0	1000000000
cache-warm-body	data_lex_calls	exact	1	1000000000
cache-warm-body	data_lex_input_bytes	exact	159	1000000000
cache-warm-body	declaration_index_calls	exact	0	1000000000
cache-warm-body	declaration_index_steps	exact	0	1000000000
cache-warm-body	checker_calls	exact	0	1000000000
cache-warm-body	typing_calls	exact	0	1000000000
cache-warm-body	typing_declaration_steps	exact	0	1000000000
cache-warm-body	expression_check_calls	exact	0	1000000000
cache-warm-body	ownership_find_calls	exact	0	1000000000
cache-warm-body	ownership_frame_close_calls	exact	0	1000000000
cache-warm-body	memory_plan_calls	exact	0	1000000000
cache-warm-body	range_analysis_calls	exact	0	1000000000
cache-warm-body	c_generation_calls	exact	0	1000000000
cache-warm-body	c_function_emit_calls	exact	0	1000000000
cache-warm-body	c_expression_emit_calls	exact	0	1000000000
cache-warm-body	project_load_steps	exact	0	1000000000
cache-warm-body	cache_requests	exact	1	1000000000
cache-warm-body	cache_key_builds	exact	1	1000000000
cache-warm-body	cache_probes	exact	1	1000000000
cache-warm-body	cache_hit_handlers	exact	1	1000000000
cache-warm-body	cache_miss_handlers	exact	0	1000000000
cache-warm-body	snapshot_build_calls	exact	0	1000000000
cache-warm-body	invalidation_estimate_calls	exact	0	1000000000
cache-warm-body	file_read_calls	exact	4	1000000000
cache-warm-body	file_read_bytes	exact	5090	1000000000
# snapshot-body: invalidation-estimate-output="1 1 1 1\n"; these are not observed compiler operations
# operation=snapshot-body; input_fnv1a64=85bbdd6116e0c842; output_fnv1a64=74e0dd86e10d8747; output_bytes=8; exit=Some(0); observed_repetitions=2; counts_per_process; external_cc_calls=0
snapshot-body	name_insert_steps	exact	64	1000000000
snapshot-body	name_lookup_steps	exact	194	1000000000
snapshot-body	name_edge_steps	exact	476	1000000000
snapshot-body	cache_checksum_steps	exact	0	1000000000
snapshot-body	program_parse_calls	exact	4	1000000000
snapshot-body	program_parse_input_bytes	exact	856	1000000000
snapshot-body	source_lexer_steps	exact	398	1000000000
snapshot-body	data_lex_calls	exact	2	1000000000
snapshot-body	data_lex_input_bytes	exact	318	1000000000
snapshot-body	declaration_index_calls	exact	0	1000000000
snapshot-body	declaration_index_steps	exact	0	1000000000
snapshot-body	checker_calls	exact	0	1000000000
snapshot-body	typing_calls	exact	0	1000000000
snapshot-body	typing_declaration_steps	exact	0	1000000000
snapshot-body	expression_check_calls	exact	0	1000000000
snapshot-body	ownership_find_calls	exact	0	1000000000
snapshot-body	ownership_frame_close_calls	exact	0	1000000000
snapshot-body	memory_plan_calls	exact	0	1000000000
snapshot-body	range_analysis_calls	exact	0	1000000000
snapshot-body	c_generation_calls	exact	0	1000000000
snapshot-body	c_function_emit_calls	exact	0	1000000000
snapshot-body	c_expression_emit_calls	exact	0	1000000000
snapshot-body	project_load_steps	exact	6	1000000000
snapshot-body	cache_requests	exact	0	1000000000
snapshot-body	cache_key_builds	exact	0	1000000000
snapshot-body	cache_probes	exact	0	1000000000
snapshot-body	cache_hit_handlers	exact	0	1000000000
snapshot-body	cache_miss_handlers	exact	0	1000000000
snapshot-body	snapshot_build_calls	exact	2	1000000000
snapshot-body	invalidation_estimate_calls	exact	1	1000000000
snapshot-body	file_read_calls	exact	6	1000000000
snapshot-body	file_read_bytes	exact	1174	1000000000
# operation=clean-signature; input_fnv1a64=9df6d131b53a2fe0; output_fnv1a64=869f0f3a91fa5d8b; output_bytes=3935; exit=Some(0); observed_repetitions=2; counts_per_process; external_cc_calls=0
clean-signature	name_insert_steps	exact	96	1000000000
clean-signature	name_lookup_steps	exact	292	1000000000
clean-signature	name_edge_steps	exact	604	1000000000
clean-signature	cache_checksum_steps	exact	0	1000000000
clean-signature	program_parse_calls	exact	3	1000000000
clean-signature	program_parse_input_bytes	exact	915	1000000000
clean-signature	source_lexer_steps	exact	411	1000000000
clean-signature	data_lex_calls	exact	2	1000000000
clean-signature	data_lex_input_bytes	exact	318	1000000000
clean-signature	declaration_index_calls	exact	1	1000000000
clean-signature	declaration_index_steps	exact	6	1000000000
clean-signature	checker_calls	exact	1	1000000000
clean-signature	typing_calls	exact	1	1000000000
clean-signature	typing_declaration_steps	exact	6	1000000000
clean-signature	expression_check_calls	exact	21	1000000000
clean-signature	ownership_find_calls	exact	0	1000000000
clean-signature	ownership_frame_close_calls	exact	0	1000000000
clean-signature	memory_plan_calls	exact	1	1000000000
clean-signature	range_analysis_calls	exact	1	1000000000
clean-signature	c_generation_calls	exact	1	1000000000
clean-signature	c_function_emit_calls	exact	4	1000000000
clean-signature	c_expression_emit_calls	exact	11	1000000000
clean-signature	project_load_steps	exact	3	1000000000
clean-signature	cache_requests	exact	0	1000000000
clean-signature	cache_key_builds	exact	0	1000000000
clean-signature	cache_probes	exact	0	1000000000
clean-signature	cache_hit_handlers	exact	0	1000000000
clean-signature	cache_miss_handlers	exact	0	1000000000
clean-signature	snapshot_build_calls	exact	0	1000000000
clean-signature	invalidation_estimate_calls	exact	0	1000000000
clean-signature	file_read_calls	exact	4	1000000000
clean-signature	file_read_bytes	exact	765	1000000000
backend-signature	external_cc_calls	exact	1	1000000000
# backend-signature: external_cc_ns=128727667; generated_fnv1a64=869f0f3a91fa5d8b; application_exit=0; flags=-std=c11,-O2,-Wall,-Wextra,-Werror; this backend time is separate from frontend work
# operation=cache-signature; input_fnv1a64=0315c995c4be9932; output_fnv1a64=93ac5afd16b6a2fc; output_bytes=4601; exit=Some(0); observed_repetitions=2; counts_per_process; external_cc_calls=0
cache-signature	name_insert_steps	exact	96	1000000000
cache-signature	name_lookup_steps	exact	292	1000000000
cache-signature	name_edge_steps	exact	604	1000000000
cache-signature	cache_checksum_steps	exact	9089	1000000000
cache-signature	program_parse_calls	exact	3	1000000000
cache-signature	program_parse_input_bytes	exact	915	1000000000
cache-signature	source_lexer_steps	exact	411	1000000000
cache-signature	data_lex_calls	exact	2	1000000000
cache-signature	data_lex_input_bytes	exact	318	1000000000
cache-signature	declaration_index_calls	exact	1	1000000000
cache-signature	declaration_index_steps	exact	6	1000000000
cache-signature	checker_calls	exact	1	1000000000
cache-signature	typing_calls	exact	1	1000000000
cache-signature	typing_declaration_steps	exact	6	1000000000
cache-signature	expression_check_calls	exact	21	1000000000
cache-signature	ownership_find_calls	exact	0	1000000000
cache-signature	ownership_frame_close_calls	exact	0	1000000000
cache-signature	memory_plan_calls	exact	1	1000000000
cache-signature	range_analysis_calls	exact	1	1000000000
cache-signature	c_generation_calls	exact	1	1000000000
cache-signature	c_function_emit_calls	exact	4	1000000000
cache-signature	c_expression_emit_calls	exact	11	1000000000
cache-signature	project_load_steps	exact	3	1000000000
cache-signature	cache_requests	exact	1	1000000000
cache-signature	cache_key_builds	exact	1	1000000000
cache-signature	cache_probes	exact	1	1000000000
cache-signature	cache_hit_handlers	exact	0	1000000000
cache-signature	cache_miss_handlers	exact	1	1000000000
cache-signature	snapshot_build_calls	exact	0	1000000000
cache-signature	invalidation_estimate_calls	exact	0	1000000000
cache-signature	file_read_calls	exact	7	1000000000
cache-signature	file_read_bytes	exact	5715	1000000000
# operation=cache-warm-signature; input_fnv1a64=b9b76e0abb6c54b5; output_fnv1a64=fc62263962fedb09; output_bytes=3936; exit=Some(0); observed_repetitions=2; counts_per_process; external_cc_calls=0
cache-warm-signature	name_insert_steps	exact	0	1000000000
cache-warm-signature	name_lookup_steps	exact	0	1000000000
cache-warm-signature	name_edge_steps	exact	0	1000000000
cache-warm-signature	cache_checksum_steps	exact	4593	1000000000
cache-warm-signature	program_parse_calls	exact	0	1000000000
cache-warm-signature	program_parse_input_bytes	exact	0	1000000000
cache-warm-signature	source_lexer_steps	exact	0	1000000000
cache-warm-signature	data_lex_calls	exact	1	1000000000
cache-warm-signature	data_lex_input_bytes	exact	159	1000000000
cache-warm-signature	declaration_index_calls	exact	0	1000000000
cache-warm-signature	declaration_index_steps	exact	0	1000000000
cache-warm-signature	checker_calls	exact	0	1000000000
cache-warm-signature	typing_calls	exact	0	1000000000
cache-warm-signature	typing_declaration_steps	exact	0	1000000000
cache-warm-signature	expression_check_calls	exact	0	1000000000
cache-warm-signature	ownership_find_calls	exact	0	1000000000
cache-warm-signature	ownership_frame_close_calls	exact	0	1000000000
cache-warm-signature	memory_plan_calls	exact	0	1000000000
cache-warm-signature	range_analysis_calls	exact	0	1000000000
cache-warm-signature	c_generation_calls	exact	0	1000000000
cache-warm-signature	c_function_emit_calls	exact	0	1000000000
cache-warm-signature	c_expression_emit_calls	exact	0	1000000000
cache-warm-signature	project_load_steps	exact	0	1000000000
cache-warm-signature	cache_requests	exact	1	1000000000
cache-warm-signature	cache_key_builds	exact	1	1000000000
cache-warm-signature	cache_probes	exact	1	1000000000
cache-warm-signature	cache_hit_handlers	exact	1	1000000000
cache-warm-signature	cache_miss_handlers	exact	0	1000000000
cache-warm-signature	snapshot_build_calls	exact	0	1000000000
cache-warm-signature	invalidation_estimate_calls	exact	0	1000000000
cache-warm-signature	file_read_calls	exact	4	1000000000
cache-warm-signature	file_read_bytes	exact	5206	1000000000
# snapshot-signature: invalidation-estimate-output="2 2 2 2\n"; these are not observed compiler operations
# operation=snapshot-signature; input_fnv1a64=5554b535b997a0f4; output_fnv1a64=04a07460c7973a37; output_bytes=8; exit=Some(0); observed_repetitions=2; counts_per_process; external_cc_calls=0
snapshot-signature	name_insert_steps	exact	64	1000000000
snapshot-signature	name_lookup_steps	exact	197	1000000000
snapshot-signature	name_edge_steps	exact	488	1000000000
snapshot-signature	cache_checksum_steps	exact	0	1000000000
snapshot-signature	program_parse_calls	exact	4	1000000000
snapshot-signature	program_parse_input_bytes	exact	875	1000000000
snapshot-signature	source_lexer_steps	exact	407	1000000000
snapshot-signature	data_lex_calls	exact	2	1000000000
snapshot-signature	data_lex_input_bytes	exact	318	1000000000
snapshot-signature	declaration_index_calls	exact	0	1000000000
snapshot-signature	declaration_index_steps	exact	0	1000000000
snapshot-signature	checker_calls	exact	0	1000000000
snapshot-signature	typing_calls	exact	0	1000000000
snapshot-signature	typing_declaration_steps	exact	0	1000000000
snapshot-signature	expression_check_calls	exact	0	1000000000
snapshot-signature	ownership_find_calls	exact	0	1000000000
snapshot-signature	ownership_frame_close_calls	exact	0	1000000000
snapshot-signature	memory_plan_calls	exact	0	1000000000
snapshot-signature	range_analysis_calls	exact	0	1000000000
snapshot-signature	c_generation_calls	exact	0	1000000000
snapshot-signature	c_function_emit_calls	exact	0	1000000000
snapshot-signature	c_expression_emit_calls	exact	0	1000000000
snapshot-signature	project_load_steps	exact	6	1000000000
snapshot-signature	cache_requests	exact	0	1000000000
snapshot-signature	cache_key_builds	exact	0	1000000000
snapshot-signature	cache_probes	exact	0	1000000000
snapshot-signature	cache_hit_handlers	exact	0	1000000000
snapshot-signature	cache_miss_handlers	exact	0	1000000000
snapshot-signature	snapshot_build_calls	exact	2	1000000000
snapshot-signature	invalidation_estimate_calls	exact	1	1000000000
snapshot-signature	file_read_calls	exact	6	1000000000
snapshot-signature	file_read_bytes	exact	1193	1000000000
# operation=clean-layout; input_fnv1a64=69f2d7e41c775bc2; output_fnv1a64=7591be7ace033d2c; output_bytes=3963; exit=Some(0); observed_repetitions=2; counts_per_process; external_cc_calls=0
clean-layout	name_insert_steps	exact	96	1000000000
clean-layout	name_lookup_steps	exact	294	1000000000
clean-layout	name_edge_steps	exact	609	1000000000
clean-layout	cache_checksum_steps	exact	0	1000000000
clean-layout	program_parse_calls	exact	3	1000000000
clean-layout	program_parse_input_bytes	exact	923	1000000000
clean-layout	source_lexer_steps	exact	419	1000000000
clean-layout	data_lex_calls	exact	2	1000000000
clean-layout	data_lex_input_bytes	exact	318	1000000000
clean-layout	declaration_index_calls	exact	1	1000000000
clean-layout	declaration_index_steps	exact	6	1000000000
clean-layout	checker_calls	exact	1	1000000000
clean-layout	typing_calls	exact	1	1000000000
clean-layout	typing_declaration_steps	exact	6	1000000000
clean-layout	expression_check_calls	exact	21	1000000000
clean-layout	ownership_find_calls	exact	0	1000000000
clean-layout	ownership_frame_close_calls	exact	0	1000000000
clean-layout	memory_plan_calls	exact	1	1000000000
clean-layout	range_analysis_calls	exact	1	1000000000
clean-layout	c_generation_calls	exact	1	1000000000
clean-layout	c_function_emit_calls	exact	4	1000000000
clean-layout	c_expression_emit_calls	exact	12	1000000000
clean-layout	project_load_steps	exact	3	1000000000
clean-layout	cache_requests	exact	0	1000000000
clean-layout	cache_key_builds	exact	0	1000000000
clean-layout	cache_probes	exact	0	1000000000
clean-layout	cache_hit_handlers	exact	0	1000000000
clean-layout	cache_miss_handlers	exact	0	1000000000
clean-layout	snapshot_build_calls	exact	0	1000000000
clean-layout	invalidation_estimate_calls	exact	0	1000000000
clean-layout	file_read_calls	exact	4	1000000000
clean-layout	file_read_bytes	exact	769	1000000000
backend-layout	external_cc_calls	exact	1	1000000000
# backend-layout: external_cc_ns=129760916; generated_fnv1a64=7591be7ace033d2c; application_exit=0; flags=-std=c11,-O2,-Wall,-Wextra,-Werror; this backend time is separate from frontend work
# operation=cache-layout; input_fnv1a64=6a64453c3fd400f4; output_fnv1a64=73b426db981addf4; output_bytes=4633; exit=Some(0); observed_repetitions=2; counts_per_process; external_cc_calls=0
cache-layout	name_insert_steps	exact	96	1000000000
cache-layout	name_lookup_steps	exact	294	1000000000
cache-layout	name_edge_steps	exact	609	1000000000
cache-layout	cache_checksum_steps	exact	9121	1000000000
cache-layout	program_parse_calls	exact	3	1000000000
cache-layout	program_parse_input_bytes	exact	923	1000000000
cache-layout	source_lexer_steps	exact	419	1000000000
cache-layout	data_lex_calls	exact	2	1000000000
cache-layout	data_lex_input_bytes	exact	318	1000000000
cache-layout	declaration_index_calls	exact	1	1000000000
cache-layout	declaration_index_steps	exact	6	1000000000
cache-layout	checker_calls	exact	1	1000000000
cache-layout	typing_calls	exact	1	1000000000
cache-layout	typing_declaration_steps	exact	6	1000000000
cache-layout	expression_check_calls	exact	21	1000000000
cache-layout	ownership_find_calls	exact	0	1000000000
cache-layout	ownership_frame_close_calls	exact	0	1000000000
cache-layout	memory_plan_calls	exact	1	1000000000
cache-layout	range_analysis_calls	exact	1	1000000000
cache-layout	c_generation_calls	exact	1	1000000000
cache-layout	c_function_emit_calls	exact	4	1000000000
cache-layout	c_expression_emit_calls	exact	12	1000000000
cache-layout	project_load_steps	exact	3	1000000000
cache-layout	cache_requests	exact	1	1000000000
cache-layout	cache_key_builds	exact	1	1000000000
cache-layout	cache_probes	exact	1	1000000000
cache-layout	cache_hit_handlers	exact	0	1000000000
cache-layout	cache_miss_handlers	exact	1	1000000000
cache-layout	snapshot_build_calls	exact	0	1000000000
cache-layout	invalidation_estimate_calls	exact	0	1000000000
cache-layout	file_read_calls	exact	7	1000000000
cache-layout	file_read_bytes	exact	5723	1000000000
# operation=cache-warm-layout; input_fnv1a64=dfd95bf16dc44769; output_fnv1a64=cc8ec1830349d75a; output_bytes=3964; exit=Some(0); observed_repetitions=2; counts_per_process; external_cc_calls=0
cache-warm-layout	name_insert_steps	exact	0	1000000000
cache-warm-layout	name_lookup_steps	exact	0	1000000000
cache-warm-layout	name_edge_steps	exact	0	1000000000
cache-warm-layout	cache_checksum_steps	exact	4625	1000000000
cache-warm-layout	program_parse_calls	exact	0	1000000000
cache-warm-layout	program_parse_input_bytes	exact	0	1000000000
cache-warm-layout	source_lexer_steps	exact	0	1000000000
cache-warm-layout	data_lex_calls	exact	1	1000000000
cache-warm-layout	data_lex_input_bytes	exact	159	1000000000
cache-warm-layout	declaration_index_calls	exact	0	1000000000
cache-warm-layout	declaration_index_steps	exact	0	1000000000
cache-warm-layout	checker_calls	exact	0	1000000000
cache-warm-layout	typing_calls	exact	0	1000000000
cache-warm-layout	typing_declaration_steps	exact	0	1000000000
cache-warm-layout	expression_check_calls	exact	0	1000000000
cache-warm-layout	ownership_find_calls	exact	0	1000000000
cache-warm-layout	ownership_frame_close_calls	exact	0	1000000000
cache-warm-layout	memory_plan_calls	exact	0	1000000000
cache-warm-layout	range_analysis_calls	exact	0	1000000000
cache-warm-layout	c_generation_calls	exact	0	1000000000
cache-warm-layout	c_function_emit_calls	exact	0	1000000000
cache-warm-layout	c_expression_emit_calls	exact	0	1000000000
cache-warm-layout	project_load_steps	exact	0	1000000000
cache-warm-layout	cache_requests	exact	1	1000000000
cache-warm-layout	cache_key_builds	exact	1	1000000000
cache-warm-layout	cache_probes	exact	1	1000000000
cache-warm-layout	cache_hit_handlers	exact	1	1000000000
cache-warm-layout	cache_miss_handlers	exact	0	1000000000
cache-warm-layout	snapshot_build_calls	exact	0	1000000000
cache-warm-layout	invalidation_estimate_calls	exact	0	1000000000
cache-warm-layout	file_read_calls	exact	4	1000000000
cache-warm-layout	file_read_bytes	exact	5242	1000000000
# snapshot-layout: invalidation-estimate-output="2 2 2 2\n"; these are not observed compiler operations
# operation=snapshot-layout; input_fnv1a64=d86db7798b08ad1e; output_fnv1a64=04a07460c7973a37; output_bytes=8; exit=Some(0); observed_repetitions=2; counts_per_process; external_cc_calls=0
snapshot-layout	name_insert_steps	exact	64	1000000000
snapshot-layout	name_lookup_steps	exact	198	1000000000
snapshot-layout	name_edge_steps	exact	490	1000000000
snapshot-layout	cache_checksum_steps	exact	0	1000000000
snapshot-layout	program_parse_calls	exact	4	1000000000
snapshot-layout	program_parse_input_bytes	exact	879	1000000000
snapshot-layout	source_lexer_steps	exact	411	1000000000
snapshot-layout	data_lex_calls	exact	2	1000000000
snapshot-layout	data_lex_input_bytes	exact	318	1000000000
snapshot-layout	declaration_index_calls	exact	0	1000000000
snapshot-layout	declaration_index_steps	exact	0	1000000000
snapshot-layout	checker_calls	exact	0	1000000000
snapshot-layout	typing_calls	exact	0	1000000000
snapshot-layout	typing_declaration_steps	exact	0	1000000000
snapshot-layout	expression_check_calls	exact	0	1000000000
snapshot-layout	ownership_find_calls	exact	0	1000000000
snapshot-layout	ownership_frame_close_calls	exact	0	1000000000
snapshot-layout	memory_plan_calls	exact	0	1000000000
snapshot-layout	range_analysis_calls	exact	0	1000000000
snapshot-layout	c_generation_calls	exact	0	1000000000
snapshot-layout	c_function_emit_calls	exact	0	1000000000
snapshot-layout	c_expression_emit_calls	exact	0	1000000000
snapshot-layout	project_load_steps	exact	6	1000000000
snapshot-layout	cache_requests	exact	0	1000000000
snapshot-layout	cache_key_builds	exact	0	1000000000
snapshot-layout	cache_probes	exact	0	1000000000
snapshot-layout	cache_hit_handlers	exact	0	1000000000
snapshot-layout	cache_miss_handlers	exact	0	1000000000
snapshot-layout	snapshot_build_calls	exact	2	1000000000
snapshot-layout	invalidation_estimate_calls	exact	1	1000000000
snapshot-layout	file_read_calls	exact	6	1000000000
snapshot-layout	file_read_bytes	exact	1197	1000000000
# operation=clean-effect; input_fnv1a64=d86dff74016b7169; output_fnv1a64=f86ecc568617ea9d; output_bytes=3934; exit=Some(0); observed_repetitions=2; counts_per_process; external_cc_calls=0
clean-effect	name_insert_steps	exact	96	1000000000
clean-effect	name_lookup_steps	exact	288	1000000000
clean-effect	name_edge_steps	exact	599	1000000000
clean-effect	cache_checksum_steps	exact	0	1000000000
clean-effect	program_parse_calls	exact	3	1000000000
clean-effect	program_parse_input_bytes	exact	907	1000000000
clean-effect	source_lexer_steps	exact	403	1000000000
clean-effect	data_lex_calls	exact	2	1000000000
clean-effect	data_lex_input_bytes	exact	318	1000000000
clean-effect	declaration_index_calls	exact	1	1000000000
clean-effect	declaration_index_steps	exact	6	1000000000
clean-effect	checker_calls	exact	1	1000000000
clean-effect	typing_calls	exact	1	1000000000
clean-effect	typing_declaration_steps	exact	6	1000000000
clean-effect	expression_check_calls	exact	20	1000000000
clean-effect	ownership_find_calls	exact	0	1000000000
clean-effect	ownership_frame_close_calls	exact	0	1000000000
clean-effect	memory_plan_calls	exact	1	1000000000
clean-effect	range_analysis_calls	exact	1	1000000000
clean-effect	c_generation_calls	exact	1	1000000000
clean-effect	c_function_emit_calls	exact	4	1000000000
clean-effect	c_expression_emit_calls	exact	11	1000000000
clean-effect	project_load_steps	exact	3	1000000000
clean-effect	cache_requests	exact	0	1000000000
clean-effect	cache_key_builds	exact	0	1000000000
clean-effect	cache_probes	exact	0	1000000000
clean-effect	cache_hit_handlers	exact	0	1000000000
clean-effect	cache_miss_handlers	exact	0	1000000000
clean-effect	snapshot_build_calls	exact	0	1000000000
clean-effect	invalidation_estimate_calls	exact	0	1000000000
clean-effect	file_read_calls	exact	4	1000000000
clean-effect	file_read_bytes	exact	761	1000000000
backend-effect	external_cc_calls	exact	1	1000000000
# backend-effect: external_cc_ns=134706417; generated_fnv1a64=f86ecc568617ea9d; application_exit=0; flags=-std=c11,-O2,-Wall,-Wextra,-Werror; this backend time is separate from frontend work
# operation=cache-effect; input_fnv1a64=3b815349d217806b; output_fnv1a64=75489aef1e573d7a; output_bytes=4596; exit=Some(0); observed_repetitions=2; counts_per_process; external_cc_calls=0
cache-effect	name_insert_steps	exact	96	1000000000
cache-effect	name_lookup_steps	exact	288	1000000000
cache-effect	name_edge_steps	exact	599	1000000000
cache-effect	cache_checksum_steps	exact	9084	1000000000
cache-effect	program_parse_calls	exact	3	1000000000
cache-effect	program_parse_input_bytes	exact	907	1000000000
cache-effect	source_lexer_steps	exact	403	1000000000
cache-effect	data_lex_calls	exact	2	1000000000
cache-effect	data_lex_input_bytes	exact	318	1000000000
cache-effect	declaration_index_calls	exact	1	1000000000
cache-effect	declaration_index_steps	exact	6	1000000000
cache-effect	checker_calls	exact	1	1000000000
cache-effect	typing_calls	exact	1	1000000000
cache-effect	typing_declaration_steps	exact	6	1000000000
cache-effect	expression_check_calls	exact	20	1000000000
cache-effect	ownership_find_calls	exact	0	1000000000
cache-effect	ownership_frame_close_calls	exact	0	1000000000
cache-effect	memory_plan_calls	exact	1	1000000000
cache-effect	range_analysis_calls	exact	1	1000000000
cache-effect	c_generation_calls	exact	1	1000000000
cache-effect	c_function_emit_calls	exact	4	1000000000
cache-effect	c_expression_emit_calls	exact	11	1000000000
cache-effect	project_load_steps	exact	3	1000000000
cache-effect	cache_requests	exact	1	1000000000
cache-effect	cache_key_builds	exact	1	1000000000
cache-effect	cache_probes	exact	1	1000000000
cache-effect	cache_hit_handlers	exact	0	1000000000
cache-effect	cache_miss_handlers	exact	1	1000000000
cache-effect	snapshot_build_calls	exact	0	1000000000
cache-effect	invalidation_estimate_calls	exact	0	1000000000
cache-effect	file_read_calls	exact	7	1000000000
cache-effect	file_read_bytes	exact	5707	1000000000
# operation=cache-warm-effect; input_fnv1a64=7396db89669ce20d; output_fnv1a64=21a82b3d06149f83; output_bytes=3935; exit=Some(0); observed_repetitions=2; counts_per_process; external_cc_calls=0
cache-warm-effect	name_insert_steps	exact	0	1000000000
cache-warm-effect	name_lookup_steps	exact	0	1000000000
cache-warm-effect	name_edge_steps	exact	0	1000000000
cache-warm-effect	cache_checksum_steps	exact	4588	1000000000
cache-warm-effect	program_parse_calls	exact	0	1000000000
cache-warm-effect	program_parse_input_bytes	exact	0	1000000000
cache-warm-effect	source_lexer_steps	exact	0	1000000000
cache-warm-effect	data_lex_calls	exact	1	1000000000
cache-warm-effect	data_lex_input_bytes	exact	159	1000000000
cache-warm-effect	declaration_index_calls	exact	0	1000000000
cache-warm-effect	declaration_index_steps	exact	0	1000000000
cache-warm-effect	checker_calls	exact	0	1000000000
cache-warm-effect	typing_calls	exact	0	1000000000
cache-warm-effect	typing_declaration_steps	exact	0	1000000000
cache-warm-effect	expression_check_calls	exact	0	1000000000
cache-warm-effect	ownership_find_calls	exact	0	1000000000
cache-warm-effect	ownership_frame_close_calls	exact	0	1000000000
cache-warm-effect	memory_plan_calls	exact	0	1000000000
cache-warm-effect	range_analysis_calls	exact	0	1000000000
cache-warm-effect	c_generation_calls	exact	0	1000000000
cache-warm-effect	c_function_emit_calls	exact	0	1000000000
cache-warm-effect	c_expression_emit_calls	exact	0	1000000000
cache-warm-effect	project_load_steps	exact	0	1000000000
cache-warm-effect	cache_requests	exact	1	1000000000
cache-warm-effect	cache_key_builds	exact	1	1000000000
cache-warm-effect	cache_probes	exact	1	1000000000
cache-warm-effect	cache_hit_handlers	exact	1	1000000000
cache-warm-effect	cache_miss_handlers	exact	0	1000000000
cache-warm-effect	snapshot_build_calls	exact	0	1000000000
cache-warm-effect	invalidation_estimate_calls	exact	0	1000000000
cache-warm-effect	file_read_calls	exact	4	1000000000
cache-warm-effect	file_read_bytes	exact	5197	1000000000
# snapshot-effect: invalidation-estimate-output="1 1 2 2\n"; these are not observed compiler operations
# operation=snapshot-effect; input_fnv1a64=9ada538c5a81aa3d; output_fnv1a64=7f255fa11da5a30f; output_bytes=8; exit=Some(0); observed_repetitions=2; counts_per_process; external_cc_calls=0
snapshot-effect	name_insert_steps	exact	64	1000000000
snapshot-effect	name_lookup_steps	exact	195	1000000000
snapshot-effect	name_edge_steps	exact	486	1000000000
snapshot-effect	cache_checksum_steps	exact	0	1000000000
snapshot-effect	program_parse_calls	exact	4	1000000000
snapshot-effect	program_parse_input_bytes	exact	871	1000000000
snapshot-effect	source_lexer_steps	exact	403	1000000000
snapshot-effect	data_lex_calls	exact	2	1000000000
snapshot-effect	data_lex_input_bytes	exact	318	1000000000
snapshot-effect	declaration_index_calls	exact	0	1000000000
snapshot-effect	declaration_index_steps	exact	0	1000000000
snapshot-effect	checker_calls	exact	0	1000000000
snapshot-effect	typing_calls	exact	0	1000000000
snapshot-effect	typing_declaration_steps	exact	0	1000000000
snapshot-effect	expression_check_calls	exact	0	1000000000
snapshot-effect	ownership_find_calls	exact	0	1000000000
snapshot-effect	ownership_frame_close_calls	exact	0	1000000000
snapshot-effect	memory_plan_calls	exact	0	1000000000
snapshot-effect	range_analysis_calls	exact	0	1000000000
snapshot-effect	c_generation_calls	exact	0	1000000000
snapshot-effect	c_function_emit_calls	exact	0	1000000000
snapshot-effect	c_expression_emit_calls	exact	0	1000000000
snapshot-effect	project_load_steps	exact	6	1000000000
snapshot-effect	cache_requests	exact	0	1000000000
snapshot-effect	cache_key_builds	exact	0	1000000000
snapshot-effect	cache_probes	exact	0	1000000000
snapshot-effect	cache_hit_handlers	exact	0	1000000000
snapshot-effect	cache_miss_handlers	exact	0	1000000000
snapshot-effect	snapshot_build_calls	exact	2	1000000000
snapshot-effect	invalidation_estimate_calls	exact	1	1000000000
snapshot-effect	file_read_calls	exact	6	1000000000
snapshot-effect	file_read_bytes	exact	1189	1000000000
# operation=clean-borrow-mode; input_fnv1a64=6304475f0038ba06; output_fnv1a64=c9f09fca4b7759bf; output_bytes=3857; exit=Some(0); observed_repetitions=2; counts_per_process; external_cc_calls=0
clean-borrow-mode	name_insert_steps	exact	96	1000000000
clean-borrow-mode	name_lookup_steps	exact	286	1000000000
clean-borrow-mode	name_edge_steps	exact	583	1000000000
clean-borrow-mode	cache_checksum_steps	exact	0	1000000000
clean-borrow-mode	program_parse_calls	exact	3	1000000000
clean-borrow-mode	program_parse_input_bytes	exact	881	1000000000
clean-borrow-mode	source_lexer_steps	exact	397	1000000000
clean-borrow-mode	data_lex_calls	exact	2	1000000000
clean-borrow-mode	data_lex_input_bytes	exact	318	1000000000
clean-borrow-mode	declaration_index_calls	exact	1	1000000000
clean-borrow-mode	declaration_index_steps	exact	6	1000000000
clean-borrow-mode	checker_calls	exact	1	1000000000
clean-borrow-mode	typing_calls	exact	1	1000000000
clean-borrow-mode	typing_declaration_steps	exact	6	1000000000
clean-borrow-mode	expression_check_calls	exact	20	1000000000
clean-borrow-mode	ownership_find_calls	exact	0	1000000000
clean-borrow-mode	ownership_frame_close_calls	exact	0	1000000000
clean-borrow-mode	memory_plan_calls	exact	1	1000000000
clean-borrow-mode	range_analysis_calls	exact	1	1000000000
clean-borrow-mode	c_generation_calls	exact	1	1000000000
clean-borrow-mode	c_function_emit_calls	exact	4	1000000000
clean-borrow-mode	c_expression_emit_calls	exact	11	1000000000
clean-borrow-mode	project_load_steps	exact	3	1000000000
clean-borrow-mode	cache_requests	exact	0	1000000000
clean-borrow-mode	cache_key_builds	exact	0	1000000000
clean-borrow-mode	cache_probes	exact	0	1000000000
clean-borrow-mode	cache_hit_handlers	exact	0	1000000000
clean-borrow-mode	cache_miss_handlers	exact	0	1000000000
clean-borrow-mode	snapshot_build_calls	exact	0	1000000000
clean-borrow-mode	invalidation_estimate_calls	exact	0	1000000000
clean-borrow-mode	file_read_calls	exact	4	1000000000
clean-borrow-mode	file_read_bytes	exact	748	1000000000
backend-borrow-mode	external_cc_calls	exact	1	1000000000
# backend-borrow-mode: external_cc_ns=130421375; generated_fnv1a64=c9f09fca4b7759bf; application_exit=0; flags=-std=c11,-O2,-Wall,-Wextra,-Werror; this backend time is separate from frontend work
# operation=cache-borrow-mode; input_fnv1a64=e3950a8238bf9f10; output_fnv1a64=2b36ae7f3e898e9d; output_bytes=4506; exit=Some(0); observed_repetitions=2; counts_per_process; external_cc_calls=0
cache-borrow-mode	name_insert_steps	exact	96	1000000000
cache-borrow-mode	name_lookup_steps	exact	286	1000000000
cache-borrow-mode	name_edge_steps	exact	583	1000000000
cache-borrow-mode	cache_checksum_steps	exact	8994	1000000000
cache-borrow-mode	program_parse_calls	exact	3	1000000000
cache-borrow-mode	program_parse_input_bytes	exact	881	1000000000
cache-borrow-mode	source_lexer_steps	exact	397	1000000000
cache-borrow-mode	data_lex_calls	exact	2	1000000000
cache-borrow-mode	data_lex_input_bytes	exact	318	1000000000
cache-borrow-mode	declaration_index_calls	exact	1	1000000000
cache-borrow-mode	declaration_index_steps	exact	6	1000000000
cache-borrow-mode	checker_calls	exact	1	1000000000
cache-borrow-mode	typing_calls	exact	1	1000000000
cache-borrow-mode	typing_declaration_steps	exact	6	1000000000
cache-borrow-mode	expression_check_calls	exact	20	1000000000
cache-borrow-mode	ownership_find_calls	exact	0	1000000000
cache-borrow-mode	ownership_frame_close_calls	exact	0	1000000000
cache-borrow-mode	memory_plan_calls	exact	1	1000000000
cache-borrow-mode	range_analysis_calls	exact	1	1000000000
cache-borrow-mode	c_generation_calls	exact	1	1000000000
cache-borrow-mode	c_function_emit_calls	exact	4	1000000000
cache-borrow-mode	c_expression_emit_calls	exact	11	1000000000
cache-borrow-mode	project_load_steps	exact	3	1000000000
cache-borrow-mode	cache_requests	exact	1	1000000000
cache-borrow-mode	cache_key_builds	exact	1	1000000000
cache-borrow-mode	cache_probes	exact	1	1000000000
cache-borrow-mode	cache_hit_handlers	exact	0	1000000000
cache-borrow-mode	cache_miss_handlers	exact	1	1000000000
cache-borrow-mode	snapshot_build_calls	exact	0	1000000000
cache-borrow-mode	invalidation_estimate_calls	exact	0	1000000000
cache-borrow-mode	file_read_calls	exact	7	1000000000
cache-borrow-mode	file_read_bytes	exact	5681	1000000000
# operation=cache-warm-borrow-mode; input_fnv1a64=51d6402271c9dc7f; output_fnv1a64=ce7e196a1598e575; output_bytes=3858; exit=Some(0); observed_repetitions=2; counts_per_process; external_cc_calls=0
cache-warm-borrow-mode	name_insert_steps	exact	0	1000000000
cache-warm-borrow-mode	name_lookup_steps	exact	0	1000000000
cache-warm-borrow-mode	name_edge_steps	exact	0	1000000000
cache-warm-borrow-mode	cache_checksum_steps	exact	4498	1000000000
cache-warm-borrow-mode	program_parse_calls	exact	0	1000000000
cache-warm-borrow-mode	program_parse_input_bytes	exact	0	1000000000
cache-warm-borrow-mode	source_lexer_steps	exact	0	1000000000
cache-warm-borrow-mode	data_lex_calls	exact	1	1000000000
cache-warm-borrow-mode	data_lex_input_bytes	exact	159	1000000000
cache-warm-borrow-mode	declaration_index_calls	exact	0	1000000000
cache-warm-borrow-mode	declaration_index_steps	exact	0	1000000000
cache-warm-borrow-mode	checker_calls	exact	0	1000000000
cache-warm-borrow-mode	typing_calls	exact	0	1000000000
cache-warm-borrow-mode	typing_declaration_steps	exact	0	1000000000
cache-warm-borrow-mode	expression_check_calls	exact	0	1000000000
cache-warm-borrow-mode	ownership_find_calls	exact	0	1000000000
cache-warm-borrow-mode	ownership_frame_close_calls	exact	0	1000000000
cache-warm-borrow-mode	memory_plan_calls	exact	0	1000000000
cache-warm-borrow-mode	range_analysis_calls	exact	0	1000000000
cache-warm-borrow-mode	c_generation_calls	exact	0	1000000000
cache-warm-borrow-mode	c_function_emit_calls	exact	0	1000000000
cache-warm-borrow-mode	c_expression_emit_calls	exact	0	1000000000
cache-warm-borrow-mode	project_load_steps	exact	0	1000000000
cache-warm-borrow-mode	cache_requests	exact	1	1000000000
cache-warm-borrow-mode	cache_key_builds	exact	1	1000000000
cache-warm-borrow-mode	cache_probes	exact	1	1000000000
cache-warm-borrow-mode	cache_hit_handlers	exact	1	1000000000
cache-warm-borrow-mode	cache_miss_handlers	exact	0	1000000000
cache-warm-borrow-mode	snapshot_build_calls	exact	0	1000000000
cache-warm-borrow-mode	invalidation_estimate_calls	exact	0	1000000000
cache-warm-borrow-mode	file_read_calls	exact	4	1000000000
cache-warm-borrow-mode	file_read_bytes	exact	5094	1000000000
# snapshot-borrow-mode: invalidation-estimate-output="2 2 2 2\n"; these are not observed compiler operations
# operation=snapshot-borrow-mode; input_fnv1a64=f6b2181a7ca1bb3a; output_fnv1a64=04a07460c7973a37; output_bytes=8; exit=Some(0); observed_repetitions=2; counts_per_process; external_cc_calls=0
snapshot-borrow-mode	name_insert_steps	exact	64	1000000000
snapshot-borrow-mode	name_lookup_steps	exact	194	1000000000
snapshot-borrow-mode	name_edge_steps	exact	476	1000000000
snapshot-borrow-mode	cache_checksum_steps	exact	0	1000000000
snapshot-borrow-mode	program_parse_calls	exact	4	1000000000
snapshot-borrow-mode	program_parse_input_bytes	exact	858	1000000000
snapshot-borrow-mode	source_lexer_steps	exact	400	1000000000
snapshot-borrow-mode	data_lex_calls	exact	2	1000000000
snapshot-borrow-mode	data_lex_input_bytes	exact	318	1000000000
snapshot-borrow-mode	declaration_index_calls	exact	0	1000000000
snapshot-borrow-mode	declaration_index_steps	exact	0	1000000000
snapshot-borrow-mode	checker_calls	exact	0	1000000000
snapshot-borrow-mode	typing_calls	exact	0	1000000000
snapshot-borrow-mode	typing_declaration_steps	exact	0	1000000000
snapshot-borrow-mode	expression_check_calls	exact	0	1000000000
snapshot-borrow-mode	ownership_find_calls	exact	0	1000000000
snapshot-borrow-mode	ownership_frame_close_calls	exact	0	1000000000
snapshot-borrow-mode	memory_plan_calls	exact	0	1000000000
snapshot-borrow-mode	range_analysis_calls	exact	0	1000000000
snapshot-borrow-mode	c_generation_calls	exact	0	1000000000
snapshot-borrow-mode	c_function_emit_calls	exact	0	1000000000
snapshot-borrow-mode	c_expression_emit_calls	exact	0	1000000000
snapshot-borrow-mode	project_load_steps	exact	6	1000000000
snapshot-borrow-mode	cache_requests	exact	0	1000000000
snapshot-borrow-mode	cache_key_builds	exact	0	1000000000
snapshot-borrow-mode	cache_probes	exact	0	1000000000
snapshot-borrow-mode	cache_hit_handlers	exact	0	1000000000
snapshot-borrow-mode	cache_miss_handlers	exact	0	1000000000
snapshot-borrow-mode	snapshot_build_calls	exact	2	1000000000
snapshot-borrow-mode	invalidation_estimate_calls	exact	1	1000000000
snapshot-borrow-mode	file_read_calls	exact	6	1000000000
snapshot-borrow-mode	file_read_bytes	exact	1176	1000000000
# operation=clean-insertion; input_fnv1a64=95c65a92f45544e6; output_fnv1a64=8003569e5b3badb8; output_bytes=4205; exit=Some(0); observed_repetitions=2; counts_per_process; external_cc_calls=0
clean-insertion	name_insert_steps	exact	116	1000000000
clean-insertion	name_lookup_steps	exact	314	1000000000
clean-insertion	name_edge_steps	exact	688	1000000000
clean-insertion	cache_checksum_steps	exact	0	1000000000
clean-insertion	program_parse_calls	exact	3	1000000000
clean-insertion	program_parse_input_bytes	exact	933	1000000000
clean-insertion	source_lexer_steps	exact	425	1000000000
clean-insertion	data_lex_calls	exact	2	1000000000
clean-insertion	data_lex_input_bytes	exact	318	1000000000
clean-insertion	declaration_index_calls	exact	1	1000000000
clean-insertion	declaration_index_steps	exact	7	1000000000
clean-insertion	checker_calls	exact	1	1000000000
clean-insertion	typing_calls	exact	1	1000000000
clean-insertion	typing_declaration_steps	exact	7	1000000000
clean-insertion	expression_check_calls	exact	21	1000000000
clean-insertion	ownership_find_calls	exact	0	1000000000
clean-insertion	ownership_frame_close_calls	exact	0	1000000000
clean-insertion	memory_plan_calls	exact	1	1000000000
clean-insertion	range_analysis_calls	exact	1	1000000000
clean-insertion	c_generation_calls	exact	1	1000000000
clean-insertion	c_function_emit_calls	exact	5	1000000000
clean-insertion	c_expression_emit_calls	exact	12	1000000000
clean-insertion	project_load_steps	exact	3	1000000000
clean-insertion	cache_requests	exact	0	1000000000
clean-insertion	cache_key_builds	exact	0	1000000000
clean-insertion	cache_probes	exact	0	1000000000
clean-insertion	cache_hit_handlers	exact	0	1000000000
clean-insertion	cache_miss_handlers	exact	0	1000000000
clean-insertion	snapshot_build_calls	exact	0	1000000000
clean-insertion	invalidation_estimate_calls	exact	0	1000000000
clean-insertion	file_read_calls	exact	4	1000000000
clean-insertion	file_read_bytes	exact	770	1000000000
backend-insertion	external_cc_calls	exact	1	1000000000
# backend-insertion: external_cc_ns=128964083; generated_fnv1a64=8003569e5b3badb8; application_exit=0; flags=-std=c11,-O2,-Wall,-Wextra,-Werror; this backend time is separate from frontend work
# operation=cache-insertion; input_fnv1a64=48a9a2d9474680b0; output_fnv1a64=44c918539294149a; output_bytes=4876; exit=Some(0); observed_repetitions=2; counts_per_process; external_cc_calls=0
cache-insertion	name_insert_steps	exact	116	1000000000
cache-insertion	name_lookup_steps	exact	314	1000000000
cache-insertion	name_edge_steps	exact	688	1000000000
cache-insertion	cache_checksum_steps	exact	9364	1000000000
cache-insertion	program_parse_calls	exact	3	1000000000
cache-insertion	program_parse_input_bytes	exact	933	1000000000
cache-insertion	source_lexer_steps	exact	425	1000000000
cache-insertion	data_lex_calls	exact	2	1000000000
cache-insertion	data_lex_input_bytes	exact	318	1000000000
cache-insertion	declaration_index_calls	exact	1	1000000000
cache-insertion	declaration_index_steps	exact	7	1000000000
cache-insertion	checker_calls	exact	1	1000000000
cache-insertion	typing_calls	exact	1	1000000000
cache-insertion	typing_declaration_steps	exact	7	1000000000
cache-insertion	expression_check_calls	exact	21	1000000000
cache-insertion	ownership_find_calls	exact	0	1000000000
cache-insertion	ownership_frame_close_calls	exact	0	1000000000
cache-insertion	memory_plan_calls	exact	1	1000000000
cache-insertion	range_analysis_calls	exact	1	1000000000
cache-insertion	c_generation_calls	exact	1	1000000000
cache-insertion	c_function_emit_calls	exact	5	1000000000
cache-insertion	c_expression_emit_calls	exact	12	1000000000
cache-insertion	project_load_steps	exact	3	1000000000
cache-insertion	cache_requests	exact	1	1000000000
cache-insertion	cache_key_builds	exact	1	1000000000
cache-insertion	cache_probes	exact	1	1000000000
cache-insertion	cache_hit_handlers	exact	0	1000000000
cache-insertion	cache_miss_handlers	exact	1	1000000000
cache-insertion	snapshot_build_calls	exact	0	1000000000
cache-insertion	invalidation_estimate_calls	exact	0	1000000000
cache-insertion	file_read_calls	exact	7	1000000000
cache-insertion	file_read_bytes	exact	5725	1000000000
# operation=cache-warm-insertion; input_fnv1a64=4bbff5c576e8bc1a; output_fnv1a64=ff288110f922c992; output_bytes=4206; exit=Some(0); observed_repetitions=2; counts_per_process; external_cc_calls=0
cache-warm-insertion	name_insert_steps	exact	0	1000000000
cache-warm-insertion	name_lookup_steps	exact	0	1000000000
cache-warm-insertion	name_edge_steps	exact	0	1000000000
cache-warm-insertion	cache_checksum_steps	exact	4868	1000000000
cache-warm-insertion	program_parse_calls	exact	0	1000000000
cache-warm-insertion	program_parse_input_bytes	exact	0	1000000000
cache-warm-insertion	source_lexer_steps	exact	0	1000000000
cache-warm-insertion	data_lex_calls	exact	1	1000000000
cache-warm-insertion	data_lex_input_bytes	exact	159	1000000000
cache-warm-insertion	declaration_index_calls	exact	0	1000000000
cache-warm-insertion	declaration_index_steps	exact	0	1000000000
cache-warm-insertion	checker_calls	exact	0	1000000000
cache-warm-insertion	typing_calls	exact	0	1000000000
cache-warm-insertion	typing_declaration_steps	exact	0	1000000000
cache-warm-insertion	expression_check_calls	exact	0	1000000000
cache-warm-insertion	ownership_find_calls	exact	0	1000000000
cache-warm-insertion	ownership_frame_close_calls	exact	0	1000000000
cache-warm-insertion	memory_plan_calls	exact	0	1000000000
cache-warm-insertion	range_analysis_calls	exact	0	1000000000
cache-warm-insertion	c_generation_calls	exact	0	1000000000
cache-warm-insertion	c_function_emit_calls	exact	0	1000000000
cache-warm-insertion	c_expression_emit_calls	exact	0	1000000000
cache-warm-insertion	project_load_steps	exact	0	1000000000
cache-warm-insertion	cache_requests	exact	1	1000000000
cache-warm-insertion	cache_key_builds	exact	1	1000000000
cache-warm-insertion	cache_probes	exact	1	1000000000
cache-warm-insertion	cache_hit_handlers	exact	1	1000000000
cache-warm-insertion	cache_miss_handlers	exact	0	1000000000
cache-warm-insertion	snapshot_build_calls	exact	0	1000000000
cache-warm-insertion	invalidation_estimate_calls	exact	0	1000000000
cache-warm-insertion	file_read_calls	exact	4	1000000000
cache-warm-insertion	file_read_bytes	exact	5486	1000000000
# snapshot-insertion: invalidation-estimate-output="1 1 1 1\n"; these are not observed compiler operations
# operation=snapshot-insertion; input_fnv1a64=f74096a7fe3e8fe2; output_fnv1a64=74e0dd86e10d8747; output_bytes=8; exit=Some(0); observed_repetitions=2; counts_per_process; external_cc_calls=0
snapshot-insertion	name_insert_steps	exact	70	1000000000
snapshot-insertion	name_lookup_steps	exact	204	1000000000
snapshot-insertion	name_edge_steps	exact	534	1000000000
snapshot-insertion	cache_checksum_steps	exact	0	1000000000
snapshot-insertion	program_parse_calls	exact	4	1000000000
snapshot-insertion	program_parse_input_bytes	exact	880	1000000000
snapshot-insertion	source_lexer_steps	exact	414	1000000000
snapshot-insertion	data_lex_calls	exact	2	1000000000
snapshot-insertion	data_lex_input_bytes	exact	318	1000000000
snapshot-insertion	declaration_index_calls	exact	0	1000000000
snapshot-insertion	declaration_index_steps	exact	0	1000000000
snapshot-insertion	checker_calls	exact	0	1000000000
snapshot-insertion	typing_calls	exact	0	1000000000
snapshot-insertion	typing_declaration_steps	exact	0	1000000000
snapshot-insertion	expression_check_calls	exact	0	1000000000
snapshot-insertion	ownership_find_calls	exact	0	1000000000
snapshot-insertion	ownership_frame_close_calls	exact	0	1000000000
snapshot-insertion	memory_plan_calls	exact	0	1000000000
snapshot-insertion	range_analysis_calls	exact	0	1000000000
snapshot-insertion	c_generation_calls	exact	0	1000000000
snapshot-insertion	c_function_emit_calls	exact	0	1000000000
snapshot-insertion	c_expression_emit_calls	exact	0	1000000000
snapshot-insertion	project_load_steps	exact	6	1000000000
snapshot-insertion	cache_requests	exact	0	1000000000
snapshot-insertion	cache_key_builds	exact	0	1000000000
snapshot-insertion	cache_probes	exact	0	1000000000
snapshot-insertion	cache_hit_handlers	exact	0	1000000000
snapshot-insertion	cache_miss_handlers	exact	0	1000000000
snapshot-insertion	snapshot_build_calls	exact	2	1000000000
snapshot-insertion	invalidation_estimate_calls	exact	1	1000000000
snapshot-insertion	file_read_calls	exact	6	1000000000
snapshot-insertion	file_read_bytes	exact	1198	1000000000
# operation=clean-deletion; input_fnv1a64=84254b8b9c28bd42; output_fnv1a64=7f90a06c535e91f3; output_bytes=3509; exit=Some(0); observed_repetitions=2; counts_per_process; external_cc_calls=0
clean-deletion	name_insert_steps	exact	76	1000000000
clean-deletion	name_lookup_steps	exact	257	1000000000
clean-deletion	name_edge_steps	exact	490	1000000000
clean-deletion	cache_checksum_steps	exact	0	1000000000
clean-deletion	program_parse_calls	exact	3	1000000000
clean-deletion	program_parse_input_bytes	exact	821	1000000000
clean-deletion	source_lexer_steps	exact	361	1000000000
clean-deletion	data_lex_calls	exact	2	1000000000
clean-deletion	data_lex_input_bytes	exact	306	1000000000
clean-deletion	declaration_index_calls	exact	1	1000000000
clean-deletion	declaration_index_steps	exact	5	1000000000
clean-deletion	checker_calls	exact	1	1000000000
clean-deletion	typing_calls	exact	1	1000000000
clean-deletion	typing_declaration_steps	exact	5	1000000000
clean-deletion	expression_check_calls	exact	19	1000000000
clean-deletion	ownership_find_calls	exact	0	1000000000
clean-deletion	ownership_frame_close_calls	exact	0	1000000000
clean-deletion	memory_plan_calls	exact	1	1000000000
clean-deletion	range_analysis_calls	exact	1	1000000000
clean-deletion	c_generation_calls	exact	1	1000000000
clean-deletion	c_function_emit_calls	exact	3	1000000000
clean-deletion	c_expression_emit_calls	exact	10	1000000000
clean-deletion	project_load_steps	exact	3	1000000000
clean-deletion	cache_requests	exact	0	1000000000
clean-deletion	cache_key_builds	exact	0	1000000000
clean-deletion	cache_probes	exact	0	1000000000
clean-deletion	cache_hit_handlers	exact	0	1000000000
clean-deletion	cache_miss_handlers	exact	0	1000000000
clean-deletion	snapshot_build_calls	exact	0	1000000000
clean-deletion	invalidation_estimate_calls	exact	0	1000000000
clean-deletion	file_read_calls	exact	4	1000000000
clean-deletion	file_read_bytes	exact	710	1000000000
backend-deletion	external_cc_calls	exact	1	1000000000
# backend-deletion: external_cc_ns=127613000; generated_fnv1a64=7f90a06c535e91f3; application_exit=0; flags=-std=c11,-O2,-Wall,-Wextra,-Werror; this backend time is separate from frontend work
# operation=cache-deletion; input_fnv1a64=eaa59a6470583d74; output_fnv1a64=e234984404391012; output_bytes=4126; exit=Some(0); observed_repetitions=2; counts_per_process; external_cc_calls=0
cache-deletion	name_insert_steps	exact	76	1000000000
cache-deletion	name_lookup_steps	exact	257	1000000000
cache-deletion	name_edge_steps	exact	490	1000000000
cache-deletion	cache_checksum_steps	exact	8614	1000000000
cache-deletion	program_parse_calls	exact	3	1000000000
cache-deletion	program_parse_input_bytes	exact	821	1000000000
cache-deletion	source_lexer_steps	exact	361	1000000000
cache-deletion	data_lex_calls	exact	2	1000000000
cache-deletion	data_lex_input_bytes	exact	306	1000000000
cache-deletion	declaration_index_calls	exact	1	1000000000
cache-deletion	declaration_index_steps	exact	5	1000000000
cache-deletion	checker_calls	exact	1	1000000000
cache-deletion	typing_calls	exact	1	1000000000
cache-deletion	typing_declaration_steps	exact	5	1000000000
cache-deletion	expression_check_calls	exact	19	1000000000
cache-deletion	ownership_find_calls	exact	0	1000000000
cache-deletion	ownership_frame_close_calls	exact	0	1000000000
cache-deletion	memory_plan_calls	exact	1	1000000000
cache-deletion	range_analysis_calls	exact	1	1000000000
cache-deletion	c_generation_calls	exact	1	1000000000
cache-deletion	c_function_emit_calls	exact	3	1000000000
cache-deletion	c_expression_emit_calls	exact	10	1000000000
cache-deletion	project_load_steps	exact	3	1000000000
cache-deletion	cache_requests	exact	1	1000000000
cache-deletion	cache_key_builds	exact	1	1000000000
cache-deletion	cache_probes	exact	1	1000000000
cache-deletion	cache_hit_handlers	exact	0	1000000000
cache-deletion	cache_miss_handlers	exact	1	1000000000
cache-deletion	snapshot_build_calls	exact	0	1000000000
cache-deletion	invalidation_estimate_calls	exact	0	1000000000
cache-deletion	file_read_calls	exact	7	1000000000
cache-deletion	file_read_bytes	exact	5617	1000000000
# operation=cache-warm-deletion; input_fnv1a64=b9a2f487e75d3651; output_fnv1a64=b6160c1fcd64f5e5; output_bytes=3510; exit=Some(0); observed_repetitions=2; counts_per_process; external_cc_calls=0
cache-warm-deletion	name_insert_steps	exact	0	1000000000
cache-warm-deletion	name_lookup_steps	exact	0	1000000000
cache-warm-deletion	name_edge_steps	exact	0	1000000000
cache-warm-deletion	cache_checksum_steps	exact	4118	1000000000
cache-warm-deletion	program_parse_calls	exact	0	1000000000
cache-warm-deletion	program_parse_input_bytes	exact	0	1000000000
cache-warm-deletion	source_lexer_steps	exact	0	1000000000
cache-warm-deletion	data_lex_calls	exact	1	1000000000
cache-warm-deletion	data_lex_input_bytes	exact	153	1000000000
cache-warm-deletion	declaration_index_calls	exact	0	1000000000
cache-warm-deletion	declaration_index_steps	exact	0	1000000000
cache-warm-deletion	checker_calls	exact	0	1000000000
cache-warm-deletion	typing_calls	exact	0	1000000000
cache-warm-deletion	typing_declaration_steps	exact	0	1000000000
cache-warm-deletion	expression_check_calls	exact	0	1000000000
cache-warm-deletion	ownership_find_calls	exact	0	1000000000
cache-warm-deletion	ownership_frame_close_calls	exact	0	1000000000
cache-warm-deletion	memory_plan_calls	exact	0	1000000000
cache-warm-deletion	range_analysis_calls	exact	0	1000000000
cache-warm-deletion	c_generation_calls	exact	0	1000000000
cache-warm-deletion	c_function_emit_calls	exact	0	1000000000
cache-warm-deletion	c_expression_emit_calls	exact	0	1000000000
cache-warm-deletion	project_load_steps	exact	0	1000000000
cache-warm-deletion	cache_requests	exact	1	1000000000
cache-warm-deletion	cache_key_builds	exact	1	1000000000
cache-warm-deletion	cache_probes	exact	1	1000000000
cache-warm-deletion	cache_hit_handlers	exact	1	1000000000
cache-warm-deletion	cache_miss_handlers	exact	0	1000000000
cache-warm-deletion	snapshot_build_calls	exact	0	1000000000
cache-warm-deletion	invalidation_estimate_calls	exact	0	1000000000
cache-warm-deletion	file_read_calls	exact	4	1000000000
cache-warm-deletion	file_read_bytes	exact	4682	1000000000
# snapshot-deletion: invalidation-estimate-output="0 0 0 0\n"; these are not observed compiler operations
# operation=snapshot-deletion; input_fnv1a64=85a31b752b903fb6; output_fnv1a64=340fb68984020517; output_bytes=8; exit=Some(0); observed_repetitions=2; counts_per_process; external_cc_calls=0
snapshot-deletion	name_insert_steps	exact	58	1000000000
snapshot-deletion	name_lookup_steps	exact	183	1000000000
snapshot-deletion	name_edge_steps	exact	428	1000000000
snapshot-deletion	cache_checksum_steps	exact	0	1000000000
snapshot-deletion	program_parse_calls	exact	4	1000000000
snapshot-deletion	program_parse_input_bytes	exact	832	1000000000
snapshot-deletion	source_lexer_steps	exact	382	1000000000
snapshot-deletion	data_lex_calls	exact	2	1000000000
snapshot-deletion	data_lex_input_bytes	exact	312	1000000000
snapshot-deletion	declaration_index_calls	exact	0	1000000000
snapshot-deletion	declaration_index_steps	exact	0	1000000000
snapshot-deletion	checker_calls	exact	0	1000000000
snapshot-deletion	typing_calls	exact	0	1000000000
snapshot-deletion	typing_declaration_steps	exact	0	1000000000
snapshot-deletion	expression_check_calls	exact	0	1000000000
snapshot-deletion	ownership_find_calls	exact	0	1000000000
snapshot-deletion	ownership_frame_close_calls	exact	0	1000000000
snapshot-deletion	memory_plan_calls	exact	0	1000000000
snapshot-deletion	range_analysis_calls	exact	0	1000000000
snapshot-deletion	c_generation_calls	exact	0	1000000000
snapshot-deletion	c_function_emit_calls	exact	0	1000000000
snapshot-deletion	c_expression_emit_calls	exact	0	1000000000
snapshot-deletion	project_load_steps	exact	6	1000000000
snapshot-deletion	cache_requests	exact	0	1000000000
snapshot-deletion	cache_key_builds	exact	0	1000000000
snapshot-deletion	cache_probes	exact	0	1000000000
snapshot-deletion	cache_hit_handlers	exact	0	1000000000
snapshot-deletion	cache_miss_handlers	exact	0	1000000000
snapshot-deletion	snapshot_build_calls	exact	2	1000000000
snapshot-deletion	invalidation_estimate_calls	exact	1	1000000000
snapshot-deletion	file_read_calls	exact	6	1000000000
snapshot-deletion	file_read_bytes	exact	1144	1000000000
# operation=clean-rename; input_fnv1a64=83721954dc0c9689; output_fnv1a64=9f82f59928f56a53; output_bytes=3869; exit=Some(0); observed_repetitions=2; counts_per_process; external_cc_calls=0
clean-rename	name_insert_steps	exact	100	1000000000
clean-rename	name_lookup_steps	exact	292	1000000000
clean-rename	name_edge_steps	exact	593	1000000000
clean-rename	cache_checksum_steps	exact	0	1000000000
clean-rename	program_parse_calls	exact	3	1000000000
clean-rename	program_parse_input_bytes	exact	889	1000000000
clean-rename	source_lexer_steps	exact	393	1000000000
clean-rename	data_lex_calls	exact	2	1000000000
clean-rename	data_lex_input_bytes	exact	322	1000000000
clean-rename	declaration_index_calls	exact	1	1000000000
clean-rename	declaration_index_steps	exact	6	1000000000
clean-rename	checker_calls	exact	1	1000000000
clean-rename	typing_calls	exact	1	1000000000
clean-rename	typing_declaration_steps	exact	6	1000000000
clean-rename	expression_check_calls	exact	20	1000000000
clean-rename	ownership_find_calls	exact	0	1000000000
clean-rename	ownership_frame_close_calls	exact	0	1000000000
clean-rename	memory_plan_calls	exact	1	1000000000
clean-rename	range_analysis_calls	exact	1	1000000000
clean-rename	c_generation_calls	exact	1	1000000000
clean-rename	c_function_emit_calls	exact	4	1000000000
clean-rename	c_expression_emit_calls	exact	11	1000000000
clean-rename	project_load_steps	exact	3	1000000000
clean-rename	cache_requests	exact	0	1000000000
clean-rename	cache_key_builds	exact	0	1000000000
clean-rename	cache_probes	exact	0	1000000000
clean-rename	cache_hit_handlers	exact	0	1000000000
clean-rename	cache_miss_handlers	exact	0	1000000000
clean-rename	snapshot_build_calls	exact	0	1000000000
clean-rename	invalidation_estimate_calls	exact	0	1000000000
clean-rename	file_read_calls	exact	4	1000000000
clean-rename	file_read_bytes	exact	756	1000000000
backend-rename	external_cc_calls	exact	1	1000000000
# backend-rename: external_cc_ns=153014167; generated_fnv1a64=9f82f59928f56a53; application_exit=0; flags=-std=c11,-O2,-Wall,-Wextra,-Werror; this backend time is separate from frontend work
# operation=cache-rename; input_fnv1a64=be56256f2d8276cb; output_fnv1a64=29ad64049668d0c5; output_bytes=4524; exit=Some(0); observed_repetitions=2; counts_per_process; external_cc_calls=0
cache-rename	name_insert_steps	exact	100	1000000000
cache-rename	name_lookup_steps	exact	292	1000000000
cache-rename	name_edge_steps	exact	593	1000000000
cache-rename	cache_checksum_steps	exact	9012	1000000000
cache-rename	program_parse_calls	exact	3	1000000000
cache-rename	program_parse_input_bytes	exact	889	1000000000
cache-rename	source_lexer_steps	exact	393	1000000000
cache-rename	data_lex_calls	exact	2	1000000000
cache-rename	data_lex_input_bytes	exact	322	1000000000
cache-rename	declaration_index_calls	exact	1	1000000000
cache-rename	declaration_index_steps	exact	6	1000000000
cache-rename	checker_calls	exact	1	1000000000
cache-rename	typing_calls	exact	1	1000000000
cache-rename	typing_declaration_steps	exact	6	1000000000
cache-rename	expression_check_calls	exact	20	1000000000
cache-rename	ownership_find_calls	exact	0	1000000000
cache-rename	ownership_frame_close_calls	exact	0	1000000000
cache-rename	memory_plan_calls	exact	1	1000000000
cache-rename	range_analysis_calls	exact	1	1000000000
cache-rename	c_generation_calls	exact	1	1000000000
cache-rename	c_function_emit_calls	exact	4	1000000000
cache-rename	c_expression_emit_calls	exact	11	1000000000
cache-rename	project_load_steps	exact	3	1000000000
cache-rename	cache_requests	exact	1	1000000000
cache-rename	cache_key_builds	exact	1	1000000000
cache-rename	cache_probes	exact	1	1000000000
cache-rename	cache_hit_handlers	exact	0	1000000000
cache-rename	cache_miss_handlers	exact	1	1000000000
cache-rename	snapshot_build_calls	exact	0	1000000000
cache-rename	invalidation_estimate_calls	exact	0	1000000000
cache-rename	file_read_calls	exact	7	1000000000
cache-rename	file_read_bytes	exact	5693	1000000000
# operation=cache-warm-rename; input_fnv1a64=f515cf8f63472fc7; output_fnv1a64=d4d9539a637a3ee9; output_bytes=3870; exit=Some(0); observed_repetitions=2; counts_per_process; external_cc_calls=0
cache-warm-rename	name_insert_steps	exact	0	1000000000
cache-warm-rename	name_lookup_steps	exact	0	1000000000
cache-warm-rename	name_edge_steps	exact	0	1000000000
cache-warm-rename	cache_checksum_steps	exact	4516	1000000000
cache-warm-rename	program_parse_calls	exact	0	1000000000
cache-warm-rename	program_parse_input_bytes	exact	0	1000000000
cache-warm-rename	source_lexer_steps	exact	0	1000000000
cache-warm-rename	data_lex_calls	exact	1	1000000000
cache-warm-rename	data_lex_input_bytes	exact	161	1000000000
cache-warm-rename	declaration_index_calls	exact	0	1000000000
cache-warm-rename	declaration_index_steps	exact	0	1000000000
cache-warm-rename	checker_calls	exact	0	1000000000
cache-warm-rename	typing_calls	exact	0	1000000000
cache-warm-rename	typing_declaration_steps	exact	0	1000000000
cache-warm-rename	expression_check_calls	exact	0	1000000000
cache-warm-rename	ownership_find_calls	exact	0	1000000000
cache-warm-rename	ownership_frame_close_calls	exact	0	1000000000
cache-warm-rename	memory_plan_calls	exact	0	1000000000
cache-warm-rename	range_analysis_calls	exact	0	1000000000
cache-warm-rename	c_generation_calls	exact	0	1000000000
cache-warm-rename	c_function_emit_calls	exact	0	1000000000
cache-warm-rename	c_expression_emit_calls	exact	0	1000000000
cache-warm-rename	project_load_steps	exact	0	1000000000
cache-warm-rename	cache_requests	exact	1	1000000000
cache-warm-rename	cache_key_builds	exact	1	1000000000
cache-warm-rename	cache_probes	exact	1	1000000000
cache-warm-rename	cache_hit_handlers	exact	1	1000000000
cache-warm-rename	cache_miss_handlers	exact	0	1000000000
cache-warm-rename	snapshot_build_calls	exact	0	1000000000
cache-warm-rename	invalidation_estimate_calls	exact	0	1000000000
cache-warm-rename	file_read_calls	exact	4	1000000000
cache-warm-rename	file_read_bytes	exact	5118	1000000000
# snapshot-rename: invalidation-estimate-output="2 2 2 2\n"; these are not observed compiler operations
# operation=snapshot-rename; input_fnv1a64=a41be6539c51c5a5; output_fnv1a64=04a07460c7973a37; output_bytes=8; exit=Some(0); observed_repetitions=2; counts_per_process; external_cc_calls=0
snapshot-rename	name_insert_steps	exact	66	1000000000
snapshot-rename	name_lookup_steps	exact	196	1000000000
snapshot-rename	name_edge_steps	exact	480	1000000000
snapshot-rename	cache_checksum_steps	exact	0	1000000000
snapshot-rename	program_parse_calls	exact	4	1000000000
snapshot-rename	program_parse_input_bytes	exact	862	1000000000
snapshot-rename	source_lexer_steps	exact	398	1000000000
snapshot-rename	data_lex_calls	exact	2	1000000000
snapshot-rename	data_lex_input_bytes	exact	320	1000000000
snapshot-rename	declaration_index_calls	exact	0	1000000000
snapshot-rename	declaration_index_steps	exact	0	1000000000
snapshot-rename	checker_calls	exact	0	1000000000
snapshot-rename	typing_calls	exact	0	1000000000
snapshot-rename	typing_declaration_steps	exact	0	1000000000
snapshot-rename	expression_check_calls	exact	0	1000000000
snapshot-rename	ownership_find_calls	exact	0	1000000000
snapshot-rename	ownership_frame_close_calls	exact	0	1000000000
snapshot-rename	memory_plan_calls	exact	0	1000000000
snapshot-rename	range_analysis_calls	exact	0	1000000000
snapshot-rename	c_generation_calls	exact	0	1000000000
snapshot-rename	c_function_emit_calls	exact	0	1000000000
snapshot-rename	c_expression_emit_calls	exact	0	1000000000
snapshot-rename	project_load_steps	exact	6	1000000000
snapshot-rename	cache_requests	exact	0	1000000000
snapshot-rename	cache_key_builds	exact	0	1000000000
snapshot-rename	cache_probes	exact	0	1000000000
snapshot-rename	cache_hit_handlers	exact	0	1000000000
snapshot-rename	cache_miss_handlers	exact	0	1000000000
snapshot-rename	snapshot_build_calls	exact	2	1000000000
snapshot-rename	invalidation_estimate_calls	exact	1	1000000000
snapshot-rename	file_read_calls	exact	6	1000000000
snapshot-rename	file_read_bytes	exact	1182	1000000000
# operation=clean-reordering; input_fnv1a64=ace731408133ed9c; output_fnv1a64=6c36955552c31527; output_bytes=3857; exit=Some(0); observed_repetitions=2; counts_per_process; external_cc_calls=0
clean-reordering	name_insert_steps	exact	96	1000000000
clean-reordering	name_lookup_steps	exact	286	1000000000
clean-reordering	name_edge_steps	exact	582	1000000000
clean-reordering	cache_checksum_steps	exact	0	1000000000
clean-reordering	program_parse_calls	exact	3	1000000000
clean-reordering	program_parse_input_bytes	exact	877	1000000000
clean-reordering	source_lexer_steps	exact	393	1000000000
clean-reordering	data_lex_calls	exact	2	1000000000
clean-reordering	data_lex_input_bytes	exact	318	1000000000
clean-reordering	declaration_index_calls	exact	1	1000000000
clean-reordering	declaration_index_steps	exact	6	1000000000
clean-reordering	checker_calls	exact	1	1000000000
clean-reordering	typing_calls	exact	1	1000000000
clean-reordering	typing_declaration_steps	exact	6	1000000000
clean-reordering	expression_check_calls	exact	20	1000000000
clean-reordering	ownership_find_calls	exact	0	1000000000
clean-reordering	ownership_frame_close_calls	exact	0	1000000000
clean-reordering	memory_plan_calls	exact	1	1000000000
clean-reordering	range_analysis_calls	exact	1	1000000000
clean-reordering	c_generation_calls	exact	1	1000000000
clean-reordering	c_function_emit_calls	exact	4	1000000000
clean-reordering	c_expression_emit_calls	exact	11	1000000000
clean-reordering	project_load_steps	exact	3	1000000000
clean-reordering	cache_requests	exact	0	1000000000
clean-reordering	cache_key_builds	exact	0	1000000000
clean-reordering	cache_probes	exact	0	1000000000
clean-reordering	cache_hit_handlers	exact	0	1000000000
clean-reordering	cache_miss_handlers	exact	0	1000000000
clean-reordering	snapshot_build_calls	exact	0	1000000000
clean-reordering	invalidation_estimate_calls	exact	0	1000000000
clean-reordering	file_read_calls	exact	4	1000000000
clean-reordering	file_read_bytes	exact	746	1000000000
backend-reordering	external_cc_calls	exact	1	1000000000
# backend-reordering: external_cc_ns=133827667; generated_fnv1a64=6c36955552c31527; application_exit=0; flags=-std=c11,-O2,-Wall,-Wextra,-Werror; this backend time is separate from frontend work
# operation=cache-reordering; input_fnv1a64=19972b437fe5c206; output_fnv1a64=42aa920ec6ff095a; output_bytes=4504; exit=Some(0); observed_repetitions=2; counts_per_process; external_cc_calls=0
cache-reordering	name_insert_steps	exact	96	1000000000
cache-reordering	name_lookup_steps	exact	286	1000000000
cache-reordering	name_edge_steps	exact	582	1000000000
cache-reordering	cache_checksum_steps	exact	8992	1000000000
cache-reordering	program_parse_calls	exact	3	1000000000
cache-reordering	program_parse_input_bytes	exact	877	1000000000
cache-reordering	source_lexer_steps	exact	393	1000000000
cache-reordering	data_lex_calls	exact	2	1000000000
cache-reordering	data_lex_input_bytes	exact	318	1000000000
cache-reordering	declaration_index_calls	exact	1	1000000000
cache-reordering	declaration_index_steps	exact	6	1000000000
cache-reordering	checker_calls	exact	1	1000000000
cache-reordering	typing_calls	exact	1	1000000000
cache-reordering	typing_declaration_steps	exact	6	1000000000
cache-reordering	expression_check_calls	exact	20	1000000000
cache-reordering	ownership_find_calls	exact	0	1000000000
cache-reordering	ownership_frame_close_calls	exact	0	1000000000
cache-reordering	memory_plan_calls	exact	1	1000000000
cache-reordering	range_analysis_calls	exact	1	1000000000
cache-reordering	c_generation_calls	exact	1	1000000000
cache-reordering	c_function_emit_calls	exact	4	1000000000
cache-reordering	c_expression_emit_calls	exact	11	1000000000
cache-reordering	project_load_steps	exact	3	1000000000
cache-reordering	cache_requests	exact	1	1000000000
cache-reordering	cache_key_builds	exact	1	1000000000
cache-reordering	cache_probes	exact	1	1000000000
cache-reordering	cache_hit_handlers	exact	0	1000000000
cache-reordering	cache_miss_handlers	exact	1	1000000000
cache-reordering	snapshot_build_calls	exact	0	1000000000
cache-reordering	invalidation_estimate_calls	exact	0	1000000000
cache-reordering	file_read_calls	exact	7	1000000000
cache-reordering	file_read_bytes	exact	5677	1000000000
# operation=cache-warm-reordering; input_fnv1a64=3e50f1c2c86084e6; output_fnv1a64=d59c9430b99a96ed; output_bytes=3858; exit=Some(0); observed_repetitions=2; counts_per_process; external_cc_calls=0
cache-warm-reordering	name_insert_steps	exact	0	1000000000
cache-warm-reordering	name_lookup_steps	exact	0	1000000000
cache-warm-reordering	name_edge_steps	exact	0	1000000000
cache-warm-reordering	cache_checksum_steps	exact	4496	1000000000
cache-warm-reordering	program_parse_calls	exact	0	1000000000
cache-warm-reordering	program_parse_input_bytes	exact	0	1000000000
cache-warm-reordering	source_lexer_steps	exact	0	1000000000
cache-warm-reordering	data_lex_calls	exact	1	1000000000
cache-warm-reordering	data_lex_input_bytes	exact	159	1000000000
cache-warm-reordering	declaration_index_calls	exact	0	1000000000
cache-warm-reordering	declaration_index_steps	exact	0	1000000000
cache-warm-reordering	checker_calls	exact	0	1000000000
cache-warm-reordering	typing_calls	exact	0	1000000000
cache-warm-reordering	typing_declaration_steps	exact	0	1000000000
cache-warm-reordering	expression_check_calls	exact	0	1000000000
cache-warm-reordering	ownership_find_calls	exact	0	1000000000
cache-warm-reordering	ownership_frame_close_calls	exact	0	1000000000
cache-warm-reordering	memory_plan_calls	exact	0	1000000000
cache-warm-reordering	range_analysis_calls	exact	0	1000000000
cache-warm-reordering	c_generation_calls	exact	0	1000000000
cache-warm-reordering	c_function_emit_calls	exact	0	1000000000
cache-warm-reordering	c_expression_emit_calls	exact	0	1000000000
cache-warm-reordering	project_load_steps	exact	0	1000000000
cache-warm-reordering	cache_requests	exact	1	1000000000
cache-warm-reordering	cache_key_builds	exact	1	1000000000
cache-warm-reordering	cache_probes	exact	1	1000000000
cache-warm-reordering	cache_hit_handlers	exact	1	1000000000
cache-warm-reordering	cache_miss_handlers	exact	0	1000000000
cache-warm-reordering	snapshot_build_calls	exact	0	1000000000
cache-warm-reordering	invalidation_estimate_calls	exact	0	1000000000
cache-warm-reordering	file_read_calls	exact	4	1000000000
cache-warm-reordering	file_read_bytes	exact	5090	1000000000
# snapshot-reordering: invalidation-estimate-output="0 0 0 0\n"; these are not observed compiler operations
# operation=snapshot-reordering; input_fnv1a64=38bc992061007918; output_fnv1a64=340fb68984020517; output_bytes=8; exit=Some(0); observed_repetitions=2; counts_per_process; external_cc_calls=0
snapshot-reordering	name_insert_steps	exact	64	1000000000
snapshot-reordering	name_lookup_steps	exact	194	1000000000
snapshot-reordering	name_edge_steps	exact	479	1000000000
snapshot-reordering	cache_checksum_steps	exact	0	1000000000
snapshot-reordering	program_parse_calls	exact	4	1000000000
snapshot-reordering	program_parse_input_bytes	exact	856	1000000000
snapshot-reordering	source_lexer_steps	exact	398	1000000000
snapshot-reordering	data_lex_calls	exact	2	1000000000
snapshot-reordering	data_lex_input_bytes	exact	318	1000000000
snapshot-reordering	declaration_index_calls	exact	0	1000000000
snapshot-reordering	declaration_index_steps	exact	0	1000000000
snapshot-reordering	checker_calls	exact	0	1000000000
snapshot-reordering	typing_calls	exact	0	1000000000
snapshot-reordering	typing_declaration_steps	exact	0	1000000000
snapshot-reordering	expression_check_calls	exact	0	1000000000
snapshot-reordering	ownership_find_calls	exact	0	1000000000
snapshot-reordering	ownership_frame_close_calls	exact	0	1000000000
snapshot-reordering	memory_plan_calls	exact	0	1000000000
snapshot-reordering	range_analysis_calls	exact	0	1000000000
snapshot-reordering	c_generation_calls	exact	0	1000000000
snapshot-reordering	c_function_emit_calls	exact	0	1000000000
snapshot-reordering	c_expression_emit_calls	exact	0	1000000000
snapshot-reordering	project_load_steps	exact	6	1000000000
snapshot-reordering	cache_requests	exact	0	1000000000
snapshot-reordering	cache_key_builds	exact	0	1000000000
snapshot-reordering	cache_probes	exact	0	1000000000
snapshot-reordering	cache_hit_handlers	exact	0	1000000000
snapshot-reordering	cache_miss_handlers	exact	0	1000000000
snapshot-reordering	snapshot_build_calls	exact	2	1000000000
snapshot-reordering	invalidation_estimate_calls	exact	1	1000000000
snapshot-reordering	file_read_calls	exact	6	1000000000
snapshot-reordering	file_read_bytes	exact	1174	1000000000
# operation=clean-relocated; input_fnv1a64=dd996ef60ee734c3; output_fnv1a64=c9f09fca4b7759bf; output_bytes=3857; exit=Some(0); observed_repetitions=2; counts_per_process; external_cc_calls=0
clean-relocated	name_insert_steps	exact	96	1000000000
clean-relocated	name_lookup_steps	exact	286	1000000000
clean-relocated	name_edge_steps	exact	583	1000000000
clean-relocated	cache_checksum_steps	exact	0	1000000000
clean-relocated	program_parse_calls	exact	3	1000000000
clean-relocated	program_parse_input_bytes	exact	877	1000000000
clean-relocated	source_lexer_steps	exact	393	1000000000
clean-relocated	data_lex_calls	exact	2	1000000000
clean-relocated	data_lex_input_bytes	exact	318	1000000000
clean-relocated	declaration_index_calls	exact	1	1000000000
clean-relocated	declaration_index_steps	exact	6	1000000000
clean-relocated	checker_calls	exact	1	1000000000
clean-relocated	typing_calls	exact	1	1000000000
clean-relocated	typing_declaration_steps	exact	6	1000000000
clean-relocated	expression_check_calls	exact	20	1000000000
clean-relocated	ownership_find_calls	exact	0	1000000000
clean-relocated	ownership_frame_close_calls	exact	0	1000000000
clean-relocated	memory_plan_calls	exact	1	1000000000
clean-relocated	range_analysis_calls	exact	1	1000000000
clean-relocated	c_generation_calls	exact	1	1000000000
clean-relocated	c_function_emit_calls	exact	4	1000000000
clean-relocated	c_expression_emit_calls	exact	11	1000000000
clean-relocated	project_load_steps	exact	3	1000000000
clean-relocated	cache_requests	exact	0	1000000000
clean-relocated	cache_key_builds	exact	0	1000000000
clean-relocated	cache_probes	exact	0	1000000000
clean-relocated	cache_hit_handlers	exact	0	1000000000
clean-relocated	cache_miss_handlers	exact	0	1000000000
clean-relocated	snapshot_build_calls	exact	0	1000000000
clean-relocated	invalidation_estimate_calls	exact	0	1000000000
clean-relocated	file_read_calls	exact	4	1000000000
clean-relocated	file_read_bytes	exact	746	1000000000
# operation=cache-relocated; input_fnv1a64=2cefbaaf1211a8fd; output_fnv1a64=ce7e196a1598e575; output_bytes=3858; exit=Some(0); observed_repetitions=2; counts_per_process; external_cc_calls=0
cache-relocated	name_insert_steps	exact	0	1000000000
cache-relocated	name_lookup_steps	exact	0	1000000000
cache-relocated	name_edge_steps	exact	0	1000000000
cache-relocated	cache_checksum_steps	exact	4496	1000000000
cache-relocated	program_parse_calls	exact	0	1000000000
cache-relocated	program_parse_input_bytes	exact	0	1000000000
cache-relocated	source_lexer_steps	exact	0	1000000000
cache-relocated	data_lex_calls	exact	1	1000000000
cache-relocated	data_lex_input_bytes	exact	159	1000000000
cache-relocated	declaration_index_calls	exact	0	1000000000
cache-relocated	declaration_index_steps	exact	0	1000000000
cache-relocated	checker_calls	exact	0	1000000000
cache-relocated	typing_calls	exact	0	1000000000
cache-relocated	typing_declaration_steps	exact	0	1000000000
cache-relocated	expression_check_calls	exact	0	1000000000
cache-relocated	ownership_find_calls	exact	0	1000000000
cache-relocated	ownership_frame_close_calls	exact	0	1000000000
cache-relocated	memory_plan_calls	exact	0	1000000000
cache-relocated	range_analysis_calls	exact	0	1000000000
cache-relocated	c_generation_calls	exact	0	1000000000
cache-relocated	c_function_emit_calls	exact	0	1000000000
cache-relocated	c_expression_emit_calls	exact	0	1000000000
cache-relocated	project_load_steps	exact	0	1000000000
cache-relocated	cache_requests	exact	1	1000000000
cache-relocated	cache_key_builds	exact	1	1000000000
cache-relocated	cache_probes	exact	1	1000000000
cache-relocated	cache_hit_handlers	exact	1	1000000000
cache-relocated	cache_miss_handlers	exact	0	1000000000
cache-relocated	snapshot_build_calls	exact	0	1000000000
cache-relocated	invalidation_estimate_calls	exact	0	1000000000
cache-relocated	file_read_calls	exact	4	1000000000
cache-relocated	file_read_bytes	exact	5090	1000000000
# operation=clean-invalid-syntax; input_fnv1a64=5c29a543f44d5f2a; output_fnv1a64=7700c2c67366ec9e; output_bytes=16; exit=Some(1); observed_repetitions=2; counts_per_process; external_cc_calls=0
clean-invalid-syntax	name_insert_steps	exact	0	1000000000
clean-invalid-syntax	name_lookup_steps	exact	0	1000000000
clean-invalid-syntax	name_edge_steps	exact	0	1000000000
clean-invalid-syntax	cache_checksum_steps	exact	0	1000000000
clean-invalid-syntax	program_parse_calls	exact	1	1000000000
clean-invalid-syntax	program_parse_input_bytes	exact	22	1000000000
clean-invalid-syntax	source_lexer_steps	exact	10	1000000000
clean-invalid-syntax	data_lex_calls	exact	2	1000000000
clean-invalid-syntax	data_lex_input_bytes	exact	318	1000000000
clean-invalid-syntax	declaration_index_calls	exact	0	1000000000
clean-invalid-syntax	declaration_index_steps	exact	0	1000000000
clean-invalid-syntax	checker_calls	exact	0	1000000000
clean-invalid-syntax	typing_calls	exact	0	1000000000
clean-invalid-syntax	typing_declaration_steps	exact	0	1000000000
clean-invalid-syntax	expression_check_calls	exact	0	1000000000
clean-invalid-syntax	ownership_find_calls	exact	0	1000000000
clean-invalid-syntax	ownership_frame_close_calls	exact	0	1000000000
clean-invalid-syntax	memory_plan_calls	exact	0	1000000000
clean-invalid-syntax	range_analysis_calls	exact	0	1000000000
clean-invalid-syntax	c_generation_calls	exact	0	1000000000
clean-invalid-syntax	c_function_emit_calls	exact	0	1000000000
clean-invalid-syntax	c_expression_emit_calls	exact	0	1000000000
clean-invalid-syntax	project_load_steps	exact	1	1000000000
clean-invalid-syntax	cache_requests	exact	0	1000000000
clean-invalid-syntax	cache_key_builds	exact	0	1000000000
clean-invalid-syntax	cache_probes	exact	0	1000000000
clean-invalid-syntax	cache_hit_handlers	exact	0	1000000000
clean-invalid-syntax	cache_miss_handlers	exact	0	1000000000
clean-invalid-syntax	snapshot_build_calls	exact	0	1000000000
clean-invalid-syntax	invalidation_estimate_calls	exact	0	1000000000
clean-invalid-syntax	file_read_calls	exact	3	1000000000
clean-invalid-syntax	file_read_bytes	exact	340	1000000000
# operation=cache-invalid-syntax; input_fnv1a64=91f93899ca7bc72c; output_fnv1a64=7700c2c67366ec9e; output_bytes=16; exit=Some(1); observed_repetitions=2; counts_per_process; external_cc_calls=0
cache-invalid-syntax	name_insert_steps	exact	0	1000000000
cache-invalid-syntax	name_lookup_steps	exact	0	1000000000
cache-invalid-syntax	name_edge_steps	exact	0	1000000000
cache-invalid-syntax	cache_checksum_steps	exact	4496	1000000000
cache-invalid-syntax	program_parse_calls	exact	1	1000000000
cache-invalid-syntax	program_parse_input_bytes	exact	22	1000000000
cache-invalid-syntax	source_lexer_steps	exact	10	1000000000
cache-invalid-syntax	data_lex_calls	exact	2	1000000000
cache-invalid-syntax	data_lex_input_bytes	exact	318	1000000000
cache-invalid-syntax	declaration_index_calls	exact	0	1000000000
cache-invalid-syntax	declaration_index_steps	exact	0	1000000000
cache-invalid-syntax	checker_calls	exact	0	1000000000
cache-invalid-syntax	typing_calls	exact	0	1000000000
cache-invalid-syntax	typing_declaration_steps	exact	0	1000000000
cache-invalid-syntax	expression_check_calls	exact	0	1000000000
cache-invalid-syntax	ownership_find_calls	exact	0	1000000000
cache-invalid-syntax	ownership_frame_close_calls	exact	0	1000000000
cache-invalid-syntax	memory_plan_calls	exact	0	1000000000
cache-invalid-syntax	range_analysis_calls	exact	0	1000000000
cache-invalid-syntax	c_generation_calls	exact	0	1000000000
cache-invalid-syntax	c_function_emit_calls	exact	0	1000000000
cache-invalid-syntax	c_expression_emit_calls	exact	0	1000000000
cache-invalid-syntax	project_load_steps	exact	1	1000000000
cache-invalid-syntax	cache_requests	exact	1	1000000000
cache-invalid-syntax	cache_key_builds	exact	1	1000000000
cache-invalid-syntax	cache_probes	exact	1	1000000000
cache-invalid-syntax	cache_hit_handlers	exact	0	1000000000
cache-invalid-syntax	cache_miss_handlers	exact	1	1000000000
cache-invalid-syntax	snapshot_build_calls	exact	0	1000000000
cache-invalid-syntax	invalidation_estimate_calls	exact	0	1000000000
cache-invalid-syntax	file_read_calls	exact	6	1000000000
cache-invalid-syntax	file_read_bytes	exact	5043	1000000000
# operation=cache-recovered-invalid-syntax; input_fnv1a64=a81e58c0e19d54f5; output_fnv1a64=ce7e196a1598e575; output_bytes=3858; exit=Some(0); observed_repetitions=2; counts_per_process; external_cc_calls=0
cache-recovered-invalid-syntax	name_insert_steps	exact	0	1000000000
cache-recovered-invalid-syntax	name_lookup_steps	exact	0	1000000000
cache-recovered-invalid-syntax	name_edge_steps	exact	0	1000000000
cache-recovered-invalid-syntax	cache_checksum_steps	exact	4496	1000000000
cache-recovered-invalid-syntax	program_parse_calls	exact	0	1000000000
cache-recovered-invalid-syntax	program_parse_input_bytes	exact	0	1000000000
cache-recovered-invalid-syntax	source_lexer_steps	exact	0	1000000000
cache-recovered-invalid-syntax	data_lex_calls	exact	1	1000000000
cache-recovered-invalid-syntax	data_lex_input_bytes	exact	159	1000000000
cache-recovered-invalid-syntax	declaration_index_calls	exact	0	1000000000
cache-recovered-invalid-syntax	declaration_index_steps	exact	0	1000000000
cache-recovered-invalid-syntax	checker_calls	exact	0	1000000000
cache-recovered-invalid-syntax	typing_calls	exact	0	1000000000
cache-recovered-invalid-syntax	typing_declaration_steps	exact	0	1000000000
cache-recovered-invalid-syntax	expression_check_calls	exact	0	1000000000
cache-recovered-invalid-syntax	ownership_find_calls	exact	0	1000000000
cache-recovered-invalid-syntax	ownership_frame_close_calls	exact	0	1000000000
cache-recovered-invalid-syntax	memory_plan_calls	exact	0	1000000000
cache-recovered-invalid-syntax	range_analysis_calls	exact	0	1000000000
cache-recovered-invalid-syntax	c_generation_calls	exact	0	1000000000
cache-recovered-invalid-syntax	c_function_emit_calls	exact	0	1000000000
cache-recovered-invalid-syntax	c_expression_emit_calls	exact	0	1000000000
cache-recovered-invalid-syntax	project_load_steps	exact	0	1000000000
cache-recovered-invalid-syntax	cache_requests	exact	1	1000000000
cache-recovered-invalid-syntax	cache_key_builds	exact	1	1000000000
cache-recovered-invalid-syntax	cache_probes	exact	1	1000000000
cache-recovered-invalid-syntax	cache_hit_handlers	exact	1	1000000000
cache-recovered-invalid-syntax	cache_miss_handlers	exact	0	1000000000
cache-recovered-invalid-syntax	snapshot_build_calls	exact	0	1000000000
cache-recovered-invalid-syntax	invalidation_estimate_calls	exact	0	1000000000
cache-recovered-invalid-syntax	file_read_calls	exact	4	1000000000
cache-recovered-invalid-syntax	file_read_bytes	exact	5090	1000000000
# snapshot-recovered-invalid-syntax: invalidation-estimate-output="E0102@app@22:22\n0 0 0 0\n"; these are not observed compiler operations
# operation=snapshot-recovered-invalid-syntax; input_fnv1a64=c9b76457b8feb0a8; output_fnv1a64=36e63061fb0fdfc0; output_bytes=24; exit=Some(0); observed_repetitions=2; counts_per_process; external_cc_calls=0
snapshot-recovered-invalid-syntax	name_insert_steps	exact	256	1000000000
snapshot-recovered-invalid-syntax	name_lookup_steps	exact	766	1000000000
snapshot-recovered-invalid-syntax	name_edge_steps	exact	1642	1000000000
snapshot-recovered-invalid-syntax	cache_checksum_steps	exact	0	1000000000
snapshot-recovered-invalid-syntax	program_parse_calls	exact	11	1000000000
snapshot-recovered-invalid-syntax	program_parse_input_bytes	exact	2632	1000000000
snapshot-recovered-invalid-syntax	source_lexer_steps	exact	1194	1000000000
snapshot-recovered-invalid-syntax	data_lex_calls	exact	5	1000000000
snapshot-recovered-invalid-syntax	data_lex_input_bytes	exact	795	1000000000
snapshot-recovered-invalid-syntax	declaration_index_calls	exact	2	1000000000
snapshot-recovered-invalid-syntax	declaration_index_steps	exact	12	1000000000
snapshot-recovered-invalid-syntax	checker_calls	exact	2	1000000000
snapshot-recovered-invalid-syntax	typing_calls	exact	2	1000000000
snapshot-recovered-invalid-syntax	typing_declaration_steps	exact	12	1000000000
snapshot-recovered-invalid-syntax	expression_check_calls	exact	40	1000000000
snapshot-recovered-invalid-syntax	ownership_find_calls	exact	0	1000000000
snapshot-recovered-invalid-syntax	ownership_frame_close_calls	exact	0	1000000000
snapshot-recovered-invalid-syntax	memory_plan_calls	exact	2	1000000000
snapshot-recovered-invalid-syntax	range_analysis_calls	exact	0	1000000000
snapshot-recovered-invalid-syntax	c_generation_calls	exact	0	1000000000
snapshot-recovered-invalid-syntax	c_function_emit_calls	exact	0	1000000000
snapshot-recovered-invalid-syntax	c_expression_emit_calls	exact	0	1000000000
snapshot-recovered-invalid-syntax	project_load_steps	exact	13	1000000000
snapshot-recovered-invalid-syntax	cache_requests	exact	0	1000000000
snapshot-recovered-invalid-syntax	cache_key_builds	exact	0	1000000000
snapshot-recovered-invalid-syntax	cache_probes	exact	0	1000000000
snapshot-recovered-invalid-syntax	cache_hit_handlers	exact	0	1000000000
snapshot-recovered-invalid-syntax	cache_miss_handlers	exact	0	1000000000
snapshot-recovered-invalid-syntax	snapshot_build_calls	exact	2	1000000000
snapshot-recovered-invalid-syntax	invalidation_estimate_calls	exact	1	1000000000
snapshot-recovered-invalid-syntax	file_read_calls	exact	14	1000000000
snapshot-recovered-invalid-syntax	file_read_bytes	exact	2529	1000000000
# operation=clean-invalid-borrow-mode; input_fnv1a64=77a2cee5f8dfb95b; output_fnv1a64=2f77e9c466687710; output_bytes=18; exit=Some(1); observed_repetitions=2; counts_per_process; external_cc_calls=0
clean-invalid-borrow-mode	name_insert_steps	exact	96	1000000000
clean-invalid-borrow-mode	name_lookup_steps	exact	286	1000000000
clean-invalid-borrow-mode	name_edge_steps	exact	583	1000000000
clean-invalid-borrow-mode	cache_checksum_steps	exact	0	1000000000
clean-invalid-borrow-mode	program_parse_calls	exact	3	1000000000
clean-invalid-borrow-mode	program_parse_input_bytes	exact	879	1000000000
clean-invalid-borrow-mode	source_lexer_steps	exact	395	1000000000
clean-invalid-borrow-mode	data_lex_calls	exact	2	1000000000
clean-invalid-borrow-mode	data_lex_input_bytes	exact	318	1000000000
clean-invalid-borrow-mode	declaration_index_calls	exact	1	1000000000
clean-invalid-borrow-mode	declaration_index_steps	exact	6	1000000000
clean-invalid-borrow-mode	checker_calls	exact	1	1000000000
clean-invalid-borrow-mode	typing_calls	exact	1	1000000000
clean-invalid-borrow-mode	typing_declaration_steps	exact	6	1000000000
clean-invalid-borrow-mode	expression_check_calls	exact	20	1000000000
clean-invalid-borrow-mode	ownership_find_calls	exact	0	1000000000
clean-invalid-borrow-mode	ownership_frame_close_calls	exact	0	1000000000
clean-invalid-borrow-mode	memory_plan_calls	exact	0	1000000000
clean-invalid-borrow-mode	range_analysis_calls	exact	0	1000000000
clean-invalid-borrow-mode	c_generation_calls	exact	0	1000000000
clean-invalid-borrow-mode	c_function_emit_calls	exact	0	1000000000
clean-invalid-borrow-mode	c_expression_emit_calls	exact	0	1000000000
clean-invalid-borrow-mode	project_load_steps	exact	3	1000000000
clean-invalid-borrow-mode	cache_requests	exact	0	1000000000
clean-invalid-borrow-mode	cache_key_builds	exact	0	1000000000
clean-invalid-borrow-mode	cache_probes	exact	0	1000000000
clean-invalid-borrow-mode	cache_hit_handlers	exact	0	1000000000
clean-invalid-borrow-mode	cache_miss_handlers	exact	0	1000000000
clean-invalid-borrow-mode	snapshot_build_calls	exact	0	1000000000
clean-invalid-borrow-mode	invalidation_estimate_calls	exact	0	1000000000
clean-invalid-borrow-mode	file_read_calls	exact	4	1000000000
clean-invalid-borrow-mode	file_read_bytes	exact	747	1000000000
# operation=cache-invalid-borrow-mode; input_fnv1a64=91ff3a5c965e1245; output_fnv1a64=2f77e9c466687710; output_bytes=18; exit=Some(1); observed_repetitions=2; counts_per_process; external_cc_calls=0
cache-invalid-borrow-mode	name_insert_steps	exact	96	1000000000
cache-invalid-borrow-mode	name_lookup_steps	exact	286	1000000000
cache-invalid-borrow-mode	name_edge_steps	exact	583	1000000000
cache-invalid-borrow-mode	cache_checksum_steps	exact	4496	1000000000
cache-invalid-borrow-mode	program_parse_calls	exact	3	1000000000
cache-invalid-borrow-mode	program_parse_input_bytes	exact	879	1000000000
cache-invalid-borrow-mode	source_lexer_steps	exact	395	1000000000
cache-invalid-borrow-mode	data_lex_calls	exact	2	1000000000
cache-invalid-borrow-mode	data_lex_input_bytes	exact	318	1000000000
cache-invalid-borrow-mode	declaration_index_calls	exact	1	1000000000
cache-invalid-borrow-mode	declaration_index_steps	exact	6	1000000000
cache-invalid-borrow-mode	checker_calls	exact	1	1000000000
cache-invalid-borrow-mode	typing_calls	exact	1	1000000000
cache-invalid-borrow-mode	typing_declaration_steps	exact	6	1000000000
cache-invalid-borrow-mode	expression_check_calls	exact	20	1000000000
cache-invalid-borrow-mode	ownership_find_calls	exact	0	1000000000
cache-invalid-borrow-mode	ownership_frame_close_calls	exact	0	1000000000
cache-invalid-borrow-mode	memory_plan_calls	exact	0	1000000000
cache-invalid-borrow-mode	range_analysis_calls	exact	0	1000000000
cache-invalid-borrow-mode	c_generation_calls	exact	0	1000000000
cache-invalid-borrow-mode	c_function_emit_calls	exact	0	1000000000
cache-invalid-borrow-mode	c_expression_emit_calls	exact	0	1000000000
cache-invalid-borrow-mode	project_load_steps	exact	3	1000000000
cache-invalid-borrow-mode	cache_requests	exact	1	1000000000
cache-invalid-borrow-mode	cache_key_builds	exact	1	1000000000
cache-invalid-borrow-mode	cache_probes	exact	1	1000000000
cache-invalid-borrow-mode	cache_hit_handlers	exact	0	1000000000
cache-invalid-borrow-mode	cache_miss_handlers	exact	1	1000000000
cache-invalid-borrow-mode	snapshot_build_calls	exact	0	1000000000
cache-invalid-borrow-mode	invalidation_estimate_calls	exact	0	1000000000
cache-invalid-borrow-mode	file_read_calls	exact	7	1000000000
cache-invalid-borrow-mode	file_read_bytes	exact	5679	1000000000
# operation=cache-recovered-invalid-borrow-mode; input_fnv1a64=a81e58c0e19d54f5; output_fnv1a64=ce7e196a1598e575; output_bytes=3858; exit=Some(0); observed_repetitions=2; counts_per_process; external_cc_calls=0
cache-recovered-invalid-borrow-mode	name_insert_steps	exact	0	1000000000
cache-recovered-invalid-borrow-mode	name_lookup_steps	exact	0	1000000000
cache-recovered-invalid-borrow-mode	name_edge_steps	exact	0	1000000000
cache-recovered-invalid-borrow-mode	cache_checksum_steps	exact	4496	1000000000
cache-recovered-invalid-borrow-mode	program_parse_calls	exact	0	1000000000
cache-recovered-invalid-borrow-mode	program_parse_input_bytes	exact	0	1000000000
cache-recovered-invalid-borrow-mode	source_lexer_steps	exact	0	1000000000
cache-recovered-invalid-borrow-mode	data_lex_calls	exact	1	1000000000
cache-recovered-invalid-borrow-mode	data_lex_input_bytes	exact	159	1000000000
cache-recovered-invalid-borrow-mode	declaration_index_calls	exact	0	1000000000
cache-recovered-invalid-borrow-mode	declaration_index_steps	exact	0	1000000000
cache-recovered-invalid-borrow-mode	checker_calls	exact	0	1000000000
cache-recovered-invalid-borrow-mode	typing_calls	exact	0	1000000000
cache-recovered-invalid-borrow-mode	typing_declaration_steps	exact	0	1000000000
cache-recovered-invalid-borrow-mode	expression_check_calls	exact	0	1000000000
cache-recovered-invalid-borrow-mode	ownership_find_calls	exact	0	1000000000
cache-recovered-invalid-borrow-mode	ownership_frame_close_calls	exact	0	1000000000
cache-recovered-invalid-borrow-mode	memory_plan_calls	exact	0	1000000000
cache-recovered-invalid-borrow-mode	range_analysis_calls	exact	0	1000000000
cache-recovered-invalid-borrow-mode	c_generation_calls	exact	0	1000000000
cache-recovered-invalid-borrow-mode	c_function_emit_calls	exact	0	1000000000
cache-recovered-invalid-borrow-mode	c_expression_emit_calls	exact	0	1000000000
cache-recovered-invalid-borrow-mode	project_load_steps	exact	0	1000000000
cache-recovered-invalid-borrow-mode	cache_requests	exact	1	1000000000
cache-recovered-invalid-borrow-mode	cache_key_builds	exact	1	1000000000
cache-recovered-invalid-borrow-mode	cache_probes	exact	1	1000000000
cache-recovered-invalid-borrow-mode	cache_hit_handlers	exact	1	1000000000
cache-recovered-invalid-borrow-mode	cache_miss_handlers	exact	0	1000000000
cache-recovered-invalid-borrow-mode	snapshot_build_calls	exact	0	1000000000
cache-recovered-invalid-borrow-mode	invalidation_estimate_calls	exact	0	1000000000
cache-recovered-invalid-borrow-mode	file_read_calls	exact	4	1000000000
cache-recovered-invalid-borrow-mode	file_read_bytes	exact	5090	1000000000
# snapshot-recovered-invalid-borrow-mode: invalidation-estimate-output="E0360@app@239:244\n0 0 0 0\n"; these are not observed compiler operations
# operation=snapshot-recovered-invalid-borrow-mode; input_fnv1a64=d6e23648f3ed3971; output_fnv1a64=c8c7f050b075532e; output_bytes=26; exit=Some(0); observed_repetitions=2; counts_per_process; external_cc_calls=0
snapshot-recovered-invalid-borrow-mode	name_insert_steps	exact	352	1000000000
snapshot-recovered-invalid-borrow-mode	name_lookup_steps	exact	1052	1000000000
snapshot-recovered-invalid-borrow-mode	name_edge_steps	exact	2225	1000000000
snapshot-recovered-invalid-borrow-mode	cache_checksum_steps	exact	0	1000000000
snapshot-recovered-invalid-borrow-mode	program_parse_calls	exact	13	1000000000
snapshot-recovered-invalid-borrow-mode	program_parse_input_bytes	exact	3489	1000000000
snapshot-recovered-invalid-borrow-mode	source_lexer_steps	exact	1579	1000000000
snapshot-recovered-invalid-borrow-mode	data_lex_calls	exact	5	1000000000
snapshot-recovered-invalid-borrow-mode	data_lex_input_bytes	exact	795	1000000000
snapshot-recovered-invalid-borrow-mode	declaration_index_calls	exact	3	1000000000
snapshot-recovered-invalid-borrow-mode	declaration_index_steps	exact	18	1000000000
snapshot-recovered-invalid-borrow-mode	checker_calls	exact	3	1000000000
snapshot-recovered-invalid-borrow-mode	typing_calls	exact	3	1000000000
snapshot-recovered-invalid-borrow-mode	typing_declaration_steps	exact	18	1000000000
snapshot-recovered-invalid-borrow-mode	expression_check_calls	exact	60	1000000000
snapshot-recovered-invalid-borrow-mode	ownership_find_calls	exact	0	1000000000
snapshot-recovered-invalid-borrow-mode	ownership_frame_close_calls	exact	0	1000000000
snapshot-recovered-invalid-borrow-mode	memory_plan_calls	exact	2	1000000000
snapshot-recovered-invalid-borrow-mode	range_analysis_calls	exact	0	1000000000
snapshot-recovered-invalid-borrow-mode	c_generation_calls	exact	0	1000000000
snapshot-recovered-invalid-borrow-mode	c_function_emit_calls	exact	0	1000000000
snapshot-recovered-invalid-borrow-mode	c_expression_emit_calls	exact	0	1000000000
snapshot-recovered-invalid-borrow-mode	project_load_steps	exact	15	1000000000
snapshot-recovered-invalid-borrow-mode	cache_requests	exact	0	1000000000
snapshot-recovered-invalid-borrow-mode	cache_key_builds	exact	0	1000000000
snapshot-recovered-invalid-borrow-mode	cache_probes	exact	0	1000000000
snapshot-recovered-invalid-borrow-mode	cache_hit_handlers	exact	0	1000000000
snapshot-recovered-invalid-borrow-mode	cache_miss_handlers	exact	0	1000000000
snapshot-recovered-invalid-borrow-mode	snapshot_build_calls	exact	2	1000000000
snapshot-recovered-invalid-borrow-mode	invalidation_estimate_calls	exact	1	1000000000
snapshot-recovered-invalid-borrow-mode	file_read_calls	exact	15	1000000000
snapshot-recovered-invalid-borrow-mode	file_read_bytes	exact	2936	1000000000
# operation=cache-corrupt-truncated-header; input_fnv1a64=fd0aceb1ba6ba47c; output_fnv1a64=9d22284e97cf376d; output_bytes=4504; exit=Some(0); observed_repetitions=2; counts_per_process; external_cc_calls=0
cache-corrupt-truncated-header	name_insert_steps	exact	96	1000000000
cache-corrupt-truncated-header	name_lookup_steps	exact	286	1000000000
cache-corrupt-truncated-header	name_edge_steps	exact	583	1000000000
cache-corrupt-truncated-header	cache_checksum_steps	exact	4496	1000000000
cache-corrupt-truncated-header	program_parse_calls	exact	3	1000000000
cache-corrupt-truncated-header	program_parse_input_bytes	exact	877	1000000000
cache-corrupt-truncated-header	source_lexer_steps	exact	393	1000000000
cache-corrupt-truncated-header	data_lex_calls	exact	2	1000000000
cache-corrupt-truncated-header	data_lex_input_bytes	exact	318	1000000000
cache-corrupt-truncated-header	declaration_index_calls	exact	1	1000000000
cache-corrupt-truncated-header	declaration_index_steps	exact	6	1000000000
cache-corrupt-truncated-header	checker_calls	exact	1	1000000000
cache-corrupt-truncated-header	typing_calls	exact	1	1000000000
cache-corrupt-truncated-header	typing_declaration_steps	exact	6	1000000000
cache-corrupt-truncated-header	expression_check_calls	exact	20	1000000000
cache-corrupt-truncated-header	ownership_find_calls	exact	0	1000000000
cache-corrupt-truncated-header	ownership_frame_close_calls	exact	0	1000000000
cache-corrupt-truncated-header	memory_plan_calls	exact	1	1000000000
cache-corrupt-truncated-header	range_analysis_calls	exact	1	1000000000
cache-corrupt-truncated-header	c_generation_calls	exact	1	1000000000
cache-corrupt-truncated-header	c_function_emit_calls	exact	4	1000000000
cache-corrupt-truncated-header	c_expression_emit_calls	exact	11	1000000000
cache-corrupt-truncated-header	project_load_steps	exact	3	1000000000
cache-corrupt-truncated-header	cache_requests	exact	1	1000000000
cache-corrupt-truncated-header	cache_key_builds	exact	1	1000000000
cache-corrupt-truncated-header	cache_probes	exact	1	1000000000
cache-corrupt-truncated-header	cache_hit_handlers	exact	0	1000000000
cache-corrupt-truncated-header	cache_miss_handlers	exact	1	1000000000
cache-corrupt-truncated-header	snapshot_build_calls	exact	0	1000000000
cache-corrupt-truncated-header	invalidation_estimate_calls	exact	0	1000000000
cache-corrupt-truncated-header	file_read_calls	exact	7	1000000000
cache-corrupt-truncated-header	file_read_bytes	exact	1187	1000000000
# operation=cache-corrupt-truncated-key; input_fnv1a64=eaa4a2444ffc1afd; output_fnv1a64=9d22284e97cf376d; output_bytes=4504; exit=Some(0); observed_repetitions=2; counts_per_process; external_cc_calls=0
cache-corrupt-truncated-key	name_insert_steps	exact	96	1000000000
cache-corrupt-truncated-key	name_lookup_steps	exact	286	1000000000
cache-corrupt-truncated-key	name_edge_steps	exact	583	1000000000
cache-corrupt-truncated-key	cache_checksum_steps	exact	4496	1000000000
cache-corrupt-truncated-key	program_parse_calls	exact	3	1000000000
cache-corrupt-truncated-key	program_parse_input_bytes	exact	877	1000000000
cache-corrupt-truncated-key	source_lexer_steps	exact	393	1000000000
cache-corrupt-truncated-key	data_lex_calls	exact	2	1000000000
cache-corrupt-truncated-key	data_lex_input_bytes	exact	318	1000000000
cache-corrupt-truncated-key	declaration_index_calls	exact	1	1000000000
cache-corrupt-truncated-key	declaration_index_steps	exact	6	1000000000
cache-corrupt-truncated-key	checker_calls	exact	1	1000000000
cache-corrupt-truncated-key	typing_calls	exact	1	1000000000
cache-corrupt-truncated-key	typing_declaration_steps	exact	6	1000000000
cache-corrupt-truncated-key	expression_check_calls	exact	20	1000000000
cache-corrupt-truncated-key	ownership_find_calls	exact	0	1000000000
cache-corrupt-truncated-key	ownership_frame_close_calls	exact	0	1000000000
cache-corrupt-truncated-key	memory_plan_calls	exact	1	1000000000
cache-corrupt-truncated-key	range_analysis_calls	exact	1	1000000000
cache-corrupt-truncated-key	c_generation_calls	exact	1	1000000000
cache-corrupt-truncated-key	c_function_emit_calls	exact	4	1000000000
cache-corrupt-truncated-key	c_expression_emit_calls	exact	11	1000000000
cache-corrupt-truncated-key	project_load_steps	exact	3	1000000000
cache-corrupt-truncated-key	cache_requests	exact	1	1000000000
cache-corrupt-truncated-key	cache_key_builds	exact	1	1000000000
cache-corrupt-truncated-key	cache_probes	exact	1	1000000000
cache-corrupt-truncated-key	cache_hit_handlers	exact	0	1000000000
cache-corrupt-truncated-key	cache_miss_handlers	exact	1	1000000000
cache-corrupt-truncated-key	snapshot_build_calls	exact	0	1000000000
cache-corrupt-truncated-key	invalidation_estimate_calls	exact	0	1000000000
cache-corrupt-truncated-key	file_read_calls	exact	7	1000000000
cache-corrupt-truncated-key	file_read_bytes	exact	1202	1000000000
# operation=cache-corrupt-checksum; input_fnv1a64=a81e57c0e19d5342; output_fnv1a64=9d22284e97cf376d; output_bytes=4504; exit=Some(0); observed_repetitions=2; counts_per_process; external_cc_calls=0
cache-corrupt-checksum	name_insert_steps	exact	96	1000000000
cache-corrupt-checksum	name_lookup_steps	exact	286	1000000000
cache-corrupt-checksum	name_edge_steps	exact	583	1000000000
cache-corrupt-checksum	cache_checksum_steps	exact	8992	1000000000
cache-corrupt-checksum	program_parse_calls	exact	3	1000000000
cache-corrupt-checksum	program_parse_input_bytes	exact	877	1000000000
cache-corrupt-checksum	source_lexer_steps	exact	393	1000000000
cache-corrupt-checksum	data_lex_calls	exact	2	1000000000
cache-corrupt-checksum	data_lex_input_bytes	exact	318	1000000000
cache-corrupt-checksum	declaration_index_calls	exact	1	1000000000
cache-corrupt-checksum	declaration_index_steps	exact	6	1000000000
cache-corrupt-checksum	checker_calls	exact	1	1000000000
cache-corrupt-checksum	typing_calls	exact	1	1000000000
cache-corrupt-checksum	typing_declaration_steps	exact	6	1000000000
cache-corrupt-checksum	expression_check_calls	exact	20	1000000000
cache-corrupt-checksum	ownership_find_calls	exact	0	1000000000
cache-corrupt-checksum	ownership_frame_close_calls	exact	0	1000000000
cache-corrupt-checksum	memory_plan_calls	exact	1	1000000000
cache-corrupt-checksum	range_analysis_calls	exact	1	1000000000
cache-corrupt-checksum	c_generation_calls	exact	1	1000000000
cache-corrupt-checksum	c_function_emit_calls	exact	4	1000000000
cache-corrupt-checksum	c_expression_emit_calls	exact	11	1000000000
cache-corrupt-checksum	project_load_steps	exact	3	1000000000
cache-corrupt-checksum	cache_requests	exact	1	1000000000
cache-corrupt-checksum	cache_key_builds	exact	1	1000000000
cache-corrupt-checksum	cache_probes	exact	1	1000000000
cache-corrupt-checksum	cache_hit_handlers	exact	0	1000000000
cache-corrupt-checksum	cache_miss_handlers	exact	1	1000000000
cache-corrupt-checksum	snapshot_build_calls	exact	0	1000000000
cache-corrupt-checksum	invalidation_estimate_calls	exact	0	1000000000
cache-corrupt-checksum	file_read_calls	exact	7	1000000000
cache-corrupt-checksum	file_read_bytes	exact	5677	1000000000
# operation=cache-corrupt-schema; input_fnv1a64=8300e5801e765d29; output_fnv1a64=9d22284e97cf376d; output_bytes=4504; exit=Some(0); observed_repetitions=2; counts_per_process; external_cc_calls=0
cache-corrupt-schema	name_insert_steps	exact	96	1000000000
cache-corrupt-schema	name_lookup_steps	exact	286	1000000000
cache-corrupt-schema	name_edge_steps	exact	583	1000000000
cache-corrupt-schema	cache_checksum_steps	exact	8992	1000000000
cache-corrupt-schema	program_parse_calls	exact	3	1000000000
cache-corrupt-schema	program_parse_input_bytes	exact	877	1000000000
cache-corrupt-schema	source_lexer_steps	exact	393	1000000000
cache-corrupt-schema	data_lex_calls	exact	2	1000000000
cache-corrupt-schema	data_lex_input_bytes	exact	318	1000000000
cache-corrupt-schema	declaration_index_calls	exact	1	1000000000
cache-corrupt-schema	declaration_index_steps	exact	6	1000000000
cache-corrupt-schema	checker_calls	exact	1	1000000000
cache-corrupt-schema	typing_calls	exact	1	1000000000
cache-corrupt-schema	typing_declaration_steps	exact	6	1000000000
cache-corrupt-schema	expression_check_calls	exact	20	1000000000
cache-corrupt-schema	ownership_find_calls	exact	0	1000000000
cache-corrupt-schema	ownership_frame_close_calls	exact	0	1000000000
cache-corrupt-schema	memory_plan_calls	exact	1	1000000000
cache-corrupt-schema	range_analysis_calls	exact	1	1000000000
cache-corrupt-schema	c_generation_calls	exact	1	1000000000
cache-corrupt-schema	c_function_emit_calls	exact	4	1000000000
cache-corrupt-schema	c_expression_emit_calls	exact	11	1000000000
cache-corrupt-schema	project_load_steps	exact	3	1000000000
cache-corrupt-schema	cache_requests	exact	1	1000000000
cache-corrupt-schema	cache_key_builds	exact	1	1000000000
cache-corrupt-schema	cache_probes	exact	1	1000000000
cache-corrupt-schema	cache_hit_handlers	exact	0	1000000000
cache-corrupt-schema	cache_miss_handlers	exact	1	1000000000
cache-corrupt-schema	snapshot_build_calls	exact	0	1000000000
cache-corrupt-schema	invalidation_estimate_calls	exact	0	1000000000
cache-corrupt-schema	file_read_calls	exact	7	1000000000
cache-corrupt-schema	file_read_bytes	exact	5677	1000000000
# operation=native-arena_sum; input_fnv1a64=39913992f1ae7787; output_fnv1a64=200d552f0478a4b3; output_bytes=5516; exit=Some(0); observed_repetitions=2; counts_per_process; external_cc_calls=0
native-arena_sum	name_insert_steps	exact	14	1000000000
native-arena_sum	name_lookup_steps	exact	184	1000000000
native-arena_sum	name_edge_steps	exact	537	1000000000
native-arena_sum	cache_checksum_steps	exact	0	1000000000
native-arena_sum	program_parse_calls	exact	1	1000000000
native-arena_sum	program_parse_input_bytes	exact	891	1000000000
native-arena_sum	source_lexer_steps	exact	447	1000000000
native-arena_sum	data_lex_calls	exact	0	1000000000
native-arena_sum	data_lex_input_bytes	exact	0	1000000000
native-arena_sum	declaration_index_calls	exact	1	1000000000
native-arena_sum	declaration_index_steps	exact	4	1000000000
native-arena_sum	checker_calls	exact	1	1000000000
native-arena_sum	typing_calls	exact	1	1000000000
native-arena_sum	typing_declaration_steps	exact	4	1000000000
native-arena_sum	expression_check_calls	exact	72	1000000000
native-arena_sum	ownership_find_calls	exact	13	1000000000
native-arena_sum	ownership_frame_close_calls	exact	0	1000000000
native-arena_sum	memory_plan_calls	exact	1	1000000000
native-arena_sum	range_analysis_calls	exact	1	1000000000
native-arena_sum	c_generation_calls	exact	1	1000000000
native-arena_sum	c_function_emit_calls	exact	3	1000000000
native-arena_sum	c_expression_emit_calls	exact	33	1000000000
native-arena_sum	project_load_steps	exact	0	1000000000
native-arena_sum	cache_requests	exact	0	1000000000
native-arena_sum	cache_key_builds	exact	0	1000000000
native-arena_sum	cache_probes	exact	0	1000000000
native-arena_sum	cache_hit_handlers	exact	0	1000000000
native-arena_sum	cache_miss_handlers	exact	0	1000000000
native-arena_sum	snapshot_build_calls	exact	0	1000000000
native-arena_sum	invalidation_estimate_calls	exact	0	1000000000
native-arena_sum	file_read_calls	exact	3	1000000000
native-arena_sum	file_read_bytes	exact	2673	1000000000
# operation=native-bfs; input_fnv1a64=9dcea0e7aa13dfbb; output_fnv1a64=5568151b818840e4; output_bytes=5354; exit=Some(0); observed_repetitions=2; counts_per_process; external_cc_calls=0
native-bfs	name_insert_steps	exact	19	1000000000
native-bfs	name_lookup_steps	exact	188	1000000000
native-bfs	name_edge_steps	exact	473	1000000000
native-bfs	cache_checksum_steps	exact	0	1000000000
native-bfs	program_parse_calls	exact	1	1000000000
native-bfs	program_parse_input_bytes	exact	731	1000000000
native-bfs	source_lexer_steps	exact	375	1000000000
native-bfs	data_lex_calls	exact	0	1000000000
native-bfs	data_lex_input_bytes	exact	0	1000000000
native-bfs	declaration_index_calls	exact	1	1000000000
native-bfs	declaration_index_steps	exact	4	1000000000
native-bfs	checker_calls	exact	1	1000000000
native-bfs	typing_calls	exact	1	1000000000
native-bfs	typing_declaration_steps	exact	4	1000000000
native-bfs	expression_check_calls	exact	66	1000000000
native-bfs	ownership_find_calls	exact	13	1000000000
native-bfs	ownership_frame_close_calls	exact	0	1000000000
native-bfs	memory_plan_calls	exact	1	1000000000
native-bfs	range_analysis_calls	exact	1	1000000000
native-bfs	c_generation_calls	exact	1	1000000000
native-bfs	c_function_emit_calls	exact	3	1000000000
native-bfs	c_expression_emit_calls	exact	29	1000000000
native-bfs	project_load_steps	exact	0	1000000000
native-bfs	cache_requests	exact	0	1000000000
native-bfs	cache_key_builds	exact	0	1000000000
native-bfs	cache_probes	exact	0	1000000000
native-bfs	cache_hit_handlers	exact	0	1000000000
native-bfs	cache_miss_handlers	exact	0	1000000000
native-bfs	snapshot_build_calls	exact	0	1000000000
native-bfs	invalidation_estimate_calls	exact	0	1000000000
native-bfs	file_read_calls	exact	3	1000000000
native-bfs	file_read_bytes	exact	2193	1000000000
# operation=native-binary_search; input_fnv1a64=8ec048d55e6bb0ae; output_fnv1a64=927afcd561d07120; output_bytes=7165; exit=Some(0); observed_repetitions=2; counts_per_process; external_cc_calls=0
native-binary_search	name_insert_steps	exact	25	1000000000
native-binary_search	name_lookup_steps	exact	270	1000000000
native-binary_search	name_edge_steps	exact	896	1000000000
native-binary_search	cache_checksum_steps	exact	0	1000000000
native-binary_search	program_parse_calls	exact	1	1000000000
native-binary_search	program_parse_input_bytes	exact	1222	1000000000
native-binary_search	source_lexer_steps	exact	614	1000000000
native-binary_search	data_lex_calls	exact	0	1000000000
native-binary_search	data_lex_input_bytes	exact	0	1000000000
native-binary_search	declaration_index_calls	exact	1	1000000000
native-binary_search	declaration_index_steps	exact	5	1000000000
native-binary_search	checker_calls	exact	1	1000000000
native-binary_search	typing_calls	exact	1	1000000000
native-binary_search	typing_declaration_steps	exact	5	1000000000
native-binary_search	expression_check_calls	exact	109	1000000000
native-binary_search	ownership_find_calls	exact	36	1000000000
native-binary_search	ownership_frame_close_calls	exact	0	1000000000
native-binary_search	memory_plan_calls	exact	1	1000000000
native-binary_search	range_analysis_calls	exact	1	1000000000
native-binary_search	c_generation_calls	exact	1	1000000000
native-binary_search	c_function_emit_calls	exact	4	1000000000
native-binary_search	c_expression_emit_calls	exact	54	1000000000
native-binary_search	project_load_steps	exact	0	1000000000
native-binary_search	cache_requests	exact	0	1000000000
native-binary_search	cache_key_builds	exact	0	1000000000
native-binary_search	cache_probes	exact	0	1000000000
native-binary_search	cache_hit_handlers	exact	0	1000000000
native-binary_search	cache_miss_handlers	exact	0	1000000000
native-binary_search	snapshot_build_calls	exact	0	1000000000
native-binary_search	invalidation_estimate_calls	exact	0	1000000000
native-binary_search	file_read_calls	exact	3	1000000000
native-binary_search	file_read_bytes	exact	3666	1000000000
# operation=native-bytefreq; input_fnv1a64=d8264e0a7886a315; output_fnv1a64=227dd74e57ac645d; output_bytes=7584; exit=Some(0); observed_repetitions=2; counts_per_process; external_cc_calls=0
native-bytefreq	name_insert_steps	exact	30	1000000000
native-bytefreq	name_lookup_steps	exact	363	1000000000
native-bytefreq	name_edge_steps	exact	945	1000000000
native-bytefreq	cache_checksum_steps	exact	0	1000000000
native-bytefreq	program_parse_calls	exact	1	1000000000
native-bytefreq	program_parse_input_bytes	exact	1309	1000000000
native-bytefreq	source_lexer_steps	exact	638	1000000000
native-bytefreq	data_lex_calls	exact	0	1000000000
native-bytefreq	data_lex_input_bytes	exact	0	1000000000
native-bytefreq	declaration_index_calls	exact	1	1000000000
native-bytefreq	declaration_index_steps	exact	5	1000000000
native-bytefreq	checker_calls	exact	1	1000000000
native-bytefreq	typing_calls	exact	1	1000000000
native-bytefreq	typing_declaration_steps	exact	5	1000000000
native-bytefreq	expression_check_calls	exact	111	1000000000
native-bytefreq	ownership_find_calls	exact	38	1000000000
native-bytefreq	ownership_frame_close_calls	exact	0	1000000000
native-bytefreq	memory_plan_calls	exact	1	1000000000
native-bytefreq	range_analysis_calls	exact	1	1000000000
native-bytefreq	c_generation_calls	exact	1	1000000000
native-bytefreq	c_function_emit_calls	exact	4	1000000000
native-bytefreq	c_expression_emit_calls	exact	63	1000000000
native-bytefreq	project_load_steps	exact	0	1000000000
native-bytefreq	cache_requests	exact	0	1000000000
native-bytefreq	cache_key_builds	exact	0	1000000000
native-bytefreq	cache_probes	exact	0	1000000000
native-bytefreq	cache_hit_handlers	exact	0	1000000000
native-bytefreq	cache_miss_handlers	exact	0	1000000000
native-bytefreq	snapshot_build_calls	exact	0	1000000000
native-bytefreq	invalidation_estimate_calls	exact	0	1000000000
native-bytefreq	file_read_calls	exact	3	1000000000
native-bytefreq	file_read_bytes	exact	3927	1000000000
# operation=native-edit_distance; input_fnv1a64=50872b42e7baab6c; output_fnv1a64=5c2003f15220e5c2; output_bytes=16529; exit=Some(0); observed_repetitions=2; counts_per_process; external_cc_calls=0
native-edit_distance	name_insert_steps	exact	71	1000000000
native-edit_distance	name_lookup_steps	exact	868	1000000000
native-edit_distance	name_edge_steps	exact	2208	1000000000
native-edit_distance	cache_checksum_steps	exact	0	1000000000
native-edit_distance	program_parse_calls	exact	1	1000000000
native-edit_distance	program_parse_input_bytes	exact	3303	1000000000
native-edit_distance	source_lexer_steps	exact	1405	1000000000
native-edit_distance	data_lex_calls	exact	0	1000000000
native-edit_distance	data_lex_input_bytes	exact	0	1000000000
native-edit_distance	declaration_index_calls	exact	1	1000000000
native-edit_distance	declaration_index_steps	exact	10	1000000000
native-edit_distance	checker_calls	exact	1	1000000000
native-edit_distance	typing_calls	exact	1	1000000000
native-edit_distance	typing_declaration_steps	exact	10	1000000000
native-edit_distance	expression_check_calls	exact	251	1000000000
native-edit_distance	ownership_find_calls	exact	55	1000000000
native-edit_distance	ownership_frame_close_calls	exact	0	1000000000
native-edit_distance	memory_plan_calls	exact	1	1000000000
native-edit_distance	range_analysis_calls	exact	1	1000000000
native-edit_distance	c_generation_calls	exact	1	1000000000
native-edit_distance	c_function_emit_calls	exact	9	1000000000
native-edit_distance	c_expression_emit_calls	exact	116	1000000000
native-edit_distance	project_load_steps	exact	0	1000000000
native-edit_distance	cache_requests	exact	0	1000000000
native-edit_distance	cache_key_builds	exact	0	1000000000
native-edit_distance	cache_probes	exact	0	1000000000
native-edit_distance	cache_hit_handlers	exact	0	1000000000
native-edit_distance	cache_miss_handlers	exact	0	1000000000
native-edit_distance	snapshot_build_calls	exact	0	1000000000
native-edit_distance	invalidation_estimate_calls	exact	0	1000000000
native-edit_distance	file_read_calls	exact	3	1000000000
native-edit_distance	file_read_bytes	exact	9909	1000000000
# operation=native-floyd_warshall; input_fnv1a64=e7e2e07dfba709ce; output_fnv1a64=807cc791f6ddea67; output_bytes=10931; exit=Some(0); observed_repetitions=2; counts_per_process; external_cc_calls=0
native-floyd_warshall	name_insert_steps	exact	39	1000000000
native-floyd_warshall	name_lookup_steps	exact	676	1000000000
native-floyd_warshall	name_edge_steps	exact	1845	1000000000
native-floyd_warshall	cache_checksum_steps	exact	0	1000000000
native-floyd_warshall	program_parse_calls	exact	1	1000000000
native-floyd_warshall	program_parse_input_bytes	exact	2042	1000000000
native-floyd_warshall	source_lexer_steps	exact	990	1000000000
native-floyd_warshall	data_lex_calls	exact	0	1000000000
native-floyd_warshall	data_lex_input_bytes	exact	0	1000000000
native-floyd_warshall	declaration_index_calls	exact	1	1000000000
native-floyd_warshall	declaration_index_steps	exact	7	1000000000
native-floyd_warshall	checker_calls	exact	1	1000000000
native-floyd_warshall	typing_calls	exact	1	1000000000
native-floyd_warshall	typing_declaration_steps	exact	7	1000000000
native-floyd_warshall	expression_check_calls	exact	183	1000000000
native-floyd_warshall	ownership_find_calls	exact	48	1000000000
native-floyd_warshall	ownership_frame_close_calls	exact	0	1000000000
native-floyd_warshall	memory_plan_calls	exact	1	1000000000
native-floyd_warshall	range_analysis_calls	exact	1	1000000000
native-floyd_warshall	c_generation_calls	exact	1	1000000000
native-floyd_warshall	c_function_emit_calls	exact	6	1000000000
native-floyd_warshall	c_expression_emit_calls	exact	89	1000000000
native-floyd_warshall	project_load_steps	exact	0	1000000000
native-floyd_warshall	cache_requests	exact	0	1000000000
native-floyd_warshall	cache_key_builds	exact	0	1000000000
native-floyd_warshall	cache_probes	exact	0	1000000000
native-floyd_warshall	cache_hit_handlers	exact	0	1000000000
native-floyd_warshall	cache_miss_handlers	exact	0	1000000000
native-floyd_warshall	snapshot_build_calls	exact	0	1000000000
native-floyd_warshall	invalidation_estimate_calls	exact	0	1000000000
native-floyd_warshall	file_read_calls	exact	3	1000000000
native-floyd_warshall	file_read_bytes	exact	6126	1000000000
# operation=native-game_of_life; input_fnv1a64=c3d8bf84042ec03a; output_fnv1a64=283c55b673a05ffe; output_bytes=29668; exit=Some(0); observed_repetitions=2; counts_per_process; external_cc_calls=0
native-game_of_life	name_insert_steps	exact	61	1000000000
native-game_of_life	name_lookup_steps	exact	940	1000000000
native-game_of_life	name_edge_steps	exact	3104	1000000000
native-game_of_life	cache_checksum_steps	exact	0	1000000000
native-game_of_life	program_parse_calls	exact	1	1000000000
native-game_of_life	program_parse_input_bytes	exact	2890	1000000000
native-game_of_life	source_lexer_steps	exact	1453	1000000000
native-game_of_life	data_lex_calls	exact	0	1000000000
native-game_of_life	data_lex_input_bytes	exact	0	1000000000
native-game_of_life	declaration_index_calls	exact	1	1000000000
native-game_of_life	declaration_index_steps	exact	8	1000000000
native-game_of_life	checker_calls	exact	1	1000000000
native-game_of_life	typing_calls	exact	1	1000000000
native-game_of_life	typing_declaration_steps	exact	8	1000000000
native-game_of_life	expression_check_calls	exact	264	1000000000
native-game_of_life	ownership_find_calls	exact	64	1000000000
native-game_of_life	ownership_frame_close_calls	exact	0	1000000000
native-game_of_life	memory_plan_calls	exact	1	1000000000
native-game_of_life	range_analysis_calls	exact	1	1000000000
native-game_of_life	c_generation_calls	exact	1	1000000000
native-game_of_life	c_function_emit_calls	exact	7	1000000000
native-game_of_life	c_expression_emit_calls	exact	266	1000000000
native-game_of_life	project_load_steps	exact	0	1000000000
native-game_of_life	cache_requests	exact	0	1000000000
native-game_of_life	cache_key_builds	exact	0	1000000000
native-game_of_life	cache_probes	exact	0	1000000000
native-game_of_life	cache_hit_handlers	exact	0	1000000000
native-game_of_life	cache_miss_handlers	exact	0	1000000000
native-game_of_life	snapshot_build_calls	exact	0	1000000000
native-game_of_life	invalidation_estimate_calls	exact	0	1000000000
native-game_of_life	file_read_calls	exact	3	1000000000
native-game_of_life	file_read_bytes	exact	8670	1000000000
# operation=native-gcd_fib; input_fnv1a64=5d3c270cd37a983c; output_fnv1a64=d196c5546d94df6c; output_bytes=3744; exit=Some(0); observed_repetitions=2; counts_per_process; external_cc_calls=0
native-gcd_fib	name_insert_steps	exact	13	1000000000
native-gcd_fib	name_lookup_steps	exact	109	1000000000
native-gcd_fib	name_edge_steps	exact	285	1000000000
native-gcd_fib	cache_checksum_steps	exact	0	1000000000
native-gcd_fib	program_parse_calls	exact	1	1000000000
native-gcd_fib	program_parse_input_bytes	exact	443	1000000000
native-gcd_fib	source_lexer_steps	exact	225	1000000000
native-gcd_fib	data_lex_calls	exact	0	1000000000
native-gcd_fib	data_lex_input_bytes	exact	0	1000000000
native-gcd_fib	declaration_index_calls	exact	1	1000000000
native-gcd_fib	declaration_index_steps	exact	4	1000000000
native-gcd_fib	checker_calls	exact	1	1000000000
native-gcd_fib	typing_calls	exact	1	1000000000
native-gcd_fib	typing_declaration_steps	exact	4	1000000000
native-gcd_fib	expression_check_calls	exact	39	1000000000
native-gcd_fib	ownership_find_calls	exact	13	1000000000
native-gcd_fib	ownership_frame_close_calls	exact	0	1000000000
native-gcd_fib	memory_plan_calls	exact	1	1000000000
native-gcd_fib	range_analysis_calls	exact	1	1000000000
native-gcd_fib	c_generation_calls	exact	1	1000000000
native-gcd_fib	c_function_emit_calls	exact	3	1000000000
native-gcd_fib	c_expression_emit_calls	exact	19	1000000000
native-gcd_fib	project_load_steps	exact	0	1000000000
native-gcd_fib	cache_requests	exact	0	1000000000
native-gcd_fib	cache_key_builds	exact	0	1000000000
native-gcd_fib	cache_probes	exact	0	1000000000
native-gcd_fib	cache_hit_handlers	exact	0	1000000000
native-gcd_fib	cache_miss_handlers	exact	0	1000000000
native-gcd_fib	snapshot_build_calls	exact	0	1000000000
native-gcd_fib	invalidation_estimate_calls	exact	0	1000000000
native-gcd_fib	file_read_calls	exact	3	1000000000
native-gcd_fib	file_read_bytes	exact	1329	1000000000
# operation=native-image_convolution; input_fnv1a64=cfb2c158089be40b; output_fnv1a64=d1e65fb7e364c118; output_bytes=13460; exit=Some(0); observed_repetitions=2; counts_per_process; external_cc_calls=0
native-image_convolution	name_insert_steps	exact	42	1000000000
native-image_convolution	name_lookup_steps	exact	731	1000000000
native-image_convolution	name_edge_steps	exact	2352	1000000000
native-image_convolution	cache_checksum_steps	exact	0	1000000000
native-image_convolution	program_parse_calls	exact	1	1000000000
native-image_convolution	program_parse_input_bytes	exact	2547	1000000000
native-image_convolution	source_lexer_steps	exact	1266	1000000000
native-image_convolution	data_lex_calls	exact	0	1000000000
native-image_convolution	data_lex_input_bytes	exact	0	1000000000
native-image_convolution	declaration_index_calls	exact	1	1000000000
native-image_convolution	declaration_index_steps	exact	7	1000000000
native-image_convolution	checker_calls	exact	1	1000000000
native-image_convolution	typing_calls	exact	1	1000000000
native-image_convolution	typing_declaration_steps	exact	7	1000000000
native-image_convolution	expression_check_calls	exact	245	1000000000
native-image_convolution	ownership_find_calls	exact	34	1000000000
native-image_convolution	ownership_frame_close_calls	exact	0	1000000000
native-image_convolution	memory_plan_calls	exact	1	1000000000
native-image_convolution	range_analysis_calls	exact	1	1000000000
native-image_convolution	c_generation_calls	exact	1	1000000000
native-image_convolution	c_function_emit_calls	exact	6	1000000000
native-image_convolution	c_expression_emit_calls	exact	114	1000000000
native-image_convolution	project_load_steps	exact	0	1000000000
native-image_convolution	cache_requests	exact	0	1000000000
native-image_convolution	cache_key_builds	exact	0	1000000000
native-image_convolution	cache_probes	exact	0	1000000000
native-image_convolution	cache_hit_handlers	exact	0	1000000000
native-image_convolution	cache_miss_handlers	exact	0	1000000000
native-image_convolution	snapshot_build_calls	exact	0	1000000000
native-image_convolution	invalidation_estimate_calls	exact	0	1000000000
native-image_convolution	file_read_calls	exact	3	1000000000
native-image_convolution	file_read_bytes	exact	7641	1000000000
# operation=native-knapsack; input_fnv1a64=b672c6e99929c3cd; output_fnv1a64=1018a95f1b780a10; output_bytes=7418; exit=Some(0); observed_repetitions=2; counts_per_process; external_cc_calls=0
native-knapsack	name_insert_steps	exact	27	1000000000
native-knapsack	name_lookup_steps	exact	460	1000000000
native-knapsack	name_edge_steps	exact	1027	1000000000
native-knapsack	cache_checksum_steps	exact	0	1000000000
native-knapsack	program_parse_calls	exact	1	1000000000
native-knapsack	program_parse_input_bytes	exact	1249	1000000000
native-knapsack	source_lexer_steps	exact	612	1000000000
native-knapsack	data_lex_calls	exact	0	1000000000
native-knapsack	data_lex_input_bytes	exact	0	1000000000
native-knapsack	declaration_index_calls	exact	1	1000000000
native-knapsack	declaration_index_steps	exact	5	1000000000
native-knapsack	checker_calls	exact	1	1000000000
native-knapsack	typing_calls	exact	1	1000000000
native-knapsack	typing_declaration_steps	exact	5	1000000000
native-knapsack	expression_check_calls	exact	113	1000000000
native-knapsack	ownership_find_calls	exact	28	1000000000
native-knapsack	ownership_frame_close_calls	exact	0	1000000000
native-knapsack	memory_plan_calls	exact	1	1000000000
native-knapsack	range_analysis_calls	exact	1	1000000000
native-knapsack	c_generation_calls	exact	1	1000000000
native-knapsack	c_function_emit_calls	exact	4	1000000000
native-knapsack	c_expression_emit_calls	exact	53	1000000000
native-knapsack	project_load_steps	exact	0	1000000000
native-knapsack	cache_requests	exact	0	1000000000
native-knapsack	cache_key_builds	exact	0	1000000000
native-knapsack	cache_probes	exact	0	1000000000
native-knapsack	cache_hit_handlers	exact	0	1000000000
native-knapsack	cache_miss_handlers	exact	0	1000000000
native-knapsack	snapshot_build_calls	exact	0	1000000000
native-knapsack	invalidation_estimate_calls	exact	0	1000000000
native-knapsack	file_read_calls	exact	3	1000000000
native-knapsack	file_read_bytes	exact	3747	1000000000
# operation=native-matrix; input_fnv1a64=75d23799425021cb; output_fnv1a64=c056116cdcb2bfad; output_bytes=8080; exit=Some(0); observed_repetitions=2; counts_per_process; external_cc_calls=0
native-matrix	name_insert_steps	exact	24	1000000000
native-matrix	name_lookup_steps	exact	331	1000000000
native-matrix	name_edge_steps	exact	1100	1000000000
native-matrix	cache_checksum_steps	exact	0	1000000000
native-matrix	program_parse_calls	exact	1	1000000000
native-matrix	program_parse_input_bytes	exact	1367	1000000000
native-matrix	source_lexer_steps	exact	711	1000000000
native-matrix	data_lex_calls	exact	0	1000000000
native-matrix	data_lex_input_bytes	exact	0	1000000000
native-matrix	declaration_index_calls	exact	1	1000000000
native-matrix	declaration_index_steps	exact	5	1000000000
native-matrix	checker_calls	exact	1	1000000000
native-matrix	typing_calls	exact	1	1000000000
native-matrix	typing_declaration_steps	exact	5	1000000000
native-matrix	expression_check_calls	exact	131	1000000000
native-matrix	ownership_find_calls	exact	20	1000000000
native-matrix	ownership_frame_close_calls	exact	0	1000000000
native-matrix	memory_plan_calls	exact	1	1000000000
native-matrix	range_analysis_calls	exact	1	1000000000
native-matrix	c_generation_calls	exact	1	1000000000
native-matrix	c_function_emit_calls	exact	4	1000000000
native-matrix	c_expression_emit_calls	exact	56	1000000000
native-matrix	project_load_steps	exact	0	1000000000
native-matrix	cache_requests	exact	0	1000000000
native-matrix	cache_key_builds	exact	0	1000000000
native-matrix	cache_probes	exact	0	1000000000
native-matrix	cache_hit_handlers	exact	0	1000000000
native-matrix	cache_miss_handlers	exact	0	1000000000
native-matrix	snapshot_build_calls	exact	0	1000000000
native-matrix	invalidation_estimate_calls	exact	0	1000000000
native-matrix	file_read_calls	exact	3	1000000000
native-matrix	file_read_bytes	exact	4101	1000000000
# operation=native-merge_sort; input_fnv1a64=b5b8ef64686731e0; output_fnv1a64=32abe5a590a22cbf; output_bytes=15490; exit=Some(0); observed_repetitions=2; counts_per_process; external_cc_calls=0
native-merge_sort	name_insert_steps	exact	72	1000000000
native-merge_sort	name_lookup_steps	exact	709	1000000000
native-merge_sort	name_edge_steps	exact	2078	1000000000
native-merge_sort	cache_checksum_steps	exact	0	1000000000
native-merge_sort	program_parse_calls	exact	1	1000000000
native-merge_sort	program_parse_input_bytes	exact	2898	1000000000
native-merge_sort	source_lexer_steps	exact	1361	1000000000
native-merge_sort	data_lex_calls	exact	0	1000000000
native-merge_sort	data_lex_input_bytes	exact	0	1000000000
native-merge_sort	declaration_index_calls	exact	1	1000000000
native-merge_sort	declaration_index_steps	exact	10	1000000000
native-merge_sort	checker_calls	exact	1	1000000000
native-merge_sort	typing_calls	exact	1	1000000000
native-merge_sort	typing_declaration_steps	exact	10	1000000000
native-merge_sort	expression_check_calls	exact	251	1000000000
native-merge_sort	ownership_find_calls	exact	63	1000000000
native-merge_sort	ownership_frame_close_calls	exact	0	1000000000
native-merge_sort	memory_plan_calls	exact	1	1000000000
native-merge_sort	range_analysis_calls	exact	1	1000000000
native-merge_sort	c_generation_calls	exact	1	1000000000
native-merge_sort	c_function_emit_calls	exact	9	1000000000
native-merge_sort	c_expression_emit_calls	exact	105	1000000000
native-merge_sort	project_load_steps	exact	0	1000000000
native-merge_sort	cache_requests	exact	0	1000000000
native-merge_sort	cache_key_builds	exact	0	1000000000
native-merge_sort	cache_probes	exact	0	1000000000
native-merge_sort	cache_hit_handlers	exact	0	1000000000
native-merge_sort	cache_miss_handlers	exact	0	1000000000
native-merge_sort	snapshot_build_calls	exact	0	1000000000
native-merge_sort	invalidation_estimate_calls	exact	0	1000000000
native-merge_sort	file_read_calls	exact	3	1000000000
native-merge_sort	file_read_bytes	exact	8694	1000000000
# operation=native-n_queens; input_fnv1a64=ba8551c90bc49b1c; output_fnv1a64=5b4ae706611b1207; output_bytes=13744; exit=Some(0); observed_repetitions=2; counts_per_process; external_cc_calls=0
native-n_queens	name_insert_steps	exact	42	1000000000
native-n_queens	name_lookup_steps	exact	429	1000000000
native-n_queens	name_edge_steps	exact	1376	1000000000
native-n_queens	cache_checksum_steps	exact	0	1000000000
native-n_queens	program_parse_calls	exact	1	1000000000
native-n_queens	program_parse_input_bytes	exact	1918	1000000000
native-n_queens	source_lexer_steps	exact	971	1000000000
native-n_queens	data_lex_calls	exact	0	1000000000
native-n_queens	data_lex_input_bytes	exact	0	1000000000
native-n_queens	declaration_index_calls	exact	1	1000000000
native-n_queens	declaration_index_steps	exact	6	1000000000
native-n_queens	checker_calls	exact	1	1000000000
native-n_queens	typing_calls	exact	1	1000000000
native-n_queens	typing_declaration_steps	exact	6	1000000000
native-n_queens	expression_check_calls	exact	171	1000000000
native-n_queens	ownership_find_calls	exact	68	1000000000
native-n_queens	ownership_frame_close_calls	exact	0	1000000000
native-n_queens	memory_plan_calls	exact	1	1000000000
native-n_queens	range_analysis_calls	exact	1	1000000000
native-n_queens	c_generation_calls	exact	1	1000000000
native-n_queens	c_function_emit_calls	exact	5	1000000000
native-n_queens	c_expression_emit_calls	exact	103	1000000000
native-n_queens	project_load_steps	exact	0	1000000000
native-n_queens	cache_requests	exact	0	1000000000
native-n_queens	cache_key_builds	exact	0	1000000000
native-n_queens	cache_probes	exact	0	1000000000
native-n_queens	cache_hit_handlers	exact	0	1000000000
native-n_queens	cache_miss_handlers	exact	0	1000000000
native-n_queens	snapshot_build_calls	exact	0	1000000000
native-n_queens	invalidation_estimate_calls	exact	0	1000000000
native-n_queens	file_read_calls	exact	3	1000000000
native-n_queens	file_read_bytes	exact	5754	1000000000
# operation=native-prefix_sum; input_fnv1a64=5553b934af7326ba; output_fnv1a64=3701685268aa811c; output_bytes=4997; exit=Some(0); observed_repetitions=2; counts_per_process; external_cc_calls=0
native-prefix_sum	name_insert_steps	exact	15	1000000000
native-prefix_sum	name_lookup_steps	exact	159	1000000000
native-prefix_sum	name_edge_steps	exact	428	1000000000
native-prefix_sum	cache_checksum_steps	exact	0	1000000000
native-prefix_sum	program_parse_calls	exact	1	1000000000
native-prefix_sum	program_parse_input_bytes	exact	702	1000000000
native-prefix_sum	source_lexer_steps	exact	351	1000000000
native-prefix_sum	data_lex_calls	exact	0	1000000000
native-prefix_sum	data_lex_input_bytes	exact	0	1000000000
native-prefix_sum	declaration_index_calls	exact	1	1000000000
native-prefix_sum	declaration_index_steps	exact	4	1000000000
native-prefix_sum	checker_calls	exact	1	1000000000
native-prefix_sum	typing_calls	exact	1	1000000000
native-prefix_sum	typing_declaration_steps	exact	4	1000000000
native-prefix_sum	expression_check_calls	exact	63	1000000000
native-prefix_sum	ownership_find_calls	exact	13	1000000000
native-prefix_sum	ownership_frame_close_calls	exact	0	1000000000
native-prefix_sum	memory_plan_calls	exact	1	1000000000
native-prefix_sum	range_analysis_calls	exact	1	1000000000
native-prefix_sum	c_generation_calls	exact	1	1000000000
native-prefix_sum	c_function_emit_calls	exact	3	1000000000
native-prefix_sum	c_expression_emit_calls	exact	29	1000000000
native-prefix_sum	project_load_steps	exact	0	1000000000
native-prefix_sum	cache_requests	exact	0	1000000000
native-prefix_sum	cache_key_builds	exact	0	1000000000
native-prefix_sum	cache_probes	exact	0	1000000000
native-prefix_sum	cache_hit_handlers	exact	0	1000000000
native-prefix_sum	cache_miss_handlers	exact	0	1000000000
native-prefix_sum	snapshot_build_calls	exact	0	1000000000
native-prefix_sum	invalidation_estimate_calls	exact	0	1000000000
native-prefix_sum	file_read_calls	exact	3	1000000000
native-prefix_sum	file_read_bytes	exact	2106	1000000000
# operation=native-records; input_fnv1a64=08c86a4e067b9c29; output_fnv1a64=990c3657e2e67b5a; output_bytes=4829; exit=Some(0); observed_repetitions=2; counts_per_process; external_cc_calls=0
native-records	name_insert_steps	exact	25	1000000000
native-records	name_lookup_steps	exact	223	1000000000
native-records	name_edge_steps	exact	484	1000000000
native-records	cache_checksum_steps	exact	0	1000000000
native-records	program_parse_calls	exact	1	1000000000
native-records	program_parse_input_bytes	exact	601	1000000000
native-records	source_lexer_steps	exact	290	1000000000
native-records	data_lex_calls	exact	0	1000000000
native-records	data_lex_input_bytes	exact	0	1000000000
native-records	declaration_index_calls	exact	1	1000000000
native-records	declaration_index_steps	exact	5	1000000000
native-records	checker_calls	exact	1	1000000000
native-records	typing_calls	exact	1	1000000000
native-records	typing_declaration_steps	exact	5	1000000000
native-records	expression_check_calls	exact	53	1000000000
native-records	ownership_find_calls	exact	6	1000000000
native-records	ownership_frame_close_calls	exact	0	1000000000
native-records	memory_plan_calls	exact	1	1000000000
native-records	range_analysis_calls	exact	1	1000000000
native-records	c_generation_calls	exact	1	1000000000
native-records	c_function_emit_calls	exact	3	1000000000
native-records	c_expression_emit_calls	exact	29	1000000000
native-records	project_load_steps	exact	0	1000000000
native-records	cache_requests	exact	0	1000000000
native-records	cache_key_builds	exact	0	1000000000
native-records	cache_probes	exact	0	1000000000
native-records	cache_hit_handlers	exact	0	1000000000
native-records	cache_miss_handlers	exact	0	1000000000
native-records	snapshot_build_calls	exact	0	1000000000
native-records	invalidation_estimate_calls	exact	0	1000000000
native-records	file_read_calls	exact	3	1000000000
native-records	file_read_bytes	exact	1803	1000000000
# operation=native-sieve; input_fnv1a64=9e203814495dc99a; output_fnv1a64=a5d3cd1b7f885789; output_bytes=8237; exit=Some(0); observed_repetitions=2; counts_per_process; external_cc_calls=0
native-sieve	name_insert_steps	exact	27	1000000000
native-sieve	name_lookup_steps	exact	325	1000000000
native-sieve	name_edge_steps	exact	812	1000000000
native-sieve	cache_checksum_steps	exact	0	1000000000
native-sieve	program_parse_calls	exact	1	1000000000
native-sieve	program_parse_input_bytes	exact	1287	1000000000
native-sieve	source_lexer_steps	exact	662	1000000000
native-sieve	data_lex_calls	exact	0	1000000000
native-sieve	data_lex_input_bytes	exact	0	1000000000
native-sieve	declaration_index_calls	exact	1	1000000000
native-sieve	declaration_index_steps	exact	6	1000000000
native-sieve	checker_calls	exact	1	1000000000
native-sieve	typing_calls	exact	1	1000000000
native-sieve	typing_declaration_steps	exact	6	1000000000
native-sieve	expression_check_calls	exact	125	1000000000
native-sieve	ownership_find_calls	exact	41	1000000000
native-sieve	ownership_frame_close_calls	exact	0	1000000000
native-sieve	memory_plan_calls	exact	1	1000000000
native-sieve	range_analysis_calls	exact	1	1000000000
native-sieve	c_generation_calls	exact	1	1000000000
native-sieve	c_function_emit_calls	exact	5	1000000000
native-sieve	c_expression_emit_calls	exact	55	1000000000
native-sieve	project_load_steps	exact	0	1000000000
native-sieve	cache_requests	exact	0	1000000000
native-sieve	cache_key_builds	exact	0	1000000000
native-sieve	cache_probes	exact	0	1000000000
native-sieve	cache_hit_handlers	exact	0	1000000000
native-sieve	cache_miss_handlers	exact	0	1000000000
native-sieve	snapshot_build_calls	exact	0	1000000000
native-sieve	invalidation_estimate_calls	exact	0	1000000000
native-sieve	file_read_calls	exact	3	1000000000
native-sieve	file_read_bytes	exact	3861	1000000000
# operation=native-signal_network; input_fnv1a64=acd66b7c57575c97; output_fnv1a64=c04b255854e837cb; output_bytes=12861; exit=Some(0); observed_repetitions=2; counts_per_process; external_cc_calls=0
native-signal_network	name_insert_steps	exact	26	1000000000
native-signal_network	name_lookup_steps	exact	622	1000000000
native-signal_network	name_edge_steps	exact	1821	1000000000
native-signal_network	cache_checksum_steps	exact	0	1000000000
native-signal_network	program_parse_calls	exact	1	1000000000
native-signal_network	program_parse_input_bytes	exact	1806	1000000000
native-signal_network	source_lexer_steps	exact	885	1000000000
native-signal_network	data_lex_calls	exact	0	1000000000
native-signal_network	data_lex_input_bytes	exact	0	1000000000
native-signal_network	declaration_index_calls	exact	1	1000000000
native-signal_network	declaration_index_steps	exact	6	1000000000
native-signal_network	checker_calls	exact	1	1000000000
native-signal_network	typing_calls	exact	1	1000000000
native-signal_network	typing_declaration_steps	exact	6	1000000000
native-signal_network	expression_check_calls	exact	188	1000000000
native-signal_network	ownership_find_calls	exact	20	1000000000
native-signal_network	ownership_frame_close_calls	exact	0	1000000000
native-signal_network	memory_plan_calls	exact	1	1000000000
native-signal_network	range_analysis_calls	exact	1	1000000000
native-signal_network	c_generation_calls	exact	1	1000000000
native-signal_network	c_function_emit_calls	exact	4	1000000000
native-signal_network	c_expression_emit_calls	exact	117	1000000000
native-signal_network	project_load_steps	exact	0	1000000000
native-signal_network	cache_requests	exact	0	1000000000
native-signal_network	cache_key_builds	exact	0	1000000000
native-signal_network	cache_probes	exact	0	1000000000
native-signal_network	cache_hit_handlers	exact	0	1000000000
native-signal_network	cache_miss_handlers	exact	0	1000000000
native-signal_network	snapshot_build_calls	exact	0	1000000000
native-signal_network	invalidation_estimate_calls	exact	0	1000000000
native-signal_network	file_read_calls	exact	3	1000000000
native-signal_network	file_read_bytes	exact	5418	1000000000
# operation=native-state_machine; input_fnv1a64=f4968b8f5f9bc88c; output_fnv1a64=52ed1471568d796f; output_bytes=8979; exit=Some(0); observed_repetitions=2; counts_per_process; external_cc_calls=0
native-state_machine	name_insert_steps	exact	24	1000000000
native-state_machine	name_lookup_steps	exact	399	1000000000
native-state_machine	name_edge_steps	exact	1144	1000000000
native-state_machine	cache_checksum_steps	exact	0	1000000000
native-state_machine	program_parse_calls	exact	1	1000000000
native-state_machine	program_parse_input_bytes	exact	1172	1000000000
native-state_machine	source_lexer_steps	exact	592	1000000000
native-state_machine	data_lex_calls	exact	0	1000000000
native-state_machine	data_lex_input_bytes	exact	0	1000000000
native-state_machine	declaration_index_calls	exact	1	1000000000
native-state_machine	declaration_index_steps	exact	6	1000000000
native-state_machine	checker_calls	exact	1	1000000000
native-state_machine	typing_calls	exact	1	1000000000
native-state_machine	typing_declaration_steps	exact	6	1000000000
native-state_machine	expression_check_calls	exact	111	1000000000
native-state_machine	ownership_find_calls	exact	20	1000000000
native-state_machine	ownership_frame_close_calls	exact	0	1000000000
native-state_machine	memory_plan_calls	exact	1	1000000000
native-state_machine	range_analysis_calls	exact	1	1000000000
native-state_machine	c_generation_calls	exact	1	1000000000
native-state_machine	c_function_emit_calls	exact	4	1000000000
native-state_machine	c_expression_emit_calls	exact	64	1000000000
native-state_machine	project_load_steps	exact	0	1000000000
native-state_machine	cache_requests	exact	0	1000000000
native-state_machine	cache_key_builds	exact	0	1000000000
native-state_machine	cache_probes	exact	0	1000000000
native-state_machine	cache_hit_handlers	exact	0	1000000000
native-state_machine	cache_miss_handlers	exact	0	1000000000
native-state_machine	snapshot_build_calls	exact	0	1000000000
native-state_machine	invalidation_estimate_calls	exact	0	1000000000
native-state_machine	file_read_calls	exact	3	1000000000
native-state_machine	file_read_bytes	exact	3516	1000000000
# operation=native-union_find; input_fnv1a64=44458ee79bef0547; output_fnv1a64=a737e37fb4ff200a; output_bytes=13327; exit=Some(0); observed_repetitions=2; counts_per_process; external_cc_calls=0
native-union_find	name_insert_steps	exact	54	1000000000
native-union_find	name_lookup_steps	exact	425	1000000000
native-union_find	name_edge_steps	exact	1729	1000000000
native-union_find	cache_checksum_steps	exact	0	1000000000
native-union_find	program_parse_calls	exact	1	1000000000
native-union_find	program_parse_input_bytes	exact	1684	1000000000
native-union_find	source_lexer_steps	exact	805	1000000000
native-union_find	data_lex_calls	exact	0	1000000000
native-union_find	data_lex_input_bytes	exact	0	1000000000
native-union_find	declaration_index_calls	exact	1	1000000000
native-union_find	declaration_index_steps	exact	8	1000000000
native-union_find	checker_calls	exact	1	1000000000
native-union_find	typing_calls	exact	1	1000000000
native-union_find	typing_declaration_steps	exact	8	1000000000
native-union_find	expression_check_calls	exact	135	1000000000
native-union_find	ownership_find_calls	exact	41	1000000000
native-union_find	ownership_frame_close_calls	exact	0	1000000000
native-union_find	memory_plan_calls	exact	1	1000000000
native-union_find	range_analysis_calls	exact	1	1000000000
native-union_find	c_generation_calls	exact	1	1000000000
native-union_find	c_function_emit_calls	exact	7	1000000000
native-union_find	c_expression_emit_calls	exact	80	1000000000
native-union_find	project_load_steps	exact	0	1000000000
native-union_find	cache_requests	exact	0	1000000000
native-union_find	cache_key_builds	exact	0	1000000000
native-union_find	cache_probes	exact	0	1000000000
native-union_find	cache_hit_handlers	exact	0	1000000000
native-union_find	cache_miss_handlers	exact	0	1000000000
native-union_find	snapshot_build_calls	exact	0	1000000000
native-union_find	invalidation_estimate_calls	exact	0	1000000000
native-union_find	file_read_calls	exact	3	1000000000
native-union_find	file_read_bytes	exact	5052	1000000000
# operation=native-variants; input_fnv1a64=d930f1308d73ac77; output_fnv1a64=7cb14a06cf3a7d2a; output_bytes=5330; exit=Some(0); observed_repetitions=2; counts_per_process; external_cc_calls=0
native-variants	name_insert_steps	exact	36	1000000000
native-variants	name_lookup_steps	exact	255	1000000000
native-variants	name_edge_steps	exact	737	1000000000
native-variants	cache_checksum_steps	exact	0	1000000000
native-variants	program_parse_calls	exact	1	1000000000
native-variants	program_parse_input_bytes	exact	785	1000000000
native-variants	source_lexer_steps	exact	390	1000000000
native-variants	data_lex_calls	exact	0	1000000000
native-variants	data_lex_input_bytes	exact	0	1000000000
native-variants	declaration_index_calls	exact	1	1000000000
native-variants	declaration_index_steps	exact	6	1000000000
native-variants	checker_calls	exact	1	1000000000
native-variants	typing_calls	exact	1	1000000000
native-variants	typing_declaration_steps	exact	6	1000000000
native-variants	expression_check_calls	exact	56	1000000000
native-variants	ownership_find_calls	exact	29	1000000000
native-variants	ownership_frame_close_calls	exact	0	1000000000
native-variants	memory_plan_calls	exact	1	1000000000
native-variants	range_analysis_calls	exact	1	1000000000
native-variants	c_generation_calls	exact	1	1000000000
native-variants	c_function_emit_calls	exact	4	1000000000
native-variants	c_expression_emit_calls	exact	26	1000000000
native-variants	project_load_steps	exact	0	1000000000
native-variants	cache_requests	exact	0	1000000000
native-variants	cache_key_builds	exact	0	1000000000
native-variants	cache_probes	exact	0	1000000000
native-variants	cache_hit_handlers	exact	0	1000000000
native-variants	cache_miss_handlers	exact	0	1000000000
native-variants	snapshot_build_calls	exact	0	1000000000
native-variants	invalidation_estimate_calls	exact	0	1000000000
native-variants	file_read_calls	exact	3	1000000000
native-variants	file_read_bytes	exact	2355	1000000000
# operation=allocation-fault-1; input_fnv1a64=353ee0f199d742d7; output_fnv1a64=cbf29ce484222325; output_bytes=0; exit=Some(71); observed_repetitions=2; counts_per_process; external_cc_calls=0
allocation-fault-1	name_insert_steps	exact	0	1000000000
allocation-fault-1	name_lookup_steps	exact	0	1000000000
allocation-fault-1	name_edge_steps	exact	0	1000000000
allocation-fault-1	cache_checksum_steps	exact	0	1000000000
allocation-fault-1	program_parse_calls	exact	0	1000000000
allocation-fault-1	program_parse_input_bytes	exact	0	1000000000
allocation-fault-1	source_lexer_steps	exact	0	1000000000
allocation-fault-1	data_lex_calls	exact	0	1000000000
allocation-fault-1	data_lex_input_bytes	exact	0	1000000000
allocation-fault-1	declaration_index_calls	exact	0	1000000000
allocation-fault-1	declaration_index_steps	exact	0	1000000000
allocation-fault-1	checker_calls	exact	0	1000000000
allocation-fault-1	typing_calls	exact	0	1000000000
allocation-fault-1	typing_declaration_steps	exact	0	1000000000
allocation-fault-1	expression_check_calls	exact	0	1000000000
allocation-fault-1	ownership_find_calls	exact	0	1000000000
allocation-fault-1	ownership_frame_close_calls	exact	0	1000000000
allocation-fault-1	memory_plan_calls	exact	0	1000000000
allocation-fault-1	range_analysis_calls	exact	0	1000000000
allocation-fault-1	c_generation_calls	exact	0	1000000000
allocation-fault-1	c_function_emit_calls	exact	0	1000000000
allocation-fault-1	c_expression_emit_calls	exact	0	1000000000
allocation-fault-1	project_load_steps	exact	0	1000000000
allocation-fault-1	cache_requests	exact	0	1000000000
allocation-fault-1	cache_key_builds	exact	0	1000000000
allocation-fault-1	cache_probes	exact	0	1000000000
allocation-fault-1	cache_hit_handlers	exact	0	1000000000
allocation-fault-1	cache_miss_handlers	exact	0	1000000000
allocation-fault-1	snapshot_build_calls	exact	0	1000000000
allocation-fault-1	invalidation_estimate_calls	exact	0	1000000000
allocation-fault-1	file_read_calls	exact	0	1000000000
allocation-fault-1	file_read_bytes	exact	0	1000000000
# operation=allocation-fault-2; input_fnv1a64=353ee0f199d742d7; output_fnv1a64=cbf29ce484222325; output_bytes=0; exit=Some(71); observed_repetitions=2; counts_per_process; external_cc_calls=0
allocation-fault-2	name_insert_steps	exact	0	1000000000
allocation-fault-2	name_lookup_steps	exact	0	1000000000
allocation-fault-2	name_edge_steps	exact	0	1000000000
allocation-fault-2	cache_checksum_steps	exact	0	1000000000
allocation-fault-2	program_parse_calls	exact	0	1000000000
allocation-fault-2	program_parse_input_bytes	exact	0	1000000000
allocation-fault-2	source_lexer_steps	exact	0	1000000000
allocation-fault-2	data_lex_calls	exact	0	1000000000
allocation-fault-2	data_lex_input_bytes	exact	0	1000000000
allocation-fault-2	declaration_index_calls	exact	0	1000000000
allocation-fault-2	declaration_index_steps	exact	0	1000000000
allocation-fault-2	checker_calls	exact	0	1000000000
allocation-fault-2	typing_calls	exact	0	1000000000
allocation-fault-2	typing_declaration_steps	exact	0	1000000000
allocation-fault-2	expression_check_calls	exact	0	1000000000
allocation-fault-2	ownership_find_calls	exact	0	1000000000
allocation-fault-2	ownership_frame_close_calls	exact	0	1000000000
allocation-fault-2	memory_plan_calls	exact	0	1000000000
allocation-fault-2	range_analysis_calls	exact	0	1000000000
allocation-fault-2	c_generation_calls	exact	0	1000000000
allocation-fault-2	c_function_emit_calls	exact	0	1000000000
allocation-fault-2	c_expression_emit_calls	exact	0	1000000000
allocation-fault-2	project_load_steps	exact	0	1000000000
allocation-fault-2	cache_requests	exact	0	1000000000
allocation-fault-2	cache_key_builds	exact	0	1000000000
allocation-fault-2	cache_probes	exact	0	1000000000
allocation-fault-2	cache_hit_handlers	exact	0	1000000000
allocation-fault-2	cache_miss_handlers	exact	0	1000000000
allocation-fault-2	snapshot_build_calls	exact	0	1000000000
allocation-fault-2	invalidation_estimate_calls	exact	0	1000000000
allocation-fault-2	file_read_calls	exact	1	1000000000
allocation-fault-2	file_read_bytes	exact	0	1000000000
# operation=allocation-fault-3; input_fnv1a64=353ee0f199d742d7; output_fnv1a64=cbf29ce484222325; output_bytes=0; exit=Some(71); observed_repetitions=2; counts_per_process; external_cc_calls=0
allocation-fault-3	name_insert_steps	exact	0	1000000000
allocation-fault-3	name_lookup_steps	exact	0	1000000000
allocation-fault-3	name_edge_steps	exact	0	1000000000
allocation-fault-3	cache_checksum_steps	exact	0	1000000000
allocation-fault-3	program_parse_calls	exact	0	1000000000
allocation-fault-3	program_parse_input_bytes	exact	0	1000000000
allocation-fault-3	source_lexer_steps	exact	0	1000000000
allocation-fault-3	data_lex_calls	exact	0	1000000000
allocation-fault-3	data_lex_input_bytes	exact	0	1000000000
allocation-fault-3	declaration_index_calls	exact	0	1000000000
allocation-fault-3	declaration_index_steps	exact	0	1000000000
allocation-fault-3	checker_calls	exact	0	1000000000
allocation-fault-3	typing_calls	exact	0	1000000000
allocation-fault-3	typing_declaration_steps	exact	0	1000000000
allocation-fault-3	expression_check_calls	exact	0	1000000000
allocation-fault-3	ownership_find_calls	exact	0	1000000000
allocation-fault-3	ownership_frame_close_calls	exact	0	1000000000
allocation-fault-3	memory_plan_calls	exact	0	1000000000
allocation-fault-3	range_analysis_calls	exact	0	1000000000
allocation-fault-3	c_generation_calls	exact	0	1000000000
allocation-fault-3	c_function_emit_calls	exact	0	1000000000
allocation-fault-3	c_expression_emit_calls	exact	0	1000000000
allocation-fault-3	project_load_steps	exact	0	1000000000
allocation-fault-3	cache_requests	exact	0	1000000000
allocation-fault-3	cache_key_builds	exact	0	1000000000
allocation-fault-3	cache_probes	exact	0	1000000000
allocation-fault-3	cache_hit_handlers	exact	0	1000000000
allocation-fault-3	cache_miss_handlers	exact	0	1000000000
allocation-fault-3	snapshot_build_calls	exact	0	1000000000
allocation-fault-3	invalidation_estimate_calls	exact	0	1000000000
allocation-fault-3	file_read_calls	exact	1	1000000000
allocation-fault-3	file_read_bytes	exact	0	1000000000
# operation=allocation-fault-4; input_fnv1a64=353ee0f199d742d7; output_fnv1a64=cbf29ce484222325; output_bytes=0; exit=Some(71); observed_repetitions=2; counts_per_process; external_cc_calls=0
allocation-fault-4	name_insert_steps	exact	0	1000000000
allocation-fault-4	name_lookup_steps	exact	0	1000000000
allocation-fault-4	name_edge_steps	exact	0	1000000000
allocation-fault-4	cache_checksum_steps	exact	0	1000000000
allocation-fault-4	program_parse_calls	exact	0	1000000000
allocation-fault-4	program_parse_input_bytes	exact	0	1000000000
allocation-fault-4	source_lexer_steps	exact	0	1000000000
allocation-fault-4	data_lex_calls	exact	0	1000000000
allocation-fault-4	data_lex_input_bytes	exact	0	1000000000
allocation-fault-4	declaration_index_calls	exact	0	1000000000
allocation-fault-4	declaration_index_steps	exact	0	1000000000
allocation-fault-4	checker_calls	exact	0	1000000000
allocation-fault-4	typing_calls	exact	0	1000000000
allocation-fault-4	typing_declaration_steps	exact	0	1000000000
allocation-fault-4	expression_check_calls	exact	0	1000000000
allocation-fault-4	ownership_find_calls	exact	0	1000000000
allocation-fault-4	ownership_frame_close_calls	exact	0	1000000000
allocation-fault-4	memory_plan_calls	exact	0	1000000000
allocation-fault-4	range_analysis_calls	exact	0	1000000000
allocation-fault-4	c_generation_calls	exact	0	1000000000
allocation-fault-4	c_function_emit_calls	exact	0	1000000000
allocation-fault-4	c_expression_emit_calls	exact	0	1000000000
allocation-fault-4	project_load_steps	exact	0	1000000000
allocation-fault-4	cache_requests	exact	0	1000000000
allocation-fault-4	cache_key_builds	exact	0	1000000000
allocation-fault-4	cache_probes	exact	0	1000000000
allocation-fault-4	cache_hit_handlers	exact	0	1000000000
allocation-fault-4	cache_miss_handlers	exact	0	1000000000
allocation-fault-4	snapshot_build_calls	exact	0	1000000000
allocation-fault-4	invalidation_estimate_calls	exact	0	1000000000
allocation-fault-4	file_read_calls	exact	2	1000000000
allocation-fault-4	file_read_bytes	exact	690	1000000000
# operation=allocation-fault-5; input_fnv1a64=353ee0f199d742d7; output_fnv1a64=cbf29ce484222325; output_bytes=0; exit=Some(71); observed_repetitions=2; counts_per_process; external_cc_calls=0
allocation-fault-5	name_insert_steps	exact	0	1000000000
allocation-fault-5	name_lookup_steps	exact	0	1000000000
allocation-fault-5	name_edge_steps	exact	0	1000000000
allocation-fault-5	cache_checksum_steps	exact	0	1000000000
allocation-fault-5	program_parse_calls	exact	0	1000000000
allocation-fault-5	program_parse_input_bytes	exact	0	1000000000
allocation-fault-5	source_lexer_steps	exact	0	1000000000
allocation-fault-5	data_lex_calls	exact	0	1000000000
allocation-fault-5	data_lex_input_bytes	exact	0	1000000000
allocation-fault-5	declaration_index_calls	exact	0	1000000000
allocation-fault-5	declaration_index_steps	exact	0	1000000000
allocation-fault-5	checker_calls	exact	0	1000000000
allocation-fault-5	typing_calls	exact	0	1000000000
allocation-fault-5	typing_declaration_steps	exact	0	1000000000
allocation-fault-5	expression_check_calls	exact	0	1000000000
allocation-fault-5	ownership_find_calls	exact	0	1000000000
allocation-fault-5	ownership_frame_close_calls	exact	0	1000000000
allocation-fault-5	memory_plan_calls	exact	0	1000000000
allocation-fault-5	range_analysis_calls	exact	0	1000000000
allocation-fault-5	c_generation_calls	exact	0	1000000000
allocation-fault-5	c_function_emit_calls	exact	0	1000000000
allocation-fault-5	c_expression_emit_calls	exact	0	1000000000
allocation-fault-5	project_load_steps	exact	0	1000000000
allocation-fault-5	cache_requests	exact	0	1000000000
allocation-fault-5	cache_key_builds	exact	0	1000000000
allocation-fault-5	cache_probes	exact	0	1000000000
allocation-fault-5	cache_hit_handlers	exact	0	1000000000
allocation-fault-5	cache_miss_handlers	exact	0	1000000000
allocation-fault-5	snapshot_build_calls	exact	0	1000000000
allocation-fault-5	invalidation_estimate_calls	exact	0	1000000000
allocation-fault-5	file_read_calls	exact	2	1000000000
allocation-fault-5	file_read_bytes	exact	690	1000000000
# operation=allocation-fault-6; input_fnv1a64=353ee0f199d742d7; output_fnv1a64=cbf29ce484222325; output_bytes=0; exit=Some(71); observed_repetitions=2; counts_per_process; external_cc_calls=0
allocation-fault-6	name_insert_steps	exact	0	1000000000
allocation-fault-6	name_lookup_steps	exact	0	1000000000
allocation-fault-6	name_edge_steps	exact	0	1000000000
allocation-fault-6	cache_checksum_steps	exact	0	1000000000
allocation-fault-6	program_parse_calls	exact	1	1000000000
allocation-fault-6	program_parse_input_bytes	exact	690	1000000000
allocation-fault-6	source_lexer_steps	exact	1	1000000000
allocation-fault-6	data_lex_calls	exact	0	1000000000
allocation-fault-6	data_lex_input_bytes	exact	0	1000000000
allocation-fault-6	declaration_index_calls	exact	0	1000000000
allocation-fault-6	declaration_index_steps	exact	0	1000000000
allocation-fault-6	checker_calls	exact	0	1000000000
allocation-fault-6	typing_calls	exact	0	1000000000
allocation-fault-6	typing_declaration_steps	exact	0	1000000000
allocation-fault-6	expression_check_calls	exact	0	1000000000
allocation-fault-6	ownership_find_calls	exact	0	1000000000
allocation-fault-6	ownership_frame_close_calls	exact	0	1000000000
allocation-fault-6	memory_plan_calls	exact	0	1000000000
allocation-fault-6	range_analysis_calls	exact	0	1000000000
allocation-fault-6	c_generation_calls	exact	0	1000000000
allocation-fault-6	c_function_emit_calls	exact	0	1000000000
allocation-fault-6	c_expression_emit_calls	exact	0	1000000000
allocation-fault-6	project_load_steps	exact	0	1000000000
allocation-fault-6	cache_requests	exact	0	1000000000
allocation-fault-6	cache_key_builds	exact	0	1000000000
allocation-fault-6	cache_probes	exact	0	1000000000
allocation-fault-6	cache_hit_handlers	exact	0	1000000000
allocation-fault-6	cache_miss_handlers	exact	0	1000000000
allocation-fault-6	snapshot_build_calls	exact	0	1000000000
allocation-fault-6	invalidation_estimate_calls	exact	0	1000000000
allocation-fault-6	file_read_calls	exact	2	1000000000
allocation-fault-6	file_read_bytes	exact	1380	1000000000
# operation=allocation-fault-7; input_fnv1a64=353ee0f199d742d7; output_fnv1a64=cbf29ce484222325; output_bytes=0; exit=Some(71); observed_repetitions=2; counts_per_process; external_cc_calls=0
allocation-fault-7	name_insert_steps	exact	0	1000000000
allocation-fault-7	name_lookup_steps	exact	0	1000000000
allocation-fault-7	name_edge_steps	exact	0	1000000000
allocation-fault-7	cache_checksum_steps	exact	0	1000000000
allocation-fault-7	program_parse_calls	exact	1	1000000000
allocation-fault-7	program_parse_input_bytes	exact	690	1000000000
allocation-fault-7	source_lexer_steps	exact	14	1000000000
allocation-fault-7	data_lex_calls	exact	0	1000000000
allocation-fault-7	data_lex_input_bytes	exact	0	1000000000
allocation-fault-7	declaration_index_calls	exact	0	1000000000
allocation-fault-7	declaration_index_steps	exact	0	1000000000
allocation-fault-7	checker_calls	exact	0	1000000000
allocation-fault-7	typing_calls	exact	0	1000000000
allocation-fault-7	typing_declaration_steps	exact	0	1000000000
allocation-fault-7	expression_check_calls	exact	0	1000000000
allocation-fault-7	ownership_find_calls	exact	0	1000000000
allocation-fault-7	ownership_frame_close_calls	exact	0	1000000000
allocation-fault-7	memory_plan_calls	exact	0	1000000000
allocation-fault-7	range_analysis_calls	exact	0	1000000000
allocation-fault-7	c_generation_calls	exact	0	1000000000
allocation-fault-7	c_function_emit_calls	exact	0	1000000000
allocation-fault-7	c_expression_emit_calls	exact	0	1000000000
allocation-fault-7	project_load_steps	exact	0	1000000000
allocation-fault-7	cache_requests	exact	0	1000000000
allocation-fault-7	cache_key_builds	exact	0	1000000000
allocation-fault-7	cache_probes	exact	0	1000000000
allocation-fault-7	cache_hit_handlers	exact	0	1000000000
allocation-fault-7	cache_miss_handlers	exact	0	1000000000
allocation-fault-7	snapshot_build_calls	exact	0	1000000000
allocation-fault-7	invalidation_estimate_calls	exact	0	1000000000
allocation-fault-7	file_read_calls	exact	2	1000000000
allocation-fault-7	file_read_bytes	exact	1380	1000000000
# operation=allocation-fault-8; input_fnv1a64=353ee0f199d742d7; output_fnv1a64=cbf29ce484222325; output_bytes=0; exit=Some(71); observed_repetitions=2; counts_per_process; external_cc_calls=0
allocation-fault-8	name_insert_steps	exact	0	1000000000
allocation-fault-8	name_lookup_steps	exact	0	1000000000
allocation-fault-8	name_edge_steps	exact	0	1000000000
allocation-fault-8	cache_checksum_steps	exact	0	1000000000
allocation-fault-8	program_parse_calls	exact	1	1000000000
allocation-fault-8	program_parse_input_bytes	exact	690	1000000000
allocation-fault-8	source_lexer_steps	exact	27	1000000000
allocation-fault-8	data_lex_calls	exact	0	1000000000
allocation-fault-8	data_lex_input_bytes	exact	0	1000000000
allocation-fault-8	declaration_index_calls	exact	0	1000000000
allocation-fault-8	declaration_index_steps	exact	0	1000000000
allocation-fault-8	checker_calls	exact	0	1000000000
allocation-fault-8	typing_calls	exact	0	1000000000
allocation-fault-8	typing_declaration_steps	exact	0	1000000000
allocation-fault-8	expression_check_calls	exact	0	1000000000
allocation-fault-8	ownership_find_calls	exact	0	1000000000
allocation-fault-8	ownership_frame_close_calls	exact	0	1000000000
allocation-fault-8	memory_plan_calls	exact	0	1000000000
allocation-fault-8	range_analysis_calls	exact	0	1000000000
allocation-fault-8	c_generation_calls	exact	0	1000000000
allocation-fault-8	c_function_emit_calls	exact	0	1000000000
allocation-fault-8	c_expression_emit_calls	exact	0	1000000000
allocation-fault-8	project_load_steps	exact	0	1000000000
allocation-fault-8	cache_requests	exact	0	1000000000
allocation-fault-8	cache_key_builds	exact	0	1000000000
allocation-fault-8	cache_probes	exact	0	1000000000
allocation-fault-8	cache_hit_handlers	exact	0	1000000000
allocation-fault-8	cache_miss_handlers	exact	0	1000000000
allocation-fault-8	snapshot_build_calls	exact	0	1000000000
allocation-fault-8	invalidation_estimate_calls	exact	0	1000000000
allocation-fault-8	file_read_calls	exact	2	1000000000
allocation-fault-8	file_read_bytes	exact	1380	1000000000
# operation=allocation-fault-9; input_fnv1a64=353ee0f199d742d7; output_fnv1a64=cbf29ce484222325; output_bytes=0; exit=Some(71); observed_repetitions=2; counts_per_process; external_cc_calls=0
allocation-fault-9	name_insert_steps	exact	0	1000000000
allocation-fault-9	name_lookup_steps	exact	0	1000000000
allocation-fault-9	name_edge_steps	exact	0	1000000000
allocation-fault-9	cache_checksum_steps	exact	0	1000000000
allocation-fault-9	program_parse_calls	exact	1	1000000000
allocation-fault-9	program_parse_input_bytes	exact	690	1000000000
allocation-fault-9	source_lexer_steps	exact	52	1000000000
allocation-fault-9	data_lex_calls	exact	0	1000000000
allocation-fault-9	data_lex_input_bytes	exact	0	1000000000
allocation-fault-9	declaration_index_calls	exact	0	1000000000
allocation-fault-9	declaration_index_steps	exact	0	1000000000
allocation-fault-9	checker_calls	exact	0	1000000000
allocation-fault-9	typing_calls	exact	0	1000000000
allocation-fault-9	typing_declaration_steps	exact	0	1000000000
allocation-fault-9	expression_check_calls	exact	0	1000000000
allocation-fault-9	ownership_find_calls	exact	0	1000000000
allocation-fault-9	ownership_frame_close_calls	exact	0	1000000000
allocation-fault-9	memory_plan_calls	exact	0	1000000000
allocation-fault-9	range_analysis_calls	exact	0	1000000000
allocation-fault-9	c_generation_calls	exact	0	1000000000
allocation-fault-9	c_function_emit_calls	exact	0	1000000000
allocation-fault-9	c_expression_emit_calls	exact	0	1000000000
allocation-fault-9	project_load_steps	exact	0	1000000000
allocation-fault-9	cache_requests	exact	0	1000000000
allocation-fault-9	cache_key_builds	exact	0	1000000000
allocation-fault-9	cache_probes	exact	0	1000000000
allocation-fault-9	cache_hit_handlers	exact	0	1000000000
allocation-fault-9	cache_miss_handlers	exact	0	1000000000
allocation-fault-9	snapshot_build_calls	exact	0	1000000000
allocation-fault-9	invalidation_estimate_calls	exact	0	1000000000
allocation-fault-9	file_read_calls	exact	2	1000000000
allocation-fault-9	file_read_bytes	exact	1380	1000000000
# operation=allocation-fault-10; input_fnv1a64=353ee0f199d742d7; output_fnv1a64=cbf29ce484222325; output_bytes=0; exit=Some(71); observed_repetitions=2; counts_per_process; external_cc_calls=0
allocation-fault-10	name_insert_steps	exact	0	1000000000
allocation-fault-10	name_lookup_steps	exact	0	1000000000
allocation-fault-10	name_edge_steps	exact	0	1000000000
allocation-fault-10	cache_checksum_steps	exact	0	1000000000
allocation-fault-10	program_parse_calls	exact	1	1000000000
allocation-fault-10	program_parse_input_bytes	exact	690	1000000000
allocation-fault-10	source_lexer_steps	exact	115	1000000000
allocation-fault-10	data_lex_calls	exact	0	1000000000
allocation-fault-10	data_lex_input_bytes	exact	0	1000000000
allocation-fault-10	declaration_index_calls	exact	0	1000000000
allocation-fault-10	declaration_index_steps	exact	0	1000000000
allocation-fault-10	checker_calls	exact	0	1000000000
allocation-fault-10	typing_calls	exact	0	1000000000
allocation-fault-10	typing_declaration_steps	exact	0	1000000000
allocation-fault-10	expression_check_calls	exact	0	1000000000
allocation-fault-10	ownership_find_calls	exact	0	1000000000
allocation-fault-10	ownership_frame_close_calls	exact	0	1000000000
allocation-fault-10	memory_plan_calls	exact	0	1000000000
allocation-fault-10	range_analysis_calls	exact	0	1000000000
allocation-fault-10	c_generation_calls	exact	0	1000000000
allocation-fault-10	c_function_emit_calls	exact	0	1000000000
allocation-fault-10	c_expression_emit_calls	exact	0	1000000000
allocation-fault-10	project_load_steps	exact	0	1000000000
allocation-fault-10	cache_requests	exact	0	1000000000
allocation-fault-10	cache_key_builds	exact	0	1000000000
allocation-fault-10	cache_probes	exact	0	1000000000
allocation-fault-10	cache_hit_handlers	exact	0	1000000000
allocation-fault-10	cache_miss_handlers	exact	0	1000000000
allocation-fault-10	snapshot_build_calls	exact	0	1000000000
allocation-fault-10	invalidation_estimate_calls	exact	0	1000000000
allocation-fault-10	file_read_calls	exact	2	1000000000
allocation-fault-10	file_read_bytes	exact	1380	1000000000
# operation=allocation-fault-11; input_fnv1a64=353ee0f199d742d7; output_fnv1a64=cbf29ce484222325; output_bytes=0; exit=Some(71); observed_repetitions=2; counts_per_process; external_cc_calls=0
allocation-fault-11	name_insert_steps	exact	0	1000000000
allocation-fault-11	name_lookup_steps	exact	0	1000000000
allocation-fault-11	name_edge_steps	exact	0	1000000000
allocation-fault-11	cache_checksum_steps	exact	0	1000000000
allocation-fault-11	program_parse_calls	exact	1	1000000000
allocation-fault-11	program_parse_input_bytes	exact	690	1000000000
allocation-fault-11	source_lexer_steps	exact	246	1000000000
allocation-fault-11	data_lex_calls	exact	0	1000000000
allocation-fault-11	data_lex_input_bytes	exact	0	1000000000
allocation-fault-11	declaration_index_calls	exact	0	1000000000
allocation-fault-11	declaration_index_steps	exact	0	1000000000
allocation-fault-11	checker_calls	exact	0	1000000000
allocation-fault-11	typing_calls	exact	0	1000000000
allocation-fault-11	typing_declaration_steps	exact	0	1000000000
allocation-fault-11	expression_check_calls	exact	0	1000000000
allocation-fault-11	ownership_find_calls	exact	0	1000000000
allocation-fault-11	ownership_frame_close_calls	exact	0	1000000000
allocation-fault-11	memory_plan_calls	exact	0	1000000000
allocation-fault-11	range_analysis_calls	exact	0	1000000000
allocation-fault-11	c_generation_calls	exact	0	1000000000
allocation-fault-11	c_function_emit_calls	exact	0	1000000000
allocation-fault-11	c_expression_emit_calls	exact	0	1000000000
allocation-fault-11	project_load_steps	exact	0	1000000000
allocation-fault-11	cache_requests	exact	0	1000000000
allocation-fault-11	cache_key_builds	exact	0	1000000000
allocation-fault-11	cache_probes	exact	0	1000000000
allocation-fault-11	cache_hit_handlers	exact	0	1000000000
allocation-fault-11	cache_miss_handlers	exact	0	1000000000
allocation-fault-11	snapshot_build_calls	exact	0	1000000000
allocation-fault-11	invalidation_estimate_calls	exact	0	1000000000
allocation-fault-11	file_read_calls	exact	2	1000000000
allocation-fault-11	file_read_bytes	exact	1380	1000000000
# operation=allocation-fault-12; input_fnv1a64=353ee0f199d742d7; output_fnv1a64=cbf29ce484222325; output_bytes=0; exit=Some(71); observed_repetitions=2; counts_per_process; external_cc_calls=0
allocation-fault-12	name_insert_steps	exact	0	1000000000
allocation-fault-12	name_lookup_steps	exact	0	1000000000
allocation-fault-12	name_edge_steps	exact	0	1000000000
allocation-fault-12	cache_checksum_steps	exact	0	1000000000
allocation-fault-12	program_parse_calls	exact	1	1000000000
allocation-fault-12	program_parse_input_bytes	exact	690	1000000000
allocation-fault-12	source_lexer_steps	exact	336	1000000000
allocation-fault-12	data_lex_calls	exact	0	1000000000
allocation-fault-12	data_lex_input_bytes	exact	0	1000000000
allocation-fault-12	declaration_index_calls	exact	0	1000000000
allocation-fault-12	declaration_index_steps	exact	0	1000000000
allocation-fault-12	checker_calls	exact	0	1000000000
allocation-fault-12	typing_calls	exact	0	1000000000
allocation-fault-12	typing_declaration_steps	exact	0	1000000000
allocation-fault-12	expression_check_calls	exact	0	1000000000
allocation-fault-12	ownership_find_calls	exact	0	1000000000
allocation-fault-12	ownership_frame_close_calls	exact	0	1000000000
allocation-fault-12	memory_plan_calls	exact	0	1000000000
allocation-fault-12	range_analysis_calls	exact	0	1000000000
allocation-fault-12	c_generation_calls	exact	0	1000000000
allocation-fault-12	c_function_emit_calls	exact	0	1000000000
allocation-fault-12	c_expression_emit_calls	exact	0	1000000000
allocation-fault-12	project_load_steps	exact	0	1000000000
allocation-fault-12	cache_requests	exact	0	1000000000
allocation-fault-12	cache_key_builds	exact	0	1000000000
allocation-fault-12	cache_probes	exact	0	1000000000
allocation-fault-12	cache_hit_handlers	exact	0	1000000000
allocation-fault-12	cache_miss_handlers	exact	0	1000000000
allocation-fault-12	snapshot_build_calls	exact	0	1000000000
allocation-fault-12	invalidation_estimate_calls	exact	0	1000000000
allocation-fault-12	file_read_calls	exact	2	1000000000
allocation-fault-12	file_read_bytes	exact	1380	1000000000
# operation=allocation-fault-13; input_fnv1a64=353ee0f199d742d7; output_fnv1a64=cbf29ce484222325; output_bytes=0; exit=Some(71); observed_repetitions=2; counts_per_process; external_cc_calls=0
allocation-fault-13	name_insert_steps	exact	0	1000000000
allocation-fault-13	name_lookup_steps	exact	0	1000000000
allocation-fault-13	name_edge_steps	exact	0	1000000000
allocation-fault-13	cache_checksum_steps	exact	0	1000000000
allocation-fault-13	program_parse_calls	exact	1	1000000000
allocation-fault-13	program_parse_input_bytes	exact	690	1000000000
allocation-fault-13	source_lexer_steps	exact	336	1000000000
allocation-fault-13	data_lex_calls	exact	0	1000000000
allocation-fault-13	data_lex_input_bytes	exact	0	1000000000
allocation-fault-13	declaration_index_calls	exact	0	1000000000
allocation-fault-13	declaration_index_steps	exact	0	1000000000
allocation-fault-13	checker_calls	exact	0	1000000000
allocation-fault-13	typing_calls	exact	0	1000000000
allocation-fault-13	typing_declaration_steps	exact	0	1000000000
allocation-fault-13	expression_check_calls	exact	0	1000000000
allocation-fault-13	ownership_find_calls	exact	0	1000000000
allocation-fault-13	ownership_frame_close_calls	exact	0	1000000000
allocation-fault-13	memory_plan_calls	exact	0	1000000000
allocation-fault-13	range_analysis_calls	exact	0	1000000000
allocation-fault-13	c_generation_calls	exact	0	1000000000
allocation-fault-13	c_function_emit_calls	exact	0	1000000000
allocation-fault-13	c_expression_emit_calls	exact	0	1000000000
allocation-fault-13	project_load_steps	exact	0	1000000000
allocation-fault-13	cache_requests	exact	0	1000000000
allocation-fault-13	cache_key_builds	exact	0	1000000000
allocation-fault-13	cache_probes	exact	0	1000000000
allocation-fault-13	cache_hit_handlers	exact	0	1000000000
allocation-fault-13	cache_miss_handlers	exact	0	1000000000
allocation-fault-13	snapshot_build_calls	exact	0	1000000000
allocation-fault-13	invalidation_estimate_calls	exact	0	1000000000
allocation-fault-13	file_read_calls	exact	2	1000000000
allocation-fault-13	file_read_bytes	exact	1380	1000000000
# operation=allocation-fault-14; input_fnv1a64=353ee0f199d742d7; output_fnv1a64=cbf29ce484222325; output_bytes=0; exit=Some(71); observed_repetitions=2; counts_per_process; external_cc_calls=0
allocation-fault-14	name_insert_steps	exact	0	1000000000
allocation-fault-14	name_lookup_steps	exact	0	1000000000
allocation-fault-14	name_edge_steps	exact	0	1000000000
allocation-fault-14	cache_checksum_steps	exact	0	1000000000
allocation-fault-14	program_parse_calls	exact	1	1000000000
allocation-fault-14	program_parse_input_bytes	exact	690	1000000000
allocation-fault-14	source_lexer_steps	exact	336	1000000000
allocation-fault-14	data_lex_calls	exact	0	1000000000
allocation-fault-14	data_lex_input_bytes	exact	0	1000000000
allocation-fault-14	declaration_index_calls	exact	0	1000000000
allocation-fault-14	declaration_index_steps	exact	0	1000000000
allocation-fault-14	checker_calls	exact	0	1000000000
allocation-fault-14	typing_calls	exact	0	1000000000
allocation-fault-14	typing_declaration_steps	exact	0	1000000000
allocation-fault-14	expression_check_calls	exact	0	1000000000
allocation-fault-14	ownership_find_calls	exact	0	1000000000
allocation-fault-14	ownership_frame_close_calls	exact	0	1000000000
allocation-fault-14	memory_plan_calls	exact	0	1000000000
allocation-fault-14	range_analysis_calls	exact	0	1000000000
allocation-fault-14	c_generation_calls	exact	0	1000000000
allocation-fault-14	c_function_emit_calls	exact	0	1000000000
allocation-fault-14	c_expression_emit_calls	exact	0	1000000000
allocation-fault-14	project_load_steps	exact	0	1000000000
allocation-fault-14	cache_requests	exact	0	1000000000
allocation-fault-14	cache_key_builds	exact	0	1000000000
allocation-fault-14	cache_probes	exact	0	1000000000
allocation-fault-14	cache_hit_handlers	exact	0	1000000000
allocation-fault-14	cache_miss_handlers	exact	0	1000000000
allocation-fault-14	snapshot_build_calls	exact	0	1000000000
allocation-fault-14	invalidation_estimate_calls	exact	0	1000000000
allocation-fault-14	file_read_calls	exact	2	1000000000
allocation-fault-14	file_read_bytes	exact	1380	1000000000
# operation=allocation-fault-15; input_fnv1a64=353ee0f199d742d7; output_fnv1a64=cbf29ce484222325; output_bytes=0; exit=Some(71); observed_repetitions=2; counts_per_process; external_cc_calls=0
allocation-fault-15	name_insert_steps	exact	0	1000000000
allocation-fault-15	name_lookup_steps	exact	0	1000000000
allocation-fault-15	name_edge_steps	exact	0	1000000000
allocation-fault-15	cache_checksum_steps	exact	0	1000000000
allocation-fault-15	program_parse_calls	exact	1	1000000000
allocation-fault-15	program_parse_input_bytes	exact	690	1000000000
allocation-fault-15	source_lexer_steps	exact	336	1000000000
allocation-fault-15	data_lex_calls	exact	0	1000000000
allocation-fault-15	data_lex_input_bytes	exact	0	1000000000
allocation-fault-15	declaration_index_calls	exact	0	1000000000
allocation-fault-15	declaration_index_steps	exact	0	1000000000
allocation-fault-15	checker_calls	exact	0	1000000000
allocation-fault-15	typing_calls	exact	0	1000000000
allocation-fault-15	typing_declaration_steps	exact	0	1000000000
allocation-fault-15	expression_check_calls	exact	0	1000000000
allocation-fault-15	ownership_find_calls	exact	0	1000000000
allocation-fault-15	ownership_frame_close_calls	exact	0	1000000000
allocation-fault-15	memory_plan_calls	exact	0	1000000000
allocation-fault-15	range_analysis_calls	exact	0	1000000000
allocation-fault-15	c_generation_calls	exact	0	1000000000
allocation-fault-15	c_function_emit_calls	exact	0	1000000000
allocation-fault-15	c_expression_emit_calls	exact	0	1000000000
allocation-fault-15	project_load_steps	exact	0	1000000000
allocation-fault-15	cache_requests	exact	0	1000000000
allocation-fault-15	cache_key_builds	exact	0	1000000000
allocation-fault-15	cache_probes	exact	0	1000000000
allocation-fault-15	cache_hit_handlers	exact	0	1000000000
allocation-fault-15	cache_miss_handlers	exact	0	1000000000
allocation-fault-15	snapshot_build_calls	exact	0	1000000000
allocation-fault-15	invalidation_estimate_calls	exact	0	1000000000
allocation-fault-15	file_read_calls	exact	2	1000000000
allocation-fault-15	file_read_bytes	exact	1380	1000000000
# operation=allocation-fault-16; input_fnv1a64=353ee0f199d742d7; output_fnv1a64=cbf29ce484222325; output_bytes=0; exit=Some(71); observed_repetitions=2; counts_per_process; external_cc_calls=0
allocation-fault-16	name_insert_steps	exact	0	1000000000
allocation-fault-16	name_lookup_steps	exact	0	1000000000
allocation-fault-16	name_edge_steps	exact	0	1000000000
allocation-fault-16	cache_checksum_steps	exact	0	1000000000
allocation-fault-16	program_parse_calls	exact	1	1000000000
allocation-fault-16	program_parse_input_bytes	exact	690	1000000000
allocation-fault-16	source_lexer_steps	exact	336	1000000000
allocation-fault-16	data_lex_calls	exact	0	1000000000
allocation-fault-16	data_lex_input_bytes	exact	0	1000000000
allocation-fault-16	declaration_index_calls	exact	0	1000000000
allocation-fault-16	declaration_index_steps	exact	0	1000000000
allocation-fault-16	checker_calls	exact	0	1000000000
allocation-fault-16	typing_calls	exact	0	1000000000
allocation-fault-16	typing_declaration_steps	exact	0	1000000000
allocation-fault-16	expression_check_calls	exact	0	1000000000
allocation-fault-16	ownership_find_calls	exact	0	1000000000
allocation-fault-16	ownership_frame_close_calls	exact	0	1000000000
allocation-fault-16	memory_plan_calls	exact	0	1000000000
allocation-fault-16	range_analysis_calls	exact	0	1000000000
allocation-fault-16	c_generation_calls	exact	0	1000000000
allocation-fault-16	c_function_emit_calls	exact	0	1000000000
allocation-fault-16	c_expression_emit_calls	exact	0	1000000000
allocation-fault-16	project_load_steps	exact	0	1000000000
allocation-fault-16	cache_requests	exact	0	1000000000
allocation-fault-16	cache_key_builds	exact	0	1000000000
allocation-fault-16	cache_probes	exact	0	1000000000
allocation-fault-16	cache_hit_handlers	exact	0	1000000000
allocation-fault-16	cache_miss_handlers	exact	0	1000000000
allocation-fault-16	snapshot_build_calls	exact	0	1000000000
allocation-fault-16	invalidation_estimate_calls	exact	0	1000000000
allocation-fault-16	file_read_calls	exact	2	1000000000
allocation-fault-16	file_read_bytes	exact	1380	1000000000
# operation=allocation-fault-17; input_fnv1a64=353ee0f199d742d7; output_fnv1a64=cbf29ce484222325; output_bytes=0; exit=Some(71); observed_repetitions=2; counts_per_process; external_cc_calls=0
allocation-fault-17	name_insert_steps	exact	0	1000000000
allocation-fault-17	name_lookup_steps	exact	0	1000000000
allocation-fault-17	name_edge_steps	exact	0	1000000000
allocation-fault-17	cache_checksum_steps	exact	0	1000000000
allocation-fault-17	program_parse_calls	exact	1	1000000000
allocation-fault-17	program_parse_input_bytes	exact	690	1000000000
allocation-fault-17	source_lexer_steps	exact	336	1000000000
allocation-fault-17	data_lex_calls	exact	0	1000000000
allocation-fault-17	data_lex_input_bytes	exact	0	1000000000
allocation-fault-17	declaration_index_calls	exact	0	1000000000
allocation-fault-17	declaration_index_steps	exact	0	1000000000
allocation-fault-17	checker_calls	exact	0	1000000000
allocation-fault-17	typing_calls	exact	0	1000000000
allocation-fault-17	typing_declaration_steps	exact	0	1000000000
allocation-fault-17	expression_check_calls	exact	0	1000000000
allocation-fault-17	ownership_find_calls	exact	0	1000000000
allocation-fault-17	ownership_frame_close_calls	exact	0	1000000000
allocation-fault-17	memory_plan_calls	exact	0	1000000000
allocation-fault-17	range_analysis_calls	exact	0	1000000000
allocation-fault-17	c_generation_calls	exact	0	1000000000
allocation-fault-17	c_function_emit_calls	exact	0	1000000000
allocation-fault-17	c_expression_emit_calls	exact	0	1000000000
allocation-fault-17	project_load_steps	exact	0	1000000000
allocation-fault-17	cache_requests	exact	0	1000000000
allocation-fault-17	cache_key_builds	exact	0	1000000000
allocation-fault-17	cache_probes	exact	0	1000000000
allocation-fault-17	cache_hit_handlers	exact	0	1000000000
allocation-fault-17	cache_miss_handlers	exact	0	1000000000
allocation-fault-17	snapshot_build_calls	exact	0	1000000000
allocation-fault-17	invalidation_estimate_calls	exact	0	1000000000
allocation-fault-17	file_read_calls	exact	2	1000000000
allocation-fault-17	file_read_bytes	exact	1380	1000000000
# operation=allocation-fault-18; input_fnv1a64=353ee0f199d742d7; output_fnv1a64=cbf29ce484222325; output_bytes=0; exit=Some(71); observed_repetitions=2; counts_per_process; external_cc_calls=0
allocation-fault-18	name_insert_steps	exact	0	1000000000
allocation-fault-18	name_lookup_steps	exact	0	1000000000
allocation-fault-18	name_edge_steps	exact	0	1000000000
allocation-fault-18	cache_checksum_steps	exact	0	1000000000
allocation-fault-18	program_parse_calls	exact	1	1000000000
allocation-fault-18	program_parse_input_bytes	exact	690	1000000000
allocation-fault-18	source_lexer_steps	exact	336	1000000000
allocation-fault-18	data_lex_calls	exact	0	1000000000
allocation-fault-18	data_lex_input_bytes	exact	0	1000000000
allocation-fault-18	declaration_index_calls	exact	0	1000000000
allocation-fault-18	declaration_index_steps	exact	0	1000000000
allocation-fault-18	checker_calls	exact	0	1000000000
allocation-fault-18	typing_calls	exact	0	1000000000
allocation-fault-18	typing_declaration_steps	exact	0	1000000000
allocation-fault-18	expression_check_calls	exact	0	1000000000
allocation-fault-18	ownership_find_calls	exact	0	1000000000
allocation-fault-18	ownership_frame_close_calls	exact	0	1000000000
allocation-fault-18	memory_plan_calls	exact	0	1000000000
allocation-fault-18	range_analysis_calls	exact	0	1000000000
allocation-fault-18	c_generation_calls	exact	0	1000000000
allocation-fault-18	c_function_emit_calls	exact	0	1000000000
allocation-fault-18	c_expression_emit_calls	exact	0	1000000000
allocation-fault-18	project_load_steps	exact	0	1000000000
allocation-fault-18	cache_requests	exact	0	1000000000
allocation-fault-18	cache_key_builds	exact	0	1000000000
allocation-fault-18	cache_probes	exact	0	1000000000
allocation-fault-18	cache_hit_handlers	exact	0	1000000000
allocation-fault-18	cache_miss_handlers	exact	0	1000000000
allocation-fault-18	snapshot_build_calls	exact	0	1000000000
allocation-fault-18	invalidation_estimate_calls	exact	0	1000000000
allocation-fault-18	file_read_calls	exact	2	1000000000
allocation-fault-18	file_read_bytes	exact	1380	1000000000
# operation=allocation-fault-19; input_fnv1a64=353ee0f199d742d7; output_fnv1a64=cbf29ce484222325; output_bytes=0; exit=Some(71); observed_repetitions=2; counts_per_process; external_cc_calls=0
allocation-fault-19	name_insert_steps	exact	0	1000000000
allocation-fault-19	name_lookup_steps	exact	0	1000000000
allocation-fault-19	name_edge_steps	exact	0	1000000000
allocation-fault-19	cache_checksum_steps	exact	0	1000000000
allocation-fault-19	program_parse_calls	exact	1	1000000000
allocation-fault-19	program_parse_input_bytes	exact	690	1000000000
allocation-fault-19	source_lexer_steps	exact	336	1000000000
allocation-fault-19	data_lex_calls	exact	0	1000000000
allocation-fault-19	data_lex_input_bytes	exact	0	1000000000
allocation-fault-19	declaration_index_calls	exact	0	1000000000
allocation-fault-19	declaration_index_steps	exact	0	1000000000
allocation-fault-19	checker_calls	exact	0	1000000000
allocation-fault-19	typing_calls	exact	0	1000000000
allocation-fault-19	typing_declaration_steps	exact	0	1000000000
allocation-fault-19	expression_check_calls	exact	0	1000000000
allocation-fault-19	ownership_find_calls	exact	0	1000000000
allocation-fault-19	ownership_frame_close_calls	exact	0	1000000000
allocation-fault-19	memory_plan_calls	exact	0	1000000000
allocation-fault-19	range_analysis_calls	exact	0	1000000000
allocation-fault-19	c_generation_calls	exact	0	1000000000
allocation-fault-19	c_function_emit_calls	exact	0	1000000000
allocation-fault-19	c_expression_emit_calls	exact	0	1000000000
allocation-fault-19	project_load_steps	exact	0	1000000000
allocation-fault-19	cache_requests	exact	0	1000000000
allocation-fault-19	cache_key_builds	exact	0	1000000000
allocation-fault-19	cache_probes	exact	0	1000000000
allocation-fault-19	cache_hit_handlers	exact	0	1000000000
allocation-fault-19	cache_miss_handlers	exact	0	1000000000
allocation-fault-19	snapshot_build_calls	exact	0	1000000000
allocation-fault-19	invalidation_estimate_calls	exact	0	1000000000
allocation-fault-19	file_read_calls	exact	2	1000000000
allocation-fault-19	file_read_bytes	exact	1380	1000000000
# operation=allocation-fault-20; input_fnv1a64=353ee0f199d742d7; output_fnv1a64=cbf29ce484222325; output_bytes=0; exit=Some(71); observed_repetitions=2; counts_per_process; external_cc_calls=0
allocation-fault-20	name_insert_steps	exact	0	1000000000
allocation-fault-20	name_lookup_steps	exact	0	1000000000
allocation-fault-20	name_edge_steps	exact	0	1000000000
allocation-fault-20	cache_checksum_steps	exact	0	1000000000
allocation-fault-20	program_parse_calls	exact	1	1000000000
allocation-fault-20	program_parse_input_bytes	exact	690	1000000000
allocation-fault-20	source_lexer_steps	exact	336	1000000000
allocation-fault-20	data_lex_calls	exact	0	1000000000
allocation-fault-20	data_lex_input_bytes	exact	0	1000000000
allocation-fault-20	declaration_index_calls	exact	0	1000000000
allocation-fault-20	declaration_index_steps	exact	0	1000000000
allocation-fault-20	checker_calls	exact	0	1000000000
allocation-fault-20	typing_calls	exact	0	1000000000
allocation-fault-20	typing_declaration_steps	exact	0	1000000000
allocation-fault-20	expression_check_calls	exact	0	1000000000
allocation-fault-20	ownership_find_calls	exact	0	1000000000
allocation-fault-20	ownership_frame_close_calls	exact	0	1000000000
allocation-fault-20	memory_plan_calls	exact	0	1000000000
allocation-fault-20	range_analysis_calls	exact	0	1000000000
allocation-fault-20	c_generation_calls	exact	0	1000000000
allocation-fault-20	c_function_emit_calls	exact	0	1000000000
allocation-fault-20	c_expression_emit_calls	exact	0	1000000000
allocation-fault-20	project_load_steps	exact	0	1000000000
allocation-fault-20	cache_requests	exact	0	1000000000
allocation-fault-20	cache_key_builds	exact	0	1000000000
allocation-fault-20	cache_probes	exact	0	1000000000
allocation-fault-20	cache_hit_handlers	exact	0	1000000000
allocation-fault-20	cache_miss_handlers	exact	0	1000000000
allocation-fault-20	snapshot_build_calls	exact	0	1000000000
allocation-fault-20	invalidation_estimate_calls	exact	0	1000000000
allocation-fault-20	file_read_calls	exact	2	1000000000
allocation-fault-20	file_read_bytes	exact	1380	1000000000
# operation=allocation-fault-21; input_fnv1a64=353ee0f199d742d7; output_fnv1a64=cbf29ce484222325; output_bytes=0; exit=Some(71); observed_repetitions=2; counts_per_process; external_cc_calls=0
allocation-fault-21	name_insert_steps	exact	0	1000000000
allocation-fault-21	name_lookup_steps	exact	0	1000000000
allocation-fault-21	name_edge_steps	exact	0	1000000000
allocation-fault-21	cache_checksum_steps	exact	0	1000000000
allocation-fault-21	program_parse_calls	exact	1	1000000000
allocation-fault-21	program_parse_input_bytes	exact	690	1000000000
allocation-fault-21	source_lexer_steps	exact	336	1000000000
allocation-fault-21	data_lex_calls	exact	0	1000000000
allocation-fault-21	data_lex_input_bytes	exact	0	1000000000
allocation-fault-21	declaration_index_calls	exact	0	1000000000
allocation-fault-21	declaration_index_steps	exact	0	1000000000
allocation-fault-21	checker_calls	exact	0	1000000000
allocation-fault-21	typing_calls	exact	0	1000000000
allocation-fault-21	typing_declaration_steps	exact	0	1000000000
allocation-fault-21	expression_check_calls	exact	0	1000000000
allocation-fault-21	ownership_find_calls	exact	0	1000000000
allocation-fault-21	ownership_frame_close_calls	exact	0	1000000000
allocation-fault-21	memory_plan_calls	exact	0	1000000000
allocation-fault-21	range_analysis_calls	exact	0	1000000000
allocation-fault-21	c_generation_calls	exact	0	1000000000
allocation-fault-21	c_function_emit_calls	exact	0	1000000000
allocation-fault-21	c_expression_emit_calls	exact	0	1000000000
allocation-fault-21	project_load_steps	exact	0	1000000000
allocation-fault-21	cache_requests	exact	0	1000000000
allocation-fault-21	cache_key_builds	exact	0	1000000000
allocation-fault-21	cache_probes	exact	0	1000000000
allocation-fault-21	cache_hit_handlers	exact	0	1000000000
allocation-fault-21	cache_miss_handlers	exact	0	1000000000
allocation-fault-21	snapshot_build_calls	exact	0	1000000000
allocation-fault-21	invalidation_estimate_calls	exact	0	1000000000
allocation-fault-21	file_read_calls	exact	2	1000000000
allocation-fault-21	file_read_bytes	exact	1380	1000000000
# operation=allocation-fault-22; input_fnv1a64=353ee0f199d742d7; output_fnv1a64=cbf29ce484222325; output_bytes=0; exit=Some(71); observed_repetitions=2; counts_per_process; external_cc_calls=0
allocation-fault-22	name_insert_steps	exact	0	1000000000
allocation-fault-22	name_lookup_steps	exact	0	1000000000
allocation-fault-22	name_edge_steps	exact	0	1000000000
allocation-fault-22	cache_checksum_steps	exact	0	1000000000
allocation-fault-22	program_parse_calls	exact	1	1000000000
allocation-fault-22	program_parse_input_bytes	exact	690	1000000000
allocation-fault-22	source_lexer_steps	exact	336	1000000000
allocation-fault-22	data_lex_calls	exact	0	1000000000
allocation-fault-22	data_lex_input_bytes	exact	0	1000000000
allocation-fault-22	declaration_index_calls	exact	0	1000000000
allocation-fault-22	declaration_index_steps	exact	0	1000000000
allocation-fault-22	checker_calls	exact	0	1000000000
allocation-fault-22	typing_calls	exact	0	1000000000
allocation-fault-22	typing_declaration_steps	exact	0	1000000000
allocation-fault-22	expression_check_calls	exact	0	1000000000
allocation-fault-22	ownership_find_calls	exact	0	1000000000
allocation-fault-22	ownership_frame_close_calls	exact	0	1000000000
allocation-fault-22	memory_plan_calls	exact	0	1000000000
allocation-fault-22	range_analysis_calls	exact	0	1000000000
allocation-fault-22	c_generation_calls	exact	0	1000000000
allocation-fault-22	c_function_emit_calls	exact	0	1000000000
allocation-fault-22	c_expression_emit_calls	exact	0	1000000000
allocation-fault-22	project_load_steps	exact	0	1000000000
allocation-fault-22	cache_requests	exact	0	1000000000
allocation-fault-22	cache_key_builds	exact	0	1000000000
allocation-fault-22	cache_probes	exact	0	1000000000
allocation-fault-22	cache_hit_handlers	exact	0	1000000000
allocation-fault-22	cache_miss_handlers	exact	0	1000000000
allocation-fault-22	snapshot_build_calls	exact	0	1000000000
allocation-fault-22	invalidation_estimate_calls	exact	0	1000000000
allocation-fault-22	file_read_calls	exact	2	1000000000
allocation-fault-22	file_read_bytes	exact	1380	1000000000
# operation=allocation-fault-23; input_fnv1a64=353ee0f199d742d7; output_fnv1a64=cbf29ce484222325; output_bytes=0; exit=Some(71); observed_repetitions=2; counts_per_process; external_cc_calls=0
allocation-fault-23	name_insert_steps	exact	0	1000000000
allocation-fault-23	name_lookup_steps	exact	0	1000000000
allocation-fault-23	name_edge_steps	exact	0	1000000000
allocation-fault-23	cache_checksum_steps	exact	0	1000000000
allocation-fault-23	program_parse_calls	exact	1	1000000000
allocation-fault-23	program_parse_input_bytes	exact	690	1000000000
allocation-fault-23	source_lexer_steps	exact	336	1000000000
allocation-fault-23	data_lex_calls	exact	0	1000000000
allocation-fault-23	data_lex_input_bytes	exact	0	1000000000
allocation-fault-23	declaration_index_calls	exact	0	1000000000
allocation-fault-23	declaration_index_steps	exact	0	1000000000
allocation-fault-23	checker_calls	exact	0	1000000000
allocation-fault-23	typing_calls	exact	0	1000000000
allocation-fault-23	typing_declaration_steps	exact	0	1000000000
allocation-fault-23	expression_check_calls	exact	0	1000000000
allocation-fault-23	ownership_find_calls	exact	0	1000000000
allocation-fault-23	ownership_frame_close_calls	exact	0	1000000000
allocation-fault-23	memory_plan_calls	exact	0	1000000000
allocation-fault-23	range_analysis_calls	exact	0	1000000000
allocation-fault-23	c_generation_calls	exact	0	1000000000
allocation-fault-23	c_function_emit_calls	exact	0	1000000000
allocation-fault-23	c_expression_emit_calls	exact	0	1000000000
allocation-fault-23	project_load_steps	exact	0	1000000000
allocation-fault-23	cache_requests	exact	0	1000000000
allocation-fault-23	cache_key_builds	exact	0	1000000000
allocation-fault-23	cache_probes	exact	0	1000000000
allocation-fault-23	cache_hit_handlers	exact	0	1000000000
allocation-fault-23	cache_miss_handlers	exact	0	1000000000
allocation-fault-23	snapshot_build_calls	exact	0	1000000000
allocation-fault-23	invalidation_estimate_calls	exact	0	1000000000
allocation-fault-23	file_read_calls	exact	2	1000000000
allocation-fault-23	file_read_bytes	exact	1380	1000000000
# operation=allocation-fault-24; input_fnv1a64=353ee0f199d742d7; output_fnv1a64=cbf29ce484222325; output_bytes=0; exit=Some(71); observed_repetitions=2; counts_per_process; external_cc_calls=0
allocation-fault-24	name_insert_steps	exact	0	1000000000
allocation-fault-24	name_lookup_steps	exact	0	1000000000
allocation-fault-24	name_edge_steps	exact	0	1000000000
allocation-fault-24	cache_checksum_steps	exact	0	1000000000
allocation-fault-24	program_parse_calls	exact	1	1000000000
allocation-fault-24	program_parse_input_bytes	exact	690	1000000000
allocation-fault-24	source_lexer_steps	exact	336	1000000000
allocation-fault-24	data_lex_calls	exact	0	1000000000
allocation-fault-24	data_lex_input_bytes	exact	0	1000000000
allocation-fault-24	declaration_index_calls	exact	0	1000000000
allocation-fault-24	declaration_index_steps	exact	0	1000000000
allocation-fault-24	checker_calls	exact	0	1000000000
allocation-fault-24	typing_calls	exact	0	1000000000
allocation-fault-24	typing_declaration_steps	exact	0	1000000000
allocation-fault-24	expression_check_calls	exact	0	1000000000
allocation-fault-24	ownership_find_calls	exact	0	1000000000
allocation-fault-24	ownership_frame_close_calls	exact	0	1000000000
allocation-fault-24	memory_plan_calls	exact	0	1000000000
allocation-fault-24	range_analysis_calls	exact	0	1000000000
allocation-fault-24	c_generation_calls	exact	0	1000000000
allocation-fault-24	c_function_emit_calls	exact	0	1000000000
allocation-fault-24	c_expression_emit_calls	exact	0	1000000000
allocation-fault-24	project_load_steps	exact	0	1000000000
allocation-fault-24	cache_requests	exact	0	1000000000
allocation-fault-24	cache_key_builds	exact	0	1000000000
allocation-fault-24	cache_probes	exact	0	1000000000
allocation-fault-24	cache_hit_handlers	exact	0	1000000000
allocation-fault-24	cache_miss_handlers	exact	0	1000000000
allocation-fault-24	snapshot_build_calls	exact	0	1000000000
allocation-fault-24	invalidation_estimate_calls	exact	0	1000000000
allocation-fault-24	file_read_calls	exact	2	1000000000
allocation-fault-24	file_read_bytes	exact	1380	1000000000
# operation=allocation-fault-25; input_fnv1a64=353ee0f199d742d7; output_fnv1a64=cbf29ce484222325; output_bytes=0; exit=Some(71); observed_repetitions=2; counts_per_process; external_cc_calls=0
allocation-fault-25	name_insert_steps	exact	0	1000000000
allocation-fault-25	name_lookup_steps	exact	0	1000000000
allocation-fault-25	name_edge_steps	exact	0	1000000000
allocation-fault-25	cache_checksum_steps	exact	0	1000000000
allocation-fault-25	program_parse_calls	exact	1	1000000000
allocation-fault-25	program_parse_input_bytes	exact	690	1000000000
allocation-fault-25	source_lexer_steps	exact	336	1000000000
allocation-fault-25	data_lex_calls	exact	0	1000000000
allocation-fault-25	data_lex_input_bytes	exact	0	1000000000
allocation-fault-25	declaration_index_calls	exact	0	1000000000
allocation-fault-25	declaration_index_steps	exact	0	1000000000
allocation-fault-25	checker_calls	exact	0	1000000000
allocation-fault-25	typing_calls	exact	0	1000000000
allocation-fault-25	typing_declaration_steps	exact	0	1000000000
allocation-fault-25	expression_check_calls	exact	0	1000000000
allocation-fault-25	ownership_find_calls	exact	0	1000000000
allocation-fault-25	ownership_frame_close_calls	exact	0	1000000000
allocation-fault-25	memory_plan_calls	exact	0	1000000000
allocation-fault-25	range_analysis_calls	exact	0	1000000000
allocation-fault-25	c_generation_calls	exact	0	1000000000
allocation-fault-25	c_function_emit_calls	exact	0	1000000000
allocation-fault-25	c_expression_emit_calls	exact	0	1000000000
allocation-fault-25	project_load_steps	exact	0	1000000000
allocation-fault-25	cache_requests	exact	0	1000000000
allocation-fault-25	cache_key_builds	exact	0	1000000000
allocation-fault-25	cache_probes	exact	0	1000000000
allocation-fault-25	cache_hit_handlers	exact	0	1000000000
allocation-fault-25	cache_miss_handlers	exact	0	1000000000
allocation-fault-25	snapshot_build_calls	exact	0	1000000000
allocation-fault-25	invalidation_estimate_calls	exact	0	1000000000
allocation-fault-25	file_read_calls	exact	2	1000000000
allocation-fault-25	file_read_bytes	exact	1380	1000000000
# operation=allocation-fault-26; input_fnv1a64=353ee0f199d742d7; output_fnv1a64=cbf29ce484222325; output_bytes=0; exit=Some(71); observed_repetitions=2; counts_per_process; external_cc_calls=0
allocation-fault-26	name_insert_steps	exact	0	1000000000
allocation-fault-26	name_lookup_steps	exact	0	1000000000
allocation-fault-26	name_edge_steps	exact	0	1000000000
allocation-fault-26	cache_checksum_steps	exact	0	1000000000
allocation-fault-26	program_parse_calls	exact	1	1000000000
allocation-fault-26	program_parse_input_bytes	exact	690	1000000000
allocation-fault-26	source_lexer_steps	exact	336	1000000000
allocation-fault-26	data_lex_calls	exact	0	1000000000
allocation-fault-26	data_lex_input_bytes	exact	0	1000000000
allocation-fault-26	declaration_index_calls	exact	0	1000000000
allocation-fault-26	declaration_index_steps	exact	0	1000000000
allocation-fault-26	checker_calls	exact	0	1000000000
allocation-fault-26	typing_calls	exact	0	1000000000
allocation-fault-26	typing_declaration_steps	exact	0	1000000000
allocation-fault-26	expression_check_calls	exact	0	1000000000
allocation-fault-26	ownership_find_calls	exact	0	1000000000
allocation-fault-26	ownership_frame_close_calls	exact	0	1000000000
allocation-fault-26	memory_plan_calls	exact	0	1000000000
allocation-fault-26	range_analysis_calls	exact	0	1000000000
allocation-fault-26	c_generation_calls	exact	0	1000000000
allocation-fault-26	c_function_emit_calls	exact	0	1000000000
allocation-fault-26	c_expression_emit_calls	exact	0	1000000000
allocation-fault-26	project_load_steps	exact	0	1000000000
allocation-fault-26	cache_requests	exact	0	1000000000
allocation-fault-26	cache_key_builds	exact	0	1000000000
allocation-fault-26	cache_probes	exact	0	1000000000
allocation-fault-26	cache_hit_handlers	exact	0	1000000000
allocation-fault-26	cache_miss_handlers	exact	0	1000000000
allocation-fault-26	snapshot_build_calls	exact	0	1000000000
allocation-fault-26	invalidation_estimate_calls	exact	0	1000000000
allocation-fault-26	file_read_calls	exact	2	1000000000
allocation-fault-26	file_read_bytes	exact	1380	1000000000
# operation=allocation-fault-27; input_fnv1a64=353ee0f199d742d7; output_fnv1a64=cbf29ce484222325; output_bytes=0; exit=Some(71); observed_repetitions=2; counts_per_process; external_cc_calls=0
allocation-fault-27	name_insert_steps	exact	0	1000000000
allocation-fault-27	name_lookup_steps	exact	0	1000000000
allocation-fault-27	name_edge_steps	exact	0	1000000000
allocation-fault-27	cache_checksum_steps	exact	0	1000000000
allocation-fault-27	program_parse_calls	exact	1	1000000000
allocation-fault-27	program_parse_input_bytes	exact	690	1000000000
allocation-fault-27	source_lexer_steps	exact	336	1000000000
allocation-fault-27	data_lex_calls	exact	0	1000000000
allocation-fault-27	data_lex_input_bytes	exact	0	1000000000
allocation-fault-27	declaration_index_calls	exact	0	1000000000
allocation-fault-27	declaration_index_steps	exact	0	1000000000
allocation-fault-27	checker_calls	exact	0	1000000000
allocation-fault-27	typing_calls	exact	0	1000000000
allocation-fault-27	typing_declaration_steps	exact	0	1000000000
allocation-fault-27	expression_check_calls	exact	0	1000000000
allocation-fault-27	ownership_find_calls	exact	0	1000000000
allocation-fault-27	ownership_frame_close_calls	exact	0	1000000000
allocation-fault-27	memory_plan_calls	exact	0	1000000000
allocation-fault-27	range_analysis_calls	exact	0	1000000000
allocation-fault-27	c_generation_calls	exact	0	1000000000
allocation-fault-27	c_function_emit_calls	exact	0	1000000000
allocation-fault-27	c_expression_emit_calls	exact	0	1000000000
allocation-fault-27	project_load_steps	exact	0	1000000000
allocation-fault-27	cache_requests	exact	0	1000000000
allocation-fault-27	cache_key_builds	exact	0	1000000000
allocation-fault-27	cache_probes	exact	0	1000000000
allocation-fault-27	cache_hit_handlers	exact	0	1000000000
allocation-fault-27	cache_miss_handlers	exact	0	1000000000
allocation-fault-27	snapshot_build_calls	exact	0	1000000000
allocation-fault-27	invalidation_estimate_calls	exact	0	1000000000
allocation-fault-27	file_read_calls	exact	2	1000000000
allocation-fault-27	file_read_bytes	exact	1380	1000000000
# operation=allocation-fault-28; input_fnv1a64=353ee0f199d742d7; output_fnv1a64=cbf29ce484222325; output_bytes=0; exit=Some(71); observed_repetitions=2; counts_per_process; external_cc_calls=0
allocation-fault-28	name_insert_steps	exact	0	1000000000
allocation-fault-28	name_lookup_steps	exact	0	1000000000
allocation-fault-28	name_edge_steps	exact	0	1000000000
allocation-fault-28	cache_checksum_steps	exact	0	1000000000
allocation-fault-28	program_parse_calls	exact	1	1000000000
allocation-fault-28	program_parse_input_bytes	exact	690	1000000000
allocation-fault-28	source_lexer_steps	exact	336	1000000000
allocation-fault-28	data_lex_calls	exact	0	1000000000
allocation-fault-28	data_lex_input_bytes	exact	0	1000000000
allocation-fault-28	declaration_index_calls	exact	0	1000000000
allocation-fault-28	declaration_index_steps	exact	0	1000000000
allocation-fault-28	checker_calls	exact	0	1000000000
allocation-fault-28	typing_calls	exact	0	1000000000
allocation-fault-28	typing_declaration_steps	exact	0	1000000000
allocation-fault-28	expression_check_calls	exact	0	1000000000
allocation-fault-28	ownership_find_calls	exact	0	1000000000
allocation-fault-28	ownership_frame_close_calls	exact	0	1000000000
allocation-fault-28	memory_plan_calls	exact	0	1000000000
allocation-fault-28	range_analysis_calls	exact	0	1000000000
allocation-fault-28	c_generation_calls	exact	0	1000000000
allocation-fault-28	c_function_emit_calls	exact	0	1000000000
allocation-fault-28	c_expression_emit_calls	exact	0	1000000000
allocation-fault-28	project_load_steps	exact	0	1000000000
allocation-fault-28	cache_requests	exact	0	1000000000
allocation-fault-28	cache_key_builds	exact	0	1000000000
allocation-fault-28	cache_probes	exact	0	1000000000
allocation-fault-28	cache_hit_handlers	exact	0	1000000000
allocation-fault-28	cache_miss_handlers	exact	0	1000000000
allocation-fault-28	snapshot_build_calls	exact	0	1000000000
allocation-fault-28	invalidation_estimate_calls	exact	0	1000000000
allocation-fault-28	file_read_calls	exact	2	1000000000
allocation-fault-28	file_read_bytes	exact	1380	1000000000
# operation=allocation-fault-29; input_fnv1a64=353ee0f199d742d7; output_fnv1a64=cbf29ce484222325; output_bytes=0; exit=Some(71); observed_repetitions=2; counts_per_process; external_cc_calls=0
allocation-fault-29	name_insert_steps	exact	0	1000000000
allocation-fault-29	name_lookup_steps	exact	0	1000000000
allocation-fault-29	name_edge_steps	exact	0	1000000000
allocation-fault-29	cache_checksum_steps	exact	0	1000000000
allocation-fault-29	program_parse_calls	exact	1	1000000000
allocation-fault-29	program_parse_input_bytes	exact	690	1000000000
allocation-fault-29	source_lexer_steps	exact	336	1000000000
allocation-fault-29	data_lex_calls	exact	0	1000000000
allocation-fault-29	data_lex_input_bytes	exact	0	1000000000
allocation-fault-29	declaration_index_calls	exact	0	1000000000
allocation-fault-29	declaration_index_steps	exact	0	1000000000
allocation-fault-29	checker_calls	exact	0	1000000000
allocation-fault-29	typing_calls	exact	0	1000000000
allocation-fault-29	typing_declaration_steps	exact	0	1000000000
allocation-fault-29	expression_check_calls	exact	0	1000000000
allocation-fault-29	ownership_find_calls	exact	0	1000000000
allocation-fault-29	ownership_frame_close_calls	exact	0	1000000000
allocation-fault-29	memory_plan_calls	exact	0	1000000000
allocation-fault-29	range_analysis_calls	exact	0	1000000000
allocation-fault-29	c_generation_calls	exact	0	1000000000
allocation-fault-29	c_function_emit_calls	exact	0	1000000000
allocation-fault-29	c_expression_emit_calls	exact	0	1000000000
allocation-fault-29	project_load_steps	exact	0	1000000000
allocation-fault-29	cache_requests	exact	0	1000000000
allocation-fault-29	cache_key_builds	exact	0	1000000000
allocation-fault-29	cache_probes	exact	0	1000000000
allocation-fault-29	cache_hit_handlers	exact	0	1000000000
allocation-fault-29	cache_miss_handlers	exact	0	1000000000
allocation-fault-29	snapshot_build_calls	exact	0	1000000000
allocation-fault-29	invalidation_estimate_calls	exact	0	1000000000
allocation-fault-29	file_read_calls	exact	2	1000000000
allocation-fault-29	file_read_bytes	exact	1380	1000000000
# operation=allocation-fault-30; input_fnv1a64=353ee0f199d742d7; output_fnv1a64=cbf29ce484222325; output_bytes=0; exit=Some(71); observed_repetitions=2; counts_per_process; external_cc_calls=0
allocation-fault-30	name_insert_steps	exact	0	1000000000
allocation-fault-30	name_lookup_steps	exact	0	1000000000
allocation-fault-30	name_edge_steps	exact	0	1000000000
allocation-fault-30	cache_checksum_steps	exact	0	1000000000
allocation-fault-30	program_parse_calls	exact	1	1000000000
allocation-fault-30	program_parse_input_bytes	exact	690	1000000000
allocation-fault-30	source_lexer_steps	exact	336	1000000000
allocation-fault-30	data_lex_calls	exact	0	1000000000
allocation-fault-30	data_lex_input_bytes	exact	0	1000000000
allocation-fault-30	declaration_index_calls	exact	0	1000000000
allocation-fault-30	declaration_index_steps	exact	0	1000000000
allocation-fault-30	checker_calls	exact	0	1000000000
allocation-fault-30	typing_calls	exact	0	1000000000
allocation-fault-30	typing_declaration_steps	exact	0	1000000000
allocation-fault-30	expression_check_calls	exact	0	1000000000
allocation-fault-30	ownership_find_calls	exact	0	1000000000
allocation-fault-30	ownership_frame_close_calls	exact	0	1000000000
allocation-fault-30	memory_plan_calls	exact	0	1000000000
allocation-fault-30	range_analysis_calls	exact	0	1000000000
allocation-fault-30	c_generation_calls	exact	0	1000000000
allocation-fault-30	c_function_emit_calls	exact	0	1000000000
allocation-fault-30	c_expression_emit_calls	exact	0	1000000000
allocation-fault-30	project_load_steps	exact	0	1000000000
allocation-fault-30	cache_requests	exact	0	1000000000
allocation-fault-30	cache_key_builds	exact	0	1000000000
allocation-fault-30	cache_probes	exact	0	1000000000
allocation-fault-30	cache_hit_handlers	exact	0	1000000000
allocation-fault-30	cache_miss_handlers	exact	0	1000000000
allocation-fault-30	snapshot_build_calls	exact	0	1000000000
allocation-fault-30	invalidation_estimate_calls	exact	0	1000000000
allocation-fault-30	file_read_calls	exact	2	1000000000
allocation-fault-30	file_read_bytes	exact	1380	1000000000
# operation=allocation-fault-31; input_fnv1a64=353ee0f199d742d7; output_fnv1a64=cbf29ce484222325; output_bytes=0; exit=Some(71); observed_repetitions=2; counts_per_process; external_cc_calls=0
allocation-fault-31	name_insert_steps	exact	0	1000000000
allocation-fault-31	name_lookup_steps	exact	0	1000000000
allocation-fault-31	name_edge_steps	exact	0	1000000000
allocation-fault-31	cache_checksum_steps	exact	0	1000000000
allocation-fault-31	program_parse_calls	exact	1	1000000000
allocation-fault-31	program_parse_input_bytes	exact	690	1000000000
allocation-fault-31	source_lexer_steps	exact	336	1000000000
allocation-fault-31	data_lex_calls	exact	0	1000000000
allocation-fault-31	data_lex_input_bytes	exact	0	1000000000
allocation-fault-31	declaration_index_calls	exact	0	1000000000
allocation-fault-31	declaration_index_steps	exact	0	1000000000
allocation-fault-31	checker_calls	exact	0	1000000000
allocation-fault-31	typing_calls	exact	0	1000000000
allocation-fault-31	typing_declaration_steps	exact	0	1000000000
allocation-fault-31	expression_check_calls	exact	0	1000000000
allocation-fault-31	ownership_find_calls	exact	0	1000000000
allocation-fault-31	ownership_frame_close_calls	exact	0	1000000000
allocation-fault-31	memory_plan_calls	exact	0	1000000000
allocation-fault-31	range_analysis_calls	exact	0	1000000000
allocation-fault-31	c_generation_calls	exact	0	1000000000
allocation-fault-31	c_function_emit_calls	exact	0	1000000000
allocation-fault-31	c_expression_emit_calls	exact	0	1000000000
allocation-fault-31	project_load_steps	exact	0	1000000000
allocation-fault-31	cache_requests	exact	0	1000000000
allocation-fault-31	cache_key_builds	exact	0	1000000000
allocation-fault-31	cache_probes	exact	0	1000000000
allocation-fault-31	cache_hit_handlers	exact	0	1000000000
allocation-fault-31	cache_miss_handlers	exact	0	1000000000
allocation-fault-31	snapshot_build_calls	exact	0	1000000000
allocation-fault-31	invalidation_estimate_calls	exact	0	1000000000
allocation-fault-31	file_read_calls	exact	2	1000000000
allocation-fault-31	file_read_bytes	exact	1380	1000000000
# operation=allocation-fault-32; input_fnv1a64=353ee0f199d742d7; output_fnv1a64=cbf29ce484222325; output_bytes=0; exit=Some(71); observed_repetitions=2; counts_per_process; external_cc_calls=0
allocation-fault-32	name_insert_steps	exact	0	1000000000
allocation-fault-32	name_lookup_steps	exact	0	1000000000
allocation-fault-32	name_edge_steps	exact	0	1000000000
allocation-fault-32	cache_checksum_steps	exact	0	1000000000
allocation-fault-32	program_parse_calls	exact	1	1000000000
allocation-fault-32	program_parse_input_bytes	exact	690	1000000000
allocation-fault-32	source_lexer_steps	exact	336	1000000000
allocation-fault-32	data_lex_calls	exact	0	1000000000
allocation-fault-32	data_lex_input_bytes	exact	0	1000000000
allocation-fault-32	declaration_index_calls	exact	0	1000000000
allocation-fault-32	declaration_index_steps	exact	0	1000000000
allocation-fault-32	checker_calls	exact	0	1000000000
allocation-fault-32	typing_calls	exact	0	1000000000
allocation-fault-32	typing_declaration_steps	exact	0	1000000000
allocation-fault-32	expression_check_calls	exact	0	1000000000
allocation-fault-32	ownership_find_calls	exact	0	1000000000
allocation-fault-32	ownership_frame_close_calls	exact	0	1000000000
allocation-fault-32	memory_plan_calls	exact	0	1000000000
allocation-fault-32	range_analysis_calls	exact	0	1000000000
allocation-fault-32	c_generation_calls	exact	0	1000000000
allocation-fault-32	c_function_emit_calls	exact	0	1000000000
allocation-fault-32	c_expression_emit_calls	exact	0	1000000000
allocation-fault-32	project_load_steps	exact	0	1000000000
allocation-fault-32	cache_requests	exact	0	1000000000
allocation-fault-32	cache_key_builds	exact	0	1000000000
allocation-fault-32	cache_probes	exact	0	1000000000
allocation-fault-32	cache_hit_handlers	exact	0	1000000000
allocation-fault-32	cache_miss_handlers	exact	0	1000000000
allocation-fault-32	snapshot_build_calls	exact	0	1000000000
allocation-fault-32	invalidation_estimate_calls	exact	0	1000000000
allocation-fault-32	file_read_calls	exact	2	1000000000
allocation-fault-32	file_read_bytes	exact	1380	1000000000
# operation=allocation-fault-33; input_fnv1a64=353ee0f199d742d7; output_fnv1a64=cbf29ce484222325; output_bytes=0; exit=Some(71); observed_repetitions=2; counts_per_process; external_cc_calls=0
allocation-fault-33	name_insert_steps	exact	0	1000000000
allocation-fault-33	name_lookup_steps	exact	0	1000000000
allocation-fault-33	name_edge_steps	exact	0	1000000000
allocation-fault-33	cache_checksum_steps	exact	0	1000000000
allocation-fault-33	program_parse_calls	exact	1	1000000000
allocation-fault-33	program_parse_input_bytes	exact	690	1000000000
allocation-fault-33	source_lexer_steps	exact	336	1000000000
allocation-fault-33	data_lex_calls	exact	0	1000000000
allocation-fault-33	data_lex_input_bytes	exact	0	1000000000
allocation-fault-33	declaration_index_calls	exact	0	1000000000
allocation-fault-33	declaration_index_steps	exact	0	1000000000
allocation-fault-33	checker_calls	exact	0	1000000000
allocation-fault-33	typing_calls	exact	0	1000000000
allocation-fault-33	typing_declaration_steps	exact	0	1000000000
allocation-fault-33	expression_check_calls	exact	0	1000000000
allocation-fault-33	ownership_find_calls	exact	0	1000000000
allocation-fault-33	ownership_frame_close_calls	exact	0	1000000000
allocation-fault-33	memory_plan_calls	exact	0	1000000000
allocation-fault-33	range_analysis_calls	exact	0	1000000000
allocation-fault-33	c_generation_calls	exact	0	1000000000
allocation-fault-33	c_function_emit_calls	exact	0	1000000000
allocation-fault-33	c_expression_emit_calls	exact	0	1000000000
allocation-fault-33	project_load_steps	exact	0	1000000000
allocation-fault-33	cache_requests	exact	0	1000000000
allocation-fault-33	cache_key_builds	exact	0	1000000000
allocation-fault-33	cache_probes	exact	0	1000000000
allocation-fault-33	cache_hit_handlers	exact	0	1000000000
allocation-fault-33	cache_miss_handlers	exact	0	1000000000
allocation-fault-33	snapshot_build_calls	exact	0	1000000000
allocation-fault-33	invalidation_estimate_calls	exact	0	1000000000
allocation-fault-33	file_read_calls	exact	2	1000000000
allocation-fault-33	file_read_bytes	exact	1380	1000000000
# operation=allocation-fault-34; input_fnv1a64=353ee0f199d742d7; output_fnv1a64=cbf29ce484222325; output_bytes=0; exit=Some(71); observed_repetitions=2; counts_per_process; external_cc_calls=0
allocation-fault-34	name_insert_steps	exact	0	1000000000
allocation-fault-34	name_lookup_steps	exact	0	1000000000
allocation-fault-34	name_edge_steps	exact	0	1000000000
allocation-fault-34	cache_checksum_steps	exact	0	1000000000
allocation-fault-34	program_parse_calls	exact	1	1000000000
allocation-fault-34	program_parse_input_bytes	exact	690	1000000000
allocation-fault-34	source_lexer_steps	exact	336	1000000000
allocation-fault-34	data_lex_calls	exact	0	1000000000
allocation-fault-34	data_lex_input_bytes	exact	0	1000000000
allocation-fault-34	declaration_index_calls	exact	0	1000000000
allocation-fault-34	declaration_index_steps	exact	0	1000000000
allocation-fault-34	checker_calls	exact	0	1000000000
allocation-fault-34	typing_calls	exact	0	1000000000
allocation-fault-34	typing_declaration_steps	exact	0	1000000000
allocation-fault-34	expression_check_calls	exact	0	1000000000
allocation-fault-34	ownership_find_calls	exact	0	1000000000
allocation-fault-34	ownership_frame_close_calls	exact	0	1000000000
allocation-fault-34	memory_plan_calls	exact	0	1000000000
allocation-fault-34	range_analysis_calls	exact	0	1000000000
allocation-fault-34	c_generation_calls	exact	0	1000000000
allocation-fault-34	c_function_emit_calls	exact	0	1000000000
allocation-fault-34	c_expression_emit_calls	exact	0	1000000000
allocation-fault-34	project_load_steps	exact	0	1000000000
allocation-fault-34	cache_requests	exact	0	1000000000
allocation-fault-34	cache_key_builds	exact	0	1000000000
allocation-fault-34	cache_probes	exact	0	1000000000
allocation-fault-34	cache_hit_handlers	exact	0	1000000000
allocation-fault-34	cache_miss_handlers	exact	0	1000000000
allocation-fault-34	snapshot_build_calls	exact	0	1000000000
allocation-fault-34	invalidation_estimate_calls	exact	0	1000000000
allocation-fault-34	file_read_calls	exact	2	1000000000
allocation-fault-34	file_read_bytes	exact	1380	1000000000
# operation=allocation-fault-35; input_fnv1a64=353ee0f199d742d7; output_fnv1a64=cbf29ce484222325; output_bytes=0; exit=Some(71); observed_repetitions=2; counts_per_process; external_cc_calls=0
allocation-fault-35	name_insert_steps	exact	0	1000000000
allocation-fault-35	name_lookup_steps	exact	0	1000000000
allocation-fault-35	name_edge_steps	exact	0	1000000000
allocation-fault-35	cache_checksum_steps	exact	0	1000000000
allocation-fault-35	program_parse_calls	exact	1	1000000000
allocation-fault-35	program_parse_input_bytes	exact	690	1000000000
allocation-fault-35	source_lexer_steps	exact	336	1000000000
allocation-fault-35	data_lex_calls	exact	0	1000000000
allocation-fault-35	data_lex_input_bytes	exact	0	1000000000
allocation-fault-35	declaration_index_calls	exact	0	1000000000
allocation-fault-35	declaration_index_steps	exact	0	1000000000
allocation-fault-35	checker_calls	exact	0	1000000000
allocation-fault-35	typing_calls	exact	0	1000000000
allocation-fault-35	typing_declaration_steps	exact	0	1000000000
allocation-fault-35	expression_check_calls	exact	0	1000000000
allocation-fault-35	ownership_find_calls	exact	0	1000000000
allocation-fault-35	ownership_frame_close_calls	exact	0	1000000000
allocation-fault-35	memory_plan_calls	exact	0	1000000000
allocation-fault-35	range_analysis_calls	exact	0	1000000000
allocation-fault-35	c_generation_calls	exact	0	1000000000
allocation-fault-35	c_function_emit_calls	exact	0	1000000000
allocation-fault-35	c_expression_emit_calls	exact	0	1000000000
allocation-fault-35	project_load_steps	exact	0	1000000000
allocation-fault-35	cache_requests	exact	0	1000000000
allocation-fault-35	cache_key_builds	exact	0	1000000000
allocation-fault-35	cache_probes	exact	0	1000000000
allocation-fault-35	cache_hit_handlers	exact	0	1000000000
allocation-fault-35	cache_miss_handlers	exact	0	1000000000
allocation-fault-35	snapshot_build_calls	exact	0	1000000000
allocation-fault-35	invalidation_estimate_calls	exact	0	1000000000
allocation-fault-35	file_read_calls	exact	2	1000000000
allocation-fault-35	file_read_bytes	exact	1380	1000000000
# operation=allocation-fault-36; input_fnv1a64=353ee0f199d742d7; output_fnv1a64=cbf29ce484222325; output_bytes=0; exit=Some(71); observed_repetitions=2; counts_per_process; external_cc_calls=0
allocation-fault-36	name_insert_steps	exact	0	1000000000
allocation-fault-36	name_lookup_steps	exact	0	1000000000
allocation-fault-36	name_edge_steps	exact	0	1000000000
allocation-fault-36	cache_checksum_steps	exact	0	1000000000
allocation-fault-36	program_parse_calls	exact	1	1000000000
allocation-fault-36	program_parse_input_bytes	exact	690	1000000000
allocation-fault-36	source_lexer_steps	exact	336	1000000000
allocation-fault-36	data_lex_calls	exact	0	1000000000
allocation-fault-36	data_lex_input_bytes	exact	0	1000000000
allocation-fault-36	declaration_index_calls	exact	0	1000000000
allocation-fault-36	declaration_index_steps	exact	0	1000000000
allocation-fault-36	checker_calls	exact	0	1000000000
allocation-fault-36	typing_calls	exact	0	1000000000
allocation-fault-36	typing_declaration_steps	exact	0	1000000000
allocation-fault-36	expression_check_calls	exact	0	1000000000
allocation-fault-36	ownership_find_calls	exact	0	1000000000
allocation-fault-36	ownership_frame_close_calls	exact	0	1000000000
allocation-fault-36	memory_plan_calls	exact	0	1000000000
allocation-fault-36	range_analysis_calls	exact	0	1000000000
allocation-fault-36	c_generation_calls	exact	0	1000000000
allocation-fault-36	c_function_emit_calls	exact	0	1000000000
allocation-fault-36	c_expression_emit_calls	exact	0	1000000000
allocation-fault-36	project_load_steps	exact	0	1000000000
allocation-fault-36	cache_requests	exact	0	1000000000
allocation-fault-36	cache_key_builds	exact	0	1000000000
allocation-fault-36	cache_probes	exact	0	1000000000
allocation-fault-36	cache_hit_handlers	exact	0	1000000000
allocation-fault-36	cache_miss_handlers	exact	0	1000000000
allocation-fault-36	snapshot_build_calls	exact	0	1000000000
allocation-fault-36	invalidation_estimate_calls	exact	0	1000000000
allocation-fault-36	file_read_calls	exact	2	1000000000
allocation-fault-36	file_read_bytes	exact	1380	1000000000
# operation=allocation-fault-37; input_fnv1a64=353ee0f199d742d7; output_fnv1a64=cbf29ce484222325; output_bytes=0; exit=Some(71); observed_repetitions=2; counts_per_process; external_cc_calls=0
allocation-fault-37	name_insert_steps	exact	0	1000000000
allocation-fault-37	name_lookup_steps	exact	0	1000000000
allocation-fault-37	name_edge_steps	exact	0	1000000000
allocation-fault-37	cache_checksum_steps	exact	0	1000000000
allocation-fault-37	program_parse_calls	exact	1	1000000000
allocation-fault-37	program_parse_input_bytes	exact	690	1000000000
allocation-fault-37	source_lexer_steps	exact	336	1000000000
allocation-fault-37	data_lex_calls	exact	0	1000000000
allocation-fault-37	data_lex_input_bytes	exact	0	1000000000
allocation-fault-37	declaration_index_calls	exact	0	1000000000
allocation-fault-37	declaration_index_steps	exact	0	1000000000
allocation-fault-37	checker_calls	exact	0	1000000000
allocation-fault-37	typing_calls	exact	0	1000000000
allocation-fault-37	typing_declaration_steps	exact	0	1000000000
allocation-fault-37	expression_check_calls	exact	0	1000000000
allocation-fault-37	ownership_find_calls	exact	0	1000000000
allocation-fault-37	ownership_frame_close_calls	exact	0	1000000000
allocation-fault-37	memory_plan_calls	exact	0	1000000000
allocation-fault-37	range_analysis_calls	exact	0	1000000000
allocation-fault-37	c_generation_calls	exact	0	1000000000
allocation-fault-37	c_function_emit_calls	exact	0	1000000000
allocation-fault-37	c_expression_emit_calls	exact	0	1000000000
allocation-fault-37	project_load_steps	exact	0	1000000000
allocation-fault-37	cache_requests	exact	0	1000000000
allocation-fault-37	cache_key_builds	exact	0	1000000000
allocation-fault-37	cache_probes	exact	0	1000000000
allocation-fault-37	cache_hit_handlers	exact	0	1000000000
allocation-fault-37	cache_miss_handlers	exact	0	1000000000
allocation-fault-37	snapshot_build_calls	exact	0	1000000000
allocation-fault-37	invalidation_estimate_calls	exact	0	1000000000
allocation-fault-37	file_read_calls	exact	2	1000000000
allocation-fault-37	file_read_bytes	exact	1380	1000000000
# operation=allocation-fault-38; input_fnv1a64=353ee0f199d742d7; output_fnv1a64=cbf29ce484222325; output_bytes=0; exit=Some(71); observed_repetitions=2; counts_per_process; external_cc_calls=0
allocation-fault-38	name_insert_steps	exact	0	1000000000
allocation-fault-38	name_lookup_steps	exact	0	1000000000
allocation-fault-38	name_edge_steps	exact	0	1000000000
allocation-fault-38	cache_checksum_steps	exact	0	1000000000
allocation-fault-38	program_parse_calls	exact	1	1000000000
allocation-fault-38	program_parse_input_bytes	exact	690	1000000000
allocation-fault-38	source_lexer_steps	exact	336	1000000000
allocation-fault-38	data_lex_calls	exact	0	1000000000
allocation-fault-38	data_lex_input_bytes	exact	0	1000000000
allocation-fault-38	declaration_index_calls	exact	0	1000000000
allocation-fault-38	declaration_index_steps	exact	0	1000000000
allocation-fault-38	checker_calls	exact	0	1000000000
allocation-fault-38	typing_calls	exact	0	1000000000
allocation-fault-38	typing_declaration_steps	exact	0	1000000000
allocation-fault-38	expression_check_calls	exact	0	1000000000
allocation-fault-38	ownership_find_calls	exact	0	1000000000
allocation-fault-38	ownership_frame_close_calls	exact	0	1000000000
allocation-fault-38	memory_plan_calls	exact	0	1000000000
allocation-fault-38	range_analysis_calls	exact	0	1000000000
allocation-fault-38	c_generation_calls	exact	0	1000000000
allocation-fault-38	c_function_emit_calls	exact	0	1000000000
allocation-fault-38	c_expression_emit_calls	exact	0	1000000000
allocation-fault-38	project_load_steps	exact	0	1000000000
allocation-fault-38	cache_requests	exact	0	1000000000
allocation-fault-38	cache_key_builds	exact	0	1000000000
allocation-fault-38	cache_probes	exact	0	1000000000
allocation-fault-38	cache_hit_handlers	exact	0	1000000000
allocation-fault-38	cache_miss_handlers	exact	0	1000000000
allocation-fault-38	snapshot_build_calls	exact	0	1000000000
allocation-fault-38	invalidation_estimate_calls	exact	0	1000000000
allocation-fault-38	file_read_calls	exact	2	1000000000
allocation-fault-38	file_read_bytes	exact	1380	1000000000
# operation=allocation-fault-39; input_fnv1a64=353ee0f199d742d7; output_fnv1a64=cbf29ce484222325; output_bytes=0; exit=Some(71); observed_repetitions=2; counts_per_process; external_cc_calls=0
allocation-fault-39	name_insert_steps	exact	0	1000000000
allocation-fault-39	name_lookup_steps	exact	0	1000000000
allocation-fault-39	name_edge_steps	exact	0	1000000000
allocation-fault-39	cache_checksum_steps	exact	0	1000000000
allocation-fault-39	program_parse_calls	exact	1	1000000000
allocation-fault-39	program_parse_input_bytes	exact	690	1000000000
allocation-fault-39	source_lexer_steps	exact	336	1000000000
allocation-fault-39	data_lex_calls	exact	0	1000000000
allocation-fault-39	data_lex_input_bytes	exact	0	1000000000
allocation-fault-39	declaration_index_calls	exact	0	1000000000
allocation-fault-39	declaration_index_steps	exact	0	1000000000
allocation-fault-39	checker_calls	exact	0	1000000000
allocation-fault-39	typing_calls	exact	0	1000000000
allocation-fault-39	typing_declaration_steps	exact	0	1000000000
allocation-fault-39	expression_check_calls	exact	0	1000000000
allocation-fault-39	ownership_find_calls	exact	0	1000000000
allocation-fault-39	ownership_frame_close_calls	exact	0	1000000000
allocation-fault-39	memory_plan_calls	exact	0	1000000000
allocation-fault-39	range_analysis_calls	exact	0	1000000000
allocation-fault-39	c_generation_calls	exact	0	1000000000
allocation-fault-39	c_function_emit_calls	exact	0	1000000000
allocation-fault-39	c_expression_emit_calls	exact	0	1000000000
allocation-fault-39	project_load_steps	exact	0	1000000000
allocation-fault-39	cache_requests	exact	0	1000000000
allocation-fault-39	cache_key_builds	exact	0	1000000000
allocation-fault-39	cache_probes	exact	0	1000000000
allocation-fault-39	cache_hit_handlers	exact	0	1000000000
allocation-fault-39	cache_miss_handlers	exact	0	1000000000
allocation-fault-39	snapshot_build_calls	exact	0	1000000000
allocation-fault-39	invalidation_estimate_calls	exact	0	1000000000
allocation-fault-39	file_read_calls	exact	2	1000000000
allocation-fault-39	file_read_bytes	exact	1380	1000000000
# operation=allocation-fault-40; input_fnv1a64=353ee0f199d742d7; output_fnv1a64=cbf29ce484222325; output_bytes=0; exit=Some(71); observed_repetitions=2; counts_per_process; external_cc_calls=0
allocation-fault-40	name_insert_steps	exact	0	1000000000
allocation-fault-40	name_lookup_steps	exact	0	1000000000
allocation-fault-40	name_edge_steps	exact	0	1000000000
allocation-fault-40	cache_checksum_steps	exact	0	1000000000
allocation-fault-40	program_parse_calls	exact	1	1000000000
allocation-fault-40	program_parse_input_bytes	exact	690	1000000000
allocation-fault-40	source_lexer_steps	exact	336	1000000000
allocation-fault-40	data_lex_calls	exact	0	1000000000
allocation-fault-40	data_lex_input_bytes	exact	0	1000000000
allocation-fault-40	declaration_index_calls	exact	0	1000000000
allocation-fault-40	declaration_index_steps	exact	0	1000000000
allocation-fault-40	checker_calls	exact	0	1000000000
allocation-fault-40	typing_calls	exact	0	1000000000
allocation-fault-40	typing_declaration_steps	exact	0	1000000000
allocation-fault-40	expression_check_calls	exact	0	1000000000
allocation-fault-40	ownership_find_calls	exact	0	1000000000
allocation-fault-40	ownership_frame_close_calls	exact	0	1000000000
allocation-fault-40	memory_plan_calls	exact	0	1000000000
allocation-fault-40	range_analysis_calls	exact	0	1000000000
allocation-fault-40	c_generation_calls	exact	0	1000000000
allocation-fault-40	c_function_emit_calls	exact	0	1000000000
allocation-fault-40	c_expression_emit_calls	exact	0	1000000000
allocation-fault-40	project_load_steps	exact	0	1000000000
allocation-fault-40	cache_requests	exact	0	1000000000
allocation-fault-40	cache_key_builds	exact	0	1000000000
allocation-fault-40	cache_probes	exact	0	1000000000
allocation-fault-40	cache_hit_handlers	exact	0	1000000000
allocation-fault-40	cache_miss_handlers	exact	0	1000000000
allocation-fault-40	snapshot_build_calls	exact	0	1000000000
allocation-fault-40	invalidation_estimate_calls	exact	0	1000000000
allocation-fault-40	file_read_calls	exact	2	1000000000
allocation-fault-40	file_read_bytes	exact	1380	1000000000
# operation=allocation-fault-41; input_fnv1a64=353ee0f199d742d7; output_fnv1a64=cbf29ce484222325; output_bytes=0; exit=Some(71); observed_repetitions=2; counts_per_process; external_cc_calls=0
allocation-fault-41	name_insert_steps	exact	0	1000000000
allocation-fault-41	name_lookup_steps	exact	0	1000000000
allocation-fault-41	name_edge_steps	exact	0	1000000000
allocation-fault-41	cache_checksum_steps	exact	0	1000000000
allocation-fault-41	program_parse_calls	exact	1	1000000000
allocation-fault-41	program_parse_input_bytes	exact	690	1000000000
allocation-fault-41	source_lexer_steps	exact	336	1000000000
allocation-fault-41	data_lex_calls	exact	0	1000000000
allocation-fault-41	data_lex_input_bytes	exact	0	1000000000
allocation-fault-41	declaration_index_calls	exact	0	1000000000
allocation-fault-41	declaration_index_steps	exact	0	1000000000
allocation-fault-41	checker_calls	exact	0	1000000000
allocation-fault-41	typing_calls	exact	0	1000000000
allocation-fault-41	typing_declaration_steps	exact	0	1000000000
allocation-fault-41	expression_check_calls	exact	0	1000000000
allocation-fault-41	ownership_find_calls	exact	0	1000000000
allocation-fault-41	ownership_frame_close_calls	exact	0	1000000000
allocation-fault-41	memory_plan_calls	exact	0	1000000000
allocation-fault-41	range_analysis_calls	exact	0	1000000000
allocation-fault-41	c_generation_calls	exact	0	1000000000
allocation-fault-41	c_function_emit_calls	exact	0	1000000000
allocation-fault-41	c_expression_emit_calls	exact	0	1000000000
allocation-fault-41	project_load_steps	exact	0	1000000000
allocation-fault-41	cache_requests	exact	0	1000000000
allocation-fault-41	cache_key_builds	exact	0	1000000000
allocation-fault-41	cache_probes	exact	0	1000000000
allocation-fault-41	cache_hit_handlers	exact	0	1000000000
allocation-fault-41	cache_miss_handlers	exact	0	1000000000
allocation-fault-41	snapshot_build_calls	exact	0	1000000000
allocation-fault-41	invalidation_estimate_calls	exact	0	1000000000
allocation-fault-41	file_read_calls	exact	2	1000000000
allocation-fault-41	file_read_bytes	exact	1380	1000000000
# operation=allocation-fault-42; input_fnv1a64=353ee0f199d742d7; output_fnv1a64=cbf29ce484222325; output_bytes=0; exit=Some(71); observed_repetitions=2; counts_per_process; external_cc_calls=0
allocation-fault-42	name_insert_steps	exact	0	1000000000
allocation-fault-42	name_lookup_steps	exact	0	1000000000
allocation-fault-42	name_edge_steps	exact	0	1000000000
allocation-fault-42	cache_checksum_steps	exact	0	1000000000
allocation-fault-42	program_parse_calls	exact	1	1000000000
allocation-fault-42	program_parse_input_bytes	exact	690	1000000000
allocation-fault-42	source_lexer_steps	exact	336	1000000000
allocation-fault-42	data_lex_calls	exact	0	1000000000
allocation-fault-42	data_lex_input_bytes	exact	0	1000000000
allocation-fault-42	declaration_index_calls	exact	0	1000000000
allocation-fault-42	declaration_index_steps	exact	0	1000000000
allocation-fault-42	checker_calls	exact	0	1000000000
allocation-fault-42	typing_calls	exact	0	1000000000
allocation-fault-42	typing_declaration_steps	exact	0	1000000000
allocation-fault-42	expression_check_calls	exact	0	1000000000
allocation-fault-42	ownership_find_calls	exact	0	1000000000
allocation-fault-42	ownership_frame_close_calls	exact	0	1000000000
allocation-fault-42	memory_plan_calls	exact	0	1000000000
allocation-fault-42	range_analysis_calls	exact	0	1000000000
allocation-fault-42	c_generation_calls	exact	0	1000000000
allocation-fault-42	c_function_emit_calls	exact	0	1000000000
allocation-fault-42	c_expression_emit_calls	exact	0	1000000000
allocation-fault-42	project_load_steps	exact	0	1000000000
allocation-fault-42	cache_requests	exact	0	1000000000
allocation-fault-42	cache_key_builds	exact	0	1000000000
allocation-fault-42	cache_probes	exact	0	1000000000
allocation-fault-42	cache_hit_handlers	exact	0	1000000000
allocation-fault-42	cache_miss_handlers	exact	0	1000000000
allocation-fault-42	snapshot_build_calls	exact	0	1000000000
allocation-fault-42	invalidation_estimate_calls	exact	0	1000000000
allocation-fault-42	file_read_calls	exact	2	1000000000
allocation-fault-42	file_read_bytes	exact	1380	1000000000
# operation=allocation-fault-43; input_fnv1a64=353ee0f199d742d7; output_fnv1a64=cbf29ce484222325; output_bytes=0; exit=Some(71); observed_repetitions=2; counts_per_process; external_cc_calls=0
allocation-fault-43	name_insert_steps	exact	0	1000000000
allocation-fault-43	name_lookup_steps	exact	0	1000000000
allocation-fault-43	name_edge_steps	exact	0	1000000000
allocation-fault-43	cache_checksum_steps	exact	0	1000000000
allocation-fault-43	program_parse_calls	exact	1	1000000000
allocation-fault-43	program_parse_input_bytes	exact	690	1000000000
allocation-fault-43	source_lexer_steps	exact	336	1000000000
allocation-fault-43	data_lex_calls	exact	0	1000000000
allocation-fault-43	data_lex_input_bytes	exact	0	1000000000
allocation-fault-43	declaration_index_calls	exact	0	1000000000
allocation-fault-43	declaration_index_steps	exact	0	1000000000
allocation-fault-43	checker_calls	exact	0	1000000000
allocation-fault-43	typing_calls	exact	0	1000000000
allocation-fault-43	typing_declaration_steps	exact	0	1000000000
allocation-fault-43	expression_check_calls	exact	0	1000000000
allocation-fault-43	ownership_find_calls	exact	0	1000000000
allocation-fault-43	ownership_frame_close_calls	exact	0	1000000000
allocation-fault-43	memory_plan_calls	exact	0	1000000000
allocation-fault-43	range_analysis_calls	exact	0	1000000000
allocation-fault-43	c_generation_calls	exact	0	1000000000
allocation-fault-43	c_function_emit_calls	exact	0	1000000000
allocation-fault-43	c_expression_emit_calls	exact	0	1000000000
allocation-fault-43	project_load_steps	exact	0	1000000000
allocation-fault-43	cache_requests	exact	0	1000000000
allocation-fault-43	cache_key_builds	exact	0	1000000000
allocation-fault-43	cache_probes	exact	0	1000000000
allocation-fault-43	cache_hit_handlers	exact	0	1000000000
allocation-fault-43	cache_miss_handlers	exact	0	1000000000
allocation-fault-43	snapshot_build_calls	exact	0	1000000000
allocation-fault-43	invalidation_estimate_calls	exact	0	1000000000
allocation-fault-43	file_read_calls	exact	2	1000000000
allocation-fault-43	file_read_bytes	exact	1380	1000000000
# operation=allocation-fault-44; input_fnv1a64=353ee0f199d742d7; output_fnv1a64=cbf29ce484222325; output_bytes=0; exit=Some(71); observed_repetitions=2; counts_per_process; external_cc_calls=0
allocation-fault-44	name_insert_steps	exact	0	1000000000
allocation-fault-44	name_lookup_steps	exact	0	1000000000
allocation-fault-44	name_edge_steps	exact	0	1000000000
allocation-fault-44	cache_checksum_steps	exact	0	1000000000
allocation-fault-44	program_parse_calls	exact	1	1000000000
allocation-fault-44	program_parse_input_bytes	exact	690	1000000000
allocation-fault-44	source_lexer_steps	exact	336	1000000000
allocation-fault-44	data_lex_calls	exact	0	1000000000
allocation-fault-44	data_lex_input_bytes	exact	0	1000000000
allocation-fault-44	declaration_index_calls	exact	0	1000000000
allocation-fault-44	declaration_index_steps	exact	0	1000000000
allocation-fault-44	checker_calls	exact	0	1000000000
allocation-fault-44	typing_calls	exact	0	1000000000
allocation-fault-44	typing_declaration_steps	exact	0	1000000000
allocation-fault-44	expression_check_calls	exact	0	1000000000
allocation-fault-44	ownership_find_calls	exact	0	1000000000
allocation-fault-44	ownership_frame_close_calls	exact	0	1000000000
allocation-fault-44	memory_plan_calls	exact	0	1000000000
allocation-fault-44	range_analysis_calls	exact	0	1000000000
allocation-fault-44	c_generation_calls	exact	0	1000000000
allocation-fault-44	c_function_emit_calls	exact	0	1000000000
allocation-fault-44	c_expression_emit_calls	exact	0	1000000000
allocation-fault-44	project_load_steps	exact	0	1000000000
allocation-fault-44	cache_requests	exact	0	1000000000
allocation-fault-44	cache_key_builds	exact	0	1000000000
allocation-fault-44	cache_probes	exact	0	1000000000
allocation-fault-44	cache_hit_handlers	exact	0	1000000000
allocation-fault-44	cache_miss_handlers	exact	0	1000000000
allocation-fault-44	snapshot_build_calls	exact	0	1000000000
allocation-fault-44	invalidation_estimate_calls	exact	0	1000000000
allocation-fault-44	file_read_calls	exact	2	1000000000
allocation-fault-44	file_read_bytes	exact	1380	1000000000
# operation=allocation-fault-45; input_fnv1a64=353ee0f199d742d7; output_fnv1a64=cbf29ce484222325; output_bytes=0; exit=Some(71); observed_repetitions=2; counts_per_process; external_cc_calls=0
allocation-fault-45	name_insert_steps	exact	0	1000000000
allocation-fault-45	name_lookup_steps	exact	0	1000000000
allocation-fault-45	name_edge_steps	exact	0	1000000000
allocation-fault-45	cache_checksum_steps	exact	0	1000000000
allocation-fault-45	program_parse_calls	exact	1	1000000000
allocation-fault-45	program_parse_input_bytes	exact	690	1000000000
allocation-fault-45	source_lexer_steps	exact	336	1000000000
allocation-fault-45	data_lex_calls	exact	0	1000000000
allocation-fault-45	data_lex_input_bytes	exact	0	1000000000
allocation-fault-45	declaration_index_calls	exact	0	1000000000
allocation-fault-45	declaration_index_steps	exact	0	1000000000
allocation-fault-45	checker_calls	exact	0	1000000000
allocation-fault-45	typing_calls	exact	0	1000000000
allocation-fault-45	typing_declaration_steps	exact	0	1000000000
allocation-fault-45	expression_check_calls	exact	0	1000000000
allocation-fault-45	ownership_find_calls	exact	0	1000000000
allocation-fault-45	ownership_frame_close_calls	exact	0	1000000000
allocation-fault-45	memory_plan_calls	exact	0	1000000000
allocation-fault-45	range_analysis_calls	exact	0	1000000000
allocation-fault-45	c_generation_calls	exact	0	1000000000
allocation-fault-45	c_function_emit_calls	exact	0	1000000000
allocation-fault-45	c_expression_emit_calls	exact	0	1000000000
allocation-fault-45	project_load_steps	exact	0	1000000000
allocation-fault-45	cache_requests	exact	0	1000000000
allocation-fault-45	cache_key_builds	exact	0	1000000000
allocation-fault-45	cache_probes	exact	0	1000000000
allocation-fault-45	cache_hit_handlers	exact	0	1000000000
allocation-fault-45	cache_miss_handlers	exact	0	1000000000
allocation-fault-45	snapshot_build_calls	exact	0	1000000000
allocation-fault-45	invalidation_estimate_calls	exact	0	1000000000
allocation-fault-45	file_read_calls	exact	2	1000000000
allocation-fault-45	file_read_bytes	exact	1380	1000000000
# operation=allocation-fault-46; input_fnv1a64=353ee0f199d742d7; output_fnv1a64=cbf29ce484222325; output_bytes=0; exit=Some(71); observed_repetitions=2; counts_per_process; external_cc_calls=0
allocation-fault-46	name_insert_steps	exact	0	1000000000
allocation-fault-46	name_lookup_steps	exact	0	1000000000
allocation-fault-46	name_edge_steps	exact	0	1000000000
allocation-fault-46	cache_checksum_steps	exact	0	1000000000
allocation-fault-46	program_parse_calls	exact	1	1000000000
allocation-fault-46	program_parse_input_bytes	exact	690	1000000000
allocation-fault-46	source_lexer_steps	exact	336	1000000000
allocation-fault-46	data_lex_calls	exact	0	1000000000
allocation-fault-46	data_lex_input_bytes	exact	0	1000000000
allocation-fault-46	declaration_index_calls	exact	0	1000000000
allocation-fault-46	declaration_index_steps	exact	0	1000000000
allocation-fault-46	checker_calls	exact	0	1000000000
allocation-fault-46	typing_calls	exact	0	1000000000
allocation-fault-46	typing_declaration_steps	exact	0	1000000000
allocation-fault-46	expression_check_calls	exact	0	1000000000
allocation-fault-46	ownership_find_calls	exact	0	1000000000
allocation-fault-46	ownership_frame_close_calls	exact	0	1000000000
allocation-fault-46	memory_plan_calls	exact	0	1000000000
allocation-fault-46	range_analysis_calls	exact	0	1000000000
allocation-fault-46	c_generation_calls	exact	0	1000000000
allocation-fault-46	c_function_emit_calls	exact	0	1000000000
allocation-fault-46	c_expression_emit_calls	exact	0	1000000000
allocation-fault-46	project_load_steps	exact	0	1000000000
allocation-fault-46	cache_requests	exact	0	1000000000
allocation-fault-46	cache_key_builds	exact	0	1000000000
allocation-fault-46	cache_probes	exact	0	1000000000
allocation-fault-46	cache_hit_handlers	exact	0	1000000000
allocation-fault-46	cache_miss_handlers	exact	0	1000000000
allocation-fault-46	snapshot_build_calls	exact	0	1000000000
allocation-fault-46	invalidation_estimate_calls	exact	0	1000000000
allocation-fault-46	file_read_calls	exact	2	1000000000
allocation-fault-46	file_read_bytes	exact	1380	1000000000
# operation=allocation-fault-47; input_fnv1a64=353ee0f199d742d7; output_fnv1a64=cbf29ce484222325; output_bytes=0; exit=Some(71); observed_repetitions=2; counts_per_process; external_cc_calls=0
allocation-fault-47	name_insert_steps	exact	0	1000000000
allocation-fault-47	name_lookup_steps	exact	0	1000000000
allocation-fault-47	name_edge_steps	exact	0	1000000000
allocation-fault-47	cache_checksum_steps	exact	0	1000000000
allocation-fault-47	program_parse_calls	exact	1	1000000000
allocation-fault-47	program_parse_input_bytes	exact	690	1000000000
allocation-fault-47	source_lexer_steps	exact	336	1000000000
allocation-fault-47	data_lex_calls	exact	0	1000000000
allocation-fault-47	data_lex_input_bytes	exact	0	1000000000
allocation-fault-47	declaration_index_calls	exact	0	1000000000
allocation-fault-47	declaration_index_steps	exact	0	1000000000
allocation-fault-47	checker_calls	exact	0	1000000000
allocation-fault-47	typing_calls	exact	0	1000000000
allocation-fault-47	typing_declaration_steps	exact	0	1000000000
allocation-fault-47	expression_check_calls	exact	0	1000000000
allocation-fault-47	ownership_find_calls	exact	0	1000000000
allocation-fault-47	ownership_frame_close_calls	exact	0	1000000000
allocation-fault-47	memory_plan_calls	exact	0	1000000000
allocation-fault-47	range_analysis_calls	exact	0	1000000000
allocation-fault-47	c_generation_calls	exact	0	1000000000
allocation-fault-47	c_function_emit_calls	exact	0	1000000000
allocation-fault-47	c_expression_emit_calls	exact	0	1000000000
allocation-fault-47	project_load_steps	exact	0	1000000000
allocation-fault-47	cache_requests	exact	0	1000000000
allocation-fault-47	cache_key_builds	exact	0	1000000000
allocation-fault-47	cache_probes	exact	0	1000000000
allocation-fault-47	cache_hit_handlers	exact	0	1000000000
allocation-fault-47	cache_miss_handlers	exact	0	1000000000
allocation-fault-47	snapshot_build_calls	exact	0	1000000000
allocation-fault-47	invalidation_estimate_calls	exact	0	1000000000
allocation-fault-47	file_read_calls	exact	2	1000000000
allocation-fault-47	file_read_bytes	exact	1380	1000000000
# operation=allocation-fault-48; input_fnv1a64=353ee0f199d742d7; output_fnv1a64=cbf29ce484222325; output_bytes=0; exit=Some(71); observed_repetitions=2; counts_per_process; external_cc_calls=0
allocation-fault-48	name_insert_steps	exact	0	1000000000
allocation-fault-48	name_lookup_steps	exact	0	1000000000
allocation-fault-48	name_edge_steps	exact	0	1000000000
allocation-fault-48	cache_checksum_steps	exact	0	1000000000
allocation-fault-48	program_parse_calls	exact	1	1000000000
allocation-fault-48	program_parse_input_bytes	exact	690	1000000000
allocation-fault-48	source_lexer_steps	exact	336	1000000000
allocation-fault-48	data_lex_calls	exact	0	1000000000
allocation-fault-48	data_lex_input_bytes	exact	0	1000000000
allocation-fault-48	declaration_index_calls	exact	0	1000000000
allocation-fault-48	declaration_index_steps	exact	0	1000000000
allocation-fault-48	checker_calls	exact	0	1000000000
allocation-fault-48	typing_calls	exact	0	1000000000
allocation-fault-48	typing_declaration_steps	exact	0	1000000000
allocation-fault-48	expression_check_calls	exact	0	1000000000
allocation-fault-48	ownership_find_calls	exact	0	1000000000
allocation-fault-48	ownership_frame_close_calls	exact	0	1000000000
allocation-fault-48	memory_plan_calls	exact	0	1000000000
allocation-fault-48	range_analysis_calls	exact	0	1000000000
allocation-fault-48	c_generation_calls	exact	0	1000000000
allocation-fault-48	c_function_emit_calls	exact	0	1000000000
allocation-fault-48	c_expression_emit_calls	exact	0	1000000000
allocation-fault-48	project_load_steps	exact	0	1000000000
allocation-fault-48	cache_requests	exact	0	1000000000
allocation-fault-48	cache_key_builds	exact	0	1000000000
allocation-fault-48	cache_probes	exact	0	1000000000
allocation-fault-48	cache_hit_handlers	exact	0	1000000000
allocation-fault-48	cache_miss_handlers	exact	0	1000000000
allocation-fault-48	snapshot_build_calls	exact	0	1000000000
allocation-fault-48	invalidation_estimate_calls	exact	0	1000000000
allocation-fault-48	file_read_calls	exact	2	1000000000
allocation-fault-48	file_read_bytes	exact	1380	1000000000
# operation=allocation-fault-49; input_fnv1a64=353ee0f199d742d7; output_fnv1a64=cbf29ce484222325; output_bytes=0; exit=Some(71); observed_repetitions=2; counts_per_process; external_cc_calls=0
allocation-fault-49	name_insert_steps	exact	0	1000000000
allocation-fault-49	name_lookup_steps	exact	0	1000000000
allocation-fault-49	name_edge_steps	exact	0	1000000000
allocation-fault-49	cache_checksum_steps	exact	0	1000000000
allocation-fault-49	program_parse_calls	exact	1	1000000000
allocation-fault-49	program_parse_input_bytes	exact	690	1000000000
allocation-fault-49	source_lexer_steps	exact	336	1000000000
allocation-fault-49	data_lex_calls	exact	0	1000000000
allocation-fault-49	data_lex_input_bytes	exact	0	1000000000
allocation-fault-49	declaration_index_calls	exact	0	1000000000
allocation-fault-49	declaration_index_steps	exact	0	1000000000
allocation-fault-49	checker_calls	exact	0	1000000000
allocation-fault-49	typing_calls	exact	0	1000000000
allocation-fault-49	typing_declaration_steps	exact	0	1000000000
allocation-fault-49	expression_check_calls	exact	0	1000000000
allocation-fault-49	ownership_find_calls	exact	0	1000000000
allocation-fault-49	ownership_frame_close_calls	exact	0	1000000000
allocation-fault-49	memory_plan_calls	exact	0	1000000000
allocation-fault-49	range_analysis_calls	exact	0	1000000000
allocation-fault-49	c_generation_calls	exact	0	1000000000
allocation-fault-49	c_function_emit_calls	exact	0	1000000000
allocation-fault-49	c_expression_emit_calls	exact	0	1000000000
allocation-fault-49	project_load_steps	exact	0	1000000000
allocation-fault-49	cache_requests	exact	0	1000000000
allocation-fault-49	cache_key_builds	exact	0	1000000000
allocation-fault-49	cache_probes	exact	0	1000000000
allocation-fault-49	cache_hit_handlers	exact	0	1000000000
allocation-fault-49	cache_miss_handlers	exact	0	1000000000
allocation-fault-49	snapshot_build_calls	exact	0	1000000000
allocation-fault-49	invalidation_estimate_calls	exact	0	1000000000
allocation-fault-49	file_read_calls	exact	2	1000000000
allocation-fault-49	file_read_bytes	exact	1380	1000000000
# operation=allocation-fault-50; input_fnv1a64=353ee0f199d742d7; output_fnv1a64=cbf29ce484222325; output_bytes=0; exit=Some(71); observed_repetitions=2; counts_per_process; external_cc_calls=0
allocation-fault-50	name_insert_steps	exact	0	1000000000
allocation-fault-50	name_lookup_steps	exact	0	1000000000
allocation-fault-50	name_edge_steps	exact	0	1000000000
allocation-fault-50	cache_checksum_steps	exact	0	1000000000
allocation-fault-50	program_parse_calls	exact	1	1000000000
allocation-fault-50	program_parse_input_bytes	exact	690	1000000000
allocation-fault-50	source_lexer_steps	exact	336	1000000000
allocation-fault-50	data_lex_calls	exact	0	1000000000
allocation-fault-50	data_lex_input_bytes	exact	0	1000000000
allocation-fault-50	declaration_index_calls	exact	0	1000000000
allocation-fault-50	declaration_index_steps	exact	0	1000000000
allocation-fault-50	checker_calls	exact	0	1000000000
allocation-fault-50	typing_calls	exact	0	1000000000
allocation-fault-50	typing_declaration_steps	exact	0	1000000000
allocation-fault-50	expression_check_calls	exact	0	1000000000
allocation-fault-50	ownership_find_calls	exact	0	1000000000
allocation-fault-50	ownership_frame_close_calls	exact	0	1000000000
allocation-fault-50	memory_plan_calls	exact	0	1000000000
allocation-fault-50	range_analysis_calls	exact	0	1000000000
allocation-fault-50	c_generation_calls	exact	0	1000000000
allocation-fault-50	c_function_emit_calls	exact	0	1000000000
allocation-fault-50	c_expression_emit_calls	exact	0	1000000000
allocation-fault-50	project_load_steps	exact	0	1000000000
allocation-fault-50	cache_requests	exact	0	1000000000
allocation-fault-50	cache_key_builds	exact	0	1000000000
allocation-fault-50	cache_probes	exact	0	1000000000
allocation-fault-50	cache_hit_handlers	exact	0	1000000000
allocation-fault-50	cache_miss_handlers	exact	0	1000000000
allocation-fault-50	snapshot_build_calls	exact	0	1000000000
allocation-fault-50	invalidation_estimate_calls	exact	0	1000000000
allocation-fault-50	file_read_calls	exact	2	1000000000
allocation-fault-50	file_read_bytes	exact	1380	1000000000
# operation=allocation-fault-51; input_fnv1a64=353ee0f199d742d7; output_fnv1a64=cbf29ce484222325; output_bytes=0; exit=Some(71); observed_repetitions=2; counts_per_process; external_cc_calls=0
allocation-fault-51	name_insert_steps	exact	0	1000000000
allocation-fault-51	name_lookup_steps	exact	0	1000000000
allocation-fault-51	name_edge_steps	exact	0	1000000000
allocation-fault-51	cache_checksum_steps	exact	0	1000000000
allocation-fault-51	program_parse_calls	exact	1	1000000000
allocation-fault-51	program_parse_input_bytes	exact	690	1000000000
allocation-fault-51	source_lexer_steps	exact	336	1000000000
allocation-fault-51	data_lex_calls	exact	0	1000000000
allocation-fault-51	data_lex_input_bytes	exact	0	1000000000
allocation-fault-51	declaration_index_calls	exact	0	1000000000
allocation-fault-51	declaration_index_steps	exact	0	1000000000
allocation-fault-51	checker_calls	exact	0	1000000000
allocation-fault-51	typing_calls	exact	0	1000000000
allocation-fault-51	typing_declaration_steps	exact	0	1000000000
allocation-fault-51	expression_check_calls	exact	0	1000000000
allocation-fault-51	ownership_find_calls	exact	0	1000000000
allocation-fault-51	ownership_frame_close_calls	exact	0	1000000000
allocation-fault-51	memory_plan_calls	exact	0	1000000000
allocation-fault-51	range_analysis_calls	exact	0	1000000000
allocation-fault-51	c_generation_calls	exact	0	1000000000
allocation-fault-51	c_function_emit_calls	exact	0	1000000000
allocation-fault-51	c_expression_emit_calls	exact	0	1000000000
allocation-fault-51	project_load_steps	exact	0	1000000000
allocation-fault-51	cache_requests	exact	0	1000000000
allocation-fault-51	cache_key_builds	exact	0	1000000000
allocation-fault-51	cache_probes	exact	0	1000000000
allocation-fault-51	cache_hit_handlers	exact	0	1000000000
allocation-fault-51	cache_miss_handlers	exact	0	1000000000
allocation-fault-51	snapshot_build_calls	exact	0	1000000000
allocation-fault-51	invalidation_estimate_calls	exact	0	1000000000
allocation-fault-51	file_read_calls	exact	2	1000000000
allocation-fault-51	file_read_bytes	exact	1380	1000000000
# operation=allocation-fault-52; input_fnv1a64=353ee0f199d742d7; output_fnv1a64=cbf29ce484222325; output_bytes=0; exit=Some(71); observed_repetitions=2; counts_per_process; external_cc_calls=0
allocation-fault-52	name_insert_steps	exact	0	1000000000
allocation-fault-52	name_lookup_steps	exact	0	1000000000
allocation-fault-52	name_edge_steps	exact	0	1000000000
allocation-fault-52	cache_checksum_steps	exact	0	1000000000
allocation-fault-52	program_parse_calls	exact	1	1000000000
allocation-fault-52	program_parse_input_bytes	exact	690	1000000000
allocation-fault-52	source_lexer_steps	exact	336	1000000000
allocation-fault-52	data_lex_calls	exact	0	1000000000
allocation-fault-52	data_lex_input_bytes	exact	0	1000000000
allocation-fault-52	declaration_index_calls	exact	0	1000000000
allocation-fault-52	declaration_index_steps	exact	0	1000000000
allocation-fault-52	checker_calls	exact	0	1000000000
allocation-fault-52	typing_calls	exact	0	1000000000
allocation-fault-52	typing_declaration_steps	exact	0	1000000000
allocation-fault-52	expression_check_calls	exact	0	1000000000
allocation-fault-52	ownership_find_calls	exact	0	1000000000
allocation-fault-52	ownership_frame_close_calls	exact	0	1000000000
allocation-fault-52	memory_plan_calls	exact	0	1000000000
allocation-fault-52	range_analysis_calls	exact	0	1000000000
allocation-fault-52	c_generation_calls	exact	0	1000000000
allocation-fault-52	c_function_emit_calls	exact	0	1000000000
allocation-fault-52	c_expression_emit_calls	exact	0	1000000000
allocation-fault-52	project_load_steps	exact	0	1000000000
allocation-fault-52	cache_requests	exact	0	1000000000
allocation-fault-52	cache_key_builds	exact	0	1000000000
allocation-fault-52	cache_probes	exact	0	1000000000
allocation-fault-52	cache_hit_handlers	exact	0	1000000000
allocation-fault-52	cache_miss_handlers	exact	0	1000000000
allocation-fault-52	snapshot_build_calls	exact	0	1000000000
allocation-fault-52	invalidation_estimate_calls	exact	0	1000000000
allocation-fault-52	file_read_calls	exact	2	1000000000
allocation-fault-52	file_read_bytes	exact	1380	1000000000
# operation=allocation-fault-53; input_fnv1a64=353ee0f199d742d7; output_fnv1a64=cbf29ce484222325; output_bytes=0; exit=Some(71); observed_repetitions=2; counts_per_process; external_cc_calls=0
allocation-fault-53	name_insert_steps	exact	0	1000000000
allocation-fault-53	name_lookup_steps	exact	0	1000000000
allocation-fault-53	name_edge_steps	exact	0	1000000000
allocation-fault-53	cache_checksum_steps	exact	0	1000000000
allocation-fault-53	program_parse_calls	exact	1	1000000000
allocation-fault-53	program_parse_input_bytes	exact	690	1000000000
allocation-fault-53	source_lexer_steps	exact	336	1000000000
allocation-fault-53	data_lex_calls	exact	0	1000000000
allocation-fault-53	data_lex_input_bytes	exact	0	1000000000
allocation-fault-53	declaration_index_calls	exact	0	1000000000
allocation-fault-53	declaration_index_steps	exact	0	1000000000
allocation-fault-53	checker_calls	exact	0	1000000000
allocation-fault-53	typing_calls	exact	0	1000000000
allocation-fault-53	typing_declaration_steps	exact	0	1000000000
allocation-fault-53	expression_check_calls	exact	0	1000000000
allocation-fault-53	ownership_find_calls	exact	0	1000000000
allocation-fault-53	ownership_frame_close_calls	exact	0	1000000000
allocation-fault-53	memory_plan_calls	exact	0	1000000000
allocation-fault-53	range_analysis_calls	exact	0	1000000000
allocation-fault-53	c_generation_calls	exact	0	1000000000
allocation-fault-53	c_function_emit_calls	exact	0	1000000000
allocation-fault-53	c_expression_emit_calls	exact	0	1000000000
allocation-fault-53	project_load_steps	exact	0	1000000000
allocation-fault-53	cache_requests	exact	0	1000000000
allocation-fault-53	cache_key_builds	exact	0	1000000000
allocation-fault-53	cache_probes	exact	0	1000000000
allocation-fault-53	cache_hit_handlers	exact	0	1000000000
allocation-fault-53	cache_miss_handlers	exact	0	1000000000
allocation-fault-53	snapshot_build_calls	exact	0	1000000000
allocation-fault-53	invalidation_estimate_calls	exact	0	1000000000
allocation-fault-53	file_read_calls	exact	2	1000000000
allocation-fault-53	file_read_bytes	exact	1380	1000000000
# operation=allocation-fault-54; input_fnv1a64=353ee0f199d742d7; output_fnv1a64=cbf29ce484222325; output_bytes=0; exit=Some(71); observed_repetitions=2; counts_per_process; external_cc_calls=0
allocation-fault-54	name_insert_steps	exact	0	1000000000
allocation-fault-54	name_lookup_steps	exact	0	1000000000
allocation-fault-54	name_edge_steps	exact	0	1000000000
allocation-fault-54	cache_checksum_steps	exact	0	1000000000
allocation-fault-54	program_parse_calls	exact	1	1000000000
allocation-fault-54	program_parse_input_bytes	exact	690	1000000000
allocation-fault-54	source_lexer_steps	exact	336	1000000000
allocation-fault-54	data_lex_calls	exact	0	1000000000
allocation-fault-54	data_lex_input_bytes	exact	0	1000000000
allocation-fault-54	declaration_index_calls	exact	0	1000000000
allocation-fault-54	declaration_index_steps	exact	0	1000000000
allocation-fault-54	checker_calls	exact	0	1000000000
allocation-fault-54	typing_calls	exact	0	1000000000
allocation-fault-54	typing_declaration_steps	exact	0	1000000000
allocation-fault-54	expression_check_calls	exact	0	1000000000
allocation-fault-54	ownership_find_calls	exact	0	1000000000
allocation-fault-54	ownership_frame_close_calls	exact	0	1000000000
allocation-fault-54	memory_plan_calls	exact	0	1000000000
allocation-fault-54	range_analysis_calls	exact	0	1000000000
allocation-fault-54	c_generation_calls	exact	0	1000000000
allocation-fault-54	c_function_emit_calls	exact	0	1000000000
allocation-fault-54	c_expression_emit_calls	exact	0	1000000000
allocation-fault-54	project_load_steps	exact	0	1000000000
allocation-fault-54	cache_requests	exact	0	1000000000
allocation-fault-54	cache_key_builds	exact	0	1000000000
allocation-fault-54	cache_probes	exact	0	1000000000
allocation-fault-54	cache_hit_handlers	exact	0	1000000000
allocation-fault-54	cache_miss_handlers	exact	0	1000000000
allocation-fault-54	snapshot_build_calls	exact	0	1000000000
allocation-fault-54	invalidation_estimate_calls	exact	0	1000000000
allocation-fault-54	file_read_calls	exact	2	1000000000
allocation-fault-54	file_read_bytes	exact	1380	1000000000
# operation=allocation-fault-55; input_fnv1a64=353ee0f199d742d7; output_fnv1a64=cbf29ce484222325; output_bytes=0; exit=Some(71); observed_repetitions=2; counts_per_process; external_cc_calls=0
allocation-fault-55	name_insert_steps	exact	0	1000000000
allocation-fault-55	name_lookup_steps	exact	0	1000000000
allocation-fault-55	name_edge_steps	exact	0	1000000000
allocation-fault-55	cache_checksum_steps	exact	0	1000000000
allocation-fault-55	program_parse_calls	exact	1	1000000000
allocation-fault-55	program_parse_input_bytes	exact	690	1000000000
allocation-fault-55	source_lexer_steps	exact	336	1000000000
allocation-fault-55	data_lex_calls	exact	0	1000000000
allocation-fault-55	data_lex_input_bytes	exact	0	1000000000
allocation-fault-55	declaration_index_calls	exact	0	1000000000
allocation-fault-55	declaration_index_steps	exact	0	1000000000
allocation-fault-55	checker_calls	exact	0	1000000000
allocation-fault-55	typing_calls	exact	0	1000000000
allocation-fault-55	typing_declaration_steps	exact	0	1000000000
allocation-fault-55	expression_check_calls	exact	0	1000000000
allocation-fault-55	ownership_find_calls	exact	0	1000000000
allocation-fault-55	ownership_frame_close_calls	exact	0	1000000000
allocation-fault-55	memory_plan_calls	exact	0	1000000000
allocation-fault-55	range_analysis_calls	exact	0	1000000000
allocation-fault-55	c_generation_calls	exact	0	1000000000
allocation-fault-55	c_function_emit_calls	exact	0	1000000000
allocation-fault-55	c_expression_emit_calls	exact	0	1000000000
allocation-fault-55	project_load_steps	exact	0	1000000000
allocation-fault-55	cache_requests	exact	0	1000000000
allocation-fault-55	cache_key_builds	exact	0	1000000000
allocation-fault-55	cache_probes	exact	0	1000000000
allocation-fault-55	cache_hit_handlers	exact	0	1000000000
allocation-fault-55	cache_miss_handlers	exact	0	1000000000
allocation-fault-55	snapshot_build_calls	exact	0	1000000000
allocation-fault-55	invalidation_estimate_calls	exact	0	1000000000
allocation-fault-55	file_read_calls	exact	2	1000000000
allocation-fault-55	file_read_bytes	exact	1380	1000000000
# operation=allocation-fault-56; input_fnv1a64=353ee0f199d742d7; output_fnv1a64=cbf29ce484222325; output_bytes=0; exit=Some(71); observed_repetitions=2; counts_per_process; external_cc_calls=0
allocation-fault-56	name_insert_steps	exact	0	1000000000
allocation-fault-56	name_lookup_steps	exact	0	1000000000
allocation-fault-56	name_edge_steps	exact	0	1000000000
allocation-fault-56	cache_checksum_steps	exact	0	1000000000
allocation-fault-56	program_parse_calls	exact	1	1000000000
allocation-fault-56	program_parse_input_bytes	exact	690	1000000000
allocation-fault-56	source_lexer_steps	exact	336	1000000000
allocation-fault-56	data_lex_calls	exact	0	1000000000
allocation-fault-56	data_lex_input_bytes	exact	0	1000000000
allocation-fault-56	declaration_index_calls	exact	0	1000000000
allocation-fault-56	declaration_index_steps	exact	0	1000000000
allocation-fault-56	checker_calls	exact	0	1000000000
allocation-fault-56	typing_calls	exact	0	1000000000
allocation-fault-56	typing_declaration_steps	exact	0	1000000000
allocation-fault-56	expression_check_calls	exact	0	1000000000
allocation-fault-56	ownership_find_calls	exact	0	1000000000
allocation-fault-56	ownership_frame_close_calls	exact	0	1000000000
allocation-fault-56	memory_plan_calls	exact	0	1000000000
allocation-fault-56	range_analysis_calls	exact	0	1000000000
allocation-fault-56	c_generation_calls	exact	0	1000000000
allocation-fault-56	c_function_emit_calls	exact	0	1000000000
allocation-fault-56	c_expression_emit_calls	exact	0	1000000000
allocation-fault-56	project_load_steps	exact	0	1000000000
allocation-fault-56	cache_requests	exact	0	1000000000
allocation-fault-56	cache_key_builds	exact	0	1000000000
allocation-fault-56	cache_probes	exact	0	1000000000
allocation-fault-56	cache_hit_handlers	exact	0	1000000000
allocation-fault-56	cache_miss_handlers	exact	0	1000000000
allocation-fault-56	snapshot_build_calls	exact	0	1000000000
allocation-fault-56	invalidation_estimate_calls	exact	0	1000000000
allocation-fault-56	file_read_calls	exact	2	1000000000
allocation-fault-56	file_read_bytes	exact	1380	1000000000
# operation=allocation-fault-57; input_fnv1a64=353ee0f199d742d7; output_fnv1a64=cbf29ce484222325; output_bytes=0; exit=Some(71); observed_repetitions=2; counts_per_process; external_cc_calls=0
allocation-fault-57	name_insert_steps	exact	0	1000000000
allocation-fault-57	name_lookup_steps	exact	0	1000000000
allocation-fault-57	name_edge_steps	exact	0	1000000000
allocation-fault-57	cache_checksum_steps	exact	0	1000000000
allocation-fault-57	program_parse_calls	exact	1	1000000000
allocation-fault-57	program_parse_input_bytes	exact	690	1000000000
allocation-fault-57	source_lexer_steps	exact	336	1000000000
allocation-fault-57	data_lex_calls	exact	0	1000000000
allocation-fault-57	data_lex_input_bytes	exact	0	1000000000
allocation-fault-57	declaration_index_calls	exact	0	1000000000
allocation-fault-57	declaration_index_steps	exact	0	1000000000
allocation-fault-57	checker_calls	exact	0	1000000000
allocation-fault-57	typing_calls	exact	0	1000000000
allocation-fault-57	typing_declaration_steps	exact	0	1000000000
allocation-fault-57	expression_check_calls	exact	0	1000000000
allocation-fault-57	ownership_find_calls	exact	0	1000000000
allocation-fault-57	ownership_frame_close_calls	exact	0	1000000000
allocation-fault-57	memory_plan_calls	exact	0	1000000000
allocation-fault-57	range_analysis_calls	exact	0	1000000000
allocation-fault-57	c_generation_calls	exact	0	1000000000
allocation-fault-57	c_function_emit_calls	exact	0	1000000000
allocation-fault-57	c_expression_emit_calls	exact	0	1000000000
allocation-fault-57	project_load_steps	exact	0	1000000000
allocation-fault-57	cache_requests	exact	0	1000000000
allocation-fault-57	cache_key_builds	exact	0	1000000000
allocation-fault-57	cache_probes	exact	0	1000000000
allocation-fault-57	cache_hit_handlers	exact	0	1000000000
allocation-fault-57	cache_miss_handlers	exact	0	1000000000
allocation-fault-57	snapshot_build_calls	exact	0	1000000000
allocation-fault-57	invalidation_estimate_calls	exact	0	1000000000
allocation-fault-57	file_read_calls	exact	2	1000000000
allocation-fault-57	file_read_bytes	exact	1380	1000000000
# operation=allocation-fault-58; input_fnv1a64=353ee0f199d742d7; output_fnv1a64=cbf29ce484222325; output_bytes=0; exit=Some(71); observed_repetitions=2; counts_per_process; external_cc_calls=0
allocation-fault-58	name_insert_steps	exact	0	1000000000
allocation-fault-58	name_lookup_steps	exact	0	1000000000
allocation-fault-58	name_edge_steps	exact	0	1000000000
allocation-fault-58	cache_checksum_steps	exact	0	1000000000
allocation-fault-58	program_parse_calls	exact	1	1000000000
allocation-fault-58	program_parse_input_bytes	exact	690	1000000000
allocation-fault-58	source_lexer_steps	exact	336	1000000000
allocation-fault-58	data_lex_calls	exact	0	1000000000
allocation-fault-58	data_lex_input_bytes	exact	0	1000000000
allocation-fault-58	declaration_index_calls	exact	0	1000000000
allocation-fault-58	declaration_index_steps	exact	0	1000000000
allocation-fault-58	checker_calls	exact	0	1000000000
allocation-fault-58	typing_calls	exact	0	1000000000
allocation-fault-58	typing_declaration_steps	exact	0	1000000000
allocation-fault-58	expression_check_calls	exact	0	1000000000
allocation-fault-58	ownership_find_calls	exact	0	1000000000
allocation-fault-58	ownership_frame_close_calls	exact	0	1000000000
allocation-fault-58	memory_plan_calls	exact	0	1000000000
allocation-fault-58	range_analysis_calls	exact	0	1000000000
allocation-fault-58	c_generation_calls	exact	0	1000000000
allocation-fault-58	c_function_emit_calls	exact	0	1000000000
allocation-fault-58	c_expression_emit_calls	exact	0	1000000000
allocation-fault-58	project_load_steps	exact	0	1000000000
allocation-fault-58	cache_requests	exact	0	1000000000
allocation-fault-58	cache_key_builds	exact	0	1000000000
allocation-fault-58	cache_probes	exact	0	1000000000
allocation-fault-58	cache_hit_handlers	exact	0	1000000000
allocation-fault-58	cache_miss_handlers	exact	0	1000000000
allocation-fault-58	snapshot_build_calls	exact	0	1000000000
allocation-fault-58	invalidation_estimate_calls	exact	0	1000000000
allocation-fault-58	file_read_calls	exact	2	1000000000
allocation-fault-58	file_read_bytes	exact	1380	1000000000
# operation=allocation-fault-59; input_fnv1a64=353ee0f199d742d7; output_fnv1a64=cbf29ce484222325; output_bytes=0; exit=Some(71); observed_repetitions=2; counts_per_process; external_cc_calls=0
allocation-fault-59	name_insert_steps	exact	0	1000000000
allocation-fault-59	name_lookup_steps	exact	0	1000000000
allocation-fault-59	name_edge_steps	exact	0	1000000000
allocation-fault-59	cache_checksum_steps	exact	0	1000000000
allocation-fault-59	program_parse_calls	exact	1	1000000000
allocation-fault-59	program_parse_input_bytes	exact	690	1000000000
allocation-fault-59	source_lexer_steps	exact	336	1000000000
allocation-fault-59	data_lex_calls	exact	0	1000000000
allocation-fault-59	data_lex_input_bytes	exact	0	1000000000
allocation-fault-59	declaration_index_calls	exact	1	1000000000
allocation-fault-59	declaration_index_steps	exact	1	1000000000
allocation-fault-59	checker_calls	exact	1	1000000000
allocation-fault-59	typing_calls	exact	0	1000000000
allocation-fault-59	typing_declaration_steps	exact	0	1000000000
allocation-fault-59	expression_check_calls	exact	0	1000000000
allocation-fault-59	ownership_find_calls	exact	0	1000000000
allocation-fault-59	ownership_frame_close_calls	exact	0	1000000000
allocation-fault-59	memory_plan_calls	exact	0	1000000000
allocation-fault-59	range_analysis_calls	exact	0	1000000000
allocation-fault-59	c_generation_calls	exact	0	1000000000
allocation-fault-59	c_function_emit_calls	exact	0	1000000000
allocation-fault-59	c_expression_emit_calls	exact	0	1000000000
allocation-fault-59	project_load_steps	exact	0	1000000000
allocation-fault-59	cache_requests	exact	0	1000000000
allocation-fault-59	cache_key_builds	exact	0	1000000000
allocation-fault-59	cache_probes	exact	0	1000000000
allocation-fault-59	cache_hit_handlers	exact	0	1000000000
allocation-fault-59	cache_miss_handlers	exact	0	1000000000
allocation-fault-59	snapshot_build_calls	exact	0	1000000000
allocation-fault-59	invalidation_estimate_calls	exact	0	1000000000
allocation-fault-59	file_read_calls	exact	2	1000000000
allocation-fault-59	file_read_bytes	exact	1380	1000000000
# operation=allocation-fault-60; input_fnv1a64=353ee0f199d742d7; output_fnv1a64=cbf29ce484222325; output_bytes=0; exit=Some(71); observed_repetitions=2; counts_per_process; external_cc_calls=0
allocation-fault-60	name_insert_steps	exact	0	1000000000
allocation-fault-60	name_lookup_steps	exact	0	1000000000
allocation-fault-60	name_edge_steps	exact	0	1000000000
allocation-fault-60	cache_checksum_steps	exact	0	1000000000
allocation-fault-60	program_parse_calls	exact	1	1000000000
allocation-fault-60	program_parse_input_bytes	exact	690	1000000000
allocation-fault-60	source_lexer_steps	exact	336	1000000000
allocation-fault-60	data_lex_calls	exact	0	1000000000
allocation-fault-60	data_lex_input_bytes	exact	0	1000000000
allocation-fault-60	declaration_index_calls	exact	1	1000000000
allocation-fault-60	declaration_index_steps	exact	4	1000000000
allocation-fault-60	checker_calls	exact	1	1000000000
allocation-fault-60	typing_calls	exact	1	1000000000
allocation-fault-60	typing_declaration_steps	exact	0	1000000000
allocation-fault-60	expression_check_calls	exact	0	1000000000
allocation-fault-60	ownership_find_calls	exact	0	1000000000
allocation-fault-60	ownership_frame_close_calls	exact	0	1000000000
allocation-fault-60	memory_plan_calls	exact	0	1000000000
allocation-fault-60	range_analysis_calls	exact	0	1000000000
allocation-fault-60	c_generation_calls	exact	0	1000000000
allocation-fault-60	c_function_emit_calls	exact	0	1000000000
allocation-fault-60	c_expression_emit_calls	exact	0	1000000000
allocation-fault-60	project_load_steps	exact	0	1000000000
allocation-fault-60	cache_requests	exact	0	1000000000
allocation-fault-60	cache_key_builds	exact	0	1000000000
allocation-fault-60	cache_probes	exact	0	1000000000
allocation-fault-60	cache_hit_handlers	exact	0	1000000000
allocation-fault-60	cache_miss_handlers	exact	0	1000000000
allocation-fault-60	snapshot_build_calls	exact	0	1000000000
allocation-fault-60	invalidation_estimate_calls	exact	0	1000000000
allocation-fault-60	file_read_calls	exact	2	1000000000
allocation-fault-60	file_read_bytes	exact	1380	1000000000
# operation=allocation-fault-61; input_fnv1a64=353ee0f199d742d7; output_fnv1a64=cbf29ce484222325; output_bytes=0; exit=Some(71); observed_repetitions=2; counts_per_process; external_cc_calls=0
allocation-fault-61	name_insert_steps	exact	1	1000000000
allocation-fault-61	name_lookup_steps	exact	0	1000000000
allocation-fault-61	name_edge_steps	exact	1	1000000000
allocation-fault-61	cache_checksum_steps	exact	0	1000000000
allocation-fault-61	program_parse_calls	exact	1	1000000000
allocation-fault-61	program_parse_input_bytes	exact	690	1000000000
allocation-fault-61	source_lexer_steps	exact	336	1000000000
allocation-fault-61	data_lex_calls	exact	0	1000000000
allocation-fault-61	data_lex_input_bytes	exact	0	1000000000
allocation-fault-61	declaration_index_calls	exact	1	1000000000
allocation-fault-61	declaration_index_steps	exact	4	1000000000
allocation-fault-61	checker_calls	exact	1	1000000000
allocation-fault-61	typing_calls	exact	1	1000000000
allocation-fault-61	typing_declaration_steps	exact	0	1000000000
allocation-fault-61	expression_check_calls	exact	0	1000000000
allocation-fault-61	ownership_find_calls	exact	0	1000000000
allocation-fault-61	ownership_frame_close_calls	exact	0	1000000000
allocation-fault-61	memory_plan_calls	exact	0	1000000000
allocation-fault-61	range_analysis_calls	exact	0	1000000000
allocation-fault-61	c_generation_calls	exact	0	1000000000
allocation-fault-61	c_function_emit_calls	exact	0	1000000000
allocation-fault-61	c_expression_emit_calls	exact	0	1000000000
allocation-fault-61	project_load_steps	exact	0	1000000000
allocation-fault-61	cache_requests	exact	0	1000000000
allocation-fault-61	cache_key_builds	exact	0	1000000000
allocation-fault-61	cache_probes	exact	0	1000000000
allocation-fault-61	cache_hit_handlers	exact	0	1000000000
allocation-fault-61	cache_miss_handlers	exact	0	1000000000
allocation-fault-61	snapshot_build_calls	exact	0	1000000000
allocation-fault-61	invalidation_estimate_calls	exact	0	1000000000
allocation-fault-61	file_read_calls	exact	2	1000000000
allocation-fault-61	file_read_bytes	exact	1380	1000000000
# operation=allocation-fault-62; input_fnv1a64=353ee0f199d742d7; output_fnv1a64=cbf29ce484222325; output_bytes=0; exit=Some(71); observed_repetitions=2; counts_per_process; external_cc_calls=0
allocation-fault-62	name_insert_steps	exact	9	1000000000
allocation-fault-62	name_lookup_steps	exact	0	1000000000
allocation-fault-62	name_edge_steps	exact	9	1000000000
allocation-fault-62	cache_checksum_steps	exact	0	1000000000
allocation-fault-62	program_parse_calls	exact	1	1000000000
allocation-fault-62	program_parse_input_bytes	exact	690	1000000000
allocation-fault-62	source_lexer_steps	exact	336	1000000000
allocation-fault-62	data_lex_calls	exact	0	1000000000
allocation-fault-62	data_lex_input_bytes	exact	0	1000000000
allocation-fault-62	declaration_index_calls	exact	1	1000000000
allocation-fault-62	declaration_index_steps	exact	4	1000000000
allocation-fault-62	checker_calls	exact	1	1000000000
allocation-fault-62	typing_calls	exact	1	1000000000
allocation-fault-62	typing_declaration_steps	exact	0	1000000000
allocation-fault-62	expression_check_calls	exact	0	1000000000
allocation-fault-62	ownership_find_calls	exact	0	1000000000
allocation-fault-62	ownership_frame_close_calls	exact	0	1000000000
allocation-fault-62	memory_plan_calls	exact	0	1000000000
allocation-fault-62	range_analysis_calls	exact	0	1000000000
allocation-fault-62	c_generation_calls	exact	0	1000000000
allocation-fault-62	c_function_emit_calls	exact	0	1000000000
allocation-fault-62	c_expression_emit_calls	exact	0	1000000000
allocation-fault-62	project_load_steps	exact	0	1000000000
allocation-fault-62	cache_requests	exact	0	1000000000
allocation-fault-62	cache_key_builds	exact	0	1000000000
allocation-fault-62	cache_probes	exact	0	1000000000
allocation-fault-62	cache_hit_handlers	exact	0	1000000000
allocation-fault-62	cache_miss_handlers	exact	0	1000000000
allocation-fault-62	snapshot_build_calls	exact	0	1000000000
allocation-fault-62	invalidation_estimate_calls	exact	0	1000000000
allocation-fault-62	file_read_calls	exact	2	1000000000
allocation-fault-62	file_read_bytes	exact	1380	1000000000
# operation=allocation-fault-63; input_fnv1a64=353ee0f199d742d7; output_fnv1a64=cbf29ce484222325; output_bytes=0; exit=Some(71); observed_repetitions=2; counts_per_process; external_cc_calls=0
allocation-fault-63	name_insert_steps	exact	10	1000000000
allocation-fault-63	name_lookup_steps	exact	0	1000000000
allocation-fault-63	name_edge_steps	exact	10	1000000000
allocation-fault-63	cache_checksum_steps	exact	0	1000000000
allocation-fault-63	program_parse_calls	exact	1	1000000000
allocation-fault-63	program_parse_input_bytes	exact	690	1000000000
allocation-fault-63	source_lexer_steps	exact	336	1000000000
allocation-fault-63	data_lex_calls	exact	0	1000000000
allocation-fault-63	data_lex_input_bytes	exact	0	1000000000
allocation-fault-63	declaration_index_calls	exact	1	1000000000
allocation-fault-63	declaration_index_steps	exact	4	1000000000
allocation-fault-63	checker_calls	exact	1	1000000000
allocation-fault-63	typing_calls	exact	1	1000000000
allocation-fault-63	typing_declaration_steps	exact	0	1000000000
allocation-fault-63	expression_check_calls	exact	0	1000000000
allocation-fault-63	ownership_find_calls	exact	0	1000000000
allocation-fault-63	ownership_frame_close_calls	exact	0	1000000000
allocation-fault-63	memory_plan_calls	exact	0	1000000000
allocation-fault-63	range_analysis_calls	exact	0	1000000000
allocation-fault-63	c_generation_calls	exact	0	1000000000
allocation-fault-63	c_function_emit_calls	exact	0	1000000000
allocation-fault-63	c_expression_emit_calls	exact	0	1000000000
allocation-fault-63	project_load_steps	exact	0	1000000000
allocation-fault-63	cache_requests	exact	0	1000000000
allocation-fault-63	cache_key_builds	exact	0	1000000000
allocation-fault-63	cache_probes	exact	0	1000000000
allocation-fault-63	cache_hit_handlers	exact	0	1000000000
allocation-fault-63	cache_miss_handlers	exact	0	1000000000
allocation-fault-63	snapshot_build_calls	exact	0	1000000000
allocation-fault-63	invalidation_estimate_calls	exact	0	1000000000
allocation-fault-63	file_read_calls	exact	2	1000000000
allocation-fault-63	file_read_bytes	exact	1380	1000000000
# operation=allocation-fault-64; input_fnv1a64=353ee0f199d742d7; output_fnv1a64=cbf29ce484222325; output_bytes=0; exit=Some(71); observed_repetitions=2; counts_per_process; external_cc_calls=0
allocation-fault-64	name_insert_steps	exact	18	1000000000
allocation-fault-64	name_lookup_steps	exact	0	1000000000
allocation-fault-64	name_edge_steps	exact	19	1000000000
allocation-fault-64	cache_checksum_steps	exact	0	1000000000
allocation-fault-64	program_parse_calls	exact	1	1000000000
allocation-fault-64	program_parse_input_bytes	exact	690	1000000000
allocation-fault-64	source_lexer_steps	exact	336	1000000000
allocation-fault-64	data_lex_calls	exact	0	1000000000
allocation-fault-64	data_lex_input_bytes	exact	0	1000000000
allocation-fault-64	declaration_index_calls	exact	1	1000000000
allocation-fault-64	declaration_index_steps	exact	4	1000000000
allocation-fault-64	checker_calls	exact	1	1000000000
allocation-fault-64	typing_calls	exact	1	1000000000
allocation-fault-64	typing_declaration_steps	exact	0	1000000000
allocation-fault-64	expression_check_calls	exact	0	1000000000
allocation-fault-64	ownership_find_calls	exact	0	1000000000
allocation-fault-64	ownership_frame_close_calls	exact	0	1000000000
allocation-fault-64	memory_plan_calls	exact	0	1000000000
allocation-fault-64	range_analysis_calls	exact	0	1000000000
allocation-fault-64	c_generation_calls	exact	0	1000000000
allocation-fault-64	c_function_emit_calls	exact	0	1000000000
allocation-fault-64	c_expression_emit_calls	exact	0	1000000000
allocation-fault-64	project_load_steps	exact	0	1000000000
allocation-fault-64	cache_requests	exact	0	1000000000
allocation-fault-64	cache_key_builds	exact	0	1000000000
allocation-fault-64	cache_probes	exact	0	1000000000
allocation-fault-64	cache_hit_handlers	exact	0	1000000000
allocation-fault-64	cache_miss_handlers	exact	0	1000000000
allocation-fault-64	snapshot_build_calls	exact	0	1000000000
allocation-fault-64	invalidation_estimate_calls	exact	0	1000000000
allocation-fault-64	file_read_calls	exact	2	1000000000
allocation-fault-64	file_read_bytes	exact	1380	1000000000
# operation=allocation-fault-65; input_fnv1a64=353ee0f199d742d7; output_fnv1a64=cbf29ce484222325; output_bytes=0; exit=Some(71); observed_repetitions=2; counts_per_process; external_cc_calls=0
allocation-fault-65	name_insert_steps	exact	19	1000000000
allocation-fault-65	name_lookup_steps	exact	0	1000000000
allocation-fault-65	name_edge_steps	exact	20	1000000000
allocation-fault-65	cache_checksum_steps	exact	0	1000000000
allocation-fault-65	program_parse_calls	exact	1	1000000000
allocation-fault-65	program_parse_input_bytes	exact	690	1000000000
allocation-fault-65	source_lexer_steps	exact	336	1000000000
allocation-fault-65	data_lex_calls	exact	0	1000000000
allocation-fault-65	data_lex_input_bytes	exact	0	1000000000
allocation-fault-65	declaration_index_calls	exact	1	1000000000
allocation-fault-65	declaration_index_steps	exact	4	1000000000
allocation-fault-65	checker_calls	exact	1	1000000000
allocation-fault-65	typing_calls	exact	1	1000000000
allocation-fault-65	typing_declaration_steps	exact	0	1000000000
allocation-fault-65	expression_check_calls	exact	0	1000000000
allocation-fault-65	ownership_find_calls	exact	0	1000000000
allocation-fault-65	ownership_frame_close_calls	exact	0	1000000000
allocation-fault-65	memory_plan_calls	exact	0	1000000000
allocation-fault-65	range_analysis_calls	exact	0	1000000000
allocation-fault-65	c_generation_calls	exact	0	1000000000
allocation-fault-65	c_function_emit_calls	exact	0	1000000000
allocation-fault-65	c_expression_emit_calls	exact	0	1000000000
allocation-fault-65	project_load_steps	exact	0	1000000000
allocation-fault-65	cache_requests	exact	0	1000000000
allocation-fault-65	cache_key_builds	exact	0	1000000000
allocation-fault-65	cache_probes	exact	0	1000000000
allocation-fault-65	cache_hit_handlers	exact	0	1000000000
allocation-fault-65	cache_miss_handlers	exact	0	1000000000
allocation-fault-65	snapshot_build_calls	exact	0	1000000000
allocation-fault-65	invalidation_estimate_calls	exact	0	1000000000
allocation-fault-65	file_read_calls	exact	2	1000000000
allocation-fault-65	file_read_bytes	exact	1380	1000000000
# operation=allocation-fault-66; input_fnv1a64=353ee0f199d742d7; output_fnv1a64=cbf29ce484222325; output_bytes=0; exit=Some(71); observed_repetitions=2; counts_per_process; external_cc_calls=0
allocation-fault-66	name_insert_steps	exact	22	1000000000
allocation-fault-66	name_lookup_steps	exact	231	1000000000
allocation-fault-66	name_edge_steps	exact	430	1000000000
allocation-fault-66	cache_checksum_steps	exact	0	1000000000
allocation-fault-66	program_parse_calls	exact	1	1000000000
allocation-fault-66	program_parse_input_bytes	exact	690	1000000000
allocation-fault-66	source_lexer_steps	exact	336	1000000000
allocation-fault-66	data_lex_calls	exact	0	1000000000
allocation-fault-66	data_lex_input_bytes	exact	0	1000000000
allocation-fault-66	declaration_index_calls	exact	1	1000000000
allocation-fault-66	declaration_index_steps	exact	4	1000000000
allocation-fault-66	checker_calls	exact	1	1000000000
allocation-fault-66	typing_calls	exact	1	1000000000
allocation-fault-66	typing_declaration_steps	exact	0	1000000000
allocation-fault-66	expression_check_calls	exact	0	1000000000
allocation-fault-66	ownership_find_calls	exact	0	1000000000
allocation-fault-66	ownership_frame_close_calls	exact	0	1000000000
allocation-fault-66	memory_plan_calls	exact	0	1000000000
allocation-fault-66	range_analysis_calls	exact	0	1000000000
allocation-fault-66	c_generation_calls	exact	0	1000000000
allocation-fault-66	c_function_emit_calls	exact	0	1000000000
allocation-fault-66	c_expression_emit_calls	exact	0	1000000000
allocation-fault-66	project_load_steps	exact	0	1000000000
allocation-fault-66	cache_requests	exact	0	1000000000
allocation-fault-66	cache_key_builds	exact	0	1000000000
allocation-fault-66	cache_probes	exact	0	1000000000
allocation-fault-66	cache_hit_handlers	exact	0	1000000000
allocation-fault-66	cache_miss_handlers	exact	0	1000000000
allocation-fault-66	snapshot_build_calls	exact	0	1000000000
allocation-fault-66	invalidation_estimate_calls	exact	0	1000000000
allocation-fault-66	file_read_calls	exact	2	1000000000
allocation-fault-66	file_read_bytes	exact	1380	1000000000
# operation=allocation-fault-67; input_fnv1a64=353ee0f199d742d7; output_fnv1a64=cbf29ce484222325; output_bytes=0; exit=Some(71); observed_repetitions=2; counts_per_process; external_cc_calls=0
allocation-fault-67	name_insert_steps	exact	22	1000000000
allocation-fault-67	name_lookup_steps	exact	231	1000000000
allocation-fault-67	name_edge_steps	exact	430	1000000000
allocation-fault-67	cache_checksum_steps	exact	0	1000000000
allocation-fault-67	program_parse_calls	exact	1	1000000000
allocation-fault-67	program_parse_input_bytes	exact	690	1000000000
allocation-fault-67	source_lexer_steps	exact	336	1000000000
allocation-fault-67	data_lex_calls	exact	0	1000000000
allocation-fault-67	data_lex_input_bytes	exact	0	1000000000
allocation-fault-67	declaration_index_calls	exact	1	1000000000
allocation-fault-67	declaration_index_steps	exact	4	1000000000
allocation-fault-67	checker_calls	exact	1	1000000000
allocation-fault-67	typing_calls	exact	1	1000000000
allocation-fault-67	typing_declaration_steps	exact	0	1000000000
allocation-fault-67	expression_check_calls	exact	0	1000000000
allocation-fault-67	ownership_find_calls	exact	0	1000000000
allocation-fault-67	ownership_frame_close_calls	exact	0	1000000000
allocation-fault-67	memory_plan_calls	exact	0	1000000000
allocation-fault-67	range_analysis_calls	exact	0	1000000000
allocation-fault-67	c_generation_calls	exact	0	1000000000
allocation-fault-67	c_function_emit_calls	exact	0	1000000000
allocation-fault-67	c_expression_emit_calls	exact	0	1000000000
allocation-fault-67	project_load_steps	exact	0	1000000000
allocation-fault-67	cache_requests	exact	0	1000000000
allocation-fault-67	cache_key_builds	exact	0	1000000000
allocation-fault-67	cache_probes	exact	0	1000000000
allocation-fault-67	cache_hit_handlers	exact	0	1000000000
allocation-fault-67	cache_miss_handlers	exact	0	1000000000
allocation-fault-67	snapshot_build_calls	exact	0	1000000000
allocation-fault-67	invalidation_estimate_calls	exact	0	1000000000
allocation-fault-67	file_read_calls	exact	2	1000000000
allocation-fault-67	file_read_bytes	exact	1380	1000000000
# operation=allocation-fault-68; input_fnv1a64=353ee0f199d742d7; output_fnv1a64=cbf29ce484222325; output_bytes=0; exit=Some(71); observed_repetitions=2; counts_per_process; external_cc_calls=0
allocation-fault-68	name_insert_steps	exact	22	1000000000
allocation-fault-68	name_lookup_steps	exact	231	1000000000
allocation-fault-68	name_edge_steps	exact	430	1000000000
allocation-fault-68	cache_checksum_steps	exact	0	1000000000
allocation-fault-68	program_parse_calls	exact	1	1000000000
allocation-fault-68	program_parse_input_bytes	exact	690	1000000000
allocation-fault-68	source_lexer_steps	exact	336	1000000000
allocation-fault-68	data_lex_calls	exact	0	1000000000
allocation-fault-68	data_lex_input_bytes	exact	0	1000000000
allocation-fault-68	declaration_index_calls	exact	1	1000000000
allocation-fault-68	declaration_index_steps	exact	4	1000000000
allocation-fault-68	checker_calls	exact	1	1000000000
allocation-fault-68	typing_calls	exact	1	1000000000
allocation-fault-68	typing_declaration_steps	exact	0	1000000000
allocation-fault-68	expression_check_calls	exact	0	1000000000
allocation-fault-68	ownership_find_calls	exact	0	1000000000
allocation-fault-68	ownership_frame_close_calls	exact	0	1000000000
allocation-fault-68	memory_plan_calls	exact	0	1000000000
allocation-fault-68	range_analysis_calls	exact	0	1000000000
allocation-fault-68	c_generation_calls	exact	0	1000000000
allocation-fault-68	c_function_emit_calls	exact	0	1000000000
allocation-fault-68	c_expression_emit_calls	exact	0	1000000000
allocation-fault-68	project_load_steps	exact	0	1000000000
allocation-fault-68	cache_requests	exact	0	1000000000
allocation-fault-68	cache_key_builds	exact	0	1000000000
allocation-fault-68	cache_probes	exact	0	1000000000
allocation-fault-68	cache_hit_handlers	exact	0	1000000000
allocation-fault-68	cache_miss_handlers	exact	0	1000000000
allocation-fault-68	snapshot_build_calls	exact	0	1000000000
allocation-fault-68	invalidation_estimate_calls	exact	0	1000000000
allocation-fault-68	file_read_calls	exact	2	1000000000
allocation-fault-68	file_read_bytes	exact	1380	1000000000
# operation=allocation-fault-69; input_fnv1a64=353ee0f199d742d7; output_fnv1a64=cbf29ce484222325; output_bytes=0; exit=Some(71); observed_repetitions=2; counts_per_process; external_cc_calls=0
allocation-fault-69	name_insert_steps	exact	22	1000000000
allocation-fault-69	name_lookup_steps	exact	231	1000000000
allocation-fault-69	name_edge_steps	exact	430	1000000000
allocation-fault-69	cache_checksum_steps	exact	0	1000000000
allocation-fault-69	program_parse_calls	exact	1	1000000000
allocation-fault-69	program_parse_input_bytes	exact	690	1000000000
allocation-fault-69	source_lexer_steps	exact	336	1000000000
allocation-fault-69	data_lex_calls	exact	0	1000000000
allocation-fault-69	data_lex_input_bytes	exact	0	1000000000
allocation-fault-69	declaration_index_calls	exact	1	1000000000
allocation-fault-69	declaration_index_steps	exact	4	1000000000
allocation-fault-69	checker_calls	exact	1	1000000000
allocation-fault-69	typing_calls	exact	1	1000000000
allocation-fault-69	typing_declaration_steps	exact	0	1000000000
allocation-fault-69	expression_check_calls	exact	0	1000000000
allocation-fault-69	ownership_find_calls	exact	0	1000000000
allocation-fault-69	ownership_frame_close_calls	exact	0	1000000000
allocation-fault-69	memory_plan_calls	exact	0	1000000000
allocation-fault-69	range_analysis_calls	exact	0	1000000000
allocation-fault-69	c_generation_calls	exact	0	1000000000
allocation-fault-69	c_function_emit_calls	exact	0	1000000000
allocation-fault-69	c_expression_emit_calls	exact	0	1000000000
allocation-fault-69	project_load_steps	exact	0	1000000000
allocation-fault-69	cache_requests	exact	0	1000000000
allocation-fault-69	cache_key_builds	exact	0	1000000000
allocation-fault-69	cache_probes	exact	0	1000000000
allocation-fault-69	cache_hit_handlers	exact	0	1000000000
allocation-fault-69	cache_miss_handlers	exact	0	1000000000
allocation-fault-69	snapshot_build_calls	exact	0	1000000000
allocation-fault-69	invalidation_estimate_calls	exact	0	1000000000
allocation-fault-69	file_read_calls	exact	2	1000000000
allocation-fault-69	file_read_bytes	exact	1380	1000000000
# operation=allocation-fault-70; input_fnv1a64=353ee0f199d742d7; output_fnv1a64=cbf29ce484222325; output_bytes=0; exit=Some(71); observed_repetitions=2; counts_per_process; external_cc_calls=0
allocation-fault-70	name_insert_steps	exact	22	1000000000
allocation-fault-70	name_lookup_steps	exact	231	1000000000
allocation-fault-70	name_edge_steps	exact	430	1000000000
allocation-fault-70	cache_checksum_steps	exact	0	1000000000
allocation-fault-70	program_parse_calls	exact	1	1000000000
allocation-fault-70	program_parse_input_bytes	exact	690	1000000000
allocation-fault-70	source_lexer_steps	exact	336	1000000000
allocation-fault-70	data_lex_calls	exact	0	1000000000
allocation-fault-70	data_lex_input_bytes	exact	0	1000000000
allocation-fault-70	declaration_index_calls	exact	1	1000000000
allocation-fault-70	declaration_index_steps	exact	4	1000000000
allocation-fault-70	checker_calls	exact	1	1000000000
allocation-fault-70	typing_calls	exact	1	1000000000
allocation-fault-70	typing_declaration_steps	exact	0	1000000000
allocation-fault-70	expression_check_calls	exact	0	1000000000
allocation-fault-70	ownership_find_calls	exact	0	1000000000
allocation-fault-70	ownership_frame_close_calls	exact	0	1000000000
allocation-fault-70	memory_plan_calls	exact	0	1000000000
allocation-fault-70	range_analysis_calls	exact	0	1000000000
allocation-fault-70	c_generation_calls	exact	0	1000000000
allocation-fault-70	c_function_emit_calls	exact	0	1000000000
allocation-fault-70	c_expression_emit_calls	exact	0	1000000000
allocation-fault-70	project_load_steps	exact	0	1000000000
allocation-fault-70	cache_requests	exact	0	1000000000
allocation-fault-70	cache_key_builds	exact	0	1000000000
allocation-fault-70	cache_probes	exact	0	1000000000
allocation-fault-70	cache_hit_handlers	exact	0	1000000000
allocation-fault-70	cache_miss_handlers	exact	0	1000000000
allocation-fault-70	snapshot_build_calls	exact	0	1000000000
allocation-fault-70	invalidation_estimate_calls	exact	0	1000000000
allocation-fault-70	file_read_calls	exact	2	1000000000
allocation-fault-70	file_read_bytes	exact	1380	1000000000
# operation=allocation-fault-71; input_fnv1a64=353ee0f199d742d7; output_fnv1a64=cbf29ce484222325; output_bytes=0; exit=Some(71); observed_repetitions=2; counts_per_process; external_cc_calls=0
allocation-fault-71	name_insert_steps	exact	22	1000000000
allocation-fault-71	name_lookup_steps	exact	231	1000000000
allocation-fault-71	name_edge_steps	exact	430	1000000000
allocation-fault-71	cache_checksum_steps	exact	0	1000000000
allocation-fault-71	program_parse_calls	exact	1	1000000000
allocation-fault-71	program_parse_input_bytes	exact	690	1000000000
allocation-fault-71	source_lexer_steps	exact	336	1000000000
allocation-fault-71	data_lex_calls	exact	0	1000000000
allocation-fault-71	data_lex_input_bytes	exact	0	1000000000
allocation-fault-71	declaration_index_calls	exact	1	1000000000
allocation-fault-71	declaration_index_steps	exact	4	1000000000
allocation-fault-71	checker_calls	exact	1	1000000000
allocation-fault-71	typing_calls	exact	1	1000000000
allocation-fault-71	typing_declaration_steps	exact	0	1000000000
allocation-fault-71	expression_check_calls	exact	0	1000000000
allocation-fault-71	ownership_find_calls	exact	0	1000000000
allocation-fault-71	ownership_frame_close_calls	exact	0	1000000000
allocation-fault-71	memory_plan_calls	exact	0	1000000000
allocation-fault-71	range_analysis_calls	exact	0	1000000000
allocation-fault-71	c_generation_calls	exact	0	1000000000
allocation-fault-71	c_function_emit_calls	exact	0	1000000000
allocation-fault-71	c_expression_emit_calls	exact	0	1000000000
allocation-fault-71	project_load_steps	exact	0	1000000000
allocation-fault-71	cache_requests	exact	0	1000000000
allocation-fault-71	cache_key_builds	exact	0	1000000000
allocation-fault-71	cache_probes	exact	0	1000000000
allocation-fault-71	cache_hit_handlers	exact	0	1000000000
allocation-fault-71	cache_miss_handlers	exact	0	1000000000
allocation-fault-71	snapshot_build_calls	exact	0	1000000000
allocation-fault-71	invalidation_estimate_calls	exact	0	1000000000
allocation-fault-71	file_read_calls	exact	2	1000000000
allocation-fault-71	file_read_bytes	exact	1380	1000000000
# operation=allocation-fault-72; input_fnv1a64=353ee0f199d742d7; output_fnv1a64=cbf29ce484222325; output_bytes=0; exit=Some(71); observed_repetitions=2; counts_per_process; external_cc_calls=0
allocation-fault-72	name_insert_steps	exact	22	1000000000
allocation-fault-72	name_lookup_steps	exact	231	1000000000
allocation-fault-72	name_edge_steps	exact	430	1000000000
allocation-fault-72	cache_checksum_steps	exact	0	1000000000
allocation-fault-72	program_parse_calls	exact	1	1000000000
allocation-fault-72	program_parse_input_bytes	exact	690	1000000000
allocation-fault-72	source_lexer_steps	exact	336	1000000000
allocation-fault-72	data_lex_calls	exact	0	1000000000
allocation-fault-72	data_lex_input_bytes	exact	0	1000000000
allocation-fault-72	declaration_index_calls	exact	1	1000000000
allocation-fault-72	declaration_index_steps	exact	4	1000000000
allocation-fault-72	checker_calls	exact	1	1000000000
allocation-fault-72	typing_calls	exact	1	1000000000
allocation-fault-72	typing_declaration_steps	exact	0	1000000000
allocation-fault-72	expression_check_calls	exact	0	1000000000
allocation-fault-72	ownership_find_calls	exact	0	1000000000
allocation-fault-72	ownership_frame_close_calls	exact	0	1000000000
allocation-fault-72	memory_plan_calls	exact	0	1000000000
allocation-fault-72	range_analysis_calls	exact	0	1000000000
allocation-fault-72	c_generation_calls	exact	0	1000000000
allocation-fault-72	c_function_emit_calls	exact	0	1000000000
allocation-fault-72	c_expression_emit_calls	exact	0	1000000000
allocation-fault-72	project_load_steps	exact	0	1000000000
allocation-fault-72	cache_requests	exact	0	1000000000
allocation-fault-72	cache_key_builds	exact	0	1000000000
allocation-fault-72	cache_probes	exact	0	1000000000
allocation-fault-72	cache_hit_handlers	exact	0	1000000000
allocation-fault-72	cache_miss_handlers	exact	0	1000000000
allocation-fault-72	snapshot_build_calls	exact	0	1000000000
allocation-fault-72	invalidation_estimate_calls	exact	0	1000000000
allocation-fault-72	file_read_calls	exact	2	1000000000
allocation-fault-72	file_read_bytes	exact	1380	1000000000
# operation=allocation-fault-73; input_fnv1a64=353ee0f199d742d7; output_fnv1a64=cbf29ce484222325; output_bytes=0; exit=Some(71); observed_repetitions=2; counts_per_process; external_cc_calls=0
allocation-fault-73	name_insert_steps	exact	22	1000000000
allocation-fault-73	name_lookup_steps	exact	231	1000000000
allocation-fault-73	name_edge_steps	exact	430	1000000000
allocation-fault-73	cache_checksum_steps	exact	0	1000000000
allocation-fault-73	program_parse_calls	exact	1	1000000000
allocation-fault-73	program_parse_input_bytes	exact	690	1000000000
allocation-fault-73	source_lexer_steps	exact	336	1000000000
allocation-fault-73	data_lex_calls	exact	0	1000000000
allocation-fault-73	data_lex_input_bytes	exact	0	1000000000
allocation-fault-73	declaration_index_calls	exact	1	1000000000
allocation-fault-73	declaration_index_steps	exact	4	1000000000
allocation-fault-73	checker_calls	exact	1	1000000000
allocation-fault-73	typing_calls	exact	1	1000000000
allocation-fault-73	typing_declaration_steps	exact	0	1000000000
allocation-fault-73	expression_check_calls	exact	0	1000000000
allocation-fault-73	ownership_find_calls	exact	0	1000000000
allocation-fault-73	ownership_frame_close_calls	exact	0	1000000000
allocation-fault-73	memory_plan_calls	exact	0	1000000000
allocation-fault-73	range_analysis_calls	exact	0	1000000000
allocation-fault-73	c_generation_calls	exact	0	1000000000
allocation-fault-73	c_function_emit_calls	exact	0	1000000000
allocation-fault-73	c_expression_emit_calls	exact	0	1000000000
allocation-fault-73	project_load_steps	exact	0	1000000000
allocation-fault-73	cache_requests	exact	0	1000000000
allocation-fault-73	cache_key_builds	exact	0	1000000000
allocation-fault-73	cache_probes	exact	0	1000000000
allocation-fault-73	cache_hit_handlers	exact	0	1000000000
allocation-fault-73	cache_miss_handlers	exact	0	1000000000
allocation-fault-73	snapshot_build_calls	exact	0	1000000000
allocation-fault-73	invalidation_estimate_calls	exact	0	1000000000
allocation-fault-73	file_read_calls	exact	2	1000000000
allocation-fault-73	file_read_bytes	exact	1380	1000000000
# operation=allocation-fault-74; input_fnv1a64=353ee0f199d742d7; output_fnv1a64=cbf29ce484222325; output_bytes=0; exit=Some(71); observed_repetitions=2; counts_per_process; external_cc_calls=0
allocation-fault-74	name_insert_steps	exact	22	1000000000
allocation-fault-74	name_lookup_steps	exact	231	1000000000
allocation-fault-74	name_edge_steps	exact	430	1000000000
allocation-fault-74	cache_checksum_steps	exact	0	1000000000
allocation-fault-74	program_parse_calls	exact	1	1000000000
allocation-fault-74	program_parse_input_bytes	exact	690	1000000000
allocation-fault-74	source_lexer_steps	exact	336	1000000000
allocation-fault-74	data_lex_calls	exact	0	1000000000
allocation-fault-74	data_lex_input_bytes	exact	0	1000000000
allocation-fault-74	declaration_index_calls	exact	1	1000000000
allocation-fault-74	declaration_index_steps	exact	4	1000000000
allocation-fault-74	checker_calls	exact	1	1000000000
allocation-fault-74	typing_calls	exact	1	1000000000
allocation-fault-74	typing_declaration_steps	exact	0	1000000000
allocation-fault-74	expression_check_calls	exact	0	1000000000
allocation-fault-74	ownership_find_calls	exact	0	1000000000
allocation-fault-74	ownership_frame_close_calls	exact	0	1000000000
allocation-fault-74	memory_plan_calls	exact	0	1000000000
allocation-fault-74	range_analysis_calls	exact	0	1000000000
allocation-fault-74	c_generation_calls	exact	0	1000000000
allocation-fault-74	c_function_emit_calls	exact	0	1000000000
allocation-fault-74	c_expression_emit_calls	exact	0	1000000000
allocation-fault-74	project_load_steps	exact	0	1000000000
allocation-fault-74	cache_requests	exact	0	1000000000
allocation-fault-74	cache_key_builds	exact	0	1000000000
allocation-fault-74	cache_probes	exact	0	1000000000
allocation-fault-74	cache_hit_handlers	exact	0	1000000000
allocation-fault-74	cache_miss_handlers	exact	0	1000000000
allocation-fault-74	snapshot_build_calls	exact	0	1000000000
allocation-fault-74	invalidation_estimate_calls	exact	0	1000000000
allocation-fault-74	file_read_calls	exact	2	1000000000
allocation-fault-74	file_read_bytes	exact	1380	1000000000
# operation=allocation-fault-75; input_fnv1a64=353ee0f199d742d7; output_fnv1a64=cbf29ce484222325; output_bytes=0; exit=Some(71); observed_repetitions=2; counts_per_process; external_cc_calls=0
allocation-fault-75	name_insert_steps	exact	22	1000000000
allocation-fault-75	name_lookup_steps	exact	231	1000000000
allocation-fault-75	name_edge_steps	exact	430	1000000000
allocation-fault-75	cache_checksum_steps	exact	0	1000000000
allocation-fault-75	program_parse_calls	exact	1	1000000000
allocation-fault-75	program_parse_input_bytes	exact	690	1000000000
allocation-fault-75	source_lexer_steps	exact	336	1000000000
allocation-fault-75	data_lex_calls	exact	0	1000000000
allocation-fault-75	data_lex_input_bytes	exact	0	1000000000
allocation-fault-75	declaration_index_calls	exact	1	1000000000
allocation-fault-75	declaration_index_steps	exact	4	1000000000
allocation-fault-75	checker_calls	exact	1	1000000000
allocation-fault-75	typing_calls	exact	1	1000000000
allocation-fault-75	typing_declaration_steps	exact	0	1000000000
allocation-fault-75	expression_check_calls	exact	0	1000000000
allocation-fault-75	ownership_find_calls	exact	0	1000000000
allocation-fault-75	ownership_frame_close_calls	exact	0	1000000000
allocation-fault-75	memory_plan_calls	exact	0	1000000000
allocation-fault-75	range_analysis_calls	exact	0	1000000000
allocation-fault-75	c_generation_calls	exact	0	1000000000
allocation-fault-75	c_function_emit_calls	exact	0	1000000000
allocation-fault-75	c_expression_emit_calls	exact	0	1000000000
allocation-fault-75	project_load_steps	exact	0	1000000000
allocation-fault-75	cache_requests	exact	0	1000000000
allocation-fault-75	cache_key_builds	exact	0	1000000000
allocation-fault-75	cache_probes	exact	0	1000000000
allocation-fault-75	cache_hit_handlers	exact	0	1000000000
allocation-fault-75	cache_miss_handlers	exact	0	1000000000
allocation-fault-75	snapshot_build_calls	exact	0	1000000000
allocation-fault-75	invalidation_estimate_calls	exact	0	1000000000
allocation-fault-75	file_read_calls	exact	2	1000000000
allocation-fault-75	file_read_bytes	exact	1380	1000000000
# operation=allocation-fault-76; input_fnv1a64=353ee0f199d742d7; output_fnv1a64=cbf29ce484222325; output_bytes=0; exit=Some(71); observed_repetitions=2; counts_per_process; external_cc_calls=0
allocation-fault-76	name_insert_steps	exact	22	1000000000
allocation-fault-76	name_lookup_steps	exact	231	1000000000
allocation-fault-76	name_edge_steps	exact	430	1000000000
allocation-fault-76	cache_checksum_steps	exact	0	1000000000
allocation-fault-76	program_parse_calls	exact	1	1000000000
allocation-fault-76	program_parse_input_bytes	exact	690	1000000000
allocation-fault-76	source_lexer_steps	exact	336	1000000000
allocation-fault-76	data_lex_calls	exact	0	1000000000
allocation-fault-76	data_lex_input_bytes	exact	0	1000000000
allocation-fault-76	declaration_index_calls	exact	1	1000000000
allocation-fault-76	declaration_index_steps	exact	4	1000000000
allocation-fault-76	checker_calls	exact	1	1000000000
allocation-fault-76	typing_calls	exact	1	1000000000
allocation-fault-76	typing_declaration_steps	exact	0	1000000000
allocation-fault-76	expression_check_calls	exact	0	1000000000
allocation-fault-76	ownership_find_calls	exact	0	1000000000
allocation-fault-76	ownership_frame_close_calls	exact	0	1000000000
allocation-fault-76	memory_plan_calls	exact	0	1000000000
allocation-fault-76	range_analysis_calls	exact	0	1000000000
allocation-fault-76	c_generation_calls	exact	0	1000000000
allocation-fault-76	c_function_emit_calls	exact	0	1000000000
allocation-fault-76	c_expression_emit_calls	exact	0	1000000000
allocation-fault-76	project_load_steps	exact	0	1000000000
allocation-fault-76	cache_requests	exact	0	1000000000
allocation-fault-76	cache_key_builds	exact	0	1000000000
allocation-fault-76	cache_probes	exact	0	1000000000
allocation-fault-76	cache_hit_handlers	exact	0	1000000000
allocation-fault-76	cache_miss_handlers	exact	0	1000000000
allocation-fault-76	snapshot_build_calls	exact	0	1000000000
allocation-fault-76	invalidation_estimate_calls	exact	0	1000000000
allocation-fault-76	file_read_calls	exact	2	1000000000
allocation-fault-76	file_read_bytes	exact	1380	1000000000
# operation=allocation-fault-77; input_fnv1a64=353ee0f199d742d7; output_fnv1a64=cbf29ce484222325; output_bytes=0; exit=Some(71); observed_repetitions=2; counts_per_process; external_cc_calls=0
allocation-fault-77	name_insert_steps	exact	22	1000000000
allocation-fault-77	name_lookup_steps	exact	231	1000000000
allocation-fault-77	name_edge_steps	exact	430	1000000000
allocation-fault-77	cache_checksum_steps	exact	0	1000000000
allocation-fault-77	program_parse_calls	exact	1	1000000000
allocation-fault-77	program_parse_input_bytes	exact	690	1000000000
allocation-fault-77	source_lexer_steps	exact	336	1000000000
allocation-fault-77	data_lex_calls	exact	0	1000000000
allocation-fault-77	data_lex_input_bytes	exact	0	1000000000
allocation-fault-77	declaration_index_calls	exact	1	1000000000
allocation-fault-77	declaration_index_steps	exact	4	1000000000
allocation-fault-77	checker_calls	exact	1	1000000000
allocation-fault-77	typing_calls	exact	1	1000000000
allocation-fault-77	typing_declaration_steps	exact	0	1000000000
allocation-fault-77	expression_check_calls	exact	0	1000000000
allocation-fault-77	ownership_find_calls	exact	0	1000000000
allocation-fault-77	ownership_frame_close_calls	exact	0	1000000000
allocation-fault-77	memory_plan_calls	exact	0	1000000000
allocation-fault-77	range_analysis_calls	exact	0	1000000000
allocation-fault-77	c_generation_calls	exact	0	1000000000
allocation-fault-77	c_function_emit_calls	exact	0	1000000000
allocation-fault-77	c_expression_emit_calls	exact	0	1000000000
allocation-fault-77	project_load_steps	exact	0	1000000000
allocation-fault-77	cache_requests	exact	0	1000000000
allocation-fault-77	cache_key_builds	exact	0	1000000000
allocation-fault-77	cache_probes	exact	0	1000000000
allocation-fault-77	cache_hit_handlers	exact	0	1000000000
allocation-fault-77	cache_miss_handlers	exact	0	1000000000
allocation-fault-77	snapshot_build_calls	exact	0	1000000000
allocation-fault-77	invalidation_estimate_calls	exact	0	1000000000
allocation-fault-77	file_read_calls	exact	2	1000000000
allocation-fault-77	file_read_bytes	exact	1380	1000000000
# operation=allocation-fault-78; input_fnv1a64=353ee0f199d742d7; output_fnv1a64=cbf29ce484222325; output_bytes=0; exit=Some(71); observed_repetitions=2; counts_per_process; external_cc_calls=0
allocation-fault-78	name_insert_steps	exact	22	1000000000
allocation-fault-78	name_lookup_steps	exact	231	1000000000
allocation-fault-78	name_edge_steps	exact	430	1000000000
allocation-fault-78	cache_checksum_steps	exact	0	1000000000
allocation-fault-78	program_parse_calls	exact	1	1000000000
allocation-fault-78	program_parse_input_bytes	exact	690	1000000000
allocation-fault-78	source_lexer_steps	exact	336	1000000000
allocation-fault-78	data_lex_calls	exact	0	1000000000
allocation-fault-78	data_lex_input_bytes	exact	0	1000000000
allocation-fault-78	declaration_index_calls	exact	1	1000000000
allocation-fault-78	declaration_index_steps	exact	4	1000000000
allocation-fault-78	checker_calls	exact	1	1000000000
allocation-fault-78	typing_calls	exact	1	1000000000
allocation-fault-78	typing_declaration_steps	exact	0	1000000000
allocation-fault-78	expression_check_calls	exact	0	1000000000
allocation-fault-78	ownership_find_calls	exact	0	1000000000
allocation-fault-78	ownership_frame_close_calls	exact	0	1000000000
allocation-fault-78	memory_plan_calls	exact	0	1000000000
allocation-fault-78	range_analysis_calls	exact	0	1000000000
allocation-fault-78	c_generation_calls	exact	0	1000000000
allocation-fault-78	c_function_emit_calls	exact	0	1000000000
allocation-fault-78	c_expression_emit_calls	exact	0	1000000000
allocation-fault-78	project_load_steps	exact	0	1000000000
allocation-fault-78	cache_requests	exact	0	1000000000
allocation-fault-78	cache_key_builds	exact	0	1000000000
allocation-fault-78	cache_probes	exact	0	1000000000
allocation-fault-78	cache_hit_handlers	exact	0	1000000000
allocation-fault-78	cache_miss_handlers	exact	0	1000000000
allocation-fault-78	snapshot_build_calls	exact	0	1000000000
allocation-fault-78	invalidation_estimate_calls	exact	0	1000000000
allocation-fault-78	file_read_calls	exact	2	1000000000
allocation-fault-78	file_read_bytes	exact	1380	1000000000
# operation=allocation-fault-79; input_fnv1a64=353ee0f199d742d7; output_fnv1a64=cbf29ce484222325; output_bytes=0; exit=Some(71); observed_repetitions=2; counts_per_process; external_cc_calls=0
allocation-fault-79	name_insert_steps	exact	22	1000000000
allocation-fault-79	name_lookup_steps	exact	231	1000000000
allocation-fault-79	name_edge_steps	exact	430	1000000000
allocation-fault-79	cache_checksum_steps	exact	0	1000000000
allocation-fault-79	program_parse_calls	exact	1	1000000000
allocation-fault-79	program_parse_input_bytes	exact	690	1000000000
allocation-fault-79	source_lexer_steps	exact	336	1000000000
allocation-fault-79	data_lex_calls	exact	0	1000000000
allocation-fault-79	data_lex_input_bytes	exact	0	1000000000
allocation-fault-79	declaration_index_calls	exact	1	1000000000
allocation-fault-79	declaration_index_steps	exact	4	1000000000
allocation-fault-79	checker_calls	exact	1	1000000000
allocation-fault-79	typing_calls	exact	1	1000000000
allocation-fault-79	typing_declaration_steps	exact	0	1000000000
allocation-fault-79	expression_check_calls	exact	0	1000000000
allocation-fault-79	ownership_find_calls	exact	0	1000000000
allocation-fault-79	ownership_frame_close_calls	exact	0	1000000000
allocation-fault-79	memory_plan_calls	exact	0	1000000000
allocation-fault-79	range_analysis_calls	exact	0	1000000000
allocation-fault-79	c_generation_calls	exact	0	1000000000
allocation-fault-79	c_function_emit_calls	exact	0	1000000000
allocation-fault-79	c_expression_emit_calls	exact	0	1000000000
allocation-fault-79	project_load_steps	exact	0	1000000000
allocation-fault-79	cache_requests	exact	0	1000000000
allocation-fault-79	cache_key_builds	exact	0	1000000000
allocation-fault-79	cache_probes	exact	0	1000000000
allocation-fault-79	cache_hit_handlers	exact	0	1000000000
allocation-fault-79	cache_miss_handlers	exact	0	1000000000
allocation-fault-79	snapshot_build_calls	exact	0	1000000000
allocation-fault-79	invalidation_estimate_calls	exact	0	1000000000
allocation-fault-79	file_read_calls	exact	2	1000000000
allocation-fault-79	file_read_bytes	exact	1380	1000000000
# operation=allocation-fault-80; input_fnv1a64=353ee0f199d742d7; output_fnv1a64=cbf29ce484222325; output_bytes=0; exit=Some(71); observed_repetitions=2; counts_per_process; external_cc_calls=0
allocation-fault-80	name_insert_steps	exact	22	1000000000
allocation-fault-80	name_lookup_steps	exact	231	1000000000
allocation-fault-80	name_edge_steps	exact	430	1000000000
allocation-fault-80	cache_checksum_steps	exact	0	1000000000
allocation-fault-80	program_parse_calls	exact	1	1000000000
allocation-fault-80	program_parse_input_bytes	exact	690	1000000000
allocation-fault-80	source_lexer_steps	exact	336	1000000000
allocation-fault-80	data_lex_calls	exact	0	1000000000
allocation-fault-80	data_lex_input_bytes	exact	0	1000000000
allocation-fault-80	declaration_index_calls	exact	1	1000000000
allocation-fault-80	declaration_index_steps	exact	4	1000000000
allocation-fault-80	checker_calls	exact	1	1000000000
allocation-fault-80	typing_calls	exact	1	1000000000
allocation-fault-80	typing_declaration_steps	exact	0	1000000000
allocation-fault-80	expression_check_calls	exact	0	1000000000
allocation-fault-80	ownership_find_calls	exact	0	1000000000
allocation-fault-80	ownership_frame_close_calls	exact	0	1000000000
allocation-fault-80	memory_plan_calls	exact	0	1000000000
allocation-fault-80	range_analysis_calls	exact	0	1000000000
allocation-fault-80	c_generation_calls	exact	0	1000000000
allocation-fault-80	c_function_emit_calls	exact	0	1000000000
allocation-fault-80	c_expression_emit_calls	exact	0	1000000000
allocation-fault-80	project_load_steps	exact	0	1000000000
allocation-fault-80	cache_requests	exact	0	1000000000
allocation-fault-80	cache_key_builds	exact	0	1000000000
allocation-fault-80	cache_probes	exact	0	1000000000
allocation-fault-80	cache_hit_handlers	exact	0	1000000000
allocation-fault-80	cache_miss_handlers	exact	0	1000000000
allocation-fault-80	snapshot_build_calls	exact	0	1000000000
allocation-fault-80	invalidation_estimate_calls	exact	0	1000000000
allocation-fault-80	file_read_calls	exact	2	1000000000
allocation-fault-80	file_read_bytes	exact	1380	1000000000
# operation=allocation-fault-81; input_fnv1a64=353ee0f199d742d7; output_fnv1a64=cbf29ce484222325; output_bytes=0; exit=Some(71); observed_repetitions=2; counts_per_process; external_cc_calls=0
allocation-fault-81	name_insert_steps	exact	22	1000000000
allocation-fault-81	name_lookup_steps	exact	231	1000000000
allocation-fault-81	name_edge_steps	exact	430	1000000000
allocation-fault-81	cache_checksum_steps	exact	0	1000000000
allocation-fault-81	program_parse_calls	exact	1	1000000000
allocation-fault-81	program_parse_input_bytes	exact	690	1000000000
allocation-fault-81	source_lexer_steps	exact	336	1000000000
allocation-fault-81	data_lex_calls	exact	0	1000000000
allocation-fault-81	data_lex_input_bytes	exact	0	1000000000
allocation-fault-81	declaration_index_calls	exact	1	1000000000
allocation-fault-81	declaration_index_steps	exact	4	1000000000
allocation-fault-81	checker_calls	exact	1	1000000000
allocation-fault-81	typing_calls	exact	1	1000000000
allocation-fault-81	typing_declaration_steps	exact	0	1000000000
allocation-fault-81	expression_check_calls	exact	0	1000000000
allocation-fault-81	ownership_find_calls	exact	0	1000000000
allocation-fault-81	ownership_frame_close_calls	exact	0	1000000000
allocation-fault-81	memory_plan_calls	exact	0	1000000000
allocation-fault-81	range_analysis_calls	exact	0	1000000000
allocation-fault-81	c_generation_calls	exact	0	1000000000
allocation-fault-81	c_function_emit_calls	exact	0	1000000000
allocation-fault-81	c_expression_emit_calls	exact	0	1000000000
allocation-fault-81	project_load_steps	exact	0	1000000000
allocation-fault-81	cache_requests	exact	0	1000000000
allocation-fault-81	cache_key_builds	exact	0	1000000000
allocation-fault-81	cache_probes	exact	0	1000000000
allocation-fault-81	cache_hit_handlers	exact	0	1000000000
allocation-fault-81	cache_miss_handlers	exact	0	1000000000
allocation-fault-81	snapshot_build_calls	exact	0	1000000000
allocation-fault-81	invalidation_estimate_calls	exact	0	1000000000
allocation-fault-81	file_read_calls	exact	2	1000000000
allocation-fault-81	file_read_bytes	exact	1380	1000000000
# operation=allocation-fault-82; input_fnv1a64=353ee0f199d742d7; output_fnv1a64=cbf29ce484222325; output_bytes=0; exit=Some(71); observed_repetitions=2; counts_per_process; external_cc_calls=0
allocation-fault-82	name_insert_steps	exact	22	1000000000
allocation-fault-82	name_lookup_steps	exact	231	1000000000
allocation-fault-82	name_edge_steps	exact	430	1000000000
allocation-fault-82	cache_checksum_steps	exact	0	1000000000
allocation-fault-82	program_parse_calls	exact	1	1000000000
allocation-fault-82	program_parse_input_bytes	exact	690	1000000000
allocation-fault-82	source_lexer_steps	exact	336	1000000000
allocation-fault-82	data_lex_calls	exact	0	1000000000
allocation-fault-82	data_lex_input_bytes	exact	0	1000000000
allocation-fault-82	declaration_index_calls	exact	1	1000000000
allocation-fault-82	declaration_index_steps	exact	4	1000000000
allocation-fault-82	checker_calls	exact	1	1000000000
allocation-fault-82	typing_calls	exact	1	1000000000
allocation-fault-82	typing_declaration_steps	exact	0	1000000000
allocation-fault-82	expression_check_calls	exact	0	1000000000
allocation-fault-82	ownership_find_calls	exact	0	1000000000
allocation-fault-82	ownership_frame_close_calls	exact	0	1000000000
allocation-fault-82	memory_plan_calls	exact	0	1000000000
allocation-fault-82	range_analysis_calls	exact	0	1000000000
allocation-fault-82	c_generation_calls	exact	0	1000000000
allocation-fault-82	c_function_emit_calls	exact	0	1000000000
allocation-fault-82	c_expression_emit_calls	exact	0	1000000000
allocation-fault-82	project_load_steps	exact	0	1000000000
allocation-fault-82	cache_requests	exact	0	1000000000
allocation-fault-82	cache_key_builds	exact	0	1000000000
allocation-fault-82	cache_probes	exact	0	1000000000
allocation-fault-82	cache_hit_handlers	exact	0	1000000000
allocation-fault-82	cache_miss_handlers	exact	0	1000000000
allocation-fault-82	snapshot_build_calls	exact	0	1000000000
allocation-fault-82	invalidation_estimate_calls	exact	0	1000000000
allocation-fault-82	file_read_calls	exact	2	1000000000
allocation-fault-82	file_read_bytes	exact	1380	1000000000
# operation=allocation-fault-83; input_fnv1a64=353ee0f199d742d7; output_fnv1a64=cbf29ce484222325; output_bytes=0; exit=Some(71); observed_repetitions=2; counts_per_process; external_cc_calls=0
allocation-fault-83	name_insert_steps	exact	22	1000000000
allocation-fault-83	name_lookup_steps	exact	231	1000000000
allocation-fault-83	name_edge_steps	exact	430	1000000000
allocation-fault-83	cache_checksum_steps	exact	0	1000000000
allocation-fault-83	program_parse_calls	exact	1	1000000000
allocation-fault-83	program_parse_input_bytes	exact	690	1000000000
allocation-fault-83	source_lexer_steps	exact	336	1000000000
allocation-fault-83	data_lex_calls	exact	0	1000000000
allocation-fault-83	data_lex_input_bytes	exact	0	1000000000
allocation-fault-83	declaration_index_calls	exact	1	1000000000
allocation-fault-83	declaration_index_steps	exact	4	1000000000
allocation-fault-83	checker_calls	exact	1	1000000000
allocation-fault-83	typing_calls	exact	1	1000000000
allocation-fault-83	typing_declaration_steps	exact	0	1000000000
allocation-fault-83	expression_check_calls	exact	0	1000000000
allocation-fault-83	ownership_find_calls	exact	0	1000000000
allocation-fault-83	ownership_frame_close_calls	exact	0	1000000000
allocation-fault-83	memory_plan_calls	exact	0	1000000000
allocation-fault-83	range_analysis_calls	exact	0	1000000000
allocation-fault-83	c_generation_calls	exact	0	1000000000
allocation-fault-83	c_function_emit_calls	exact	0	1000000000
allocation-fault-83	c_expression_emit_calls	exact	0	1000000000
allocation-fault-83	project_load_steps	exact	0	1000000000
allocation-fault-83	cache_requests	exact	0	1000000000
allocation-fault-83	cache_key_builds	exact	0	1000000000
allocation-fault-83	cache_probes	exact	0	1000000000
allocation-fault-83	cache_hit_handlers	exact	0	1000000000
allocation-fault-83	cache_miss_handlers	exact	0	1000000000
allocation-fault-83	snapshot_build_calls	exact	0	1000000000
allocation-fault-83	invalidation_estimate_calls	exact	0	1000000000
allocation-fault-83	file_read_calls	exact	2	1000000000
allocation-fault-83	file_read_bytes	exact	1380	1000000000
# operation=allocation-fault-84; input_fnv1a64=353ee0f199d742d7; output_fnv1a64=cbf29ce484222325; output_bytes=0; exit=Some(71); observed_repetitions=2; counts_per_process; external_cc_calls=0
allocation-fault-84	name_insert_steps	exact	22	1000000000
allocation-fault-84	name_lookup_steps	exact	231	1000000000
allocation-fault-84	name_edge_steps	exact	430	1000000000
allocation-fault-84	cache_checksum_steps	exact	0	1000000000
allocation-fault-84	program_parse_calls	exact	1	1000000000
allocation-fault-84	program_parse_input_bytes	exact	690	1000000000
allocation-fault-84	source_lexer_steps	exact	336	1000000000
allocation-fault-84	data_lex_calls	exact	0	1000000000
allocation-fault-84	data_lex_input_bytes	exact	0	1000000000
allocation-fault-84	declaration_index_calls	exact	1	1000000000
allocation-fault-84	declaration_index_steps	exact	4	1000000000
allocation-fault-84	checker_calls	exact	1	1000000000
allocation-fault-84	typing_calls	exact	1	1000000000
allocation-fault-84	typing_declaration_steps	exact	0	1000000000
allocation-fault-84	expression_check_calls	exact	0	1000000000
allocation-fault-84	ownership_find_calls	exact	0	1000000000
allocation-fault-84	ownership_frame_close_calls	exact	0	1000000000
allocation-fault-84	memory_plan_calls	exact	0	1000000000
allocation-fault-84	range_analysis_calls	exact	0	1000000000
allocation-fault-84	c_generation_calls	exact	0	1000000000
allocation-fault-84	c_function_emit_calls	exact	0	1000000000
allocation-fault-84	c_expression_emit_calls	exact	0	1000000000
allocation-fault-84	project_load_steps	exact	0	1000000000
allocation-fault-84	cache_requests	exact	0	1000000000
allocation-fault-84	cache_key_builds	exact	0	1000000000
allocation-fault-84	cache_probes	exact	0	1000000000
allocation-fault-84	cache_hit_handlers	exact	0	1000000000
allocation-fault-84	cache_miss_handlers	exact	0	1000000000
allocation-fault-84	snapshot_build_calls	exact	0	1000000000
allocation-fault-84	invalidation_estimate_calls	exact	0	1000000000
allocation-fault-84	file_read_calls	exact	2	1000000000
allocation-fault-84	file_read_bytes	exact	1380	1000000000
# operation=allocation-fault-85; input_fnv1a64=353ee0f199d742d7; output_fnv1a64=cbf29ce484222325; output_bytes=0; exit=Some(71); observed_repetitions=2; counts_per_process; external_cc_calls=0
allocation-fault-85	name_insert_steps	exact	22	1000000000
allocation-fault-85	name_lookup_steps	exact	231	1000000000
allocation-fault-85	name_edge_steps	exact	430	1000000000
allocation-fault-85	cache_checksum_steps	exact	0	1000000000
allocation-fault-85	program_parse_calls	exact	1	1000000000
allocation-fault-85	program_parse_input_bytes	exact	690	1000000000
allocation-fault-85	source_lexer_steps	exact	336	1000000000
allocation-fault-85	data_lex_calls	exact	0	1000000000
allocation-fault-85	data_lex_input_bytes	exact	0	1000000000
allocation-fault-85	declaration_index_calls	exact	1	1000000000
allocation-fault-85	declaration_index_steps	exact	4	1000000000
allocation-fault-85	checker_calls	exact	1	1000000000
allocation-fault-85	typing_calls	exact	1	1000000000
allocation-fault-85	typing_declaration_steps	exact	0	1000000000
allocation-fault-85	expression_check_calls	exact	0	1000000000
allocation-fault-85	ownership_find_calls	exact	0	1000000000
allocation-fault-85	ownership_frame_close_calls	exact	0	1000000000
allocation-fault-85	memory_plan_calls	exact	0	1000000000
allocation-fault-85	range_analysis_calls	exact	0	1000000000
allocation-fault-85	c_generation_calls	exact	0	1000000000
allocation-fault-85	c_function_emit_calls	exact	0	1000000000
allocation-fault-85	c_expression_emit_calls	exact	0	1000000000
allocation-fault-85	project_load_steps	exact	0	1000000000
allocation-fault-85	cache_requests	exact	0	1000000000
allocation-fault-85	cache_key_builds	exact	0	1000000000
allocation-fault-85	cache_probes	exact	0	1000000000
allocation-fault-85	cache_hit_handlers	exact	0	1000000000
allocation-fault-85	cache_miss_handlers	exact	0	1000000000
allocation-fault-85	snapshot_build_calls	exact	0	1000000000
allocation-fault-85	invalidation_estimate_calls	exact	0	1000000000
allocation-fault-85	file_read_calls	exact	2	1000000000
allocation-fault-85	file_read_bytes	exact	1380	1000000000
# operation=allocation-fault-86; input_fnv1a64=353ee0f199d742d7; output_fnv1a64=cbf29ce484222325; output_bytes=0; exit=Some(71); observed_repetitions=2; counts_per_process; external_cc_calls=0
allocation-fault-86	name_insert_steps	exact	22	1000000000
allocation-fault-86	name_lookup_steps	exact	231	1000000000
allocation-fault-86	name_edge_steps	exact	430	1000000000
allocation-fault-86	cache_checksum_steps	exact	0	1000000000
allocation-fault-86	program_parse_calls	exact	1	1000000000
allocation-fault-86	program_parse_input_bytes	exact	690	1000000000
allocation-fault-86	source_lexer_steps	exact	336	1000000000
allocation-fault-86	data_lex_calls	exact	0	1000000000
allocation-fault-86	data_lex_input_bytes	exact	0	1000000000
allocation-fault-86	declaration_index_calls	exact	1	1000000000
allocation-fault-86	declaration_index_steps	exact	4	1000000000
allocation-fault-86	checker_calls	exact	1	1000000000
allocation-fault-86	typing_calls	exact	1	1000000000
allocation-fault-86	typing_declaration_steps	exact	0	1000000000
allocation-fault-86	expression_check_calls	exact	0	1000000000
allocation-fault-86	ownership_find_calls	exact	0	1000000000
allocation-fault-86	ownership_frame_close_calls	exact	0	1000000000
allocation-fault-86	memory_plan_calls	exact	0	1000000000
allocation-fault-86	range_analysis_calls	exact	0	1000000000
allocation-fault-86	c_generation_calls	exact	0	1000000000
allocation-fault-86	c_function_emit_calls	exact	0	1000000000
allocation-fault-86	c_expression_emit_calls	exact	0	1000000000
allocation-fault-86	project_load_steps	exact	0	1000000000
allocation-fault-86	cache_requests	exact	0	1000000000
allocation-fault-86	cache_key_builds	exact	0	1000000000
allocation-fault-86	cache_probes	exact	0	1000000000
allocation-fault-86	cache_hit_handlers	exact	0	1000000000
allocation-fault-86	cache_miss_handlers	exact	0	1000000000
allocation-fault-86	snapshot_build_calls	exact	0	1000000000
allocation-fault-86	invalidation_estimate_calls	exact	0	1000000000
allocation-fault-86	file_read_calls	exact	2	1000000000
allocation-fault-86	file_read_bytes	exact	1380	1000000000
# operation=allocation-fault-87; input_fnv1a64=353ee0f199d742d7; output_fnv1a64=cbf29ce484222325; output_bytes=0; exit=Some(71); observed_repetitions=2; counts_per_process; external_cc_calls=0
allocation-fault-87	name_insert_steps	exact	22	1000000000
allocation-fault-87	name_lookup_steps	exact	231	1000000000
allocation-fault-87	name_edge_steps	exact	430	1000000000
allocation-fault-87	cache_checksum_steps	exact	0	1000000000
allocation-fault-87	program_parse_calls	exact	1	1000000000
allocation-fault-87	program_parse_input_bytes	exact	690	1000000000
allocation-fault-87	source_lexer_steps	exact	336	1000000000
allocation-fault-87	data_lex_calls	exact	0	1000000000
allocation-fault-87	data_lex_input_bytes	exact	0	1000000000
allocation-fault-87	declaration_index_calls	exact	1	1000000000
allocation-fault-87	declaration_index_steps	exact	4	1000000000
allocation-fault-87	checker_calls	exact	1	1000000000
allocation-fault-87	typing_calls	exact	1	1000000000
allocation-fault-87	typing_declaration_steps	exact	0	1000000000
allocation-fault-87	expression_check_calls	exact	0	1000000000
allocation-fault-87	ownership_find_calls	exact	0	1000000000
allocation-fault-87	ownership_frame_close_calls	exact	0	1000000000
allocation-fault-87	memory_plan_calls	exact	0	1000000000
allocation-fault-87	range_analysis_calls	exact	0	1000000000
allocation-fault-87	c_generation_calls	exact	0	1000000000
allocation-fault-87	c_function_emit_calls	exact	0	1000000000
allocation-fault-87	c_expression_emit_calls	exact	0	1000000000
allocation-fault-87	project_load_steps	exact	0	1000000000
allocation-fault-87	cache_requests	exact	0	1000000000
allocation-fault-87	cache_key_builds	exact	0	1000000000
allocation-fault-87	cache_probes	exact	0	1000000000
allocation-fault-87	cache_hit_handlers	exact	0	1000000000
allocation-fault-87	cache_miss_handlers	exact	0	1000000000
allocation-fault-87	snapshot_build_calls	exact	0	1000000000
allocation-fault-87	invalidation_estimate_calls	exact	0	1000000000
allocation-fault-87	file_read_calls	exact	2	1000000000
allocation-fault-87	file_read_bytes	exact	1380	1000000000
# operation=allocation-fault-88; input_fnv1a64=353ee0f199d742d7; output_fnv1a64=cbf29ce484222325; output_bytes=0; exit=Some(71); observed_repetitions=2; counts_per_process; external_cc_calls=0
allocation-fault-88	name_insert_steps	exact	22	1000000000
allocation-fault-88	name_lookup_steps	exact	231	1000000000
allocation-fault-88	name_edge_steps	exact	430	1000000000
allocation-fault-88	cache_checksum_steps	exact	0	1000000000
allocation-fault-88	program_parse_calls	exact	1	1000000000
allocation-fault-88	program_parse_input_bytes	exact	690	1000000000
allocation-fault-88	source_lexer_steps	exact	336	1000000000
allocation-fault-88	data_lex_calls	exact	0	1000000000
allocation-fault-88	data_lex_input_bytes	exact	0	1000000000
allocation-fault-88	declaration_index_calls	exact	1	1000000000
allocation-fault-88	declaration_index_steps	exact	4	1000000000
allocation-fault-88	checker_calls	exact	1	1000000000
allocation-fault-88	typing_calls	exact	1	1000000000
allocation-fault-88	typing_declaration_steps	exact	2	1000000000
allocation-fault-88	expression_check_calls	exact	10	1000000000
allocation-fault-88	ownership_find_calls	exact	0	1000000000
allocation-fault-88	ownership_frame_close_calls	exact	0	1000000000
allocation-fault-88	memory_plan_calls	exact	0	1000000000
allocation-fault-88	range_analysis_calls	exact	0	1000000000
allocation-fault-88	c_generation_calls	exact	0	1000000000
allocation-fault-88	c_function_emit_calls	exact	0	1000000000
allocation-fault-88	c_expression_emit_calls	exact	0	1000000000
allocation-fault-88	project_load_steps	exact	0	1000000000
allocation-fault-88	cache_requests	exact	0	1000000000
allocation-fault-88	cache_key_builds	exact	0	1000000000
allocation-fault-88	cache_probes	exact	0	1000000000
allocation-fault-88	cache_hit_handlers	exact	0	1000000000
allocation-fault-88	cache_miss_handlers	exact	0	1000000000
allocation-fault-88	snapshot_build_calls	exact	0	1000000000
allocation-fault-88	invalidation_estimate_calls	exact	0	1000000000
allocation-fault-88	file_read_calls	exact	2	1000000000
allocation-fault-88	file_read_bytes	exact	1380	1000000000
# operation=allocation-fault-89; input_fnv1a64=353ee0f199d742d7; output_fnv1a64=cbf29ce484222325; output_bytes=0; exit=Some(71); observed_repetitions=2; counts_per_process; external_cc_calls=0
allocation-fault-89	name_insert_steps	exact	22	1000000000
allocation-fault-89	name_lookup_steps	exact	231	1000000000
allocation-fault-89	name_edge_steps	exact	430	1000000000
allocation-fault-89	cache_checksum_steps	exact	0	1000000000
allocation-fault-89	program_parse_calls	exact	1	1000000000
allocation-fault-89	program_parse_input_bytes	exact	690	1000000000
allocation-fault-89	source_lexer_steps	exact	336	1000000000
allocation-fault-89	data_lex_calls	exact	0	1000000000
allocation-fault-89	data_lex_input_bytes	exact	0	1000000000
allocation-fault-89	declaration_index_calls	exact	1	1000000000
allocation-fault-89	declaration_index_steps	exact	4	1000000000
allocation-fault-89	checker_calls	exact	1	1000000000
allocation-fault-89	typing_calls	exact	1	1000000000
allocation-fault-89	typing_declaration_steps	exact	2	1000000000
allocation-fault-89	expression_check_calls	exact	30	1000000000
allocation-fault-89	ownership_find_calls	exact	20	1000000000
allocation-fault-89	ownership_frame_close_calls	exact	3	1000000000
allocation-fault-89	memory_plan_calls	exact	0	1000000000
allocation-fault-89	range_analysis_calls	exact	0	1000000000
allocation-fault-89	c_generation_calls	exact	0	1000000000
allocation-fault-89	c_function_emit_calls	exact	0	1000000000
allocation-fault-89	c_expression_emit_calls	exact	0	1000000000
allocation-fault-89	project_load_steps	exact	0	1000000000
allocation-fault-89	cache_requests	exact	0	1000000000
allocation-fault-89	cache_key_builds	exact	0	1000000000
allocation-fault-89	cache_probes	exact	0	1000000000
allocation-fault-89	cache_hit_handlers	exact	0	1000000000
allocation-fault-89	cache_miss_handlers	exact	0	1000000000
allocation-fault-89	snapshot_build_calls	exact	0	1000000000
allocation-fault-89	invalidation_estimate_calls	exact	0	1000000000
allocation-fault-89	file_read_calls	exact	2	1000000000
allocation-fault-89	file_read_bytes	exact	1380	1000000000
# operation=allocation-fault-90; input_fnv1a64=353ee0f199d742d7; output_fnv1a64=cbf29ce484222325; output_bytes=0; exit=Some(71); observed_repetitions=2; counts_per_process; external_cc_calls=0
allocation-fault-90	name_insert_steps	exact	22	1000000000
allocation-fault-90	name_lookup_steps	exact	231	1000000000
allocation-fault-90	name_edge_steps	exact	430	1000000000
allocation-fault-90	cache_checksum_steps	exact	0	1000000000
allocation-fault-90	program_parse_calls	exact	1	1000000000
allocation-fault-90	program_parse_input_bytes	exact	690	1000000000
allocation-fault-90	source_lexer_steps	exact	336	1000000000
allocation-fault-90	data_lex_calls	exact	0	1000000000
allocation-fault-90	data_lex_input_bytes	exact	0	1000000000
allocation-fault-90	declaration_index_calls	exact	1	1000000000
allocation-fault-90	declaration_index_steps	exact	4	1000000000
allocation-fault-90	checker_calls	exact	1	1000000000
allocation-fault-90	typing_calls	exact	1	1000000000
allocation-fault-90	typing_declaration_steps	exact	4	1000000000
allocation-fault-90	expression_check_calls	exact	63	1000000000
allocation-fault-90	ownership_find_calls	exact	22	1000000000
allocation-fault-90	ownership_frame_close_calls	exact	5	1000000000
allocation-fault-90	memory_plan_calls	exact	1	1000000000
allocation-fault-90	range_analysis_calls	exact	0	1000000000
allocation-fault-90	c_generation_calls	exact	0	1000000000
allocation-fault-90	c_function_emit_calls	exact	0	1000000000
allocation-fault-90	c_expression_emit_calls	exact	0	1000000000
allocation-fault-90	project_load_steps	exact	0	1000000000
allocation-fault-90	cache_requests	exact	0	1000000000
allocation-fault-90	cache_key_builds	exact	0	1000000000
allocation-fault-90	cache_probes	exact	0	1000000000
allocation-fault-90	cache_hit_handlers	exact	0	1000000000
allocation-fault-90	cache_miss_handlers	exact	0	1000000000
allocation-fault-90	snapshot_build_calls	exact	0	1000000000
allocation-fault-90	invalidation_estimate_calls	exact	0	1000000000
allocation-fault-90	file_read_calls	exact	2	1000000000
allocation-fault-90	file_read_bytes	exact	1380	1000000000
# operation=allocation-fault-91; input_fnv1a64=353ee0f199d742d7; output_fnv1a64=cbf29ce484222325; output_bytes=0; exit=Some(71); observed_repetitions=2; counts_per_process; external_cc_calls=0
allocation-fault-91	name_insert_steps	exact	22	1000000000
allocation-fault-91	name_lookup_steps	exact	231	1000000000
allocation-fault-91	name_edge_steps	exact	430	1000000000
allocation-fault-91	cache_checksum_steps	exact	0	1000000000
allocation-fault-91	program_parse_calls	exact	1	1000000000
allocation-fault-91	program_parse_input_bytes	exact	690	1000000000
allocation-fault-91	source_lexer_steps	exact	336	1000000000
allocation-fault-91	data_lex_calls	exact	0	1000000000
allocation-fault-91	data_lex_input_bytes	exact	0	1000000000
allocation-fault-91	declaration_index_calls	exact	1	1000000000
allocation-fault-91	declaration_index_steps	exact	4	1000000000
allocation-fault-91	checker_calls	exact	1	1000000000
allocation-fault-91	typing_calls	exact	1	1000000000
allocation-fault-91	typing_declaration_steps	exact	4	1000000000
allocation-fault-91	expression_check_calls	exact	63	1000000000
allocation-fault-91	ownership_find_calls	exact	22	1000000000
allocation-fault-91	ownership_frame_close_calls	exact	5	1000000000
allocation-fault-91	memory_plan_calls	exact	1	1000000000
allocation-fault-91	range_analysis_calls	exact	0	1000000000
allocation-fault-91	c_generation_calls	exact	0	1000000000
allocation-fault-91	c_function_emit_calls	exact	0	1000000000
allocation-fault-91	c_expression_emit_calls	exact	0	1000000000
allocation-fault-91	project_load_steps	exact	0	1000000000
allocation-fault-91	cache_requests	exact	0	1000000000
allocation-fault-91	cache_key_builds	exact	0	1000000000
allocation-fault-91	cache_probes	exact	0	1000000000
allocation-fault-91	cache_hit_handlers	exact	0	1000000000
allocation-fault-91	cache_miss_handlers	exact	0	1000000000
allocation-fault-91	snapshot_build_calls	exact	0	1000000000
allocation-fault-91	invalidation_estimate_calls	exact	0	1000000000
allocation-fault-91	file_read_calls	exact	2	1000000000
allocation-fault-91	file_read_bytes	exact	1380	1000000000
# operation=allocation-fault-92; input_fnv1a64=353ee0f199d742d7; output_fnv1a64=cbf29ce484222325; output_bytes=0; exit=Some(71); observed_repetitions=2; counts_per_process; external_cc_calls=0
allocation-fault-92	name_insert_steps	exact	22	1000000000
allocation-fault-92	name_lookup_steps	exact	231	1000000000
allocation-fault-92	name_edge_steps	exact	430	1000000000
allocation-fault-92	cache_checksum_steps	exact	0	1000000000
allocation-fault-92	program_parse_calls	exact	1	1000000000
allocation-fault-92	program_parse_input_bytes	exact	690	1000000000
allocation-fault-92	source_lexer_steps	exact	336	1000000000
allocation-fault-92	data_lex_calls	exact	0	1000000000
allocation-fault-92	data_lex_input_bytes	exact	0	1000000000
allocation-fault-92	declaration_index_calls	exact	1	1000000000
allocation-fault-92	declaration_index_steps	exact	4	1000000000
allocation-fault-92	checker_calls	exact	1	1000000000
allocation-fault-92	typing_calls	exact	1	1000000000
allocation-fault-92	typing_declaration_steps	exact	4	1000000000
allocation-fault-92	expression_check_calls	exact	63	1000000000
allocation-fault-92	ownership_find_calls	exact	22	1000000000
allocation-fault-92	ownership_frame_close_calls	exact	5	1000000000
allocation-fault-92	memory_plan_calls	exact	1	1000000000
allocation-fault-92	range_analysis_calls	exact	0	1000000000
allocation-fault-92	c_generation_calls	exact	0	1000000000
allocation-fault-92	c_function_emit_calls	exact	0	1000000000
allocation-fault-92	c_expression_emit_calls	exact	0	1000000000
allocation-fault-92	project_load_steps	exact	0	1000000000
allocation-fault-92	cache_requests	exact	0	1000000000
allocation-fault-92	cache_key_builds	exact	0	1000000000
allocation-fault-92	cache_probes	exact	0	1000000000
allocation-fault-92	cache_hit_handlers	exact	0	1000000000
allocation-fault-92	cache_miss_handlers	exact	0	1000000000
allocation-fault-92	snapshot_build_calls	exact	0	1000000000
allocation-fault-92	invalidation_estimate_calls	exact	0	1000000000
allocation-fault-92	file_read_calls	exact	2	1000000000
allocation-fault-92	file_read_bytes	exact	1380	1000000000
# operation=allocation-fault-93; input_fnv1a64=353ee0f199d742d7; output_fnv1a64=cbf29ce484222325; output_bytes=0; exit=Some(71); observed_repetitions=2; counts_per_process; external_cc_calls=0
allocation-fault-93	name_insert_steps	exact	22	1000000000
allocation-fault-93	name_lookup_steps	exact	231	1000000000
allocation-fault-93	name_edge_steps	exact	430	1000000000
allocation-fault-93	cache_checksum_steps	exact	0	1000000000
allocation-fault-93	program_parse_calls	exact	1	1000000000
allocation-fault-93	program_parse_input_bytes	exact	690	1000000000
allocation-fault-93	source_lexer_steps	exact	336	1000000000
allocation-fault-93	data_lex_calls	exact	0	1000000000
allocation-fault-93	data_lex_input_bytes	exact	0	1000000000
allocation-fault-93	declaration_index_calls	exact	1	1000000000
allocation-fault-93	declaration_index_steps	exact	4	1000000000
allocation-fault-93	checker_calls	exact	1	1000000000
allocation-fault-93	typing_calls	exact	1	1000000000
allocation-fault-93	typing_declaration_steps	exact	4	1000000000
allocation-fault-93	expression_check_calls	exact	63	1000000000
allocation-fault-93	ownership_find_calls	exact	22	1000000000
allocation-fault-93	ownership_frame_close_calls	exact	5	1000000000
allocation-fault-93	memory_plan_calls	exact	1	1000000000
allocation-fault-93	range_analysis_calls	exact	0	1000000000
allocation-fault-93	c_generation_calls	exact	0	1000000000
allocation-fault-93	c_function_emit_calls	exact	0	1000000000
allocation-fault-93	c_expression_emit_calls	exact	0	1000000000
allocation-fault-93	project_load_steps	exact	0	1000000000
allocation-fault-93	cache_requests	exact	0	1000000000
allocation-fault-93	cache_key_builds	exact	0	1000000000
allocation-fault-93	cache_probes	exact	0	1000000000
allocation-fault-93	cache_hit_handlers	exact	0	1000000000
allocation-fault-93	cache_miss_handlers	exact	0	1000000000
allocation-fault-93	snapshot_build_calls	exact	0	1000000000
allocation-fault-93	invalidation_estimate_calls	exact	0	1000000000
allocation-fault-93	file_read_calls	exact	2	1000000000
allocation-fault-93	file_read_bytes	exact	1380	1000000000
# operation=allocation-fault-94; input_fnv1a64=353ee0f199d742d7; output_fnv1a64=cbf29ce484222325; output_bytes=0; exit=Some(71); observed_repetitions=2; counts_per_process; external_cc_calls=0
allocation-fault-94	name_insert_steps	exact	22	1000000000
allocation-fault-94	name_lookup_steps	exact	231	1000000000
allocation-fault-94	name_edge_steps	exact	430	1000000000
allocation-fault-94	cache_checksum_steps	exact	0	1000000000
allocation-fault-94	program_parse_calls	exact	1	1000000000
allocation-fault-94	program_parse_input_bytes	exact	690	1000000000
allocation-fault-94	source_lexer_steps	exact	336	1000000000
allocation-fault-94	data_lex_calls	exact	0	1000000000
allocation-fault-94	data_lex_input_bytes	exact	0	1000000000
allocation-fault-94	declaration_index_calls	exact	1	1000000000
allocation-fault-94	declaration_index_steps	exact	4	1000000000
allocation-fault-94	checker_calls	exact	1	1000000000
allocation-fault-94	typing_calls	exact	1	1000000000
allocation-fault-94	typing_declaration_steps	exact	4	1000000000
allocation-fault-94	expression_check_calls	exact	63	1000000000
allocation-fault-94	ownership_find_calls	exact	22	1000000000
allocation-fault-94	ownership_frame_close_calls	exact	5	1000000000
allocation-fault-94	memory_plan_calls	exact	1	1000000000
allocation-fault-94	range_analysis_calls	exact	0	1000000000
allocation-fault-94	c_generation_calls	exact	0	1000000000
allocation-fault-94	c_function_emit_calls	exact	0	1000000000
allocation-fault-94	c_expression_emit_calls	exact	0	1000000000
allocation-fault-94	project_load_steps	exact	0	1000000000
allocation-fault-94	cache_requests	exact	0	1000000000
allocation-fault-94	cache_key_builds	exact	0	1000000000
allocation-fault-94	cache_probes	exact	0	1000000000
allocation-fault-94	cache_hit_handlers	exact	0	1000000000
allocation-fault-94	cache_miss_handlers	exact	0	1000000000
allocation-fault-94	snapshot_build_calls	exact	0	1000000000
allocation-fault-94	invalidation_estimate_calls	exact	0	1000000000
allocation-fault-94	file_read_calls	exact	2	1000000000
allocation-fault-94	file_read_bytes	exact	1380	1000000000
# operation=allocation-fault-95; input_fnv1a64=353ee0f199d742d7; output_fnv1a64=cbf29ce484222325; output_bytes=0; exit=Some(71); observed_repetitions=2; counts_per_process; external_cc_calls=0
allocation-fault-95	name_insert_steps	exact	22	1000000000
allocation-fault-95	name_lookup_steps	exact	231	1000000000
allocation-fault-95	name_edge_steps	exact	430	1000000000
allocation-fault-95	cache_checksum_steps	exact	0	1000000000
allocation-fault-95	program_parse_calls	exact	1	1000000000
allocation-fault-95	program_parse_input_bytes	exact	690	1000000000
allocation-fault-95	source_lexer_steps	exact	336	1000000000
allocation-fault-95	data_lex_calls	exact	0	1000000000
allocation-fault-95	data_lex_input_bytes	exact	0	1000000000
allocation-fault-95	declaration_index_calls	exact	1	1000000000
allocation-fault-95	declaration_index_steps	exact	4	1000000000
allocation-fault-95	checker_calls	exact	1	1000000000
allocation-fault-95	typing_calls	exact	1	1000000000
allocation-fault-95	typing_declaration_steps	exact	4	1000000000
allocation-fault-95	expression_check_calls	exact	63	1000000000
allocation-fault-95	ownership_find_calls	exact	22	1000000000
allocation-fault-95	ownership_frame_close_calls	exact	5	1000000000
allocation-fault-95	memory_plan_calls	exact	1	1000000000
allocation-fault-95	range_analysis_calls	exact	0	1000000000
allocation-fault-95	c_generation_calls	exact	0	1000000000
allocation-fault-95	c_function_emit_calls	exact	0	1000000000
allocation-fault-95	c_expression_emit_calls	exact	0	1000000000
allocation-fault-95	project_load_steps	exact	0	1000000000
allocation-fault-95	cache_requests	exact	0	1000000000
allocation-fault-95	cache_key_builds	exact	0	1000000000
allocation-fault-95	cache_probes	exact	0	1000000000
allocation-fault-95	cache_hit_handlers	exact	0	1000000000
allocation-fault-95	cache_miss_handlers	exact	0	1000000000
allocation-fault-95	snapshot_build_calls	exact	0	1000000000
allocation-fault-95	invalidation_estimate_calls	exact	0	1000000000
allocation-fault-95	file_read_calls	exact	2	1000000000
allocation-fault-95	file_read_bytes	exact	1380	1000000000
# operation=allocation-fault-96; input_fnv1a64=353ee0f199d742d7; output_fnv1a64=cbf29ce484222325; output_bytes=0; exit=Some(71); observed_repetitions=2; counts_per_process; external_cc_calls=0
allocation-fault-96	name_insert_steps	exact	22	1000000000
allocation-fault-96	name_lookup_steps	exact	231	1000000000
allocation-fault-96	name_edge_steps	exact	430	1000000000
allocation-fault-96	cache_checksum_steps	exact	0	1000000000
allocation-fault-96	program_parse_calls	exact	1	1000000000
allocation-fault-96	program_parse_input_bytes	exact	690	1000000000
allocation-fault-96	source_lexer_steps	exact	336	1000000000
allocation-fault-96	data_lex_calls	exact	0	1000000000
allocation-fault-96	data_lex_input_bytes	exact	0	1000000000
allocation-fault-96	declaration_index_calls	exact	1	1000000000
allocation-fault-96	declaration_index_steps	exact	4	1000000000
allocation-fault-96	checker_calls	exact	1	1000000000
allocation-fault-96	typing_calls	exact	1	1000000000
allocation-fault-96	typing_declaration_steps	exact	4	1000000000
allocation-fault-96	expression_check_calls	exact	63	1000000000
allocation-fault-96	ownership_find_calls	exact	22	1000000000
allocation-fault-96	ownership_frame_close_calls	exact	5	1000000000
allocation-fault-96	memory_plan_calls	exact	1	1000000000
allocation-fault-96	range_analysis_calls	exact	0	1000000000
allocation-fault-96	c_generation_calls	exact	0	1000000000
allocation-fault-96	c_function_emit_calls	exact	0	1000000000
allocation-fault-96	c_expression_emit_calls	exact	0	1000000000
allocation-fault-96	project_load_steps	exact	0	1000000000
allocation-fault-96	cache_requests	exact	0	1000000000
allocation-fault-96	cache_key_builds	exact	0	1000000000
allocation-fault-96	cache_probes	exact	0	1000000000
allocation-fault-96	cache_hit_handlers	exact	0	1000000000
allocation-fault-96	cache_miss_handlers	exact	0	1000000000
allocation-fault-96	snapshot_build_calls	exact	0	1000000000
allocation-fault-96	invalidation_estimate_calls	exact	0	1000000000
allocation-fault-96	file_read_calls	exact	2	1000000000
allocation-fault-96	file_read_bytes	exact	1380	1000000000
# operation=allocation-fault-97; input_fnv1a64=353ee0f199d742d7; output_fnv1a64=cbf29ce484222325; output_bytes=0; exit=Some(71); observed_repetitions=2; counts_per_process; external_cc_calls=0
allocation-fault-97	name_insert_steps	exact	22	1000000000
allocation-fault-97	name_lookup_steps	exact	231	1000000000
allocation-fault-97	name_edge_steps	exact	430	1000000000
allocation-fault-97	cache_checksum_steps	exact	0	1000000000
allocation-fault-97	program_parse_calls	exact	1	1000000000
allocation-fault-97	program_parse_input_bytes	exact	690	1000000000
allocation-fault-97	source_lexer_steps	exact	336	1000000000
allocation-fault-97	data_lex_calls	exact	0	1000000000
allocation-fault-97	data_lex_input_bytes	exact	0	1000000000
allocation-fault-97	declaration_index_calls	exact	1	1000000000
allocation-fault-97	declaration_index_steps	exact	4	1000000000
allocation-fault-97	checker_calls	exact	1	1000000000
allocation-fault-97	typing_calls	exact	1	1000000000
allocation-fault-97	typing_declaration_steps	exact	4	1000000000
allocation-fault-97	expression_check_calls	exact	63	1000000000
allocation-fault-97	ownership_find_calls	exact	22	1000000000
allocation-fault-97	ownership_frame_close_calls	exact	5	1000000000
allocation-fault-97	memory_plan_calls	exact	1	1000000000
allocation-fault-97	range_analysis_calls	exact	0	1000000000
allocation-fault-97	c_generation_calls	exact	0	1000000000
allocation-fault-97	c_function_emit_calls	exact	0	1000000000
allocation-fault-97	c_expression_emit_calls	exact	0	1000000000
allocation-fault-97	project_load_steps	exact	0	1000000000
allocation-fault-97	cache_requests	exact	0	1000000000
allocation-fault-97	cache_key_builds	exact	0	1000000000
allocation-fault-97	cache_probes	exact	0	1000000000
allocation-fault-97	cache_hit_handlers	exact	0	1000000000
allocation-fault-97	cache_miss_handlers	exact	0	1000000000
allocation-fault-97	snapshot_build_calls	exact	0	1000000000
allocation-fault-97	invalidation_estimate_calls	exact	0	1000000000
allocation-fault-97	file_read_calls	exact	2	1000000000
allocation-fault-97	file_read_bytes	exact	1380	1000000000
# operation=allocation-fault-98; input_fnv1a64=353ee0f199d742d7; output_fnv1a64=cbf29ce484222325; output_bytes=0; exit=Some(71); observed_repetitions=2; counts_per_process; external_cc_calls=0
allocation-fault-98	name_insert_steps	exact	22	1000000000
allocation-fault-98	name_lookup_steps	exact	231	1000000000
allocation-fault-98	name_edge_steps	exact	430	1000000000
allocation-fault-98	cache_checksum_steps	exact	0	1000000000
allocation-fault-98	program_parse_calls	exact	1	1000000000
allocation-fault-98	program_parse_input_bytes	exact	690	1000000000
allocation-fault-98	source_lexer_steps	exact	336	1000000000
allocation-fault-98	data_lex_calls	exact	0	1000000000
allocation-fault-98	data_lex_input_bytes	exact	0	1000000000
allocation-fault-98	declaration_index_calls	exact	1	1000000000
allocation-fault-98	declaration_index_steps	exact	4	1000000000
allocation-fault-98	checker_calls	exact	1	1000000000
allocation-fault-98	typing_calls	exact	1	1000000000
allocation-fault-98	typing_declaration_steps	exact	4	1000000000
allocation-fault-98	expression_check_calls	exact	63	1000000000
allocation-fault-98	ownership_find_calls	exact	22	1000000000
allocation-fault-98	ownership_frame_close_calls	exact	5	1000000000
allocation-fault-98	memory_plan_calls	exact	1	1000000000
allocation-fault-98	range_analysis_calls	exact	0	1000000000
allocation-fault-98	c_generation_calls	exact	0	1000000000
allocation-fault-98	c_function_emit_calls	exact	0	1000000000
allocation-fault-98	c_expression_emit_calls	exact	0	1000000000
allocation-fault-98	project_load_steps	exact	0	1000000000
allocation-fault-98	cache_requests	exact	0	1000000000
allocation-fault-98	cache_key_builds	exact	0	1000000000
allocation-fault-98	cache_probes	exact	0	1000000000
allocation-fault-98	cache_hit_handlers	exact	0	1000000000
allocation-fault-98	cache_miss_handlers	exact	0	1000000000
allocation-fault-98	snapshot_build_calls	exact	0	1000000000
allocation-fault-98	invalidation_estimate_calls	exact	0	1000000000
allocation-fault-98	file_read_calls	exact	2	1000000000
allocation-fault-98	file_read_bytes	exact	1380	1000000000
# operation=allocation-fault-99; input_fnv1a64=353ee0f199d742d7; output_fnv1a64=cbf29ce484222325; output_bytes=0; exit=Some(71); observed_repetitions=2; counts_per_process; external_cc_calls=0
allocation-fault-99	name_insert_steps	exact	22	1000000000
allocation-fault-99	name_lookup_steps	exact	231	1000000000
allocation-fault-99	name_edge_steps	exact	430	1000000000
allocation-fault-99	cache_checksum_steps	exact	0	1000000000
allocation-fault-99	program_parse_calls	exact	1	1000000000
allocation-fault-99	program_parse_input_bytes	exact	690	1000000000
allocation-fault-99	source_lexer_steps	exact	336	1000000000
allocation-fault-99	data_lex_calls	exact	0	1000000000
allocation-fault-99	data_lex_input_bytes	exact	0	1000000000
allocation-fault-99	declaration_index_calls	exact	1	1000000000
allocation-fault-99	declaration_index_steps	exact	4	1000000000
allocation-fault-99	checker_calls	exact	1	1000000000
allocation-fault-99	typing_calls	exact	1	1000000000
allocation-fault-99	typing_declaration_steps	exact	4	1000000000
allocation-fault-99	expression_check_calls	exact	63	1000000000
allocation-fault-99	ownership_find_calls	exact	22	1000000000
allocation-fault-99	ownership_frame_close_calls	exact	5	1000000000
allocation-fault-99	memory_plan_calls	exact	1	1000000000
allocation-fault-99	range_analysis_calls	exact	0	1000000000
allocation-fault-99	c_generation_calls	exact	0	1000000000
allocation-fault-99	c_function_emit_calls	exact	0	1000000000
allocation-fault-99	c_expression_emit_calls	exact	0	1000000000
allocation-fault-99	project_load_steps	exact	0	1000000000
allocation-fault-99	cache_requests	exact	0	1000000000
allocation-fault-99	cache_key_builds	exact	0	1000000000
allocation-fault-99	cache_probes	exact	0	1000000000
allocation-fault-99	cache_hit_handlers	exact	0	1000000000
allocation-fault-99	cache_miss_handlers	exact	0	1000000000
allocation-fault-99	snapshot_build_calls	exact	0	1000000000
allocation-fault-99	invalidation_estimate_calls	exact	0	1000000000
allocation-fault-99	file_read_calls	exact	2	1000000000
allocation-fault-99	file_read_bytes	exact	1380	1000000000
# operation=allocation-fault-100; input_fnv1a64=353ee0f199d742d7; output_fnv1a64=cbf29ce484222325; output_bytes=0; exit=Some(71); observed_repetitions=2; counts_per_process; external_cc_calls=0
allocation-fault-100	name_insert_steps	exact	22	1000000000
allocation-fault-100	name_lookup_steps	exact	231	1000000000
allocation-fault-100	name_edge_steps	exact	430	1000000000
allocation-fault-100	cache_checksum_steps	exact	0	1000000000
allocation-fault-100	program_parse_calls	exact	1	1000000000
allocation-fault-100	program_parse_input_bytes	exact	690	1000000000
allocation-fault-100	source_lexer_steps	exact	336	1000000000
allocation-fault-100	data_lex_calls	exact	0	1000000000
allocation-fault-100	data_lex_input_bytes	exact	0	1000000000
allocation-fault-100	declaration_index_calls	exact	1	1000000000
allocation-fault-100	declaration_index_steps	exact	4	1000000000
allocation-fault-100	checker_calls	exact	1	1000000000
allocation-fault-100	typing_calls	exact	1	1000000000
allocation-fault-100	typing_declaration_steps	exact	4	1000000000
allocation-fault-100	expression_check_calls	exact	63	1000000000
allocation-fault-100	ownership_find_calls	exact	22	1000000000
allocation-fault-100	ownership_frame_close_calls	exact	5	1000000000
allocation-fault-100	memory_plan_calls	exact	1	1000000000
allocation-fault-100	range_analysis_calls	exact	0	1000000000
allocation-fault-100	c_generation_calls	exact	0	1000000000
allocation-fault-100	c_function_emit_calls	exact	0	1000000000
allocation-fault-100	c_expression_emit_calls	exact	0	1000000000
allocation-fault-100	project_load_steps	exact	0	1000000000
allocation-fault-100	cache_requests	exact	0	1000000000
allocation-fault-100	cache_key_builds	exact	0	1000000000
allocation-fault-100	cache_probes	exact	0	1000000000
allocation-fault-100	cache_hit_handlers	exact	0	1000000000
allocation-fault-100	cache_miss_handlers	exact	0	1000000000
allocation-fault-100	snapshot_build_calls	exact	0	1000000000
allocation-fault-100	invalidation_estimate_calls	exact	0	1000000000
allocation-fault-100	file_read_calls	exact	2	1000000000
allocation-fault-100	file_read_bytes	exact	1380	1000000000
# operation=allocation-fault-101; input_fnv1a64=353ee0f199d742d7; output_fnv1a64=cbf29ce484222325; output_bytes=0; exit=Some(71); observed_repetitions=2; counts_per_process; external_cc_calls=0
allocation-fault-101	name_insert_steps	exact	22	1000000000
allocation-fault-101	name_lookup_steps	exact	231	1000000000
allocation-fault-101	name_edge_steps	exact	430	1000000000
allocation-fault-101	cache_checksum_steps	exact	0	1000000000
allocation-fault-101	program_parse_calls	exact	1	1000000000
allocation-fault-101	program_parse_input_bytes	exact	690	1000000000
allocation-fault-101	source_lexer_steps	exact	336	1000000000
allocation-fault-101	data_lex_calls	exact	0	1000000000
allocation-fault-101	data_lex_input_bytes	exact	0	1000000000
allocation-fault-101	declaration_index_calls	exact	1	1000000000
allocation-fault-101	declaration_index_steps	exact	4	1000000000
allocation-fault-101	checker_calls	exact	1	1000000000
allocation-fault-101	typing_calls	exact	1	1000000000
allocation-fault-101	typing_declaration_steps	exact	4	1000000000
allocation-fault-101	expression_check_calls	exact	63	1000000000
allocation-fault-101	ownership_find_calls	exact	22	1000000000
allocation-fault-101	ownership_frame_close_calls	exact	5	1000000000
allocation-fault-101	memory_plan_calls	exact	1	1000000000
allocation-fault-101	range_analysis_calls	exact	0	1000000000
allocation-fault-101	c_generation_calls	exact	0	1000000000
allocation-fault-101	c_function_emit_calls	exact	0	1000000000
allocation-fault-101	c_expression_emit_calls	exact	0	1000000000
allocation-fault-101	project_load_steps	exact	0	1000000000
allocation-fault-101	cache_requests	exact	0	1000000000
allocation-fault-101	cache_key_builds	exact	0	1000000000
allocation-fault-101	cache_probes	exact	0	1000000000
allocation-fault-101	cache_hit_handlers	exact	0	1000000000
allocation-fault-101	cache_miss_handlers	exact	0	1000000000
allocation-fault-101	snapshot_build_calls	exact	0	1000000000
allocation-fault-101	invalidation_estimate_calls	exact	0	1000000000
allocation-fault-101	file_read_calls	exact	2	1000000000
allocation-fault-101	file_read_bytes	exact	1380	1000000000
# operation=allocation-fault-102; input_fnv1a64=353ee0f199d742d7; output_fnv1a64=cbf29ce484222325; output_bytes=0; exit=Some(71); observed_repetitions=2; counts_per_process; external_cc_calls=0
allocation-fault-102	name_insert_steps	exact	22	1000000000
allocation-fault-102	name_lookup_steps	exact	231	1000000000
allocation-fault-102	name_edge_steps	exact	430	1000000000
allocation-fault-102	cache_checksum_steps	exact	0	1000000000
allocation-fault-102	program_parse_calls	exact	1	1000000000
allocation-fault-102	program_parse_input_bytes	exact	690	1000000000
allocation-fault-102	source_lexer_steps	exact	336	1000000000
allocation-fault-102	data_lex_calls	exact	0	1000000000
allocation-fault-102	data_lex_input_bytes	exact	0	1000000000
allocation-fault-102	declaration_index_calls	exact	1	1000000000
allocation-fault-102	declaration_index_steps	exact	4	1000000000
allocation-fault-102	checker_calls	exact	1	1000000000
allocation-fault-102	typing_calls	exact	1	1000000000
allocation-fault-102	typing_declaration_steps	exact	4	1000000000
allocation-fault-102	expression_check_calls	exact	63	1000000000
allocation-fault-102	ownership_find_calls	exact	22	1000000000
allocation-fault-102	ownership_frame_close_calls	exact	5	1000000000
allocation-fault-102	memory_plan_calls	exact	1	1000000000
allocation-fault-102	range_analysis_calls	exact	0	1000000000
allocation-fault-102	c_generation_calls	exact	0	1000000000
allocation-fault-102	c_function_emit_calls	exact	0	1000000000
allocation-fault-102	c_expression_emit_calls	exact	0	1000000000
allocation-fault-102	project_load_steps	exact	0	1000000000
allocation-fault-102	cache_requests	exact	0	1000000000
allocation-fault-102	cache_key_builds	exact	0	1000000000
allocation-fault-102	cache_probes	exact	0	1000000000
allocation-fault-102	cache_hit_handlers	exact	0	1000000000
allocation-fault-102	cache_miss_handlers	exact	0	1000000000
allocation-fault-102	snapshot_build_calls	exact	0	1000000000
allocation-fault-102	invalidation_estimate_calls	exact	0	1000000000
allocation-fault-102	file_read_calls	exact	2	1000000000
allocation-fault-102	file_read_bytes	exact	1380	1000000000
# operation=allocation-fault-103; input_fnv1a64=353ee0f199d742d7; output_fnv1a64=cbf29ce484222325; output_bytes=0; exit=Some(71); observed_repetitions=2; counts_per_process; external_cc_calls=0
allocation-fault-103	name_insert_steps	exact	22	1000000000
allocation-fault-103	name_lookup_steps	exact	231	1000000000
allocation-fault-103	name_edge_steps	exact	430	1000000000
allocation-fault-103	cache_checksum_steps	exact	0	1000000000
allocation-fault-103	program_parse_calls	exact	1	1000000000
allocation-fault-103	program_parse_input_bytes	exact	690	1000000000
allocation-fault-103	source_lexer_steps	exact	336	1000000000
allocation-fault-103	data_lex_calls	exact	0	1000000000
allocation-fault-103	data_lex_input_bytes	exact	0	1000000000
allocation-fault-103	declaration_index_calls	exact	1	1000000000
allocation-fault-103	declaration_index_steps	exact	4	1000000000
allocation-fault-103	checker_calls	exact	1	1000000000
allocation-fault-103	typing_calls	exact	1	1000000000
allocation-fault-103	typing_declaration_steps	exact	4	1000000000
allocation-fault-103	expression_check_calls	exact	63	1000000000
allocation-fault-103	ownership_find_calls	exact	22	1000000000
allocation-fault-103	ownership_frame_close_calls	exact	5	1000000000
allocation-fault-103	memory_plan_calls	exact	1	1000000000
allocation-fault-103	range_analysis_calls	exact	0	1000000000
allocation-fault-103	c_generation_calls	exact	0	1000000000
allocation-fault-103	c_function_emit_calls	exact	0	1000000000
allocation-fault-103	c_expression_emit_calls	exact	0	1000000000
allocation-fault-103	project_load_steps	exact	0	1000000000
allocation-fault-103	cache_requests	exact	0	1000000000
allocation-fault-103	cache_key_builds	exact	0	1000000000
allocation-fault-103	cache_probes	exact	0	1000000000
allocation-fault-103	cache_hit_handlers	exact	0	1000000000
allocation-fault-103	cache_miss_handlers	exact	0	1000000000
allocation-fault-103	snapshot_build_calls	exact	0	1000000000
allocation-fault-103	invalidation_estimate_calls	exact	0	1000000000
allocation-fault-103	file_read_calls	exact	2	1000000000
allocation-fault-103	file_read_bytes	exact	1380	1000000000
# operation=allocation-fault-104; input_fnv1a64=353ee0f199d742d7; output_fnv1a64=cbf29ce484222325; output_bytes=0; exit=Some(71); observed_repetitions=2; counts_per_process; external_cc_calls=0
allocation-fault-104	name_insert_steps	exact	22	1000000000
allocation-fault-104	name_lookup_steps	exact	231	1000000000
allocation-fault-104	name_edge_steps	exact	430	1000000000
allocation-fault-104	cache_checksum_steps	exact	0	1000000000
allocation-fault-104	program_parse_calls	exact	1	1000000000
allocation-fault-104	program_parse_input_bytes	exact	690	1000000000
allocation-fault-104	source_lexer_steps	exact	336	1000000000
allocation-fault-104	data_lex_calls	exact	0	1000000000
allocation-fault-104	data_lex_input_bytes	exact	0	1000000000
allocation-fault-104	declaration_index_calls	exact	1	1000000000
allocation-fault-104	declaration_index_steps	exact	4	1000000000
allocation-fault-104	checker_calls	exact	1	1000000000
allocation-fault-104	typing_calls	exact	1	1000000000
allocation-fault-104	typing_declaration_steps	exact	4	1000000000
allocation-fault-104	expression_check_calls	exact	63	1000000000
allocation-fault-104	ownership_find_calls	exact	22	1000000000
allocation-fault-104	ownership_frame_close_calls	exact	5	1000000000
allocation-fault-104	memory_plan_calls	exact	1	1000000000
allocation-fault-104	range_analysis_calls	exact	0	1000000000
allocation-fault-104	c_generation_calls	exact	0	1000000000
allocation-fault-104	c_function_emit_calls	exact	0	1000000000
allocation-fault-104	c_expression_emit_calls	exact	0	1000000000
allocation-fault-104	project_load_steps	exact	0	1000000000
allocation-fault-104	cache_requests	exact	0	1000000000
allocation-fault-104	cache_key_builds	exact	0	1000000000
allocation-fault-104	cache_probes	exact	0	1000000000
allocation-fault-104	cache_hit_handlers	exact	0	1000000000
allocation-fault-104	cache_miss_handlers	exact	0	1000000000
allocation-fault-104	snapshot_build_calls	exact	0	1000000000
allocation-fault-104	invalidation_estimate_calls	exact	0	1000000000
allocation-fault-104	file_read_calls	exact	2	1000000000
allocation-fault-104	file_read_bytes	exact	1380	1000000000
# operation=allocation-fault-105; input_fnv1a64=353ee0f199d742d7; output_fnv1a64=cbf29ce484222325; output_bytes=0; exit=Some(71); observed_repetitions=2; counts_per_process; external_cc_calls=0
allocation-fault-105	name_insert_steps	exact	22	1000000000
allocation-fault-105	name_lookup_steps	exact	231	1000000000
allocation-fault-105	name_edge_steps	exact	430	1000000000
allocation-fault-105	cache_checksum_steps	exact	0	1000000000
allocation-fault-105	program_parse_calls	exact	1	1000000000
allocation-fault-105	program_parse_input_bytes	exact	690	1000000000
allocation-fault-105	source_lexer_steps	exact	336	1000000000
allocation-fault-105	data_lex_calls	exact	0	1000000000
allocation-fault-105	data_lex_input_bytes	exact	0	1000000000
allocation-fault-105	declaration_index_calls	exact	1	1000000000
allocation-fault-105	declaration_index_steps	exact	4	1000000000
allocation-fault-105	checker_calls	exact	1	1000000000
allocation-fault-105	typing_calls	exact	1	1000000000
allocation-fault-105	typing_declaration_steps	exact	4	1000000000
allocation-fault-105	expression_check_calls	exact	63	1000000000
allocation-fault-105	ownership_find_calls	exact	22	1000000000
allocation-fault-105	ownership_frame_close_calls	exact	5	1000000000
allocation-fault-105	memory_plan_calls	exact	1	1000000000
allocation-fault-105	range_analysis_calls	exact	0	1000000000
allocation-fault-105	c_generation_calls	exact	0	1000000000
allocation-fault-105	c_function_emit_calls	exact	0	1000000000
allocation-fault-105	c_expression_emit_calls	exact	0	1000000000
allocation-fault-105	project_load_steps	exact	0	1000000000
allocation-fault-105	cache_requests	exact	0	1000000000
allocation-fault-105	cache_key_builds	exact	0	1000000000
allocation-fault-105	cache_probes	exact	0	1000000000
allocation-fault-105	cache_hit_handlers	exact	0	1000000000
allocation-fault-105	cache_miss_handlers	exact	0	1000000000
allocation-fault-105	snapshot_build_calls	exact	0	1000000000
allocation-fault-105	invalidation_estimate_calls	exact	0	1000000000
allocation-fault-105	file_read_calls	exact	2	1000000000
allocation-fault-105	file_read_bytes	exact	1380	1000000000
# operation=allocation-fault-106; input_fnv1a64=353ee0f199d742d7; output_fnv1a64=cbf29ce484222325; output_bytes=0; exit=Some(71); observed_repetitions=2; counts_per_process; external_cc_calls=0
allocation-fault-106	name_insert_steps	exact	22	1000000000
allocation-fault-106	name_lookup_steps	exact	231	1000000000
allocation-fault-106	name_edge_steps	exact	430	1000000000
allocation-fault-106	cache_checksum_steps	exact	0	1000000000
allocation-fault-106	program_parse_calls	exact	1	1000000000
allocation-fault-106	program_parse_input_bytes	exact	690	1000000000
allocation-fault-106	source_lexer_steps	exact	336	1000000000
allocation-fault-106	data_lex_calls	exact	0	1000000000
allocation-fault-106	data_lex_input_bytes	exact	0	1000000000
allocation-fault-106	declaration_index_calls	exact	1	1000000000
allocation-fault-106	declaration_index_steps	exact	4	1000000000
allocation-fault-106	checker_calls	exact	1	1000000000
allocation-fault-106	typing_calls	exact	1	1000000000
allocation-fault-106	typing_declaration_steps	exact	4	1000000000
allocation-fault-106	expression_check_calls	exact	63	1000000000
allocation-fault-106	ownership_find_calls	exact	22	1000000000
allocation-fault-106	ownership_frame_close_calls	exact	5	1000000000
allocation-fault-106	memory_plan_calls	exact	1	1000000000
allocation-fault-106	range_analysis_calls	exact	0	1000000000
allocation-fault-106	c_generation_calls	exact	0	1000000000
allocation-fault-106	c_function_emit_calls	exact	0	1000000000
allocation-fault-106	c_expression_emit_calls	exact	0	1000000000
allocation-fault-106	project_load_steps	exact	0	1000000000
allocation-fault-106	cache_requests	exact	0	1000000000
allocation-fault-106	cache_key_builds	exact	0	1000000000
allocation-fault-106	cache_probes	exact	0	1000000000
allocation-fault-106	cache_hit_handlers	exact	0	1000000000
allocation-fault-106	cache_miss_handlers	exact	0	1000000000
allocation-fault-106	snapshot_build_calls	exact	0	1000000000
allocation-fault-106	invalidation_estimate_calls	exact	0	1000000000
allocation-fault-106	file_read_calls	exact	2	1000000000
allocation-fault-106	file_read_bytes	exact	1380	1000000000
# operation=allocation-fault-107; input_fnv1a64=353ee0f199d742d7; output_fnv1a64=cbf29ce484222325; output_bytes=0; exit=Some(71); observed_repetitions=2; counts_per_process; external_cc_calls=0
allocation-fault-107	name_insert_steps	exact	22	1000000000
allocation-fault-107	name_lookup_steps	exact	231	1000000000
allocation-fault-107	name_edge_steps	exact	430	1000000000
allocation-fault-107	cache_checksum_steps	exact	0	1000000000
allocation-fault-107	program_parse_calls	exact	1	1000000000
allocation-fault-107	program_parse_input_bytes	exact	690	1000000000
allocation-fault-107	source_lexer_steps	exact	336	1000000000
allocation-fault-107	data_lex_calls	exact	0	1000000000
allocation-fault-107	data_lex_input_bytes	exact	0	1000000000
allocation-fault-107	declaration_index_calls	exact	1	1000000000
allocation-fault-107	declaration_index_steps	exact	4	1000000000
allocation-fault-107	checker_calls	exact	1	1000000000
allocation-fault-107	typing_calls	exact	1	1000000000
allocation-fault-107	typing_declaration_steps	exact	4	1000000000
allocation-fault-107	expression_check_calls	exact	63	1000000000
allocation-fault-107	ownership_find_calls	exact	22	1000000000
allocation-fault-107	ownership_frame_close_calls	exact	5	1000000000
allocation-fault-107	memory_plan_calls	exact	1	1000000000
allocation-fault-107	range_analysis_calls	exact	0	1000000000
allocation-fault-107	c_generation_calls	exact	0	1000000000
allocation-fault-107	c_function_emit_calls	exact	0	1000000000
allocation-fault-107	c_expression_emit_calls	exact	0	1000000000
allocation-fault-107	project_load_steps	exact	0	1000000000
allocation-fault-107	cache_requests	exact	0	1000000000
allocation-fault-107	cache_key_builds	exact	0	1000000000
allocation-fault-107	cache_probes	exact	0	1000000000
allocation-fault-107	cache_hit_handlers	exact	0	1000000000
allocation-fault-107	cache_miss_handlers	exact	0	1000000000
allocation-fault-107	snapshot_build_calls	exact	0	1000000000
allocation-fault-107	invalidation_estimate_calls	exact	0	1000000000
allocation-fault-107	file_read_calls	exact	2	1000000000
allocation-fault-107	file_read_bytes	exact	1380	1000000000
# operation=allocation-fault-108; input_fnv1a64=353ee0f199d742d7; output_fnv1a64=cbf29ce484222325; output_bytes=0; exit=Some(0); observed_repetitions=2; counts_per_process; external_cc_calls=0
allocation-fault-108	name_insert_steps	exact	22	1000000000
allocation-fault-108	name_lookup_steps	exact	231	1000000000
allocation-fault-108	name_edge_steps	exact	430	1000000000
allocation-fault-108	cache_checksum_steps	exact	0	1000000000
allocation-fault-108	program_parse_calls	exact	1	1000000000
allocation-fault-108	program_parse_input_bytes	exact	690	1000000000
allocation-fault-108	source_lexer_steps	exact	336	1000000000
allocation-fault-108	data_lex_calls	exact	0	1000000000
allocation-fault-108	data_lex_input_bytes	exact	0	1000000000
allocation-fault-108	declaration_index_calls	exact	1	1000000000
allocation-fault-108	declaration_index_steps	exact	4	1000000000
allocation-fault-108	checker_calls	exact	1	1000000000
allocation-fault-108	typing_calls	exact	1	1000000000
allocation-fault-108	typing_declaration_steps	exact	4	1000000000
allocation-fault-108	expression_check_calls	exact	63	1000000000
allocation-fault-108	ownership_find_calls	exact	22	1000000000
allocation-fault-108	ownership_frame_close_calls	exact	5	1000000000
allocation-fault-108	memory_plan_calls	exact	1	1000000000
allocation-fault-108	range_analysis_calls	exact	0	1000000000
allocation-fault-108	c_generation_calls	exact	0	1000000000
allocation-fault-108	c_function_emit_calls	exact	0	1000000000
allocation-fault-108	c_expression_emit_calls	exact	0	1000000000
allocation-fault-108	project_load_steps	exact	0	1000000000
allocation-fault-108	cache_requests	exact	0	1000000000
allocation-fault-108	cache_key_builds	exact	0	1000000000
allocation-fault-108	cache_probes	exact	0	1000000000
allocation-fault-108	cache_hit_handlers	exact	0	1000000000
allocation-fault-108	cache_miss_handlers	exact	0	1000000000
allocation-fault-108	snapshot_build_calls	exact	0	1000000000
allocation-fault-108	invalidation_estimate_calls	exact	0	1000000000
allocation-fault-108	file_read_calls	exact	2	1000000000
allocation-fault-108	file_read_bytes	exact	1380	1000000000
# operation=allocation-fault-109; input_fnv1a64=353ee0f199d742d7; output_fnv1a64=cbf29ce484222325; output_bytes=0; exit=Some(0); observed_repetitions=2; counts_per_process; external_cc_calls=0
allocation-fault-109	name_insert_steps	exact	22	1000000000
allocation-fault-109	name_lookup_steps	exact	231	1000000000
allocation-fault-109	name_edge_steps	exact	430	1000000000
allocation-fault-109	cache_checksum_steps	exact	0	1000000000
allocation-fault-109	program_parse_calls	exact	1	1000000000
allocation-fault-109	program_parse_input_bytes	exact	690	1000000000
allocation-fault-109	source_lexer_steps	exact	336	1000000000
allocation-fault-109	data_lex_calls	exact	0	1000000000
allocation-fault-109	data_lex_input_bytes	exact	0	1000000000
allocation-fault-109	declaration_index_calls	exact	1	1000000000
allocation-fault-109	declaration_index_steps	exact	4	1000000000
allocation-fault-109	checker_calls	exact	1	1000000000
allocation-fault-109	typing_calls	exact	1	1000000000
allocation-fault-109	typing_declaration_steps	exact	4	1000000000
allocation-fault-109	expression_check_calls	exact	63	1000000000
allocation-fault-109	ownership_find_calls	exact	22	1000000000
allocation-fault-109	ownership_frame_close_calls	exact	5	1000000000
allocation-fault-109	memory_plan_calls	exact	1	1000000000
allocation-fault-109	range_analysis_calls	exact	0	1000000000
allocation-fault-109	c_generation_calls	exact	0	1000000000
allocation-fault-109	c_function_emit_calls	exact	0	1000000000
allocation-fault-109	c_expression_emit_calls	exact	0	1000000000
allocation-fault-109	project_load_steps	exact	0	1000000000
allocation-fault-109	cache_requests	exact	0	1000000000
allocation-fault-109	cache_key_builds	exact	0	1000000000
allocation-fault-109	cache_probes	exact	0	1000000000
allocation-fault-109	cache_hit_handlers	exact	0	1000000000
allocation-fault-109	cache_miss_handlers	exact	0	1000000000
allocation-fault-109	snapshot_build_calls	exact	0	1000000000
allocation-fault-109	invalidation_estimate_calls	exact	0	1000000000
allocation-fault-109	file_read_calls	exact	2	1000000000
allocation-fault-109	file_read_bytes	exact	1380	1000000000
# operation=allocation-fault-110; input_fnv1a64=353ee0f199d742d7; output_fnv1a64=cbf29ce484222325; output_bytes=0; exit=Some(0); observed_repetitions=2; counts_per_process; external_cc_calls=0
allocation-fault-110	name_insert_steps	exact	22	1000000000
allocation-fault-110	name_lookup_steps	exact	231	1000000000
allocation-fault-110	name_edge_steps	exact	430	1000000000
allocation-fault-110	cache_checksum_steps	exact	0	1000000000
allocation-fault-110	program_parse_calls	exact	1	1000000000
allocation-fault-110	program_parse_input_bytes	exact	690	1000000000
allocation-fault-110	source_lexer_steps	exact	336	1000000000
allocation-fault-110	data_lex_calls	exact	0	1000000000
allocation-fault-110	data_lex_input_bytes	exact	0	1000000000
allocation-fault-110	declaration_index_calls	exact	1	1000000000
allocation-fault-110	declaration_index_steps	exact	4	1000000000
allocation-fault-110	checker_calls	exact	1	1000000000
allocation-fault-110	typing_calls	exact	1	1000000000
allocation-fault-110	typing_declaration_steps	exact	4	1000000000
allocation-fault-110	expression_check_calls	exact	63	1000000000
allocation-fault-110	ownership_find_calls	exact	22	1000000000
allocation-fault-110	ownership_frame_close_calls	exact	5	1000000000
allocation-fault-110	memory_plan_calls	exact	1	1000000000
allocation-fault-110	range_analysis_calls	exact	0	1000000000
allocation-fault-110	c_generation_calls	exact	0	1000000000
allocation-fault-110	c_function_emit_calls	exact	0	1000000000
allocation-fault-110	c_expression_emit_calls	exact	0	1000000000
allocation-fault-110	project_load_steps	exact	0	1000000000
allocation-fault-110	cache_requests	exact	0	1000000000
allocation-fault-110	cache_key_builds	exact	0	1000000000
allocation-fault-110	cache_probes	exact	0	1000000000
allocation-fault-110	cache_hit_handlers	exact	0	1000000000
allocation-fault-110	cache_miss_handlers	exact	0	1000000000
allocation-fault-110	snapshot_build_calls	exact	0	1000000000
allocation-fault-110	invalidation_estimate_calls	exact	0	1000000000
allocation-fault-110	file_read_calls	exact	2	1000000000
allocation-fault-110	file_read_bytes	exact	1380	1000000000
# operation=allocation-fault-111; input_fnv1a64=353ee0f199d742d7; output_fnv1a64=cbf29ce484222325; output_bytes=0; exit=Some(0); observed_repetitions=2; counts_per_process; external_cc_calls=0
allocation-fault-111	name_insert_steps	exact	22	1000000000
allocation-fault-111	name_lookup_steps	exact	231	1000000000
allocation-fault-111	name_edge_steps	exact	430	1000000000
allocation-fault-111	cache_checksum_steps	exact	0	1000000000
allocation-fault-111	program_parse_calls	exact	1	1000000000
allocation-fault-111	program_parse_input_bytes	exact	690	1000000000
allocation-fault-111	source_lexer_steps	exact	336	1000000000
allocation-fault-111	data_lex_calls	exact	0	1000000000
allocation-fault-111	data_lex_input_bytes	exact	0	1000000000
allocation-fault-111	declaration_index_calls	exact	1	1000000000
allocation-fault-111	declaration_index_steps	exact	4	1000000000
allocation-fault-111	checker_calls	exact	1	1000000000
allocation-fault-111	typing_calls	exact	1	1000000000
allocation-fault-111	typing_declaration_steps	exact	4	1000000000
allocation-fault-111	expression_check_calls	exact	63	1000000000
allocation-fault-111	ownership_find_calls	exact	22	1000000000
allocation-fault-111	ownership_frame_close_calls	exact	5	1000000000
allocation-fault-111	memory_plan_calls	exact	1	1000000000
allocation-fault-111	range_analysis_calls	exact	0	1000000000
allocation-fault-111	c_generation_calls	exact	0	1000000000
allocation-fault-111	c_function_emit_calls	exact	0	1000000000
allocation-fault-111	c_expression_emit_calls	exact	0	1000000000
allocation-fault-111	project_load_steps	exact	0	1000000000
allocation-fault-111	cache_requests	exact	0	1000000000
allocation-fault-111	cache_key_builds	exact	0	1000000000
allocation-fault-111	cache_probes	exact	0	1000000000
allocation-fault-111	cache_hit_handlers	exact	0	1000000000
allocation-fault-111	cache_miss_handlers	exact	0	1000000000
allocation-fault-111	snapshot_build_calls	exact	0	1000000000
allocation-fault-111	invalidation_estimate_calls	exact	0	1000000000
allocation-fault-111	file_read_calls	exact	2	1000000000
allocation-fault-111	file_read_bytes	exact	1380	1000000000
# operation=allocation-fault-112; input_fnv1a64=353ee0f199d742d7; output_fnv1a64=cbf29ce484222325; output_bytes=0; exit=Some(0); observed_repetitions=2; counts_per_process; external_cc_calls=0
allocation-fault-112	name_insert_steps	exact	22	1000000000
allocation-fault-112	name_lookup_steps	exact	231	1000000000
allocation-fault-112	name_edge_steps	exact	430	1000000000
allocation-fault-112	cache_checksum_steps	exact	0	1000000000
allocation-fault-112	program_parse_calls	exact	1	1000000000
allocation-fault-112	program_parse_input_bytes	exact	690	1000000000
allocation-fault-112	source_lexer_steps	exact	336	1000000000
allocation-fault-112	data_lex_calls	exact	0	1000000000
allocation-fault-112	data_lex_input_bytes	exact	0	1000000000
allocation-fault-112	declaration_index_calls	exact	1	1000000000
allocation-fault-112	declaration_index_steps	exact	4	1000000000
allocation-fault-112	checker_calls	exact	1	1000000000
allocation-fault-112	typing_calls	exact	1	1000000000
allocation-fault-112	typing_declaration_steps	exact	4	1000000000
allocation-fault-112	expression_check_calls	exact	63	1000000000
allocation-fault-112	ownership_find_calls	exact	22	1000000000
allocation-fault-112	ownership_frame_close_calls	exact	5	1000000000
allocation-fault-112	memory_plan_calls	exact	1	1000000000
allocation-fault-112	range_analysis_calls	exact	0	1000000000
allocation-fault-112	c_generation_calls	exact	0	1000000000
allocation-fault-112	c_function_emit_calls	exact	0	1000000000
allocation-fault-112	c_expression_emit_calls	exact	0	1000000000
allocation-fault-112	project_load_steps	exact	0	1000000000
allocation-fault-112	cache_requests	exact	0	1000000000
allocation-fault-112	cache_key_builds	exact	0	1000000000
allocation-fault-112	cache_probes	exact	0	1000000000
allocation-fault-112	cache_hit_handlers	exact	0	1000000000
allocation-fault-112	cache_miss_handlers	exact	0	1000000000
allocation-fault-112	snapshot_build_calls	exact	0	1000000000
allocation-fault-112	invalidation_estimate_calls	exact	0	1000000000
allocation-fault-112	file_read_calls	exact	2	1000000000
allocation-fault-112	file_read_bytes	exact	1380	1000000000
# operation=allocation-fault-113; input_fnv1a64=353ee0f199d742d7; output_fnv1a64=cbf29ce484222325; output_bytes=0; exit=Some(0); observed_repetitions=2; counts_per_process; external_cc_calls=0
allocation-fault-113	name_insert_steps	exact	22	1000000000
allocation-fault-113	name_lookup_steps	exact	231	1000000000
allocation-fault-113	name_edge_steps	exact	430	1000000000
allocation-fault-113	cache_checksum_steps	exact	0	1000000000
allocation-fault-113	program_parse_calls	exact	1	1000000000
allocation-fault-113	program_parse_input_bytes	exact	690	1000000000
allocation-fault-113	source_lexer_steps	exact	336	1000000000
allocation-fault-113	data_lex_calls	exact	0	1000000000
allocation-fault-113	data_lex_input_bytes	exact	0	1000000000
allocation-fault-113	declaration_index_calls	exact	1	1000000000
allocation-fault-113	declaration_index_steps	exact	4	1000000000
allocation-fault-113	checker_calls	exact	1	1000000000
allocation-fault-113	typing_calls	exact	1	1000000000
allocation-fault-113	typing_declaration_steps	exact	4	1000000000
allocation-fault-113	expression_check_calls	exact	63	1000000000
allocation-fault-113	ownership_find_calls	exact	22	1000000000
allocation-fault-113	ownership_frame_close_calls	exact	5	1000000000
allocation-fault-113	memory_plan_calls	exact	1	1000000000
allocation-fault-113	range_analysis_calls	exact	0	1000000000
allocation-fault-113	c_generation_calls	exact	0	1000000000
allocation-fault-113	c_function_emit_calls	exact	0	1000000000
allocation-fault-113	c_expression_emit_calls	exact	0	1000000000
allocation-fault-113	project_load_steps	exact	0	1000000000
allocation-fault-113	cache_requests	exact	0	1000000000
allocation-fault-113	cache_key_builds	exact	0	1000000000
allocation-fault-113	cache_probes	exact	0	1000000000
allocation-fault-113	cache_hit_handlers	exact	0	1000000000
allocation-fault-113	cache_miss_handlers	exact	0	1000000000
allocation-fault-113	snapshot_build_calls	exact	0	1000000000
allocation-fault-113	invalidation_estimate_calls	exact	0	1000000000
allocation-fault-113	file_read_calls	exact	2	1000000000
allocation-fault-113	file_read_bytes	exact	1380	1000000000
# operation=allocation-fault-114; input_fnv1a64=353ee0f199d742d7; output_fnv1a64=cbf29ce484222325; output_bytes=0; exit=Some(0); observed_repetitions=2; counts_per_process; external_cc_calls=0
allocation-fault-114	name_insert_steps	exact	22	1000000000
allocation-fault-114	name_lookup_steps	exact	231	1000000000
allocation-fault-114	name_edge_steps	exact	430	1000000000
allocation-fault-114	cache_checksum_steps	exact	0	1000000000
allocation-fault-114	program_parse_calls	exact	1	1000000000
allocation-fault-114	program_parse_input_bytes	exact	690	1000000000
allocation-fault-114	source_lexer_steps	exact	336	1000000000
allocation-fault-114	data_lex_calls	exact	0	1000000000
allocation-fault-114	data_lex_input_bytes	exact	0	1000000000
allocation-fault-114	declaration_index_calls	exact	1	1000000000
allocation-fault-114	declaration_index_steps	exact	4	1000000000
allocation-fault-114	checker_calls	exact	1	1000000000
allocation-fault-114	typing_calls	exact	1	1000000000
allocation-fault-114	typing_declaration_steps	exact	4	1000000000
allocation-fault-114	expression_check_calls	exact	63	1000000000
allocation-fault-114	ownership_find_calls	exact	22	1000000000
allocation-fault-114	ownership_frame_close_calls	exact	5	1000000000
allocation-fault-114	memory_plan_calls	exact	1	1000000000
allocation-fault-114	range_analysis_calls	exact	0	1000000000
allocation-fault-114	c_generation_calls	exact	0	1000000000
allocation-fault-114	c_function_emit_calls	exact	0	1000000000
allocation-fault-114	c_expression_emit_calls	exact	0	1000000000
allocation-fault-114	project_load_steps	exact	0	1000000000
allocation-fault-114	cache_requests	exact	0	1000000000
allocation-fault-114	cache_key_builds	exact	0	1000000000
allocation-fault-114	cache_probes	exact	0	1000000000
allocation-fault-114	cache_hit_handlers	exact	0	1000000000
allocation-fault-114	cache_miss_handlers	exact	0	1000000000
allocation-fault-114	snapshot_build_calls	exact	0	1000000000
allocation-fault-114	invalidation_estimate_calls	exact	0	1000000000
allocation-fault-114	file_read_calls	exact	2	1000000000
allocation-fault-114	file_read_bytes	exact	1380	1000000000
# operation=allocation-fault-115; input_fnv1a64=353ee0f199d742d7; output_fnv1a64=cbf29ce484222325; output_bytes=0; exit=Some(0); observed_repetitions=2; counts_per_process; external_cc_calls=0
allocation-fault-115	name_insert_steps	exact	22	1000000000
allocation-fault-115	name_lookup_steps	exact	231	1000000000
allocation-fault-115	name_edge_steps	exact	430	1000000000
allocation-fault-115	cache_checksum_steps	exact	0	1000000000
allocation-fault-115	program_parse_calls	exact	1	1000000000
allocation-fault-115	program_parse_input_bytes	exact	690	1000000000
allocation-fault-115	source_lexer_steps	exact	336	1000000000
allocation-fault-115	data_lex_calls	exact	0	1000000000
allocation-fault-115	data_lex_input_bytes	exact	0	1000000000
allocation-fault-115	declaration_index_calls	exact	1	1000000000
allocation-fault-115	declaration_index_steps	exact	4	1000000000
allocation-fault-115	checker_calls	exact	1	1000000000
allocation-fault-115	typing_calls	exact	1	1000000000
allocation-fault-115	typing_declaration_steps	exact	4	1000000000
allocation-fault-115	expression_check_calls	exact	63	1000000000
allocation-fault-115	ownership_find_calls	exact	22	1000000000
allocation-fault-115	ownership_frame_close_calls	exact	5	1000000000
allocation-fault-115	memory_plan_calls	exact	1	1000000000
allocation-fault-115	range_analysis_calls	exact	0	1000000000
allocation-fault-115	c_generation_calls	exact	0	1000000000
allocation-fault-115	c_function_emit_calls	exact	0	1000000000
allocation-fault-115	c_expression_emit_calls	exact	0	1000000000
allocation-fault-115	project_load_steps	exact	0	1000000000
allocation-fault-115	cache_requests	exact	0	1000000000
allocation-fault-115	cache_key_builds	exact	0	1000000000
allocation-fault-115	cache_probes	exact	0	1000000000
allocation-fault-115	cache_hit_handlers	exact	0	1000000000
allocation-fault-115	cache_miss_handlers	exact	0	1000000000
allocation-fault-115	snapshot_build_calls	exact	0	1000000000
allocation-fault-115	invalidation_estimate_calls	exact	0	1000000000
allocation-fault-115	file_read_calls	exact	2	1000000000
allocation-fault-115	file_read_bytes	exact	1380	1000000000
# operation=allocation-fault-116; input_fnv1a64=353ee0f199d742d7; output_fnv1a64=cbf29ce484222325; output_bytes=0; exit=Some(0); observed_repetitions=2; counts_per_process; external_cc_calls=0
allocation-fault-116	name_insert_steps	exact	22	1000000000
allocation-fault-116	name_lookup_steps	exact	231	1000000000
allocation-fault-116	name_edge_steps	exact	430	1000000000
allocation-fault-116	cache_checksum_steps	exact	0	1000000000
allocation-fault-116	program_parse_calls	exact	1	1000000000
allocation-fault-116	program_parse_input_bytes	exact	690	1000000000
allocation-fault-116	source_lexer_steps	exact	336	1000000000
allocation-fault-116	data_lex_calls	exact	0	1000000000
allocation-fault-116	data_lex_input_bytes	exact	0	1000000000
allocation-fault-116	declaration_index_calls	exact	1	1000000000
allocation-fault-116	declaration_index_steps	exact	4	1000000000
allocation-fault-116	checker_calls	exact	1	1000000000
allocation-fault-116	typing_calls	exact	1	1000000000
allocation-fault-116	typing_declaration_steps	exact	4	1000000000
allocation-fault-116	expression_check_calls	exact	63	1000000000
allocation-fault-116	ownership_find_calls	exact	22	1000000000
allocation-fault-116	ownership_frame_close_calls	exact	5	1000000000
allocation-fault-116	memory_plan_calls	exact	1	1000000000
allocation-fault-116	range_analysis_calls	exact	0	1000000000
allocation-fault-116	c_generation_calls	exact	0	1000000000
allocation-fault-116	c_function_emit_calls	exact	0	1000000000
allocation-fault-116	c_expression_emit_calls	exact	0	1000000000
allocation-fault-116	project_load_steps	exact	0	1000000000
allocation-fault-116	cache_requests	exact	0	1000000000
allocation-fault-116	cache_key_builds	exact	0	1000000000
allocation-fault-116	cache_probes	exact	0	1000000000
allocation-fault-116	cache_hit_handlers	exact	0	1000000000
allocation-fault-116	cache_miss_handlers	exact	0	1000000000
allocation-fault-116	snapshot_build_calls	exact	0	1000000000
allocation-fault-116	invalidation_estimate_calls	exact	0	1000000000
allocation-fault-116	file_read_calls	exact	2	1000000000
allocation-fault-116	file_read_bytes	exact	1380	1000000000
# operation=allocation-fault-117; input_fnv1a64=353ee0f199d742d7; output_fnv1a64=cbf29ce484222325; output_bytes=0; exit=Some(0); observed_repetitions=2; counts_per_process; external_cc_calls=0
allocation-fault-117	name_insert_steps	exact	22	1000000000
allocation-fault-117	name_lookup_steps	exact	231	1000000000
allocation-fault-117	name_edge_steps	exact	430	1000000000
allocation-fault-117	cache_checksum_steps	exact	0	1000000000
allocation-fault-117	program_parse_calls	exact	1	1000000000
allocation-fault-117	program_parse_input_bytes	exact	690	1000000000
allocation-fault-117	source_lexer_steps	exact	336	1000000000
allocation-fault-117	data_lex_calls	exact	0	1000000000
allocation-fault-117	data_lex_input_bytes	exact	0	1000000000
allocation-fault-117	declaration_index_calls	exact	1	1000000000
allocation-fault-117	declaration_index_steps	exact	4	1000000000
allocation-fault-117	checker_calls	exact	1	1000000000
allocation-fault-117	typing_calls	exact	1	1000000000
allocation-fault-117	typing_declaration_steps	exact	4	1000000000
allocation-fault-117	expression_check_calls	exact	63	1000000000
allocation-fault-117	ownership_find_calls	exact	22	1000000000
allocation-fault-117	ownership_frame_close_calls	exact	5	1000000000
allocation-fault-117	memory_plan_calls	exact	1	1000000000
allocation-fault-117	range_analysis_calls	exact	0	1000000000
allocation-fault-117	c_generation_calls	exact	0	1000000000
allocation-fault-117	c_function_emit_calls	exact	0	1000000000
allocation-fault-117	c_expression_emit_calls	exact	0	1000000000
allocation-fault-117	project_load_steps	exact	0	1000000000
allocation-fault-117	cache_requests	exact	0	1000000000
allocation-fault-117	cache_key_builds	exact	0	1000000000
allocation-fault-117	cache_probes	exact	0	1000000000
allocation-fault-117	cache_hit_handlers	exact	0	1000000000
allocation-fault-117	cache_miss_handlers	exact	0	1000000000
allocation-fault-117	snapshot_build_calls	exact	0	1000000000
allocation-fault-117	invalidation_estimate_calls	exact	0	1000000000
allocation-fault-117	file_read_calls	exact	2	1000000000
allocation-fault-117	file_read_bytes	exact	1380	1000000000
# operation=allocation-fault-118; input_fnv1a64=353ee0f199d742d7; output_fnv1a64=cbf29ce484222325; output_bytes=0; exit=Some(0); observed_repetitions=2; counts_per_process; external_cc_calls=0
allocation-fault-118	name_insert_steps	exact	22	1000000000
allocation-fault-118	name_lookup_steps	exact	231	1000000000
allocation-fault-118	name_edge_steps	exact	430	1000000000
allocation-fault-118	cache_checksum_steps	exact	0	1000000000
allocation-fault-118	program_parse_calls	exact	1	1000000000
allocation-fault-118	program_parse_input_bytes	exact	690	1000000000
allocation-fault-118	source_lexer_steps	exact	336	1000000000
allocation-fault-118	data_lex_calls	exact	0	1000000000
allocation-fault-118	data_lex_input_bytes	exact	0	1000000000
allocation-fault-118	declaration_index_calls	exact	1	1000000000
allocation-fault-118	declaration_index_steps	exact	4	1000000000
allocation-fault-118	checker_calls	exact	1	1000000000
allocation-fault-118	typing_calls	exact	1	1000000000
allocation-fault-118	typing_declaration_steps	exact	4	1000000000
allocation-fault-118	expression_check_calls	exact	63	1000000000
allocation-fault-118	ownership_find_calls	exact	22	1000000000
allocation-fault-118	ownership_frame_close_calls	exact	5	1000000000
allocation-fault-118	memory_plan_calls	exact	1	1000000000
allocation-fault-118	range_analysis_calls	exact	0	1000000000
allocation-fault-118	c_generation_calls	exact	0	1000000000
allocation-fault-118	c_function_emit_calls	exact	0	1000000000
allocation-fault-118	c_expression_emit_calls	exact	0	1000000000
allocation-fault-118	project_load_steps	exact	0	1000000000
allocation-fault-118	cache_requests	exact	0	1000000000
allocation-fault-118	cache_key_builds	exact	0	1000000000
allocation-fault-118	cache_probes	exact	0	1000000000
allocation-fault-118	cache_hit_handlers	exact	0	1000000000
allocation-fault-118	cache_miss_handlers	exact	0	1000000000
allocation-fault-118	snapshot_build_calls	exact	0	1000000000
allocation-fault-118	invalidation_estimate_calls	exact	0	1000000000
allocation-fault-118	file_read_calls	exact	2	1000000000
allocation-fault-118	file_read_bytes	exact	1380	1000000000
# operation=allocation-fault-119; input_fnv1a64=353ee0f199d742d7; output_fnv1a64=cbf29ce484222325; output_bytes=0; exit=Some(0); observed_repetitions=2; counts_per_process; external_cc_calls=0
allocation-fault-119	name_insert_steps	exact	22	1000000000
allocation-fault-119	name_lookup_steps	exact	231	1000000000
allocation-fault-119	name_edge_steps	exact	430	1000000000
allocation-fault-119	cache_checksum_steps	exact	0	1000000000
allocation-fault-119	program_parse_calls	exact	1	1000000000
allocation-fault-119	program_parse_input_bytes	exact	690	1000000000
allocation-fault-119	source_lexer_steps	exact	336	1000000000
allocation-fault-119	data_lex_calls	exact	0	1000000000
allocation-fault-119	data_lex_input_bytes	exact	0	1000000000
allocation-fault-119	declaration_index_calls	exact	1	1000000000
allocation-fault-119	declaration_index_steps	exact	4	1000000000
allocation-fault-119	checker_calls	exact	1	1000000000
allocation-fault-119	typing_calls	exact	1	1000000000
allocation-fault-119	typing_declaration_steps	exact	4	1000000000
allocation-fault-119	expression_check_calls	exact	63	1000000000
allocation-fault-119	ownership_find_calls	exact	22	1000000000
allocation-fault-119	ownership_frame_close_calls	exact	5	1000000000
allocation-fault-119	memory_plan_calls	exact	1	1000000000
allocation-fault-119	range_analysis_calls	exact	0	1000000000
allocation-fault-119	c_generation_calls	exact	0	1000000000
allocation-fault-119	c_function_emit_calls	exact	0	1000000000
allocation-fault-119	c_expression_emit_calls	exact	0	1000000000
allocation-fault-119	project_load_steps	exact	0	1000000000
allocation-fault-119	cache_requests	exact	0	1000000000
allocation-fault-119	cache_key_builds	exact	0	1000000000
allocation-fault-119	cache_probes	exact	0	1000000000
allocation-fault-119	cache_hit_handlers	exact	0	1000000000
allocation-fault-119	cache_miss_handlers	exact	0	1000000000
allocation-fault-119	snapshot_build_calls	exact	0	1000000000
allocation-fault-119	invalidation_estimate_calls	exact	0	1000000000
allocation-fault-119	file_read_calls	exact	2	1000000000
allocation-fault-119	file_read_bytes	exact	1380	1000000000
# operation=allocation-fault-120; input_fnv1a64=353ee0f199d742d7; output_fnv1a64=cbf29ce484222325; output_bytes=0; exit=Some(0); observed_repetitions=2; counts_per_process; external_cc_calls=0
allocation-fault-120	name_insert_steps	exact	22	1000000000
allocation-fault-120	name_lookup_steps	exact	231	1000000000
allocation-fault-120	name_edge_steps	exact	430	1000000000
allocation-fault-120	cache_checksum_steps	exact	0	1000000000
allocation-fault-120	program_parse_calls	exact	1	1000000000
allocation-fault-120	program_parse_input_bytes	exact	690	1000000000
allocation-fault-120	source_lexer_steps	exact	336	1000000000
allocation-fault-120	data_lex_calls	exact	0	1000000000
allocation-fault-120	data_lex_input_bytes	exact	0	1000000000
allocation-fault-120	declaration_index_calls	exact	1	1000000000
allocation-fault-120	declaration_index_steps	exact	4	1000000000
allocation-fault-120	checker_calls	exact	1	1000000000
allocation-fault-120	typing_calls	exact	1	1000000000
allocation-fault-120	typing_declaration_steps	exact	4	1000000000
allocation-fault-120	expression_check_calls	exact	63	1000000000
allocation-fault-120	ownership_find_calls	exact	22	1000000000
allocation-fault-120	ownership_frame_close_calls	exact	5	1000000000
allocation-fault-120	memory_plan_calls	exact	1	1000000000
allocation-fault-120	range_analysis_calls	exact	0	1000000000
allocation-fault-120	c_generation_calls	exact	0	1000000000
allocation-fault-120	c_function_emit_calls	exact	0	1000000000
allocation-fault-120	c_expression_emit_calls	exact	0	1000000000
allocation-fault-120	project_load_steps	exact	0	1000000000
allocation-fault-120	cache_requests	exact	0	1000000000
allocation-fault-120	cache_key_builds	exact	0	1000000000
allocation-fault-120	cache_probes	exact	0	1000000000
allocation-fault-120	cache_hit_handlers	exact	0	1000000000
allocation-fault-120	cache_miss_handlers	exact	0	1000000000
allocation-fault-120	snapshot_build_calls	exact	0	1000000000
allocation-fault-120	invalidation_estimate_calls	exact	0	1000000000
allocation-fault-120	file_read_calls	exact	2	1000000000
allocation-fault-120	file_read_bytes	exact	1380	1000000000
# operation=allocation-fault-121; input_fnv1a64=353ee0f199d742d7; output_fnv1a64=cbf29ce484222325; output_bytes=0; exit=Some(0); observed_repetitions=2; counts_per_process; external_cc_calls=0
allocation-fault-121	name_insert_steps	exact	22	1000000000
allocation-fault-121	name_lookup_steps	exact	231	1000000000
allocation-fault-121	name_edge_steps	exact	430	1000000000
allocation-fault-121	cache_checksum_steps	exact	0	1000000000
allocation-fault-121	program_parse_calls	exact	1	1000000000
allocation-fault-121	program_parse_input_bytes	exact	690	1000000000
allocation-fault-121	source_lexer_steps	exact	336	1000000000
allocation-fault-121	data_lex_calls	exact	0	1000000000
allocation-fault-121	data_lex_input_bytes	exact	0	1000000000
allocation-fault-121	declaration_index_calls	exact	1	1000000000
allocation-fault-121	declaration_index_steps	exact	4	1000000000
allocation-fault-121	checker_calls	exact	1	1000000000
allocation-fault-121	typing_calls	exact	1	1000000000
allocation-fault-121	typing_declaration_steps	exact	4	1000000000
allocation-fault-121	expression_check_calls	exact	63	1000000000
allocation-fault-121	ownership_find_calls	exact	22	1000000000
allocation-fault-121	ownership_frame_close_calls	exact	5	1000000000
allocation-fault-121	memory_plan_calls	exact	1	1000000000
allocation-fault-121	range_analysis_calls	exact	0	1000000000
allocation-fault-121	c_generation_calls	exact	0	1000000000
allocation-fault-121	c_function_emit_calls	exact	0	1000000000
allocation-fault-121	c_expression_emit_calls	exact	0	1000000000
allocation-fault-121	project_load_steps	exact	0	1000000000
allocation-fault-121	cache_requests	exact	0	1000000000
allocation-fault-121	cache_key_builds	exact	0	1000000000
allocation-fault-121	cache_probes	exact	0	1000000000
allocation-fault-121	cache_hit_handlers	exact	0	1000000000
allocation-fault-121	cache_miss_handlers	exact	0	1000000000
allocation-fault-121	snapshot_build_calls	exact	0	1000000000
allocation-fault-121	invalidation_estimate_calls	exact	0	1000000000
allocation-fault-121	file_read_calls	exact	2	1000000000
allocation-fault-121	file_read_bytes	exact	1380	1000000000
# operation=allocation-fault-122; input_fnv1a64=353ee0f199d742d7; output_fnv1a64=cbf29ce484222325; output_bytes=0; exit=Some(0); observed_repetitions=2; counts_per_process; external_cc_calls=0
allocation-fault-122	name_insert_steps	exact	22	1000000000
allocation-fault-122	name_lookup_steps	exact	231	1000000000
allocation-fault-122	name_edge_steps	exact	430	1000000000
allocation-fault-122	cache_checksum_steps	exact	0	1000000000
allocation-fault-122	program_parse_calls	exact	1	1000000000
allocation-fault-122	program_parse_input_bytes	exact	690	1000000000
allocation-fault-122	source_lexer_steps	exact	336	1000000000
allocation-fault-122	data_lex_calls	exact	0	1000000000
allocation-fault-122	data_lex_input_bytes	exact	0	1000000000
allocation-fault-122	declaration_index_calls	exact	1	1000000000
allocation-fault-122	declaration_index_steps	exact	4	1000000000
allocation-fault-122	checker_calls	exact	1	1000000000
allocation-fault-122	typing_calls	exact	1	1000000000
allocation-fault-122	typing_declaration_steps	exact	4	1000000000
allocation-fault-122	expression_check_calls	exact	63	1000000000
allocation-fault-122	ownership_find_calls	exact	22	1000000000
allocation-fault-122	ownership_frame_close_calls	exact	5	1000000000
allocation-fault-122	memory_plan_calls	exact	1	1000000000
allocation-fault-122	range_analysis_calls	exact	0	1000000000
allocation-fault-122	c_generation_calls	exact	0	1000000000
allocation-fault-122	c_function_emit_calls	exact	0	1000000000
allocation-fault-122	c_expression_emit_calls	exact	0	1000000000
allocation-fault-122	project_load_steps	exact	0	1000000000
allocation-fault-122	cache_requests	exact	0	1000000000
allocation-fault-122	cache_key_builds	exact	0	1000000000
allocation-fault-122	cache_probes	exact	0	1000000000
allocation-fault-122	cache_hit_handlers	exact	0	1000000000
allocation-fault-122	cache_miss_handlers	exact	0	1000000000
allocation-fault-122	snapshot_build_calls	exact	0	1000000000
allocation-fault-122	invalidation_estimate_calls	exact	0	1000000000
allocation-fault-122	file_read_calls	exact	2	1000000000
allocation-fault-122	file_read_bytes	exact	1380	1000000000
# operation=allocation-fault-123; input_fnv1a64=353ee0f199d742d7; output_fnv1a64=cbf29ce484222325; output_bytes=0; exit=Some(0); observed_repetitions=2; counts_per_process; external_cc_calls=0
allocation-fault-123	name_insert_steps	exact	22	1000000000
allocation-fault-123	name_lookup_steps	exact	231	1000000000
allocation-fault-123	name_edge_steps	exact	430	1000000000
allocation-fault-123	cache_checksum_steps	exact	0	1000000000
allocation-fault-123	program_parse_calls	exact	1	1000000000
allocation-fault-123	program_parse_input_bytes	exact	690	1000000000
allocation-fault-123	source_lexer_steps	exact	336	1000000000
allocation-fault-123	data_lex_calls	exact	0	1000000000
allocation-fault-123	data_lex_input_bytes	exact	0	1000000000
allocation-fault-123	declaration_index_calls	exact	1	1000000000
allocation-fault-123	declaration_index_steps	exact	4	1000000000
allocation-fault-123	checker_calls	exact	1	1000000000
allocation-fault-123	typing_calls	exact	1	1000000000
allocation-fault-123	typing_declaration_steps	exact	4	1000000000
allocation-fault-123	expression_check_calls	exact	63	1000000000
allocation-fault-123	ownership_find_calls	exact	22	1000000000
allocation-fault-123	ownership_frame_close_calls	exact	5	1000000000
allocation-fault-123	memory_plan_calls	exact	1	1000000000
allocation-fault-123	range_analysis_calls	exact	0	1000000000
allocation-fault-123	c_generation_calls	exact	0	1000000000
allocation-fault-123	c_function_emit_calls	exact	0	1000000000
allocation-fault-123	c_expression_emit_calls	exact	0	1000000000
allocation-fault-123	project_load_steps	exact	0	1000000000
allocation-fault-123	cache_requests	exact	0	1000000000
allocation-fault-123	cache_key_builds	exact	0	1000000000
allocation-fault-123	cache_probes	exact	0	1000000000
allocation-fault-123	cache_hit_handlers	exact	0	1000000000
allocation-fault-123	cache_miss_handlers	exact	0	1000000000
allocation-fault-123	snapshot_build_calls	exact	0	1000000000
allocation-fault-123	invalidation_estimate_calls	exact	0	1000000000
allocation-fault-123	file_read_calls	exact	2	1000000000
allocation-fault-123	file_read_bytes	exact	1380	1000000000
# operation=allocation-fault-124; input_fnv1a64=353ee0f199d742d7; output_fnv1a64=cbf29ce484222325; output_bytes=0; exit=Some(0); observed_repetitions=2; counts_per_process; external_cc_calls=0
allocation-fault-124	name_insert_steps	exact	22	1000000000
allocation-fault-124	name_lookup_steps	exact	231	1000000000
allocation-fault-124	name_edge_steps	exact	430	1000000000
allocation-fault-124	cache_checksum_steps	exact	0	1000000000
allocation-fault-124	program_parse_calls	exact	1	1000000000
allocation-fault-124	program_parse_input_bytes	exact	690	1000000000
allocation-fault-124	source_lexer_steps	exact	336	1000000000
allocation-fault-124	data_lex_calls	exact	0	1000000000
allocation-fault-124	data_lex_input_bytes	exact	0	1000000000
allocation-fault-124	declaration_index_calls	exact	1	1000000000
allocation-fault-124	declaration_index_steps	exact	4	1000000000
allocation-fault-124	checker_calls	exact	1	1000000000
allocation-fault-124	typing_calls	exact	1	1000000000
allocation-fault-124	typing_declaration_steps	exact	4	1000000000
allocation-fault-124	expression_check_calls	exact	63	1000000000
allocation-fault-124	ownership_find_calls	exact	22	1000000000
allocation-fault-124	ownership_frame_close_calls	exact	5	1000000000
allocation-fault-124	memory_plan_calls	exact	1	1000000000
allocation-fault-124	range_analysis_calls	exact	0	1000000000
allocation-fault-124	c_generation_calls	exact	0	1000000000
allocation-fault-124	c_function_emit_calls	exact	0	1000000000
allocation-fault-124	c_expression_emit_calls	exact	0	1000000000
allocation-fault-124	project_load_steps	exact	0	1000000000
allocation-fault-124	cache_requests	exact	0	1000000000
allocation-fault-124	cache_key_builds	exact	0	1000000000
allocation-fault-124	cache_probes	exact	0	1000000000
allocation-fault-124	cache_hit_handlers	exact	0	1000000000
allocation-fault-124	cache_miss_handlers	exact	0	1000000000
allocation-fault-124	snapshot_build_calls	exact	0	1000000000
allocation-fault-124	invalidation_estimate_calls	exact	0	1000000000
allocation-fault-124	file_read_calls	exact	2	1000000000
allocation-fault-124	file_read_bytes	exact	1380	1000000000
# operation=allocation-fault-125; input_fnv1a64=353ee0f199d742d7; output_fnv1a64=cbf29ce484222325; output_bytes=0; exit=Some(0); observed_repetitions=2; counts_per_process; external_cc_calls=0
allocation-fault-125	name_insert_steps	exact	22	1000000000
allocation-fault-125	name_lookup_steps	exact	231	1000000000
allocation-fault-125	name_edge_steps	exact	430	1000000000
allocation-fault-125	cache_checksum_steps	exact	0	1000000000
allocation-fault-125	program_parse_calls	exact	1	1000000000
allocation-fault-125	program_parse_input_bytes	exact	690	1000000000
allocation-fault-125	source_lexer_steps	exact	336	1000000000
allocation-fault-125	data_lex_calls	exact	0	1000000000
allocation-fault-125	data_lex_input_bytes	exact	0	1000000000
allocation-fault-125	declaration_index_calls	exact	1	1000000000
allocation-fault-125	declaration_index_steps	exact	4	1000000000
allocation-fault-125	checker_calls	exact	1	1000000000
allocation-fault-125	typing_calls	exact	1	1000000000
allocation-fault-125	typing_declaration_steps	exact	4	1000000000
allocation-fault-125	expression_check_calls	exact	63	1000000000
allocation-fault-125	ownership_find_calls	exact	22	1000000000
allocation-fault-125	ownership_frame_close_calls	exact	5	1000000000
allocation-fault-125	memory_plan_calls	exact	1	1000000000
allocation-fault-125	range_analysis_calls	exact	0	1000000000
allocation-fault-125	c_generation_calls	exact	0	1000000000
allocation-fault-125	c_function_emit_calls	exact	0	1000000000
allocation-fault-125	c_expression_emit_calls	exact	0	1000000000
allocation-fault-125	project_load_steps	exact	0	1000000000
allocation-fault-125	cache_requests	exact	0	1000000000
allocation-fault-125	cache_key_builds	exact	0	1000000000
allocation-fault-125	cache_probes	exact	0	1000000000
allocation-fault-125	cache_hit_handlers	exact	0	1000000000
allocation-fault-125	cache_miss_handlers	exact	0	1000000000
allocation-fault-125	snapshot_build_calls	exact	0	1000000000
allocation-fault-125	invalidation_estimate_calls	exact	0	1000000000
allocation-fault-125	file_read_calls	exact	2	1000000000
allocation-fault-125	file_read_bytes	exact	1380	1000000000
# operation=allocation-fault-126; input_fnv1a64=353ee0f199d742d7; output_fnv1a64=cbf29ce484222325; output_bytes=0; exit=Some(0); observed_repetitions=2; counts_per_process; external_cc_calls=0
allocation-fault-126	name_insert_steps	exact	22	1000000000
allocation-fault-126	name_lookup_steps	exact	231	1000000000
allocation-fault-126	name_edge_steps	exact	430	1000000000
allocation-fault-126	cache_checksum_steps	exact	0	1000000000
allocation-fault-126	program_parse_calls	exact	1	1000000000
allocation-fault-126	program_parse_input_bytes	exact	690	1000000000
allocation-fault-126	source_lexer_steps	exact	336	1000000000
allocation-fault-126	data_lex_calls	exact	0	1000000000
allocation-fault-126	data_lex_input_bytes	exact	0	1000000000
allocation-fault-126	declaration_index_calls	exact	1	1000000000
allocation-fault-126	declaration_index_steps	exact	4	1000000000
allocation-fault-126	checker_calls	exact	1	1000000000
allocation-fault-126	typing_calls	exact	1	1000000000
allocation-fault-126	typing_declaration_steps	exact	4	1000000000
allocation-fault-126	expression_check_calls	exact	63	1000000000
allocation-fault-126	ownership_find_calls	exact	22	1000000000
allocation-fault-126	ownership_frame_close_calls	exact	5	1000000000
allocation-fault-126	memory_plan_calls	exact	1	1000000000
allocation-fault-126	range_analysis_calls	exact	0	1000000000
allocation-fault-126	c_generation_calls	exact	0	1000000000
allocation-fault-126	c_function_emit_calls	exact	0	1000000000
allocation-fault-126	c_expression_emit_calls	exact	0	1000000000
allocation-fault-126	project_load_steps	exact	0	1000000000
allocation-fault-126	cache_requests	exact	0	1000000000
allocation-fault-126	cache_key_builds	exact	0	1000000000
allocation-fault-126	cache_probes	exact	0	1000000000
allocation-fault-126	cache_hit_handlers	exact	0	1000000000
allocation-fault-126	cache_miss_handlers	exact	0	1000000000
allocation-fault-126	snapshot_build_calls	exact	0	1000000000
allocation-fault-126	invalidation_estimate_calls	exact	0	1000000000
allocation-fault-126	file_read_calls	exact	2	1000000000
allocation-fault-126	file_read_bytes	exact	1380	1000000000
# operation=allocation-fault-127; input_fnv1a64=353ee0f199d742d7; output_fnv1a64=cbf29ce484222325; output_bytes=0; exit=Some(0); observed_repetitions=2; counts_per_process; external_cc_calls=0
allocation-fault-127	name_insert_steps	exact	22	1000000000
allocation-fault-127	name_lookup_steps	exact	231	1000000000
allocation-fault-127	name_edge_steps	exact	430	1000000000
allocation-fault-127	cache_checksum_steps	exact	0	1000000000
allocation-fault-127	program_parse_calls	exact	1	1000000000
allocation-fault-127	program_parse_input_bytes	exact	690	1000000000
allocation-fault-127	source_lexer_steps	exact	336	1000000000
allocation-fault-127	data_lex_calls	exact	0	1000000000
allocation-fault-127	data_lex_input_bytes	exact	0	1000000000
allocation-fault-127	declaration_index_calls	exact	1	1000000000
allocation-fault-127	declaration_index_steps	exact	4	1000000000
allocation-fault-127	checker_calls	exact	1	1000000000
allocation-fault-127	typing_calls	exact	1	1000000000
allocation-fault-127	typing_declaration_steps	exact	4	1000000000
allocation-fault-127	expression_check_calls	exact	63	1000000000
allocation-fault-127	ownership_find_calls	exact	22	1000000000
allocation-fault-127	ownership_frame_close_calls	exact	5	1000000000
allocation-fault-127	memory_plan_calls	exact	1	1000000000
allocation-fault-127	range_analysis_calls	exact	0	1000000000
allocation-fault-127	c_generation_calls	exact	0	1000000000
allocation-fault-127	c_function_emit_calls	exact	0	1000000000
allocation-fault-127	c_expression_emit_calls	exact	0	1000000000
allocation-fault-127	project_load_steps	exact	0	1000000000
allocation-fault-127	cache_requests	exact	0	1000000000
allocation-fault-127	cache_key_builds	exact	0	1000000000
allocation-fault-127	cache_probes	exact	0	1000000000
allocation-fault-127	cache_hit_handlers	exact	0	1000000000
allocation-fault-127	cache_miss_handlers	exact	0	1000000000
allocation-fault-127	snapshot_build_calls	exact	0	1000000000
allocation-fault-127	invalidation_estimate_calls	exact	0	1000000000
allocation-fault-127	file_read_calls	exact	2	1000000000
allocation-fault-127	file_read_bytes	exact	1380	1000000000
# operation=allocation-fault-128; input_fnv1a64=353ee0f199d742d7; output_fnv1a64=cbf29ce484222325; output_bytes=0; exit=Some(0); observed_repetitions=2; counts_per_process; external_cc_calls=0
allocation-fault-128	name_insert_steps	exact	22	1000000000
allocation-fault-128	name_lookup_steps	exact	231	1000000000
allocation-fault-128	name_edge_steps	exact	430	1000000000
allocation-fault-128	cache_checksum_steps	exact	0	1000000000
allocation-fault-128	program_parse_calls	exact	1	1000000000
allocation-fault-128	program_parse_input_bytes	exact	690	1000000000
allocation-fault-128	source_lexer_steps	exact	336	1000000000
allocation-fault-128	data_lex_calls	exact	0	1000000000
allocation-fault-128	data_lex_input_bytes	exact	0	1000000000
allocation-fault-128	declaration_index_calls	exact	1	1000000000
allocation-fault-128	declaration_index_steps	exact	4	1000000000
allocation-fault-128	checker_calls	exact	1	1000000000
allocation-fault-128	typing_calls	exact	1	1000000000
allocation-fault-128	typing_declaration_steps	exact	4	1000000000
allocation-fault-128	expression_check_calls	exact	63	1000000000
allocation-fault-128	ownership_find_calls	exact	22	1000000000
allocation-fault-128	ownership_frame_close_calls	exact	5	1000000000
allocation-fault-128	memory_plan_calls	exact	1	1000000000
allocation-fault-128	range_analysis_calls	exact	0	1000000000
allocation-fault-128	c_generation_calls	exact	0	1000000000
allocation-fault-128	c_function_emit_calls	exact	0	1000000000
allocation-fault-128	c_expression_emit_calls	exact	0	1000000000
allocation-fault-128	project_load_steps	exact	0	1000000000
allocation-fault-128	cache_requests	exact	0	1000000000
allocation-fault-128	cache_key_builds	exact	0	1000000000
allocation-fault-128	cache_probes	exact	0	1000000000
allocation-fault-128	cache_hit_handlers	exact	0	1000000000
allocation-fault-128	cache_miss_handlers	exact	0	1000000000
allocation-fault-128	snapshot_build_calls	exact	0	1000000000
allocation-fault-128	invalidation_estimate_calls	exact	0	1000000000
allocation-fault-128	file_read_calls	exact	2	1000000000
allocation-fault-128	file_read_bytes	exact	1380	1000000000
# work campaign passed; instrumented output equals the ordinary production compiler; no retained incremental checking claim
