# status: experimental RFC0141 root-completion; full retained-session gate passed; not M1 closure
# candidate_c_sha256=a80b4d897eaac295e8f53212df831277d2abe824c04d908b4ed04a18c1c01056
# O1 ordinary and ASan/UBSan observed probes; complete emitted gate records below; full command: sh scripts/verify-session.sh root-completion-candidate full
# scripts/verify-session.sh sha256=64a0e794a16b5782b53b88c5afd2237302e2a51966f37d6ac86d69523a2d1cd9
# scripts/verify-session.py sha256=3e4c2ac9f8b219db3185fbb59f65b987cd6581503836adbcfb602f7dbc73711b
# scripts/session_faults.py sha256=d3f49d341228c850d4cf3f472cccf56acfa3b93978cd4b3c086f69b627253a7e
# tests/fixtures/transactional_session.slim sha256=3ce54a2b83db603e63bcf0d0aa5f61f01a670582ec6a8ab606d0202d5e29e3d7
# tests/fixtures/emission_damage.slim sha256=09bf6b2941ca16ebedddaea4e1824ec4ebe41cd309813b31dd04b407d1f92b57
# scripts/instrument-session-probe.awk sha256=f5f8a1b0afc35165bcecad6abfb2cdc4ab10f82bbdbb551b6a417dc211534e2a
# benchmarks/instrumentation/session_probe.c sha256=312e05c17130c6c9d298821de599b487f025b80f69d2eb52e8585ede5278deb3
# benchmarks/instrumentation/session_probe.h sha256=b6ed0ccf6a54fbe88f4ec9e8250c109ab205adb3b8bbd8ca45f8517dc74ab7ea
session-case	work	2	2,1,1,2,0,1,0,0,1,1,4,5,8,1,3,4,1,1,0,0,0,1/0,0,0,0,0,0,0,0,0,0,0,0,0,0,0,0,0,0,0,0,0,0
session-case	work	2	2,1,1,2,0,1,0,0,1,1,4,5,8,1,3,4,1,1,0,0,0,1/2,1,1,2,0,1,0,0,1,1,4,5,8,1,3,4,1,1,0,0,0,2
session-case	compiler	2	2,1,1,2,0,1,0,0,1,1,4,5,8,1,3,4,1,1,0,0,0,1/2,1,1,2,0,1,0,0,1,1,4,5,8,1,3,4,1,1,0,0,0,1
session-case	runtime	2	2,1,1,2,0,1,0,0,1,1,4,5,8,1,3,4,1,1,0,0,0,1/2,1,1,2,0,1,0,0,1,1,4,5,8,1,3,4,1,1,0,0,0,1
session-case	target	2	2,1,1,2,0,1,0,0,1,1,4,5,8,1,3,4,1,1,0,0,0,1/2,1,1,2,0,1,0,0,1,1,4,5,8,1,3,4,1,1,0,0,0,1
session-case	options	2	2,1,1,2,0,1,0,0,1,1,4,5,8,1,3,4,1,1,0,0,0,1/2,1,1,2,0,1,0,0,1,1,4,5,8,1,3,4,1,1,0,0,0,1
session-case	metadata	2	2,1,1,2,0,1,0,0,1,1,4,5,8,1,3,4,1,1,0,0,0,1/2,1,1,2,0,1,0,0,1,1,4,5,8,1,3,4,1,1,0,0,0,1
session-case	metadata-declarations	2	2,1,1,2,0,1,0,0,1,1,4,5,8,1,3,4,1,1,0,0,0,1/2,1,1,2,0,1,0,0,1,1,4,5,8,1,3,4,1,1,0,0,0,1
session-case	metadata-edges	2	2,1,1,2,0,1,0,0,1,1,4,5,8,1,3,4,1,1,0,0,0,1/2,1,1,2,0,1,0,0,1,1,4,5,8,1,3,4,1,1,0,0,0,1
session-case	metadata-manifest	2	2,1,1,2,0,1,0,0,1,1,4,5,8,1,3,4,1,1,0,0,0,1/2,1,1,2,0,1,0,0,1,1,4,5,8,1,3,4,1,1,0,0,0,1
session-case	corrupt	2	2,1,1,2,0,1,0,0,1,1,4,5,8,1,3,4,1,1,0,0,0,1/0,0,1,0,0,0,0,0,0,0,0,0,0,1,0,0,1,1,0,0,0,1
session-case	missing-code	2	2,1,1,2,0,1,0,0,1,1,4,5,8,1,3,4,1,1,0,0,0,1/0,0,1,0,0,0,0,0,0,0,0,0,0,1,0,0,1,1,0,0,0,1
session-case	recover	3	2,1,1,2,0,1,0,0,1,1,4,5,8,1,3,4,1,1,0,0,0,1/2,1,0,2,0,0,0,0,0,0,0,0,0,0,0,0,0,0,0,0,0,0/0,0,0,0,0,0,0,0,0,0,0,0,0,0,0,0,0,0,0,0,0,0
session-case	attempt-limit	2	2,1,1,2,0,1,0,0,1,1,4,5,8,1,3,4,1,1,0,0,0,1/0,0,0,0,0,0,0,0,0,0,0,0,0,0,0,0,0,0,0,0,0,0
session-case	input-limit	2	2,1,1,2,0,1,0,0,1,1,4,5,8,1,3,4,1,1,0,0,0,1/0,0,0,0,0,0,0,0,0,0,0,0,0,0,0,0,0,0,0,0,0,0
session-case	revision-limit	2	2,1,1,2,0,1,0,0,1,1,4,5,8,1,3,4,1,1,0,0,0,1/0,0,0,0,0,0,0,0,0,0,0,0,0,0,0,0,0,0,0,0,0,0
session-case	bad-config	2	2,1,1,2,0,1,0,0,1,1,4,5,8,1,3,4,1,1,0,0,0,1/0,0,0,0,0,0,0,0,0,0,0,0,0,0,0,0,0,0,0,0,0,0
session-case	node-limit	3	2,1,1,2,0,1,0,0,1,1,4,5,8,1,3,4,1,1,0,0,0,1/2,0,0,2,0,0,0,0,0,0,0,0,0,0,0,0,0,0,0,0,0,0/0,0,0,0,0,0,0,0,0,0,0,0,0,0,0,0,0,0,0,0,0,0
session-case	code-limit	3	2,1,1,2,0,1,0,0,1,1,4,5,8,1,3,4,1,1,0,0,0,1/2,1,1,2,0,1,0,0,1,1,4,5,8,1,3,4,1,1,0,0,0,2/0,0,0,0,0,0,0,0,0,0,0,0,0,0,0,0,0,0,0,0,0,0
session-case	bad-limits	1	0,0,0,0,0,0,0,0,0,0,0,0,0,0,0,0,0,0,0,0,0,0
session-case	full-epoch	65	2,1,1,2,0,1,0,0,1,1,4,5,8,1,3,4,1,1,0,0,0,1/0,0,0,0,0,0,0,0,0,0,0,0,0,0,0,0,0,0,0,0,0,0/0,0,0,0,0,0,0,0,0,0,0,0,0,0,0,0,0,0,0,0,0,0/0,0,0,0,0,0,0,0,0,0,0,0,0,0,0,0,0,0,0,0,0,0/0,0,0,0,0,0,0,0,0,0,0,0,0,0,0,0,0,0,0,0,0,0/0,0,0,0,0,0,0,0,0,0,0,0,0,0,0,0,0,0,0,0,0,0/0,0,0,0,0,0,0,0,0,0,0,0,0,0,0,0,0,0,0,0,0,0/0,0,0,0,0,0,0,0,0,0,0,0,0,0,0,0,0,0,0,0,0,0/0,0,0,0,0,0,0,0,0,0,0,0,0,0,0,0,0,0,0,0,0,0/0,0,0,0,0,0,0,0,0,0,0,0,0,0,0,0,0,0,0,0,0,0/0,0,0,0,0,0,0,0,0,0,0,0,0,0,0,0,0,0,0,0,0,0/0,0,0,0,0,0,0,0,0,0,0,0,0,0,0,0,0,0,0,0,0,0/0,0,0,0,0,0,0,0,0,0,0,0,0,0,0,0,0,0,0,0,0,0/0,0,0,0,0,0,0,0,0,0,0,0,0,0,0,0,0,0,0,0,0,0/0,0,0,0,0,0,0,0,0,0,0,0,0,0,0,0,0,0,0,0,0,0/0,0,0,0,0,0,0,0,0,0,0,0,0,0,0,0,0,0,0,0,0,0/0,0,0,0,0,0,0,0,0,0,0,0,0,0,0,0,0,0,0,0,0,0/0,0,0,0,0,0,0,0,0,0,0,0,0,0,0,0,0,0,0,0,0,0/0,0,0,0,0,0,0,0,0,0,0,0,0,0,0,0,0,0,0,0,0,0/0,0,0,0,0,0,0,0,0,0,0,0,0,0,0,0,0,0,0,0,0,0/0,0,0,0,0,0,0,0,0,0,0,0,0,0,0,0,0,0,0,0,0,0/0,0,0,0,0,0,0,0,0,0,0,0,0,0,0,0,0,0,0,0,0,0/0,0,0,0,0,0,0,0,0,0,0,0,0,0,0,0,0,0,0,0,0,0/0,0,0,0,0,0,0,0,0,0,0,0,0,0,0,0,0,0,0,0,0,0/0,0,0,0,0,0,0,0,0,0,0,0,0,0,0,0,0,0,0,0,0,0/0,0,0,0,0,0,0,0,0,0,0,0,0,0,0,0,0,0,0,0,0,0/0,0,0,0,0,0,0,0,0,0,0,0,0,0,0,0,0,0,0,0,0,0/0,0,0,0,0,0,0,0,0,0,0,0,0,0,0,0,0,0,0,0,0,0/0,0,0,0,0,0,0,0,0,0,0,0,0,0,0,0,0,0,0,0,0,0/0,0,0,0,0,0,0,0,0,0,0,0,0,0,0,0,0,0,0,0,0,0/0,0,0,0,0,0,0,0,0,0,0,0,0,0,0,0,0,0,0,0,0,0/0,0,0,0,0,0,0,0,0,0,0,0,0,0,0,0,0,0,0,0,0,0/0,0,0,0,0,0,0,0,0,0,0,0,0,0,0,0,0,0,0,0,0,0/0,0,0,0,0,0,0,0,0,0,0,0,0,0,0,0,0,0,0,0,0,0/0,0,0,0,0,0,0,0,0,0,0,0,0,0,0,0,0,0,0,0,0,0/0,0,0,0,0,0,0,0,0,0,0,0,0,0,0,0,0,0,0,0,0,0/0,0,0,0,0,0,0,0,0,0,0,0,0,0,0,0,0,0,0,0,0,0/0,0,0,0,0,0,0,0,0,0,0,0,0,0,0,0,0,0,0,0,0,0/0,0,0,0,0,0,0,0,0,0,0,0,0,0,0,0,0,0,0,0,0,0/0,0,0,0,0,0,0,0,0,0,0,0,0,0,0,0,0,0,0,0,0,0/0,0,0,0,0,0,0,0,0,0,0,0,0,0,0,0,0,0,0,0,0,0/0,0,0,0,0,0,0,0,0,0,0,0,0,0,0,0,0,0,0,0,0,0/0,0,0,0,0,0,0,0,0,0,0,0,0,0,0,0,0,0,0,0,0,0/0,0,0,0,0,0,0,0,0,0,0,0,0,0,0,0,0,0,0,0,0,0/0,0,0,0,0,0,0,0,0,0,0,0,0,0,0,0,0,0,0,0,0,0/0,0,0,0,0,0,0,0,0,0,0,0,0,0,0,0,0,0,0,0,0,0/0,0,0,0,0,0,0,0,0,0,0,0,0,0,0,0,0,0,0,0,0,0/0,0,0,0,0,0,0,0,0,0,0,0,0,0,0,0,0,0,0,0,0,0/0,0,0,0,0,0,0,0,0,0,0,0,0,0,0,0,0,0,0,0,0,0/0,0,0,0,0,0,0,0,0,0,0,0,0,0,0,0,0,0,0,0,0,0/0,0,0,0,0,0,0,0,0,0,0,0,0,0,0,0,0,0,0,0,0,0/0,0,0,0,0,0,0,0,0,0,0,0,0,0,0,0,0,0,0,0,0,0/0,0,0,0,0,0,0,0,0,0,0,0,0,0,0,0,0,0,0,0,0,0/0,0,0,0,0,0,0,0,0,0,0,0,0,0,0,0,0,0,0,0,0,0/0,0,0,0,0,0,0,0,0,0,0,0,0,0,0,0,0,0,0,0,0,0/0,0,0,0,0,0,0,0,0,0,0,0,0,0,0,0,0,0,0,0,0,0/0,0,0,0,0,0,0,0,0,0,0,0,0,0,0,0,0,0,0,0,0,0/0,0,0,0,0,0,0,0,0,0,0,0,0,0,0,0,0,0,0,0,0,0/0,0,0,0,0,0,0,0,0,0,0,0,0,0,0,0,0,0,0,0,0,0/0,0,0,0,0,0,0,0,0,0,0,0,0,0,0,0,0,0,0,0,0,0/0,0,0,0,0,0,0,0,0,0,0,0,0,0,0,0,0,0,0,0,0,0/0,0,0,0,0,0,0,0,0,0,0,0,0,0,0,0,0,0,0,0,0,0/0,0,0,0,0,0,0,0,0,0,0,0,0,0,0,0,0,0,0,0,0,0/0,0,0,0,0,0,0,0,0,0,0,0,0,0,0,0,0,0,0,0,0,0/0,0,0,0,0,0,0,0,0,0,0,0,0,0,0,0,0,0,0,0,0,0
session-case	epochs	4	2,1,1,2,0,1,0,0,1,1,4,5,8,1,3,4,1,1,0,0,0,1/0,0,0,0,0,0,0,0,0,0,0,0,0,0,0,0,0,0,0,0,0,0/2,1,1,2,0,1,0,0,1,1,4,5,8,1,3,4,1,1,0,0,0,1/0,0,0,0,0,0,0,0,0,0,0,0,0,0,0,0,0,0,0,0,0,0
session-case	work	2	2,1,1,2,0,1,0,0,1,1,4,5,8,1,3,4,1,1,0,0,0,1/2,0,0,1,18,0,1,0,1,0,5,5,8,0,3,4,0,0,0,0,0,1
session-case	work	2	2,1,1,2,0,1,0,0,1,1,4,5,8,1,3,4,1,1,0,0,0,1/2,0,0,0,36,0,1,0,1,0,5,5,8,0,3,4,0,0,0,0,0,1
session-case	work	2	2,3,1,6,0,3,0,0,1,3,12,5,8,1,3,4,3,3,0,0,0,3/2,1,1,2,52,1,2,0,1,1,14,5,8,1,3,4,1,1,0,4,751,6
session-case	emission-epoch	2	2,3,1,6,0,3,0,0,1,3,12,5,8,1,3,4,3,3,0,0,0,3/2,1,1,2,52,1,2,0,1,1,14,5,8,1,3,4,3,3,0,0,0,3
session-case	emission-revision	2	2,3,1,6,0,3,0,0,1,3,12,5,8,1,3,4,3,3,0,0,0,3/2,1,1,2,52,1,2,0,1,1,14,5,8,1,3,4,3,3,0,0,0,3
session-case	emission-owner-epoch	2	2,3,1,6,0,3,0,0,1,3,12,5,8,1,3,4,3,3,0,0,0,3/2,1,1,2,52,1,2,0,1,1,14,5,8,1,3,4,3,3,0,0,0,3
session-case	emission-owner-revision	2	2,3,1,6,0,3,0,0,1,3,12,5,8,1,3,4,3,3,0,0,0,3/2,1,1,2,52,1,2,0,1,1,14,5,8,1,3,4,3,3,0,0,0,3
session-case	emission-owner-file	2	2,3,1,6,0,3,0,0,1,3,12,5,8,1,3,4,3,3,0,0,0,3/2,1,1,2,52,1,2,0,1,1,14,5,8,1,3,4,3,3,0,0,0,3
session-case	emission-owner-slot	2	2,3,1,6,0,3,0,0,1,3,12,5,8,1,3,4,3,3,0,0,0,3/2,1,1,2,52,1,2,0,1,1,14,5,8,1,3,4,3,3,0,0,0,3
session-case	emission-entry-plan	2	2,3,1,6,0,3,0,0,1,3,12,5,8,1,3,4,3,3,0,0,0,3/2,1,1,2,52,1,2,0,1,1,14,5,8,1,3,4,3,3,0,0,0,3
session-case	emission-entry-counted	2	2,3,1,6,0,3,0,0,1,3,12,5,8,1,3,4,3,3,0,0,0,3/2,1,1,2,52,1,2,0,1,1,14,5,8,1,3,4,3,3,0,0,0,3
session-case	emission-entry-duplicate	2	2,3,1,6,0,3,0,0,1,3,12,5,8,1,3,4,3,3,0,0,0,3/2,1,1,2,52,1,2,0,1,1,14,5,8,1,3,4,3,3,0,0,0,3
session-case	emission-slot	2	2,3,1,6,0,3,0,0,1,3,12,5,8,1,3,4,3,3,0,0,0,3/2,1,1,2,52,1,2,0,1,1,14,5,8,1,3,4,3,3,0,0,0,3
session-case	emission-entries	2	2,3,1,6,0,3,0,0,1,3,12,5,8,1,3,4,3,3,0,0,0,3/2,1,1,2,52,1,2,0,1,1,14,5,8,1,3,4,3,3,0,0,0,3
session-case	emission-slots	2	2,3,1,6,0,3,0,0,1,3,12,5,8,1,3,4,3,3,0,0,0,3/2,1,1,2,52,1,2,0,1,1,14,5,8,1,3,4,3,3,0,0,0,3
session-case	emission-prototype-start	2	2,3,1,6,0,3,0,0,1,3,12,5,8,1,3,4,3,3,0,0,0,3/2,1,1,2,52,1,2,0,1,1,14,5,8,1,3,4,3,3,0,0,0,3
session-case	emission-wrapper-start	2	2,3,1,6,0,3,0,0,1,3,12,5,8,1,3,4,3,3,0,0,0,3/2,1,1,2,52,1,2,0,1,1,14,5,8,1,3,4,3,3,0,0,0,3
session-case	emission-body-start	2	2,3,1,6,0,3,0,0,1,3,12,5,8,1,3,4,3,3,0,0,0,3/2,1,1,2,52,1,2,0,1,1,14,5,8,1,3,4,3,3,0,0,0,3
session-case	emission-footer-start	2	2,3,1,6,0,3,0,0,1,3,12,5,8,1,3,4,3,3,0,0,0,3/2,1,1,2,52,1,2,0,1,1,14,5,8,1,3,4,3,3,0,0,0,3
session-case	emission-code-bytes	2	2,3,1,6,0,3,0,0,1,3,12,5,8,1,3,4,3,3,0,0,0,3/2,1,1,2,52,1,2,0,1,1,14,5,8,1,3,4,3,3,0,0,0,3
session-case	emission-prototype-end	2	2,3,1,6,0,3,0,0,1,3,12,5,8,1,3,4,3,3,0,0,0,3/2,1,1,2,52,1,2,0,1,1,14,5,8,1,3,4,3,3,0,0,0,3
session-case	emission-body-end	2	2,3,1,6,0,3,0,0,1,3,12,5,8,1,3,4,3,3,0,0,0,3/2,1,1,2,52,1,2,0,1,1,14,5,8,1,3,4,3,3,0,0,0,3
session-case	emission-seal	2	2,3,1,6,0,3,0,0,1,3,12,5,8,1,3,4,3,3,0,0,0,3/2,1,1,2,52,1,2,0,1,1,14,5,8,1,3,4,3,3,0,0,0,3
session-case	emission-prototype-checksum	2	2,3,1,6,0,3,0,0,1,3,12,5,8,1,3,4,3,3,0,0,0,3/2,1,1,2,52,1,2,0,1,1,14,5,8,1,3,4,3,3,0,0,0,3
session-case	emission-body-checksum	2	2,3,1,6,0,3,0,0,1,3,12,5,8,1,3,4,3,3,0,0,0,3/2,1,1,2,52,1,2,0,1,1,14,5,8,1,3,4,3,3,0,0,0,3
session-case	emission-sealed-epoch	2	2,3,1,6,0,3,0,0,1,3,12,5,8,1,3,4,3,3,0,0,0,3/2,1,1,2,52,1,2,0,1,1,14,5,8,1,3,4,3,3,0,0,0,3
session-case	emission-sealed-revision	2	2,3,1,6,0,3,0,0,1,3,12,5,8,1,3,4,3,3,0,0,0,3/2,1,1,2,52,1,2,0,1,1,14,5,8,1,3,4,3,3,0,0,0,3
session-case	emission-sealed-owner-epoch	2	2,3,1,6,0,3,0,0,1,3,12,5,8,1,3,4,3,3,0,0,0,3/2,1,1,2,52,1,2,0,1,1,14,5,8,1,3,4,3,3,0,0,0,4
session-case	emission-sealed-owner-revision	2	2,3,1,6,0,3,0,0,1,3,12,5,8,1,3,4,3,3,0,0,0,3/2,1,1,2,52,1,2,0,1,1,14,5,8,1,3,4,3,3,0,0,0,4
session-case	emission-sealed-owner-file	2	2,3,1,6,0,3,0,0,1,3,12,5,8,1,3,4,3,3,0,0,0,3/2,1,1,2,52,1,2,0,1,1,14,5,8,1,3,4,3,3,0,0,0,4
session-case	emission-sealed-owner-slot	2	2,3,1,6,0,3,0,0,1,3,12,5,8,1,3,4,3,3,0,0,0,3/2,1,1,2,52,1,2,0,1,1,14,5,8,1,3,4,3,3,0,0,0,4
session-case	emission-sealed-entry-plan	2	2,3,1,6,0,3,0,0,1,3,12,5,8,1,3,4,3,3,0,0,0,3/2,1,1,2,52,1,2,0,1,1,14,5,8,1,3,4,3,3,0,0,0,4
session-case	emission-sealed-entry-counted	2	2,3,1,6,0,3,0,0,1,3,12,5,8,1,3,4,3,3,0,0,0,3/2,1,1,2,52,1,2,0,1,1,14,5,8,1,3,4,3,3,0,0,0,4
session-case	emission-sealed-entry-duplicate	2	2,3,1,6,0,3,0,0,1,3,12,5,8,1,3,4,3,3,0,0,0,3/2,1,1,2,52,1,2,0,1,1,14,5,8,1,3,4,3,3,0,0,0,5
session-case	emission-sealed-slot	2	2,3,1,6,0,3,0,0,1,3,12,5,8,1,3,4,3,3,0,0,0,3/2,1,1,2,52,1,2,0,1,1,14,5,8,1,3,4,3,3,0,0,0,4
session-case	emission-sealed-entries	2	2,3,1,6,0,3,0,0,1,3,12,5,8,1,3,4,3,3,0,0,0,3/2,1,1,2,52,1,2,0,1,1,14,5,8,1,3,4,3,3,0,0,0,4
session-case	emission-sealed-slots	2	2,3,1,6,0,3,0,0,1,3,12,5,8,1,3,4,3,3,0,0,0,3/2,1,1,2,52,1,2,0,1,1,14,5,8,1,3,4,3,3,0,0,0,3
session-case	emission-sealed-prototype-start	2	2,3,1,6,0,3,0,0,1,3,12,5,8,1,3,4,3,3,0,0,0,3/2,1,1,2,52,1,2,0,1,1,14,5,8,1,3,4,3,3,0,0,0,3
session-case	emission-sealed-wrapper-start	2	2,3,1,6,0,3,0,0,1,3,12,5,8,1,3,4,3,3,0,0,0,3/2,1,1,2,52,1,2,0,1,1,14,5,8,1,3,4,3,3,0,0,0,3
session-case	emission-sealed-body-start	2	2,3,1,6,0,3,0,0,1,3,12,5,8,1,3,4,3,3,0,0,0,3/2,1,1,2,52,1,2,0,1,1,14,5,8,1,3,4,3,3,0,0,0,3
session-case	emission-sealed-footer-start	2	2,3,1,6,0,3,0,0,1,3,12,5,8,1,3,4,3,3,0,0,0,3/2,1,1,2,52,1,2,0,1,1,14,5,8,1,3,4,3,3,0,0,0,3
session-case	emission-sealed-code-bytes	2	2,3,1,6,0,3,0,0,1,3,12,5,8,1,3,4,3,3,0,0,0,3/2,1,1,2,52,1,2,0,1,1,14,5,8,1,3,4,3,3,0,0,0,3
session-case	emission-sealed-prototype-end	2	2,3,1,6,0,3,0,0,1,3,12,5,8,1,3,4,3,3,0,0,0,3/2,1,1,2,52,1,2,0,1,1,14,5,8,1,3,4,3,3,0,0,0,4
session-case	emission-sealed-body-end	2	2,3,1,6,0,3,0,0,1,3,12,5,8,1,3,4,3,3,0,0,0,3/2,1,1,2,52,1,2,0,1,1,14,5,8,1,3,4,3,3,0,0,0,4
session-case	emission-prototype-payload	2	2,3,1,6,0,3,0,0,1,3,12,5,8,1,3,4,3,3,0,0,0,3/2,1,1,2,52,1,2,0,1,1,14,5,8,1,3,4,2,2,0,2,404,6
session-case	emission-body-payload	2	2,3,1,6,0,3,0,0,1,3,12,5,8,1,3,4,3,3,0,0,0,3/2,1,1,2,52,1,2,0,1,1,14,5,8,1,3,4,2,2,0,2,404,6
session-case	emission-sealed-prototype-checksum	2	2,3,1,6,0,3,0,0,1,3,12,5,8,1,3,4,3,3,0,0,0,3/2,1,1,2,52,1,2,0,1,1,14,5,8,1,3,4,2,2,0,2,404,6
session-case	emission-sealed-body-checksum	2	2,3,1,6,0,3,0,0,1,3,12,5,8,1,3,4,3,3,0,0,0,3/2,1,1,2,52,1,2,0,1,1,14,5,8,1,3,4,2,2,0,2,404,6
session-case	work	2	2,4,1,8,0,4,0,0,1,8,12,5,8,1,3,4,4,4,4,0,0,4/2,1,1,2,340,1,4,0,1,1,24,5,8,1,3,4,1,1,0,12,6153,9
session-case	emission-wrapper-site	2	2,4,1,8,0,4,0,0,1,8,12,5,8,1,3,4,4,4,4,0,0,4/2,1,1,2,340,1,4,0,1,1,24,5,8,1,3,4,5,5,4,0,0,5
session-case	emission-wrapper-task	2	2,4,1,8,0,4,0,0,1,8,12,5,8,1,3,4,4,4,4,0,0,4/2,1,1,2,340,1,4,0,1,1,24,5,8,1,3,4,5,5,4,0,0,5
session-case	emission-wrapper-duplicate	2	2,4,1,8,0,4,0,0,1,8,12,5,8,1,3,4,4,4,4,0,0,4/2,1,1,2,340,1,4,0,1,1,24,5,8,1,3,4,5,5,4,0,0,5
session-case	emission-wrapper-span-start	2	2,4,1,8,0,4,0,0,1,8,12,5,8,1,3,4,4,4,4,0,0,4/2,1,1,2,340,1,4,0,1,1,24,5,8,1,3,4,5,5,4,0,0,5
session-case	emission-wrapper-span-end	2	2,4,1,8,0,4,0,0,1,8,12,5,8,1,3,4,4,4,4,0,0,4/2,1,1,2,340,1,4,0,1,1,24,5,8,1,3,4,5,5,4,0,0,5
session-case	emission-wrappers	2	2,4,1,8,0,4,0,0,1,8,12,5,8,1,3,4,4,4,4,0,0,4/2,1,1,2,340,1,4,0,1,1,24,5,8,1,3,4,5,5,4,0,0,5
session-case	emission-sites	2	2,4,1,8,0,4,0,0,1,8,12,5,8,1,3,4,4,4,4,0,0,4/2,1,1,2,340,1,4,0,1,1,24,5,8,1,3,4,5,5,4,0,0,5
session-case	emission-site-site	2	2,4,1,8,0,4,0,0,1,8,12,5,8,1,3,4,4,4,4,0,0,4/2,1,1,2,340,1,4,0,1,1,24,5,8,1,3,4,5,5,4,0,0,5
session-case	emission-site-first	2	2,4,1,8,0,4,0,0,1,8,12,5,8,1,3,4,4,4,4,0,0,4/2,1,1,2,340,1,4,0,1,1,24,5,8,1,3,4,5,5,4,0,0,5
session-case	emission-site-second	2	2,4,1,8,0,4,0,0,1,8,12,5,8,1,3,4,4,4,4,0,0,4/2,1,1,2,340,1,4,0,1,1,24,5,8,1,3,4,5,5,4,0,0,5
session-case	emission-site-join	2	2,4,1,8,0,4,0,0,1,8,12,5,8,1,3,4,4,4,4,0,0,4/2,1,1,2,340,1,4,0,1,1,24,5,8,1,3,4,5,5,4,0,0,5
session-case	emission-site-first-work	2	2,4,1,8,0,4,0,0,1,8,12,5,8,1,3,4,4,4,4,0,0,4/2,1,1,2,340,1,4,0,1,1,24,5,8,1,3,4,5,5,4,0,0,5
session-case	emission-site-second-work	2	2,4,1,8,0,4,0,0,1,8,12,5,8,1,3,4,4,4,4,0,0,4/2,1,1,2,340,1,4,0,1,1,24,5,8,1,3,4,5,5,4,0,0,5
session-case	emission-site-allocates	2	2,4,1,8,0,4,0,0,1,8,12,5,8,1,3,4,4,4,4,0,0,4/2,1,1,2,340,1,4,0,1,1,24,5,8,1,3,4,5,5,4,0,0,5
session-case	emission-site-explicit	2	2,4,1,8,0,4,0,0,1,8,12,5,8,1,3,4,4,4,4,0,0,4/2,1,1,2,340,1,4,0,1,1,24,5,8,1,3,4,5,5,4,0,0,5
session-case	emission-site-executable	2	2,4,1,8,0,4,0,0,1,8,12,5,8,1,3,4,4,4,4,0,0,4/2,1,1,2,340,1,4,0,1,1,24,5,8,1,3,4,5,5,4,0,0,5
session-case	emission-wrapper-span-checksum	2	2,4,1,8,0,4,0,0,1,8,12,5,8,1,3,4,4,4,4,0,0,4/2,1,1,2,340,1,4,0,1,1,24,5,8,1,3,4,5,5,4,0,0,5
session-case	emission-sealed-wrapper-site	2	2,4,1,8,0,4,0,0,1,8,12,5,8,1,3,4,4,4,4,0,0,4/2,1,1,2,340,1,4,0,1,1,24,5,8,1,3,4,5,5,4,0,0,9
session-case	emission-sealed-wrapper-task	2	2,4,1,8,0,4,0,0,1,8,12,5,8,1,3,4,4,4,4,0,0,4/2,1,1,2,340,1,4,0,1,1,24,5,8,1,3,4,5,5,4,0,0,9
session-case	emission-sealed-wrapper-duplicate	2	2,4,1,8,0,4,0,0,1,8,12,5,8,1,3,4,4,4,4,0,0,4/2,1,1,2,340,1,4,0,1,1,24,5,8,1,3,4,5,5,4,0,0,9
session-case	emission-sealed-wrapper-span-start	2	2,4,1,8,0,4,0,0,1,8,12,5,8,1,3,4,4,4,4,0,0,4/2,1,1,2,340,1,4,0,1,1,24,5,8,1,3,4,5,5,4,0,0,9
session-case	emission-sealed-wrapper-span-end	2	2,4,1,8,0,4,0,0,1,8,12,5,8,1,3,4,4,4,4,0,0,4/2,1,1,2,340,1,4,0,1,1,24,5,8,1,3,4,5,5,4,0,0,9
session-case	emission-sealed-wrappers	2	2,4,1,8,0,4,0,0,1,8,12,5,8,1,3,4,4,4,4,0,0,4/2,1,1,2,340,1,4,0,1,1,24,5,8,1,3,4,5,5,4,0,0,9
session-case	emission-sealed-sites	2	2,4,1,8,0,4,0,0,1,8,12,5,8,1,3,4,4,4,4,0,0,4/2,1,1,2,340,1,4,0,1,1,24,5,8,1,3,4,5,5,4,0,0,9
session-case	emission-wrapper-payload	2	2,4,1,8,0,4,0,0,1,8,12,5,8,1,3,4,4,4,4,0,0,4/2,1,1,2,340,1,4,0,1,1,24,5,8,1,3,4,1,1,1,11,5791,9
session-case	emission-sealed-wrapper-span-checksum	2	2,4,1,8,0,4,0,0,1,8,12,5,8,1,3,4,4,4,4,0,0,4/2,1,1,2,340,1,4,0,1,1,24,5,8,1,3,4,1,1,1,11,5791,9
session-case	emission-budget	2	2,3,1,6,0,3,0,0,1,3,12,5,8,1,3,4,3,3,0,0,0,3/2,1,1,2,52,1,2,0,1,1,14,5,8,1,3,4,1,1,0,4,751,6
session-case	emission-proof	2	2,3,1,6,0,3,0,0,1,3,12,5,8,1,3,4,3,3,0,0,0,3/2,1,1,2,52,1,2,0,1,1,14,5,8,1,3,4,1,1,0,4,751,6
session-case	emission-budget	2	2,4,1,8,0,4,0,0,1,8,12,5,8,1,3,4,4,4,4,0,0,4/2,1,1,2,340,1,4,0,1,1,24,5,8,1,3,4,1,1,0,12,6153,9
session-case	emission-proof	2	2,4,1,8,0,4,0,0,1,8,12,5,8,1,3,4,4,4,4,0,0,4/2,1,1,2,340,1,4,0,1,1,24,5,8,1,3,4,1,1,0,12,6153,9
session-case	emission-derived-range-analyzed	2	2,3,1,6,0,3,0,0,1,3,12,5,8,1,3,4,3,3,0,0,0,3/2,1,1,2,52,1,2,0,1,1,14,5,8,1,3,4,2,2,0,2,404,6
session-case	emission-derived-range-lower-known	2	2,3,1,6,0,3,0,0,1,3,12,5,8,1,3,4,3,3,0,0,0,3/2,1,1,2,52,1,2,0,1,1,14,5,8,1,3,4,2,2,0,2,404,6
session-case	emission-derived-range-lower	2	2,3,1,6,0,3,0,0,1,3,12,5,8,1,3,4,3,3,0,0,0,3/2,1,1,2,52,1,2,0,1,1,14,5,8,1,3,4,2,2,0,2,404,6
session-case	emission-derived-range-upper-known	2	2,3,1,6,0,3,0,0,1,3,12,5,8,1,3,4,3,3,0,0,0,3/2,1,1,2,52,1,2,0,1,1,14,5,8,1,3,4,2,2,0,2,404,6
session-case	emission-derived-range-upper	2	2,3,1,6,0,3,0,0,1,3,12,5,8,1,3,4,3,3,0,0,0,3/2,1,1,2,52,1,2,0,1,1,14,5,8,1,3,4,2,2,0,2,404,6
session-case	emission-derived-range-total	2	2,3,1,6,0,3,0,0,1,3,12,5,8,1,3,4,3,3,0,0,0,3/2,1,1,2,52,1,2,0,1,1,14,5,8,1,3,4,2,2,0,2,404,6
session-case	emission-sealed-site-first	2	2,4,1,8,0,4,0,0,1,8,12,5,8,1,3,4,4,4,4,0,0,4/2,1,1,2,340,1,4,0,1,1,24,5,8,1,3,4,2,2,2,8,3700,9
session-case	emission-sealed-site-second	2	2,4,1,8,0,4,0,0,1,8,12,5,8,1,3,4,4,4,4,0,0,4/2,1,1,2,340,1,4,0,1,1,24,5,8,1,3,4,2,2,2,8,3700,9
session-case	emission-sealed-site-join	2	2,4,1,8,0,4,0,0,1,8,12,5,8,1,3,4,4,4,4,0,0,4/2,1,1,2,340,1,4,0,1,1,24,5,8,1,3,4,2,2,2,8,3700,9
session-case	emission-sealed-site-first-work	2	2,4,1,8,0,4,0,0,1,8,12,5,8,1,3,4,4,4,4,0,0,4/2,1,1,2,340,1,4,0,1,1,24,5,8,1,3,4,2,2,2,8,3700,9
session-case	emission-sealed-site-second-work	2	2,4,1,8,0,4,0,0,1,8,12,5,8,1,3,4,4,4,4,0,0,4/2,1,1,2,340,1,4,0,1,1,24,5,8,1,3,4,2,2,2,8,3700,9
session-case	emission-sealed-site-allocates	2	2,4,1,8,0,4,0,0,1,8,12,5,8,1,3,4,4,4,4,0,0,4/2,1,1,2,340,1,4,0,1,1,24,5,8,1,3,4,2,2,2,8,3700,9
session-case	emission-sealed-site-explicit	2	2,4,1,8,0,4,0,0,1,8,12,5,8,1,3,4,4,4,4,0,0,4/2,1,1,2,340,1,4,0,1,1,24,5,8,1,3,4,2,2,2,8,3700,9
session-case	work	2	2,4,1,8,0,4,0,0,1,5,15,5,8,1,3,4,4,4,0,0,0,4/2,1,1,2,142,1,3,0,1,1,19,5,8,1,3,4,1,1,0,6,1748,8
session-case	emission-derived-counted-controller	2	2,4,1,8,0,4,0,0,1,5,15,5,8,1,3,4,4,4,0,0,0,4/2,1,1,2,142,1,3,0,1,1,19,5,8,1,3,4,2,2,0,4,798,8
session-case	emission-derived-counted-start	2	2,4,1,8,0,4,0,0,1,5,15,5,8,1,3,4,4,4,0,0,0,4/2,1,1,2,142,1,3,0,1,1,19,5,8,1,3,4,2,2,0,4,798,8
session-case	emission-derived-counted-bound	2	2,4,1,8,0,4,0,0,1,5,15,5,8,1,3,4,4,4,0,0,0,4/2,1,1,2,142,1,3,0,1,1,19,5,8,1,3,4,2,2,0,4,798,8
session-case	emission-derived-counted-step	2	2,4,1,8,0,4,0,0,1,5,15,5,8,1,3,4,4,4,0,0,0,4/2,1,1,2,142,1,3,0,1,1,19,5,8,1,3,4,2,2,0,4,798,8
session-case	emission-derived-counted-iterations	2	2,4,1,8,0,4,0,0,1,5,15,5,8,1,3,4,4,4,0,0,0,4/2,1,1,2,142,1,3,0,1,1,19,5,8,1,3,4,2,2,0,4,798,8
session-case	emission-derived-counted-base	2	2,4,1,8,0,4,0,0,1,5,15,5,8,1,3,4,4,4,0,0,0,4/2,1,1,2,142,1,3,0,1,1,19,5,8,1,3,4,2,2,0,4,798,8
session-case	emission-derived-counted-body	2	2,4,1,8,0,4,0,0,1,5,15,5,8,1,3,4,4,4,0,0,0,4/2,1,1,2,142,1,3,0,1,1,19,5,8,1,3,4,2,2,0,4,798,8
session-case	emission-derived-counted-item	2	2,4,1,8,0,4,0,0,1,5,15,5,8,1,3,4,4,4,0,0,0,4/2,1,1,2,142,1,3,0,1,1,19,5,8,1,3,4,4,4,0,0,0,5
session-case	emission-derived-counted-absent	2	2,4,1,8,0,4,0,0,1,5,15,5,8,1,3,4,4,4,0,0,0,4/2,1,1,2,142,1,3,0,1,1,19,5,8,1,3,4,4,4,0,0,0,5
session-case	emission-derived-plan-function	2	2,3,1,6,0,3,0,0,1,3,12,5,8,1,3,4,3,3,0,0,0,3/2,1,1,2,52,1,2,0,1,1,14,5,8,1,3,4,2,2,0,2,404,6
session-case	emission-derived-plan-local-region	2	2,3,1,6,0,3,0,0,1,3,12,5,8,1,3,4,3,3,0,0,0,3/2,1,1,2,52,1,2,0,1,1,14,5,8,1,3,4,2,2,0,2,404,6
session-case	emission-derived-plan-recursive	2	2,3,1,6,0,3,0,0,1,3,12,5,8,1,3,4,3,3,0,0,0,3/2,1,1,2,52,1,2,0,1,1,14,5,8,1,3,4,2,2,0,2,404,6
session-case	emission-derived-plan-allocations	2	2,3,1,6,0,3,0,0,1,3,12,5,8,1,3,4,3,3,0,0,0,3/2,1,1,2,110,1,2,0,1,1,14,5,8,1,3,4,2,2,0,2,404,6
session-case	emission-derived-plan-allocation-site	2	2,3,1,6,0,3,0,0,1,3,12,5,8,1,3,4,3,3,0,0,0,3/2,1,1,2,110,1,2,0,1,1,14,5,8,1,3,4,2,2,0,2,404,6
session-case	emission-derived-plan-allocation-region	2	2,3,1,6,0,3,0,0,1,3,12,5,8,1,3,4,3,3,0,0,0,3/2,1,1,2,110,1,2,0,1,1,14,5,8,1,3,4,2,2,0,2,404,6
session-case	work	3	2,3,1,6,0,3,0,0,1,3,12,5,8,1,3,4,3,3,0,0,0,3/2,0,0,0,88,0,3,0,1,0,15,5,8,0,3,4,0,0,0,0,0,3/2,1,1,2,52,1,2,0,1,1,14,5,8,1,3,4,1,1,0,4,751,6
session-case	corrupt	3	2,3,1,6,0,3,0,0,1,3,12,5,8,1,3,4,3,3,0,0,0,3/0,0,1,0,0,0,0,0,0,0,0,0,0,1,0,0,3,3,0,0,0,3/2,1,1,2,52,1,2,0,1,1,14,5,8,1,3,4,1,1,0,4,751,6
session-case	missing-code	3	2,3,1,6,0,3,0,0,1,3,12,5,8,1,3,4,3,3,0,0,0,3/0,0,1,0,0,0,0,0,0,0,0,0,0,1,0,0,3,3,0,0,0,3/2,1,1,2,52,1,2,0,1,1,14,5,8,1,3,4,1,1,0,4,751,6
session-case	emission-seal	3	2,3,1,6,0,3,0,0,1,3,12,5,8,1,3,4,3,3,0,0,0,3/0,0,0,0,0,0,0,0,0,0,0,0,0,0,0,0,0,0,0,0,0,0/2,1,1,2,52,1,2,0,1,1,14,5,8,1,3,4,3,3,0,0,0,3
session-case	work	2	2,6,1,12,0,6,0,0,1,11,19,5,8,1,3,4,6,6,6,0,0,6/2,1,1,2,494,1,6,0,1,1,34,5,8,1,3,4,1,1,0,18,8784,13
session-case	work	2	2,6,1,12,0,6,0,0,1,11,19,5,8,1,3,4,6,6,6,0,0,6/2,1,1,2,414,1,5,0,1,2,28,5,8,1,3,4,2,2,2,12,6153,12
session-case	work	2	2,6,1,12,0,6,0,0,1,11,19,5,8,1,3,4,6,6,6,0,0,6/2,1,1,2,414,1,5,0,1,2,28,5,8,1,3,4,2,2,0,12,6153,12
session-case	work	2	2,65,1,130,0,65,0,0,1,66,259,5,8,1,3,4,65,65,126,0,0,65/2,1,1,2,6260,1,65,0,1,1,329,5,8,1,3,4,2,2,2,252,153667,131
session-case	work	2	2,66,1,132,0,66,0,0,1,67,263,5,8,1,3,4,66,66,126,0,0,66/2,1,1,2,6358,1,66,0,1,1,334,5,8,1,3,4,2,2,2,254,154425,133
session-case	work	2	2,67,1,134,0,67,0,0,1,68,267,5,8,1,3,4,67,67,126,0,0,67/2,1,1,2,6456,1,67,0,1,1,339,5,8,1,3,4,2,2,2,256,155183,135
session-case	work	2	2,3,1,6,0,3,0,0,1,4,11,5,8,1,3,4,3,3,126,0,0,3/2,1,1,2,2670,1,3,0,1,1,19,5,8,1,3,4,1,1,0,132,103935,7
session-case	work	2	2,3,1,6,0,3,0,0,1,4,11,5,8,1,3,4,3,3,128,0,0,3/2,1,1,2,2710,1,3,0,1,1,19,5,8,1,3,4,1,1,0,134,105580,7
session-case	work	2	2,3,1,6,0,3,0,0,1,4,11,5,8,1,3,4,3,3,128,0,0,3/2,1,1,2,2750,1,3,0,1,1,19,5,8,1,3,4,1,1,0,134,105895,7
session-retained-native	wrappers	exact
session-retained-native	mixed	exact
session-captured-input	exact	file-replaced-before-preparation
session-case	work	2	3,2,1,4,0,2,0,0,1,3,7,5,8,1,3,4,2,2,0,0,0,2/3,1,1,2,44,1,1,0,1,2,8,5,8,1,3,4,1,1,0,2,443,4
session-case	work	2	3,2,1,4,0,2,0,0,1,3,7,5,8,1,3,4,2,2,0,0,0,2/3,1,1,2,40,1,1,0,1,2,8,5,8,1,3,4,2,2,0,0,0,4
session-case	work	2	3,2,1,4,0,2,0,0,1,3,7,5,8,1,3,4,2,2,0,0,0,2/3,2,1,4,0,2,0,0,1,3,7,5,8,1,3,4,2,2,0,0,0,4
session-case	work	2	3,2,1,4,0,2,0,0,1,3,7,5,8,1,3,4,2,2,0,0,0,2/3,2,1,4,0,2,0,0,1,3,7,5,8,1,3,4,2,2,0,0,0,4
session-case	work	2	3,2,1,4,0,2,0,0,1,3,7,5,8,1,3,4,2,2,0,0,0,2/3,1,1,3,64,1,2,0,1,1,14,5,8,1,3,4,1,1,0,4,878,5
session-case	work	2	3,3,1,6,0,3,0,0,1,4,11,5,8,1,3,4,3,3,0,0,0,3/3,0,1,1,64,0,2,0,1,0,10,5,8,1,3,4,0,0,0,4,878,5
session-case	work	2	3,2,1,4,0,2,0,0,1,3,7,5,8,1,3,4,2,2,0,0,0,2/3,1,1,2,44,1,1,0,1,2,8,5,8,1,3,4,1,1,0,2,443,4
session-case	recover	3	3,2,1,4,0,2,0,0,1,3,7,5,8,1,3,4,2,2,0,0,0,2/3,1,0,2,44,0,0,0,0,0,0,0,0,0,0,0,0,0,0,0,0,0/0,0,0,0,0,0,0,0,0,0,0,0,0,0,0,0,0,0,0,0,0,0
session-case	recover	3	3,2,1,4,0,2,0,0,1,3,7,5,8,1,3,4,2,2,0,0,0,2/3,1,0,2,44,0,0,0,0,0,0,0,0,0,0,0,0,0,0,0,0,0/0,0,0,0,0,0,0,0,0,0,0,0,0,0,0,0,0,0,0,0,0,0
session-case	work	2	3,2,1,4,0,2,0,0,1,3,7,5,8,1,3,4,2,2,0,0,0,2/3,1,1,2,44,1,1,0,1,2,8,5,8,1,3,4,1,1,0,2,443,4
session-case	recover	3	3,2,1,4,0,2,0,0,1,3,7,5,8,1,3,4,2,2,0,0,0,2/3,1,0,2,44,0,0,0,0,0,0,0,0,0,0,0,0,0,0,0,0,0/0,0,0,0,0,0,0,0,0,0,0,0,0,0,0,0,0,0,0,0,0,0
session-case	recover	3	3,2,1,4,0,2,0,0,1,3,7,5,8,1,3,4,2,2,0,0,0,2/3,1,0,2,44,0,0,0,0,0,0,0,0,0,0,0,0,0,0,0,0,0/0,0,0,0,0,0,0,0,0,0,0,0,0,0,0,0,0,0,0,0,0,0
session-case	work	2	3,2,1,4,0,2,0,0,1,3,7,5,8,1,3,4,2,2,0,0,0,2/3,1,1,2,44,1,1,0,1,2,8,5,8,1,3,4,1,1,0,2,443,4
session-case	recover	3	3,2,1,4,0,2,0,0,1,3,7,5,8,1,3,4,2,2,0,0,0,2/3,1,0,2,44,0,0,0,0,0,0,0,0,0,0,0,0,0,0,0,0,0/0,0,0,0,0,0,0,0,0,0,0,0,0,0,0,0,0,0,0,0,0,0
session-case	recover	3	3,2,1,4,0,2,0,0,1,3,7,5,8,1,3,4,2,2,0,0,0,2/3,1,0,2,44,0,0,0,0,0,0,0,0,0,0,0,0,0,0,0,0,0/0,0,0,0,0,0,0,0,0,0,0,0,0,0,0,0,0,0,0,0,0,0
session-case	plan-entries	2	3,2,1,4,0,2,0,0,1,3,7,5,8,1,3,4,2,2,0,0,0,2/3,1,1,2,40,2,0,0,1,2,8,5,8,1,3,4,2,2,0,0,0,4
session-case	plan-slots	2	3,2,1,4,0,2,0,0,1,3,7,5,8,1,3,4,2,2,0,0,0,2/3,1,1,2,40,2,0,0,1,2,8,5,8,1,3,4,2,2,0,0,0,4
session-case	plan-values	2	3,2,1,4,0,2,0,0,1,3,7,5,8,1,3,4,2,2,0,0,0,2/3,1,1,2,40,2,0,0,1,2,8,5,8,1,3,4,2,2,0,0,0,4
session-case	plan-tag	2	3,2,1,4,0,2,0,0,1,3,7,5,8,1,3,4,2,2,0,0,0,2/3,1,1,2,40,2,0,0,1,2,8,5,8,1,3,4,2,2,0,0,0,4
session-case	plan-node	2	3,2,1,4,0,2,0,0,1,3,7,5,8,1,3,4,2,2,0,0,0,2/3,1,1,2,40,2,0,0,1,2,8,5,8,1,3,4,2,2,0,0,0,4
session-case	plan-byte	2	3,2,1,4,0,2,0,0,1,3,7,5,8,1,3,4,2,2,0,0,0,2/3,1,1,2,40,2,0,0,1,2,8,5,8,1,3,4,2,2,0,0,0,4
session-case	plan-owner	2	3,2,1,4,0,2,0,0,1,3,7,5,8,1,3,4,2,2,0,0,0,2/3,1,1,2,40,2,0,0,1,2,8,5,8,1,3,4,2,2,0,0,0,4
session-case	plan-source	2	3,2,1,4,0,2,0,0,1,3,7,5,8,1,3,4,2,2,0,0,0,2/3,1,1,2,40,2,0,0,1,2,8,5,8,1,3,4,2,2,0,0,0,4
session-case	plan-count	2	3,2,1,4,0,2,0,0,1,3,7,5,8,1,3,4,2,2,0,0,0,2/3,1,1,2,40,2,0,0,1,2,8,5,8,1,3,4,2,2,0,0,0,4
session-case	plan-start	2	3,2,1,4,0,2,0,0,1,3,7,5,8,1,3,4,2,2,0,0,0,2/3,1,1,2,40,2,0,0,1,2,8,5,8,1,3,4,2,2,0,0,0,4
session-case	plan-allocation-start	2	3,2,1,4,0,2,0,0,1,3,7,5,8,1,3,4,2,2,0,0,0,2/3,1,1,2,40,2,0,0,1,2,8,5,8,1,3,4,2,2,0,0,0,4
session-case	plan-destruction-count	2	3,2,1,4,0,2,0,0,1,3,7,5,8,1,3,4,2,2,0,0,0,2/3,1,1,2,40,2,0,0,1,2,8,5,8,1,3,4,2,2,0,0,0,4
session-case	work	2	3,2,1,4,0,2,0,0,1,3,7,5,8,1,3,4,2,2,0,0,0,2/3,1,1,2,40,1,1,0,1,2,8,5,8,1,3,4,2,2,0,0,0,4
session-case	range-wrapper	2	3,2,1,4,0,2,0,0,1,3,7,5,8,1,3,4,2,2,0,0,0,2/3,1,1,2,40,1,1,0,1,3,7,5,8,1,3,4,2,2,0,0,0,4
session-case	range-history	2	3,2,1,4,0,2,0,0,1,3,7,5,8,1,3,4,2,2,0,0,0,2/3,1,1,2,40,1,1,0,1,3,7,5,8,1,3,4,2,2,0,0,0,4
session-case	range-heads	2	3,2,1,4,0,2,0,0,1,3,7,5,8,1,3,4,2,2,0,0,0,2/3,1,1,2,40,1,1,0,1,3,7,5,8,1,3,4,2,2,0,0,0,4
session-case	range-head	2	3,2,1,4,0,2,0,0,1,3,7,5,8,1,3,4,2,2,0,0,0,2/3,1,1,2,40,1,1,0,1,3,7,5,8,1,3,4,2,2,0,0,0,4
session-case	range-entries	2	3,2,1,4,0,2,0,0,1,3,7,5,8,1,3,4,2,2,0,0,0,2/3,1,1,2,40,1,1,0,1,3,7,5,8,1,3,4,2,2,0,0,0,4
session-case	range-keys	2	3,2,1,4,0,2,0,0,1,3,7,5,8,1,3,4,2,2,0,0,0,2/3,1,1,2,40,1,1,0,1,3,7,5,8,1,3,4,2,2,0,0,0,4
session-case	range-key	2	3,2,1,4,0,2,0,0,1,3,7,5,8,1,3,4,2,2,0,0,0,2/3,1,1,2,40,1,1,0,1,3,7,5,8,1,3,4,2,2,0,0,0,4
session-case	range-facts	2	3,2,1,4,0,2,0,0,1,3,7,5,8,1,3,4,2,2,0,0,0,2/3,1,1,2,40,1,1,0,1,3,7,5,8,1,3,4,2,2,0,0,0,4
session-case	range-tag	2	3,2,1,4,0,2,0,0,1,3,7,5,8,1,3,4,2,2,0,0,0,2/3,1,1,2,40,1,1,0,1,3,7,5,8,1,3,4,2,2,0,0,0,4
session-case	range-node	2	3,2,1,4,0,2,0,0,1,3,7,5,8,1,3,4,2,2,0,0,0,2/3,1,1,2,40,1,1,0,1,3,7,5,8,1,3,4,2,2,0,0,0,4
session-case	range-owner	2	3,2,1,4,0,2,0,0,1,3,7,5,8,1,3,4,2,2,0,0,0,2/3,1,1,2,40,1,1,0,1,3,7,5,8,1,3,4,2,2,0,0,0,4
session-case	range-source	2	3,2,1,4,0,2,0,0,1,3,7,5,8,1,3,4,2,2,0,0,0,2/3,1,1,2,40,1,1,0,1,3,7,5,8,1,3,4,2,2,0,0,0,4
session-case	range-prefix	2	3,2,1,4,0,2,0,0,1,3,7,5,8,1,3,4,2,2,0,0,0,2/3,1,1,2,40,1,1,0,1,3,7,5,8,1,3,4,2,2,0,0,0,4
session-case	range-slice	2	3,2,1,4,0,2,0,0,1,3,7,5,8,1,3,4,2,2,0,0,0,2/3,1,1,2,40,1,1,0,1,3,7,5,8,1,3,4,2,2,0,0,0,4
session-case	range-next	2	3,2,1,4,0,2,0,0,1,3,7,5,8,1,3,4,2,2,0,0,0,2/3,1,1,2,40,1,1,0,1,3,7,5,8,1,3,4,2,2,0,0,0,4
session-case	range-key-start	2	3,2,1,4,0,2,0,0,1,3,7,5,8,1,3,4,2,2,0,0,0,2/3,1,1,2,40,1,1,0,1,3,7,5,8,1,3,4,2,2,0,0,0,4
session-case	range-key-count	2	3,2,1,4,0,2,0,0,1,3,7,5,8,1,3,4,2,2,0,0,0,2/3,1,1,2,40,1,1,0,1,3,7,5,8,1,3,4,2,2,0,0,0,4
session-case	range-fact-start	2	3,2,1,4,0,2,0,0,1,3,7,5,8,1,3,4,2,2,0,0,0,2/3,1,1,2,40,1,1,0,1,3,7,5,8,1,3,4,2,2,0,0,0,4
session-case	range-recurrence-start	2	3,2,1,4,0,2,0,0,1,3,7,5,8,1,3,4,2,2,0,0,0,2/3,1,1,2,40,1,1,0,1,3,7,5,8,1,3,4,2,2,0,0,0,4
session-case	range-recurrence-count	2	3,2,1,4,0,2,0,0,1,3,7,5,8,1,3,4,2,2,0,0,0,2/3,1,1,2,40,1,1,0,1,3,7,5,8,1,3,4,2,2,0,0,0,4
session-case	range-counted-slice-start	2	3,2,1,4,0,2,0,0,1,3,7,5,8,1,3,4,2,2,0,0,0,2/3,1,1,2,40,1,1,0,1,3,7,5,8,1,3,4,2,2,0,0,0,4
session-case	range-counted-count	2	3,2,1,4,0,2,0,0,1,3,7,5,8,1,3,4,2,2,0,0,0,2/3,1,1,2,40,1,1,0,1,3,7,5,8,1,3,4,2,2,0,0,0,4
session-case	range-key-node	2	3,2,1,4,0,2,0,0,1,3,7,5,8,1,3,4,2,2,0,0,0,2/3,1,1,2,40,1,1,0,1,3,7,5,8,1,3,4,2,2,0,0,0,4
session-case	range-key-entry	2	3,2,1,4,0,2,0,0,1,3,7,5,8,1,3,4,2,2,0,0,0,2/3,1,1,2,40,1,1,0,1,3,7,5,8,1,3,4,2,2,0,0,0,4
session-case	range-key-lower	2	3,2,1,4,0,2,0,0,1,3,7,5,8,1,3,4,2,2,0,0,0,2/3,1,1,2,40,1,1,0,1,3,7,5,8,1,3,4,2,2,0,0,0,4
session-case	range-key-upper	2	3,2,1,4,0,2,0,0,1,3,7,5,8,1,3,4,2,2,0,0,0,2/3,1,1,2,40,1,1,0,1,3,7,5,8,1,3,4,2,2,0,0,0,4
session-case	range-fact-lower	2	3,2,1,4,0,2,0,0,1,3,7,5,8,1,3,4,2,2,0,0,0,2/3,1,1,2,40,1,1,0,1,3,7,5,8,1,3,4,2,2,0,0,0,4
session-case	range-fact-upper	2	3,2,1,4,0,2,0,0,1,3,7,5,8,1,3,4,2,2,0,0,0,2/3,1,1,2,40,1,1,0,1,3,7,5,8,1,3,4,2,2,0,0,0,4
session-case	range-fact-order	2	3,2,1,4,0,2,0,0,1,3,7,5,8,1,3,4,2,2,0,0,0,2/3,1,1,2,40,1,1,0,1,3,7,5,8,1,3,4,2,2,0,0,0,4
session-case	range-budget	2	3,2,1,4,0,2,0,0,1,3,7,5,8,1,3,4,2,2,0,0,0,2/0,0,0,0,0,0,0,0,0,0,0,0,0,0,0,0,0,0,0,0,0,0
session-case	range-refinements	2	3,2,1,4,0,2,0,0,1,3,7,5,8,1,3,4,2,2,0,0,0,2/3,1,1,2,72,1,1,0,1,3,7,5,8,1,3,4,2,2,0,0,0,4
session-case	range-parent	2	3,2,1,4,0,2,0,0,1,3,7,5,8,1,3,4,2,2,0,0,0,2/3,1,1,2,72,1,1,0,1,3,7,5,8,1,3,4,2,2,0,0,0,4
session-case	range-refinement-node	2	3,2,1,4,0,2,0,0,1,3,7,5,8,1,3,4,2,2,0,0,0,2/3,1,1,2,72,1,1,0,1,3,7,5,8,1,3,4,2,2,0,0,0,4
session-case	range-refinement-value	2	3,2,1,4,0,2,0,0,1,3,7,5,8,1,3,4,2,2,0,0,0,2/3,1,1,2,72,1,1,0,1,3,7,5,8,1,3,4,2,2,0,0,0,4
session-case	range-budget	2	3,2,1,4,0,2,0,0,1,3,7,5,8,1,3,4,2,2,0,0,0,2/0,0,0,0,0,0,0,0,0,0,0,0,0,0,0,0,0,0,0,0,0,0
session-case	range-storage	2	3,2,1,4,0,2,0,0,1,3,7,5,8,1,3,4,2,2,0,0,0,2/0,0,0,0,0,0,0,0,0,0,0,0,0,0,0,0,0,0,0,0,0,0
session-case	range-refinement-start	2	3,2,1,4,0,2,0,0,1,3,7,5,8,1,3,4,2,2,0,0,0,2/3,1,1,2,72,1,1,0,1,3,7,5,8,1,3,4,2,2,0,0,0,4
session-case	range-refinement-count	2	3,2,1,4,0,2,0,0,1,3,7,5,8,1,3,4,2,2,0,0,0,2/3,1,1,2,72,1,1,0,1,3,7,5,8,1,3,4,2,2,0,0,0,4
session-case	work	2	3,2,1,4,0,2,0,0,1,3,7,5,8,1,3,4,2,2,0,0,0,2/3,1,1,2,80,1,1,0,1,1,9,5,8,1,3,4,1,1,0,2,637,4
session-case	range-recurrences	2	3,2,1,4,0,2,0,0,1,3,7,5,8,1,3,4,2,2,0,0,0,2/3,1,1,2,80,1,1,0,1,3,7,5,8,1,3,4,1,1,0,2,637,4
session-case	range-recurrence-item	2	3,2,1,4,0,2,0,0,1,3,7,5,8,1,3,4,2,2,0,0,0,2/3,1,1,2,80,1,1,0,1,2,8,5,8,1,3,4,1,1,0,2,637,4
session-case	range-recurrence-position	2	3,2,1,4,0,2,0,0,1,3,7,5,8,1,3,4,2,2,0,0,0,2/3,1,1,2,80,1,1,0,1,2,8,5,8,1,3,4,1,1,0,2,637,4
session-case	range-recurrence-bound	2	3,2,1,4,0,2,0,0,1,3,7,5,8,1,3,4,2,2,0,0,0,2/3,1,1,2,80,1,1,0,1,2,8,5,8,1,3,4,1,1,0,2,637,4
session-case	range-recurrence-step	2	3,2,1,4,0,2,0,0,1,3,7,5,8,1,3,4,2,2,0,0,0,2/3,1,1,2,80,1,1,0,1,2,8,5,8,1,3,4,1,1,0,2,637,4
session-case	range-budget	2	3,2,1,4,0,2,0,0,1,3,7,5,8,1,3,4,2,2,0,0,0,2/0,0,0,0,0,0,0,0,0,0,0,0,0,0,0,0,0,0,0,0,0,0
session-case	work	2	3,2,1,4,0,2,0,0,1,3,7,5,8,1,3,4,2,2,0,0,0,2/3,1,1,2,126,1,2,0,1,1,14,5,8,1,3,4,1,1,0,4,1080,5
session-case	work	2	3,3,1,6,0,3,0,0,1,4,11,5,8,1,3,4,3,3,0,0,0,3/3,0,1,0,126,0,2,0,1,0,10,5,8,1,3,4,0,0,0,4,1080,5
session-case	work	2	3,2,1,4,0,2,0,0,1,3,7,5,8,1,3,4,2,2,0,0,0,2/3,1,1,2,80,1,1,0,1,1,9,5,8,1,3,4,1,1,0,2,996,4
session-case	range-counted	2	3,2,1,4,0,2,0,0,1,3,7,5,8,1,3,4,2,2,0,0,0,2/3,1,1,2,80,1,1,0,1,3,7,5,8,1,3,4,1,1,0,2,996,4
session-case	range-counted-item	2	3,2,1,4,0,2,0,0,1,3,7,5,8,1,3,4,2,2,0,0,0,2/3,1,1,2,80,1,1,0,1,2,8,5,8,1,3,4,1,1,0,2,996,4
session-case	range-counted-controller	2	3,2,1,4,0,2,0,0,1,3,7,5,8,1,3,4,2,2,0,0,0,2/3,1,1,2,80,1,1,0,1,2,8,5,8,1,3,4,1,1,0,2,996,4
session-case	range-counted-base	2	3,2,1,4,0,2,0,0,1,3,7,5,8,1,3,4,2,2,0,0,0,2/3,1,1,2,80,1,1,0,1,2,8,5,8,1,3,4,1,1,0,2,996,4
session-case	range-counted-body	2	3,2,1,4,0,2,0,0,1,3,7,5,8,1,3,4,2,2,0,0,0,2/3,1,1,2,80,1,1,0,1,2,8,5,8,1,3,4,1,1,0,2,996,4
session-case	range-counted-start	2	3,2,1,4,0,2,0,0,1,3,7,5,8,1,3,4,2,2,0,0,0,2/3,1,1,2,80,1,1,0,1,2,8,5,8,1,3,4,1,1,0,2,996,4
session-case	range-counted-bound	2	3,2,1,4,0,2,0,0,1,3,7,5,8,1,3,4,2,2,0,0,0,2/3,1,1,2,80,1,1,0,1,2,8,5,8,1,3,4,1,1,0,2,996,4
session-case	range-counted-step	2	3,2,1,4,0,2,0,0,1,3,7,5,8,1,3,4,2,2,0,0,0,2/3,1,1,2,80,1,1,0,1,2,8,5,8,1,3,4,1,1,0,2,996,4
session-case	range-counted-iterations	2	3,2,1,4,0,2,0,0,1,3,7,5,8,1,3,4,2,2,0,0,0,2/3,1,1,2,80,1,1,0,1,2,8,5,8,1,3,4,1,1,0,2,996,4
session-case	range-budget	2	3,2,1,4,0,2,0,0,1,3,7,5,8,1,3,4,2,2,0,0,0,2/0,0,0,0,0,0,0,0,0,0,0,0,0,0,0,0,0,0,0,0,0,0
session-case	work	2	3,2,1,4,0,2,0,0,1,3,7,5,8,1,3,4,2,2,0,0,0,2/3,1,1,2,126,1,2,0,1,1,14,5,8,1,3,4,1,1,0,4,1439,5
session-case	work	2	3,3,1,6,0,3,0,0,1,4,11,5,8,1,3,4,3,3,0,0,0,3/3,0,1,0,126,0,2,0,1,0,10,5,8,1,3,4,0,0,0,4,1439,5
session-case	range-counted-positive	2	3,2,1,4,0,2,0,0,1,3,7,5,8,1,3,4,2,2,0,0,0,2/3,1,1,2,80,1,1,0,1,1,9,5,8,1,3,4,1,1,0,2,438,4
session-case	range-counted-positive	2	3,2,1,4,0,2,0,0,1,3,7,5,8,1,3,4,2,2,0,0,0,2/3,1,1,2,80,1,1,0,1,1,9,5,8,1,3,4,1,1,0,2,624,4
session-case	range-counted-positive	2	3,2,1,4,0,2,0,0,1,3,7,5,8,1,3,4,2,2,0,0,0,2/3,1,1,2,80,1,1,0,1,1,9,5,8,1,3,4,1,1,0,2,3243,4
session-case	range-counted-positive	2	3,2,1,4,0,2,0,0,1,3,7,5,8,1,3,4,2,2,0,0,0,2/3,1,1,2,80,1,1,0,1,1,9,5,8,1,3,4,1,1,0,2,3430,4
session-case	range-counted-unknown	2	3,2,1,4,0,2,0,0,1,3,7,5,8,1,3,4,2,2,0,0,0,2/3,1,1,2,80,1,1,0,1,1,9,5,8,1,3,4,1,1,0,2,638,4
session-case	work	2	3,2,1,4,0,2,0,0,1,3,7,5,8,1,3,4,2,2,0,0,0,2/3,1,1,2,40,1,1,0,1,2,8,5,8,1,3,4,2,2,0,0,0,4
session-case	work	2	3,2,1,4,0,2,0,0,1,3,7,5,8,1,3,4,2,2,0,0,0,2/3,1,1,2,40,1,1,0,1,2,8,5,8,1,3,4,2,2,0,0,0,4
session-case	work	2	3,2,1,4,0,2,0,0,1,3,7,5,8,1,3,4,2,2,0,0,0,2/3,1,1,2,40,1,1,0,1,2,8,5,8,1,3,4,2,2,0,0,0,4
session-case	work	2	3,2,1,4,0,2,0,0,1,3,7,5,8,1,3,4,2,2,0,0,0,2/3,1,1,2,40,1,1,0,1,2,8,5,8,1,3,4,2,2,0,0,0,4
session-case	work	2	3,2,1,4,0,2,0,0,1,3,7,5,8,1,3,4,2,2,0,0,0,2/3,1,1,2,40,1,1,0,1,2,8,5,8,1,3,4,2,2,0,0,0,4
session-case	work	2	3,2,1,4,0,2,0,0,1,3,7,5,8,1,3,4,2,2,0,0,0,2/3,1,1,2,40,1,1,0,1,2,8,5,8,1,3,4,2,2,0,0,0,4
session-case	work	2	3,2,1,4,0,2,0,0,1,3,7,5,8,1,3,4,2,2,0,0,0,2/3,1,1,2,40,1,1,0,1,2,8,5,8,1,3,4,2,2,0,0,0,4
session-case	work	2	3,2,1,4,0,2,0,0,1,3,7,5,8,1,3,4,2,2,0,0,0,2/3,1,1,2,40,1,1,0,1,2,8,5,8,1,3,4,2,2,0,0,0,4
session-case	work	2	3,2,1,4,0,2,0,0,1,3,7,5,8,1,3,4,2,2,0,0,0,2/3,1,1,2,40,1,1,0,1,5,5,5,8,1,3,4,2,2,0,0,0,4
session-case	work	2	3,2,1,4,0,2,0,0,1,6,4,5,8,1,3,4,2,2,0,0,0,2/3,1,1,2,40,1,1,0,1,2,8,5,8,1,3,4,2,2,0,0,0,4
session-case	work	2	3,2,1,4,0,2,0,0,1,3,7,5,8,1,3,4,2,2,0,0,0,2/3,1,1,2,40,1,1,0,1,2,8,5,8,1,3,4,2,2,0,0,0,4
session-case	work	2	3,2,1,4,0,2,0,0,1,3,7,5,8,1,3,4,2,2,0,0,0,2/3,1,1,2,40,1,1,0,1,2,8,5,8,1,3,4,2,2,0,0,0,4
session-case	range-depth-known	2	3,5,1,10,0,5,0,0,1,12,13,5,8,1,3,4,5,5,0,0,0,5/3,1,1,2,184,1,4,0,1,5,20,5,8,1,3,4,5,5,0,0,0,10
session-case	range-depth-unknown	2	3,6,1,12,0,6,0,0,1,14,16,5,8,1,3,4,6,6,0,0,0,6/3,1,1,2,232,1,5,0,1,5,25,5,8,1,3,4,5,5,0,2,430,12
session-case	range-depth-unknown	2	3,7,1,14,0,7,0,0,1,16,19,5,8,1,3,4,7,7,0,0,0,7/3,1,1,2,280,1,6,0,1,5,30,5,8,1,3,4,5,5,0,4,954,14
session-case	range-depth-unknown	2	3,8,1,16,0,8,0,0,1,18,22,5,8,1,3,4,8,8,0,0,0,8/3,1,1,2,328,1,7,0,1,5,35,5,8,1,3,4,5,5,0,6,1478,16
session-case	range-refinement-boundary	2	3,32,1,64,0,32,0,0,1,33,127,5,8,1,3,4,32,32,0,0,0,32/3,1,1,2,2276,1,32,0,1,34,131,5,8,1,3,4,1,1,0,64,17366,65
session-case	range-refinement-boundary	2	3,33,1,66,0,33,0,0,1,34,131,5,8,1,3,4,33,33,0,0,0,33/3,1,1,2,2348,1,33,0,1,34,136,5,8,1,3,4,2,2,0,64,17366,67
session-case	range-refinement-boundary	2	3,34,1,68,0,34,0,0,1,35,135,5,8,1,3,4,34,34,0,0,0,34/3,1,1,2,2420,1,34,0,1,34,141,5,8,1,3,4,2,2,0,66,17913,69
session-case	work	2	3,2,1,4,0,2,0,0,1,3,7,5,8,1,3,4,2,2,0,0,0,2/3,1,1,2,818,1,2,0,1,1,14,5,8,1,3,4,1,1,0,4,6289,5
session-case	work	2	3,3,1,6,0,3,0,0,1,4,11,5,8,1,3,4,3,3,0,0,0,3/3,0,1,2,442,0,3,0,1,0,15,5,8,1,3,4,0,0,0,6,6633,6
session-case	work	2	3,2,1,4,0,2,0,0,1,3,7,5,8,1,3,4,2,2,0,0,0,2/3,1,1,2,830,1,2,0,1,1,14,5,8,1,3,4,1,1,0,4,6378,5
session-case	work	2	3,3,1,6,0,3,0,0,1,4,11,5,8,1,3,4,3,3,0,0,0,3/3,0,1,2,448,0,3,0,1,0,15,5,8,1,3,4,0,0,0,6,6722,6
session-case	work	2	3,2,1,4,0,2,0,0,1,3,7,5,8,1,3,4,2,2,0,0,0,2/3,1,1,2,842,1,2,0,1,1,14,5,8,1,3,4,1,1,0,4,6467,5
session-case	work	2	3,3,1,6,0,3,0,0,1,4,11,5,8,1,3,4,3,3,0,0,0,3/3,0,1,2,454,0,3,0,1,0,15,5,8,1,3,4,0,0,0,6,6811,6
session-case	plan-tail-tag	2	3,2,1,4,0,2,0,0,1,3,7,5,8,1,3,4,2,2,0,0,0,2/3,1,1,2,798,2,0,0,1,2,8,5,8,1,3,4,2,2,0,0,0,4
session-case	recover	3	3,2,1,4,0,2,0,0,1,3,7,5,8,1,3,4,2,2,0,0,0,2/3,1,0,2,40,0,0,0,0,0,0,0,0,0,0,0,0,0,0,0,0,0/0,0,0,0,0,0,0,0,0,0,0,0,0,0,0,0,0,0,0,0,0,0
session-case	plan-budget	2	3,2,1,4,0,2,0,0,1,3,7,5,8,1,3,4,2,2,0,0,0,2/0,0,0,0,0,0,0,0,0,0,0,0,0,0,0,0,0,0,0,0,0,0
session-case	plan-budget	2	3,2,1,4,0,2,0,0,1,3,7,5,8,1,3,4,2,2,0,0,0,2/0,0,0,0,0,0,0,0,0,0,0,0,0,0,0,0,0,0,0,0,0,0
session-case	plan-allocations	2	3,2,1,4,0,2,0,0,1,3,7,5,8,1,3,4,2,2,0,0,0,2/3,1,1,2,88,2,0,0,1,2,8,5,8,1,3,4,2,2,0,0,0,4
session-case	plan-destructions	2	3,2,1,4,0,2,0,0,1,3,7,5,8,1,3,4,2,2,0,0,0,2/3,1,1,2,88,2,0,0,1,2,8,5,8,1,3,4,2,2,0,0,0,4
session-case	plan-allocation-node	2	3,2,1,4,0,2,0,0,1,3,7,5,8,1,3,4,2,2,0,0,0,2/3,1,1,2,88,2,0,0,1,2,8,5,8,1,3,4,2,2,0,0,0,4
session-case	plan-destruction-node	2	3,2,1,4,0,2,0,0,1,3,7,5,8,1,3,4,2,2,0,0,0,2/3,1,1,2,88,2,0,0,1,2,8,5,8,1,3,4,2,2,0,0,0,4
session-case	work	2	3,2,1,8,0,2,0,0,1,2,8,5,8,1,3,4,2,2,0,0,0,4/3,1,1,2,86,1,1,0,1,1,9,5,8,1,3,4,1,1,0,2,396,8
session-case	work	2	3,2,1,8,0,2,0,0,1,2,8,5,8,1,3,4,2,2,0,0,0,4/3,1,1,2,82,1,1,0,1,1,9,5,8,1,3,4,1,1,0,2,396,8
session-case	history-token-fit	2	3,2,1,4,0,2,0,0,1,3,7,5,8,1,3,4,2,2,0,0,0,2/0,0,0,0,0,0,0,0,0,0,0,0,0,0,0,0,0,0,0,0,0,0
session-case	history-token-under	2	3,2,1,4,0,2,0,0,1,3,7,5,8,1,3,4,2,2,0,0,0,2/0,0,0,0,0,0,0,0,0,0,0,0,0,0,0,0,0,0,0,0,0,0
session-case	history-lexeme-fit	2	3,2,1,4,0,2,0,0,1,2,8,5,8,1,3,4,2,2,0,0,0,2/0,0,0,0,0,0,0,0,0,0,0,0,0,0,0,0,0,0,0,0,0,0
session-case	history-lexeme-under	2	3,2,1,4,0,2,0,0,1,2,8,5,8,1,3,4,2,2,0,0,0,2/0,0,0,0,0,0,0,0,0,0,0,0,0,0,0,0,0,0,0,0,0,0
session-case	work	2	3,2,1,4,0,2,0,0,1,3,7,5,8,1,3,4,2,2,0,0,0,2/3,2,1,4,0,2,0,0,1,3,7,5,8,1,3,4,2,2,0,0,0,4
session-case	work	2	3,2,1,4,0,2,0,0,1,3,7,5,8,1,3,4,2,2,0,0,0,2/3,2,1,4,0,2,0,0,1,3,7,5,8,1,3,4,2,2,0,0,0,4
session-case	work	2	2,1,1,2,0,1,0,0,1,1,4,5,8,1,3,4,1,1,0,0,0,1/3,2,1,4,0,2,0,0,1,3,7,5,8,1,3,4,2,2,0,0,0,3
session-case	work	2	3,2,1,4,0,2,0,0,1,3,7,5,8,1,3,4,2,2,0,0,0,2/2,1,1,2,0,1,0,0,1,1,4,5,8,1,3,4,1,1,0,0,0,3
session-case	reinsert	3	3,2,1,4,0,2,0,0,1,3,7,5,8,1,3,4,2,2,0,0,0,2/2,1,1,2,0,1,0,0,1,1,4,5,8,1,3,4,1,1,0,0,0,3/3,2,1,4,0,2,0,0,1,3,7,5,8,1,3,4,2,2,0,0,0,3
session-case	recover	3	3,2,1,4,0,2,0,0,1,3,7,5,8,1,3,4,2,2,0,0,0,2/0,0,0,0,0,0,0,0,0,0,0,0,0,0,0,0,0,0,0,0,0,0/0,0,0,0,0,0,0,0,0,0,0,0,0,0,0,0,0,0,0,0,0,0
session-case	work	2	3,2,1,4,0,2,0,0,1,3,7,5,8,1,3,4,2,2,0,0,0,2/4,1,1,2,84,1,2,0,1,1,14,5,8,1,3,4,1,1,0,4,878,5
session-case	reinsert	3	4,3,1,6,0,3,0,0,1,4,11,5,8,1,3,4,3,3,0,0,0,3/3,0,1,0,84,0,2,0,1,0,10,5,8,1,3,4,0,0,0,4,878,5/4,1,1,2,84,1,2,0,1,1,14,5,8,1,3,4,1,1,0,4,878,5
session-case	work	2	3,3,1,6,0,3,0,0,1,4,11,5,8,1,3,4,3,3,0,0,0,3/3,0,1,2,75,0,3,0,1,0,15,5,8,1,3,4,0,0,0,6,1218,6
session-case	work	2	3,2,1,4,0,2,0,0,1,3,7,5,8,1,3,4,2,2,0,0,0,2/3,1,1,2,46,1,1,0,1,2,8,5,8,1,3,4,1,1,0,2,443,4
session-case	work	2	2,3,1,10,0,3,0,0,1,4,11,5,8,1,3,4,3,3,0,0,0,5/2,2,1,4,72,2,1,0,1,3,12,5,8,1,3,4,2,2,0,2,354,10
session-case	work	2	2,4,1,12,0,4,0,0,1,6,14,5,8,1,3,4,4,4,0,0,0,6/2,2,1,4,166,2,2,0,1,4,16,5,8,1,3,4,2,2,0,4,1445,12
session-case	recover	3	2,4,1,12,0,4,0,0,1,6,14,5,8,1,3,4,4,4,0,0,0,6/2,1,0,2,196,0,0,0,0,0,0,0,0,0,0,0,0,0,0,0,0,0/0,0,0,0,0,0,0,0,0,0,0,0,0,0,0,0,0,0,0,0,0,0
session-rejection	wrong-entry	1
session-rejection	missing-export	1
session-rejection	missing-import	1
session-rejection	missing-module	1
session-rejection	wrong-identity	1
session-rejection	syntax-before-read	1
session-rejection	invalid-manifest	1
session-corpus	conformance/pass/branch_moves.slim
session-case	work	2	2,3,1,6,0,3,0,0,1,5,10,5,8,1,3,4,3,3,0,0,0,3/0,0,0,0,0,0,0,0,0,0,0,0,0,0,0,0,0,0,0,0,0,0
session-case	work	2	2,3,1,6,0,3,0,0,1,5,10,5,8,1,3,4,3,3,0,0,0,3/2,0,0,0,340,0,3,0,1,0,15,5,8,0,3,4,0,0,0,0,0,3
session-case	reinsert	3	2,3,1,6,0,3,0,0,1,5,10,5,8,1,3,4,3,3,0,0,0,3/2,1,1,2,340,1,3,0,1,1,19,5,8,1,3,4,1,1,0,6,3517,7/2,0,1,0,340,0,3,0,1,0,15,5,8,1,3,4,0,0,0,6,3517,7
session-corpus	conformance/pass/computed_variant_match.slim
session-case	work	2	2,1,1,4,0,1,0,0,1,1,4,5,8,1,3,4,1,1,0,0,0,2/0,0,0,0,0,0,0,0,0,0,0,0,0,0,0,0,0,0,0,0,0,0
session-case	work	2	2,1,1,4,0,1,0,0,1,1,4,5,8,1,3,4,1,1,0,0,0,2/2,0,0,0,152,0,1,0,1,0,5,5,8,0,3,4,0,0,0,0,0,2
session-case	reinsert	3	2,1,1,4,0,1,0,0,1,1,4,5,8,1,3,4,1,1,0,0,0,2/2,1,1,2,152,1,1,0,1,1,9,5,8,1,3,4,1,1,0,2,1257,5/2,0,1,0,152,0,1,0,1,0,5,5,8,1,3,4,0,0,0,2,1257,5
session-corpus	conformance/pass/conditional_result_moves.slim
session-case	work	2	2,2,1,4,0,2,0,0,1,3,7,5,8,1,3,4,2,2,0,0,0,2/0,0,0,0,0,0,0,0,0,0,0,0,0,0,0,0,0,0,0,0,0,0
session-case	work	2	2,2,1,4,0,2,0,0,1,3,7,5,8,1,3,4,2,2,0,0,0,2/2,0,0,0,432,0,2,0,1,0,10,5,8,0,3,4,0,0,0,0,0,2
session-case	reinsert	3	2,2,1,4,0,2,0,0,1,3,7,5,8,1,3,4,2,2,0,0,0,2/2,1,1,2,432,1,2,0,1,1,14,5,8,1,3,4,1,1,0,4,4243,5/2,0,1,0,432,0,2,0,1,0,10,5,8,1,3,4,0,0,0,4,4243,5
session-corpus	conformance/pass/data.slim
session-case	work	2	2,2,1,8,0,2,0,0,1,3,7,5,8,1,3,4,2,2,0,0,0,4/0,0,0,0,0,0,0,0,0,0,0,0,0,0,0,0,0,0,0,0,0,0
session-case	work	2	2,2,1,8,0,2,0,0,1,3,7,5,8,1,3,4,2,2,0,0,0,4/2,0,0,0,350,0,2,0,1,0,10,5,8,0,3,4,0,0,0,0,0,4
session-case	reinsert	3	2,2,1,8,0,2,0,0,1,3,7,5,8,1,3,4,2,2,0,0,0,4/2,1,1,2,350,1,2,0,1,1,14,5,8,1,3,4,1,1,0,4,2561,9/2,0,1,0,350,0,2,0,1,0,10,5,8,1,3,4,0,0,0,4,2561,9
session-corpus	conformance/pass/decimal_literals.slim
session-case	work	2	2,3,1,10,0,3,0,0,1,4,11,5,8,1,3,4,3,3,0,0,0,5/0,0,0,0,0,0,0,0,0,0,0,0,0,0,0,0,0,0,0,0,0,0
session-case	work	2	2,3,1,10,0,3,0,0,1,4,11,5,8,1,3,4,3,3,0,0,0,5/2,0,0,0,472,0,3,0,1,0,15,5,8,0,3,4,0,0,0,0,0,5
session-case	reinsert	3	2,3,1,10,0,3,0,0,1,4,11,5,8,1,3,4,3,3,0,0,0,5/2,1,1,2,472,1,3,0,1,1,19,5,8,1,3,4,1,1,0,6,3918,11/2,0,1,0,472,0,3,0,1,0,15,5,8,1,3,4,0,0,0,6,3918,11
session-corpus	conformance/pass/enum_collection_scope.slim
session-case	work	2	2,3,1,8,0,3,0,0,1,5,10,5,8,1,3,4,3,3,0,0,0,4/0,0,0,0,0,0,0,0,0,0,0,0,0,0,0,0,0,0,0,0,0,0
session-case	work	2	2,3,1,8,0,3,0,0,1,5,10,5,8,1,3,4,3,3,0,0,0,4/2,0,0,0,294,0,3,0,1,0,15,5,8,0,3,4,0,0,0,0,0,4
session-case	reinsert	3	2,3,1,8,0,3,0,0,1,5,10,5,8,1,3,4,3,3,0,0,0,4/2,1,1,2,294,1,3,0,1,1,19,5,8,1,3,4,1,1,0,6,3000,9/2,0,1,0,294,0,3,0,1,0,15,5,8,1,3,4,0,0,0,6,3000,9
session-corpus	conformance/pass/enum_copyable_repeated.slim
session-case	work	2	2,2,1,6,0,2,0,0,1,3,7,5,8,1,3,4,2,2,0,0,0,3/0,0,0,0,0,0,0,0,0,0,0,0,0,0,0,0,0,0,0,0,0,0
session-case	work	2	2,2,1,6,0,2,0,0,1,3,7,5,8,1,3,4,2,2,0,0,0,3/2,0,0,0,166,0,2,0,1,0,10,5,8,0,3,4,0,0,0,0,0,3
session-case	reinsert	3	2,2,1,6,0,2,0,0,1,3,7,5,8,1,3,4,2,2,0,0,0,3/2,1,1,2,166,1,2,0,1,1,14,5,8,1,3,4,1,1,0,4,1914,7/2,0,1,0,166,0,2,0,1,0,10,5,8,1,3,4,0,0,0,4,1914,7
session-corpus	conformance/pass/enum_empty_case.slim
session-case	work	2	2,2,1,6,0,2,0,0,1,3,7,5,8,1,3,4,2,2,0,0,0,3/0,0,0,0,0,0,0,0,0,0,0,0,0,0,0,0,0,0,0,0,0,0
session-case	work	2	2,2,1,6,0,2,0,0,1,3,7,5,8,1,3,4,2,2,0,0,0,3/2,0,0,0,210,0,2,0,1,0,10,5,8,0,3,4,0,0,0,0,0,3
session-case	reinsert	3	2,2,1,6,0,2,0,0,1,3,7,5,8,1,3,4,2,2,0,0,0,3/2,1,1,2,210,1,2,0,1,1,14,5,8,1,3,4,1,1,0,4,2485,7/2,0,1,0,210,0,2,0,1,0,10,5,8,1,3,4,0,0,0,4,2485,7
session-corpus	conformance/pass/enum_multiple_payloads.slim
session-case	work	2	2,2,1,6,0,2,0,0,1,3,7,5,8,1,3,4,2,2,0,0,0,3/0,0,0,0,0,0,0,0,0,0,0,0,0,0,0,0,0,0,0,0,0,0
session-case	work	2	2,2,1,6,0,2,0,0,1,3,7,5,8,1,3,4,2,2,0,0,0,3/2,0,0,0,294,0,2,0,1,0,10,5,8,0,3,4,0,0,0,0,0,3
session-case	reinsert	3	2,2,1,6,0,2,0,0,1,3,7,5,8,1,3,4,2,2,0,0,0,3/2,1,1,2,294,1,2,0,1,1,14,5,8,1,3,4,1,1,0,4,3005,7/2,0,1,0,294,0,2,0,1,0,10,5,8,1,3,4,0,0,0,4,3005,7
session-corpus	conformance/pass/enum_owned_branches.slim
session-case	work	2	2,2,1,6,0,2,0,0,1,3,7,5,8,1,3,4,2,2,0,0,0,3/0,0,0,0,0,0,0,0,0,0,0,0,0,0,0,0,0,0,0,0,0,0
session-case	work	2	2,2,1,6,0,2,0,0,1,3,7,5,8,1,3,4,2,2,0,0,0,3/2,0,0,0,260,0,2,0,1,0,10,5,8,0,3,4,0,0,0,0,0,3
session-case	reinsert	3	2,2,1,6,0,2,0,0,1,3,7,5,8,1,3,4,2,2,0,0,0,3/2,1,1,2,260,1,2,0,1,1,14,5,8,1,3,4,1,1,0,4,2833,7/2,0,1,0,260,0,2,0,1,0,10,5,8,1,3,4,0,0,0,4,2833,7
session-corpus	conformance/pass/enum_owned_multiple.slim
session-case	work	2	2,2,1,6,0,2,0,0,1,3,7,5,8,1,3,4,2,2,0,0,0,3/0,0,0,0,0,0,0,0,0,0,0,0,0,0,0,0,0,0,0,0,0,0
session-case	work	2	2,2,1,6,0,2,0,0,1,3,7,5,8,1,3,4,2,2,0,0,0,3/2,0,0,0,250,0,2,0,1,0,10,5,8,0,3,4,0,0,0,0,0,3
session-case	reinsert	3	2,2,1,6,0,2,0,0,1,3,7,5,8,1,3,4,2,2,0,0,0,3/2,1,1,2,250,1,2,0,1,1,14,5,8,1,3,4,1,1,0,4,2869,7/2,0,1,0,250,0,2,0,1,0,10,5,8,1,3,4,0,0,0,4,2869,7
session-corpus	conformance/pass/enum_owned_transfer.slim
session-case	work	2	2,2,1,6,0,2,0,0,1,3,7,5,8,1,3,4,2,2,0,0,0,3/0,0,0,0,0,0,0,0,0,0,0,0,0,0,0,0,0,0,0,0,0,0
session-case	work	2	2,2,1,6,0,2,0,0,1,3,7,5,8,1,3,4,2,2,0,0,0,3/2,0,0,0,214,0,2,0,1,0,10,5,8,0,3,4,0,0,0,0,0,3
session-case	reinsert	3	2,2,1,6,0,2,0,0,1,3,7,5,8,1,3,4,2,2,0,0,0,3/2,1,1,2,214,1,2,0,1,1,14,5,8,1,3,4,1,1,0,4,2121,7/2,0,1,0,214,0,2,0,1,0,10,5,8,1,3,4,0,0,0,4,2121,7
session-corpus	conformance/pass/enum_scalar_case.slim
session-case	work	2	2,2,1,6,0,2,0,0,1,3,7,5,8,1,3,4,2,2,0,0,0,3/0,0,0,0,0,0,0,0,0,0,0,0,0,0,0,0,0,0,0,0,0,0
session-case	work	2	2,2,1,6,0,2,0,0,1,3,7,5,8,1,3,4,2,2,0,0,0,3/2,0,0,0,240,0,2,0,1,0,10,5,8,0,3,4,0,0,0,0,0,3
session-case	reinsert	3	2,2,1,6,0,2,0,0,1,3,7,5,8,1,3,4,2,2,0,0,0,3/2,1,1,2,240,1,2,0,1,1,14,5,8,1,3,4,1,1,0,4,2771,7/2,0,1,0,240,0,2,0,1,0,10,5,8,1,3,4,0,0,0,4,2771,7
session-corpus	conformance/pass/enum_scope_exit.slim
session-case	work	2	2,3,1,8,0,3,0,0,1,5,10,5,8,1,3,4,3,3,0,0,0,4/0,0,0,0,0,0,0,0,0,0,0,0,0,0,0,0,0,0,0,0,0,0
session-case	work	2	2,3,1,8,0,3,0,0,1,5,10,5,8,1,3,4,3,3,0,0,0,4/2,0,0,0,276,0,3,0,1,0,15,5,8,0,3,4,0,0,0,0,0,4
session-case	reinsert	3	2,3,1,8,0,3,0,0,1,5,10,5,8,1,3,4,3,3,0,0,0,4/2,1,1,2,276,1,3,0,1,1,19,5,8,1,3,4,1,1,0,6,3201,9/2,0,1,0,276,0,3,0,1,0,15,5,8,1,3,4,0,0,0,6,3201,9
session-corpus	conformance/pass/enum_unknown_shared.slim
session-case	work	2	2,2,1,6,0,2,0,0,1,3,7,5,8,1,3,4,2,2,0,0,0,3/0,0,0,0,0,0,0,0,0,0,0,0,0,0,0,0,0,0,0,0,0,0
session-case	work	2	2,2,1,6,0,2,0,0,1,3,7,5,8,1,3,4,2,2,0,0,0,3/2,0,0,0,262,0,2,0,1,0,10,5,8,0,3,4,0,0,0,0,0,3
session-case	reinsert	3	2,2,1,6,0,2,0,0,1,3,7,5,8,1,3,4,2,2,0,0,0,3/2,1,1,2,262,1,2,0,1,1,14,5,8,1,3,4,1,1,0,4,2862,7/2,0,1,0,262,0,2,0,1,0,10,5,8,1,3,4,0,0,0,4,2862,7
session-corpus	conformance/pass/exclusive_assignment.slim
session-case	work	2	2,3,1,6,0,3,0,0,1,4,11,5,8,1,3,4,3,3,0,0,0,3/0,0,0,0,0,0,0,0,0,0,0,0,0,0,0,0,0,0,0,0,0,0
session-case	work	2	2,3,1,6,0,3,0,0,1,4,11,5,8,1,3,4,3,3,0,0,0,3/2,0,0,0,414,0,3,0,1,0,15,5,8,0,3,4,0,0,0,0,0,3
session-case	reinsert	3	2,3,1,6,0,3,0,0,1,4,11,5,8,1,3,4,3,3,0,0,0,3/2,1,1,2,414,1,3,0,1,1,19,5,8,1,3,4,1,1,0,6,3900,7/2,0,1,0,414,0,3,0,1,0,15,5,8,1,3,4,0,0,0,6,3900,7
session-corpus	conformance/pass/exclusive_assignment_counted.slim
session-case	work	2	2,3,1,6,0,3,0,0,1,4,11,5,8,1,3,4,3,3,0,0,0,3/0,0,0,0,0,0,0,0,0,0,0,0,0,0,0,0,0,0,0,0,0,0
session-case	work	2	2,3,1,6,0,3,0,0,1,4,11,5,8,1,3,4,3,3,0,0,0,3/2,0,0,0,398,0,3,0,1,0,15,5,8,0,3,4,0,0,0,0,0,3
session-case	reinsert	3	2,3,1,6,0,3,0,0,1,4,11,5,8,1,3,4,3,3,0,0,0,3/2,1,1,2,398,1,3,0,1,1,19,5,8,1,3,4,1,1,0,6,4847,7/2,0,1,0,398,0,3,0,1,0,15,5,8,1,3,4,0,0,0,6,4847,7
session-corpus	conformance/pass/familiar_syntax.slim
session-case	work	2	2,6,1,20,0,6,0,0,1,9,21,5,8,1,3,4,6,6,0,0,0,10/0,0,0,0,0,0,0,0,0,0,0,0,0,0,0,0,0,0,0,0,0,0
session-case	work	2	2,6,1,20,0,6,0,0,1,9,21,5,8,1,3,4,6,6,0,0,0,10/2,0,0,0,754,0,6,0,1,0,30,5,8,0,3,4,0,0,0,0,0,10
session-case	reinsert	3	2,6,1,20,0,6,0,0,1,9,21,5,8,1,3,4,6,6,0,0,0,10/2,1,1,2,754,1,6,0,1,1,34,5,8,1,3,4,1,1,0,12,6879,21/2,0,1,0,754,0,6,0,1,0,30,5,8,1,3,4,0,0,0,12,6879,21
session-corpus	conformance/pass/field_fresh_owner_shared.slim
session-case	work	2	2,2,1,6,0,2,0,0,1,2,8,5,8,1,3,4,2,2,0,0,0,3/0,0,0,0,0,0,0,0,0,0,0,0,0,0,0,0,0,0,0,0,0,0
session-case	work	2	2,2,1,6,0,2,0,0,1,2,8,5,8,1,3,4,2,2,0,0,0,3/2,0,0,0,212,0,2,0,1,0,10,5,8,0,3,4,0,0,0,0,0,3
session-case	reinsert	3	2,2,1,6,0,2,0,0,1,2,8,5,8,1,3,4,2,2,0,0,0,3/2,1,1,2,212,1,2,0,1,1,14,5,8,1,3,4,1,1,0,4,2286,7/2,0,1,0,212,0,2,0,1,0,10,5,8,1,3,4,0,0,0,4,2286,7
session-corpus	conformance/pass/file_input.slim
session-case	work	2	2,1,1,2,0,1,0,0,1,1,4,5,8,1,3,4,1,1,0,0,0,1/0,0,0,0,0,0,0,0,0,0,0,0,0,0,0,0,0,0,0,0,0,0
session-case	work	2	2,1,1,2,0,1,0,0,1,1,4,5,8,1,3,4,1,1,0,0,0,1/2,0,0,0,384,0,1,0,1,0,5,5,8,0,3,4,0,0,0,0,0,1
session-case	reinsert	3	2,1,1,2,0,1,0,0,1,1,4,5,8,1,3,4,1,1,0,0,0,1/2,1,1,2,384,1,1,0,1,1,9,5,8,1,3,4,1,1,0,2,3145,3/2,0,1,0,384,0,1,0,1,0,5,5,8,1,3,4,0,0,0,2,3145,3
session-corpus	conformance/pass/inline_forward_layouts.slim
session-case	work	2	2,2,1,14,0,2,0,0,1,3,7,5,8,1,3,4,2,2,0,0,0,7/0,0,0,0,0,0,0,0,0,0,0,0,0,0,0,0,0,0,0,0,0,0
session-case	work	2	2,2,1,14,0,2,0,0,1,3,7,5,8,1,3,4,2,2,0,0,0,7/2,0,0,0,442,0,2,0,1,0,10,5,8,0,3,4,0,0,0,0,0,7
session-case	reinsert	3	2,2,1,14,0,2,0,0,1,3,7,5,8,1,3,4,2,2,0,0,0,7/2,1,1,2,442,1,2,0,1,1,14,5,8,1,3,4,1,1,0,4,2867,15/2,0,1,0,442,0,2,0,1,0,10,5,8,1,3,4,0,0,0,4,2867,15
session-corpus	conformance/pass/inout.slim
session-case	work	2	2,2,1,4,0,2,0,0,1,3,7,5,8,1,3,4,2,2,0,0,0,2/0,0,0,0,0,0,0,0,0,0,0,0,0,0,0,0,0,0,0,0,0,0
session-case	work	2	2,2,1,4,0,2,0,0,1,3,7,5,8,1,3,4,2,2,0,0,0,2/2,0,0,0,194,0,2,0,1,0,10,5,8,0,3,4,0,0,0,0,0,2
session-case	reinsert	3	2,2,1,4,0,2,0,0,1,3,7,5,8,1,3,4,2,2,0,0,0,2/2,1,1,2,194,1,2,0,1,1,14,5,8,1,3,4,1,1,0,4,2118,5/2,0,1,0,194,0,2,0,1,0,10,5,8,1,3,4,0,0,0,4,2118,5
session-corpus	conformance/pass/lifetimes.slim
session-case	work	2	2,5,1,14,0,5,0,0,1,8,17,5,8,1,3,4,5,5,0,0,0,7/0,0,0,0,0,0,0,0,0,0,0,0,0,0,0,0,0,0,0,0,0,0
session-case	work	2	2,5,1,14,0,5,0,0,1,8,17,5,8,1,3,4,5,5,0,0,0,7/2,0,0,0,854,0,5,0,1,0,25,5,8,0,3,4,0,0,0,0,0,7
session-case	reinsert	3	2,5,1,14,0,5,0,0,1,8,17,5,8,1,3,4,5,5,0,0,0,7/2,1,1,2,854,1,5,0,1,1,29,5,8,1,3,4,1,1,0,10,7312,15/2,0,1,0,854,0,5,0,1,0,25,5,8,1,3,4,0,0,0,10,7312,15
session-corpus	conformance/pass/loan_ends_at_call.slim
session-case	work	2	2,7,1,16,0,7,0,0,1,9,26,5,8,1,3,4,7,7,0,0,0,8/0,0,0,0,0,0,0,0,0,0,0,0,0,0,0,0,0,0,0,0,0,0
session-case	work	2	2,7,1,16,0,7,0,0,1,9,26,5,8,1,3,4,7,7,0,0,0,8/2,0,0,0,470,0,7,0,1,0,35,5,8,0,3,4,0,0,0,0,0,8
session-case	reinsert	3	2,7,1,16,0,7,0,0,1,9,26,5,8,1,3,4,7,7,0,0,0,8/2,1,1,2,470,1,7,0,1,1,39,5,8,1,3,4,1,1,0,14,5312,17/2,0,1,0,470,0,7,0,1,0,35,5,8,1,3,4,0,0,0,14,5312,17
session-corpus	conformance/pass/loan_independent_owner.slim
session-case	work	2	2,7,1,16,0,7,0,0,1,9,26,5,8,1,3,4,7,7,0,0,0,8/0,0,0,0,0,0,0,0,0,0,0,0,0,0,0,0,0,0,0,0,0,0
session-case	work	2	2,7,1,16,0,7,0,0,1,9,26,5,8,1,3,4,7,7,0,0,0,8/2,0,0,0,470,0,7,0,1,0,35,5,8,0,3,4,0,0,0,0,0,8
session-case	reinsert	3	2,7,1,16,0,7,0,0,1,9,26,5,8,1,3,4,7,7,0,0,0,8/2,1,1,2,470,1,7,0,1,1,39,5,8,1,3,4,1,1,0,14,5342,17/2,0,1,0,470,0,7,0,1,0,35,5,8,1,3,4,0,0,0,14,5342,17
session-corpus	conformance/pass/loan_mutation_before_borrow.slim
session-case	work	2	2,7,1,16,0,7,0,0,1,9,26,5,8,1,3,4,7,7,0,0,0,8/0,0,0,0,0,0,0,0,0,0,0,0,0,0,0,0,0,0,0,0,0,0
session-case	work	2	2,7,1,16,0,7,0,0,1,9,26,5,8,1,3,4,7,7,0,0,0,8/2,0,0,0,446,0,7,0,1,0,35,5,8,0,3,4,0,0,0,0,0,8
session-case	reinsert	3	2,7,1,16,0,7,0,0,1,9,26,5,8,1,3,4,7,7,0,0,0,8/2,1,1,2,446,1,7,0,1,1,39,5,8,1,3,4,1,1,0,14,5206,17/2,0,1,0,446,0,7,0,1,0,35,5,8,1,3,4,0,0,0,14,5206,17
session-corpus	conformance/pass/loan_scalar_before_mutation.slim
session-case	work	2	2,7,1,16,0,7,0,0,1,9,26,5,8,1,3,4,7,7,0,0,0,8/0,0,0,0,0,0,0,0,0,0,0,0,0,0,0,0,0,0,0,0,0,0
session-case	work	2	2,7,1,16,0,7,0,0,1,9,26,5,8,1,3,4,7,7,0,0,0,8/2,0,0,0,454,0,7,0,1,0,35,5,8,0,3,4,0,0,0,0,0,8
session-case	reinsert	3	2,7,1,16,0,7,0,0,1,9,26,5,8,1,3,4,7,7,0,0,0,8/2,1,1,2,454,1,7,0,1,1,39,5,8,1,3,4,1,1,0,14,5261,17/2,0,1,0,454,0,7,0,1,0,35,5,8,1,3,4,0,0,0,14,5261,17
session-corpus	conformance/pass/loan_scalar_field_before_mutation.slim
session-case	work	2	2,3,1,8,0,3,0,0,1,5,10,5,8,1,3,4,3,3,0,0,0,4/0,0,0,0,0,0,0,0,0,0,0,0,0,0,0,0,0,0,0,0,0,0
session-case	work	2	2,3,1,8,0,3,0,0,1,5,10,5,8,1,3,4,3,3,0,0,0,4/2,0,0,0,234,0,3,0,1,0,15,5,8,0,3,4,0,0,0,0,0,4
session-case	reinsert	3	2,3,1,8,0,3,0,0,1,5,10,5,8,1,3,4,3,3,0,0,0,4/2,1,1,2,234,1,3,0,1,1,19,5,8,1,3,4,1,1,0,6,2367,9/2,0,1,0,234,0,3,0,1,0,15,5,8,1,3,4,0,0,0,6,2367,9
session-corpus	conformance/pass/loan_shared_nesting.slim
session-case	work	2	2,7,1,16,0,7,0,0,1,9,26,5,8,1,3,4,7,7,0,0,0,8/0,0,0,0,0,0,0,0,0,0,0,0,0,0,0,0,0,0,0,0,0,0
session-case	work	2	2,7,1,16,0,7,0,0,1,9,26,5,8,1,3,4,7,7,0,0,0,8/2,0,0,0,464,0,7,0,1,0,35,5,8,0,3,4,0,0,0,0,0,8
session-case	reinsert	3	2,7,1,16,0,7,0,0,1,9,26,5,8,1,3,4,7,7,0,0,0,8/2,1,1,2,464,1,7,0,1,1,39,5,8,1,3,4,1,1,0,14,5258,17/2,0,1,0,464,0,7,0,1,0,35,5,8,1,3,4,0,0,0,14,5258,17
session-corpus	conformance/pass/loan_unknown_nested_shared.slim
session-case	work	2	2,3,1,6,0,3,0,0,1,5,10,5,8,1,3,4,3,3,0,0,0,3/0,0,0,0,0,0,0,0,0,0,0,0,0,0,0,0,0,0,0,0,0,0
session-case	work	2	2,3,1,6,0,3,0,0,1,5,10,5,8,1,3,4,3,3,0,0,0,3/2,0,0,0,298,0,3,0,1,0,15,5,8,0,3,4,0,0,0,0,0,3
session-case	reinsert	3	2,3,1,6,0,3,0,0,1,5,10,5,8,1,3,4,3,3,0,0,0,3/2,1,1,2,298,1,3,0,1,1,19,5,8,1,3,4,1,1,0,6,2748,7/2,0,1,0,298,0,3,0,1,0,15,5,8,1,3,4,0,0,0,6,2748,7
session-corpus	conformance/pass/local_loan_collection_scope.slim
session-case	work	2	2,3,1,6,0,3,0,0,1,5,10,5,8,1,3,4,3,3,0,0,0,3/0,0,0,0,0,0,0,0,0,0,0,0,0,0,0,0,0,0,0,0,0,0
session-case	work	2	2,3,1,6,0,3,0,0,1,5,10,5,8,1,3,4,3,3,0,0,0,3/2,0,0,0,346,0,3,0,1,0,15,5,8,0,3,4,0,0,0,0,0,3
session-case	reinsert	3	2,3,1,6,0,3,0,0,1,5,10,5,8,1,3,4,3,3,0,0,0,3/2,1,1,2,346,1,3,0,1,1,19,5,8,1,3,4,1,1,0,6,2847,7/2,0,1,0,346,0,3,0,1,0,15,5,8,1,3,4,0,0,0,6,2847,7
session-corpus	conformance/pass/local_loan_independent.slim
session-case	work	2	2,2,1,4,0,2,0,0,1,3,7,5,8,1,3,4,2,2,0,0,0,2/0,0,0,0,0,0,0,0,0,0,0,0,0,0,0,0,0,0,0,0,0,0
session-case	work	2	2,2,1,4,0,2,0,0,1,3,7,5,8,1,3,4,2,2,0,0,0,2/2,0,0,0,242,0,2,0,1,0,10,5,8,0,3,4,0,0,0,0,0,2
session-case	reinsert	3	2,2,1,4,0,2,0,0,1,3,7,5,8,1,3,4,2,2,0,0,0,2/2,1,1,2,242,1,2,0,1,1,14,5,8,1,3,4,1,1,0,4,2308,5/2,0,1,0,242,0,2,0,1,0,10,5,8,1,3,4,0,0,0,4,2308,5
session-corpus	conformance/pass/local_loan_initializer.slim
session-case	work	2	2,2,1,4,0,2,0,0,1,3,7,5,8,1,3,4,2,2,0,0,0,2/0,0,0,0,0,0,0,0,0,0,0,0,0,0,0,0,0,0,0,0,0,0
session-case	work	2	2,2,1,4,0,2,0,0,1,3,7,5,8,1,3,4,2,2,0,0,0,2/2,0,0,0,210,0,2,0,1,0,10,5,8,0,3,4,0,0,0,0,0,2
session-case	reinsert	3	2,2,1,4,0,2,0,0,1,3,7,5,8,1,3,4,2,2,0,0,0,2/2,1,1,2,210,1,2,0,1,1,14,5,8,1,3,4,1,1,0,4,2051,5/2,0,1,0,210,0,2,0,1,0,10,5,8,1,3,4,0,0,0,4,2051,5
session-corpus	conformance/pass/local_loan_scalar.slim
session-case	work	2	2,2,1,4,0,2,0,0,1,3,7,5,8,1,3,4,2,2,0,0,0,2/0,0,0,0,0,0,0,0,0,0,0,0,0,0,0,0,0,0,0,0,0,0
session-case	work	2	2,2,1,4,0,2,0,0,1,3,7,5,8,1,3,4,2,2,0,0,0,2/2,0,0,0,214,0,2,0,1,0,10,5,8,0,3,4,0,0,0,0,0,2
session-case	reinsert	3	2,2,1,4,0,2,0,0,1,3,7,5,8,1,3,4,2,2,0,0,0,2/2,1,1,2,214,1,2,0,1,1,14,5,8,1,3,4,1,1,0,4,2256,5/2,0,1,0,214,0,2,0,1,0,10,5,8,1,3,4,0,0,0,4,2256,5
session-corpus	conformance/pass/local_loan_scope_exit.slim
session-case	work	2	2,2,1,4,0,2,0,0,1,3,7,5,8,1,3,4,2,2,0,0,0,2/0,0,0,0,0,0,0,0,0,0,0,0,0,0,0,0,0,0,0,0,0,0
session-case	work	2	2,2,1,4,0,2,0,0,1,3,7,5,8,1,3,4,2,2,0,0,0,2/2,0,0,0,252,0,2,0,1,0,10,5,8,0,3,4,0,0,0,0,0,2
session-case	reinsert	3	2,2,1,4,0,2,0,0,1,3,7,5,8,1,3,4,2,2,0,0,0,2/2,1,1,2,252,1,2,0,1,1,14,5,8,1,3,4,1,1,0,4,2282,5/2,0,1,0,252,0,2,0,1,0,10,5,8,1,3,4,0,0,0,4,2282,5
session-corpus	conformance/pass/local_loan_shared.slim
session-case	work	2	2,2,1,4,0,2,0,0,1,3,7,5,8,1,3,4,2,2,0,0,0,2/0,0,0,0,0,0,0,0,0,0,0,0,0,0,0,0,0,0,0,0,0,0
session-case	work	2	2,2,1,4,0,2,0,0,1,3,7,5,8,1,3,4,2,2,0,0,0,2/2,0,0,0,212,0,2,0,1,0,10,5,8,0,3,4,0,0,0,0,0,2
session-case	reinsert	3	2,2,1,4,0,2,0,0,1,3,7,5,8,1,3,4,2,2,0,0,0,2/2,1,1,2,212,1,2,0,1,1,14,5,8,1,3,4,1,1,0,4,1923,5/2,0,1,0,212,0,2,0,1,0,10,5,8,1,3,4,0,0,0,4,1923,5
session-corpus	conformance/pass/local_loan_sibling_scopes.slim
session-case	work	2	2,2,1,4,0,2,0,0,1,3,7,5,8,1,3,4,2,2,0,0,0,2/0,0,0,0,0,0,0,0,0,0,0,0,0,0,0,0,0,0,0,0,0,0
session-case	work	2	2,2,1,4,0,2,0,0,1,3,7,5,8,1,3,4,2,2,0,0,0,2/2,0,0,0,270,0,2,0,1,0,10,5,8,0,3,4,0,0,0,0,0,2
session-case	reinsert	3	2,2,1,4,0,2,0,0,1,3,7,5,8,1,3,4,2,2,0,0,0,2/2,1,1,2,270,1,2,0,1,1,14,5,8,1,3,4,1,1,0,4,2445,5/2,0,1,0,270,0,2,0,1,0,10,5,8,1,3,4,0,0,0,4,2445,5
session-corpus	conformance/pass/local_loan_unknown_shared.slim
session-case	work	2	2,3,1,6,0,3,0,0,1,5,10,5,8,1,3,4,3,3,0,0,0,3/0,0,0,0,0,0,0,0,0,0,0,0,0,0,0,0,0,0,0,0,0,0
session-case	work	2	2,3,1,6,0,3,0,0,1,5,10,5,8,1,3,4,3,3,0,0,0,3/2,0,0,0,274,0,3,0,1,0,15,5,8,0,3,4,0,0,0,0,0,3
session-case	reinsert	3	2,3,1,6,0,3,0,0,1,5,10,5,8,1,3,4,3,3,0,0,0,3/2,1,1,2,274,1,3,0,1,1,19,5,8,1,3,4,1,1,0,6,2471,7/2,0,1,0,274,0,3,0,1,0,15,5,8,1,3,4,0,0,0,6,2471,7
session-corpus	conformance/pass/monotonic_clock.slim
session-case	work	2	2,1,1,2,0,1,0,0,1,1,4,5,8,1,3,4,1,1,0,0,0,1/0,0,0,0,0,0,0,0,0,0,0,0,0,0,0,0,0,0,0,0,0,0
session-case	work	2	2,1,1,2,0,1,0,0,1,1,4,5,8,1,3,4,1,1,0,0,0,1/2,0,0,0,126,0,1,0,1,0,5,5,8,0,3,4,0,0,0,0,0,1
session-case	reinsert	3	2,1,1,2,0,1,0,0,1,1,4,5,8,1,3,4,1,1,0,0,0,1/2,1,1,2,126,1,1,0,1,1,9,5,8,1,3,4,1,1,0,2,876,3/2,0,1,0,126,0,1,0,1,0,5,5,8,1,3,4,0,0,0,2,876,3
session-corpus	conformance/pass/multiline_call_arguments.slim
session-case	work	2	2,3,1,10,0,3,0,0,1,5,10,5,8,1,3,4,3,3,0,0,0,5/0,0,0,0,0,0,0,0,0,0,0,0,0,0,0,0,0,0,0,0,0,0
session-case	work	2	2,3,1,10,0,3,0,0,1,5,10,5,8,1,3,4,3,3,0,0,0,5/2,0,0,0,336,0,3,0,1,0,15,5,8,0,3,4,0,0,0,0,0,5
session-case	reinsert	3	2,3,1,10,0,3,0,0,1,5,10,5,8,1,3,4,3,3,0,0,0,5/2,1,1,2,336,1,3,0,1,1,19,5,8,1,3,4,1,1,0,6,2682,11/2,0,1,0,336,0,3,0,1,0,15,5,8,1,3,4,0,0,0,6,2682,11
session-corpus	conformance/pass/nested_calls.slim
session-case	work	2	2,2,1,4,0,2,0,0,1,3,7,5,8,1,3,4,2,2,0,0,0,2/0,0,0,0,0,0,0,0,0,0,0,0,0,0,0,0,0,0,0,0,0,0
session-case	work	2	2,2,1,4,0,2,0,0,1,3,7,5,8,1,3,4,2,2,0,0,0,2/2,0,0,0,138,0,2,0,1,0,10,5,8,0,3,4,0,0,0,0,0,2
session-case	reinsert	3	2,2,1,4,0,2,0,0,1,3,7,5,8,1,3,4,2,2,0,0,0,2/2,1,1,2,138,1,2,0,1,1,14,5,8,1,3,4,1,1,0,4,1527,5/2,0,1,0,138,0,2,0,1,0,10,5,8,1,3,4,0,0,0,4,1527,5
session-corpus	conformance/pass/ownership_modes.slim
session-case	work	2	2,5,1,14,0,5,0,0,1,9,16,5,8,1,3,4,5,5,0,0,0,7/0,0,0,0,0,0,0,0,0,0,0,0,0,0,0,0,0,0,0,0,0,0
session-case	work	2	2,5,1,14,0,5,0,0,1,9,16,5,8,1,3,4,5,5,0,0,0,7/2,0,0,0,636,0,5,0,1,0,25,5,8,0,3,4,0,0,0,0,0,7
session-case	reinsert	3	2,5,1,14,0,5,0,0,1,9,16,5,8,1,3,4,5,5,0,0,0,7/2,1,1,2,636,1,5,0,1,1,29,5,8,1,3,4,1,1,0,10,5851,15/2,0,1,0,636,0,5,0,1,0,25,5,8,1,3,4,0,0,0,10,5851,15
session-corpus	conformance/pass/parallel_owned_result.slim
session-case	work	2	2,4,1,8,0,4,0,0,1,5,15,5,8,1,3,4,4,4,4,0,0,4/0,0,0,0,0,0,0,0,0,0,0,0,0,0,0,0,0,0,0,0,0,0
session-case	work	2	2,4,1,8,0,4,0,0,1,5,15,5,8,1,3,4,4,4,4,0,0,4/2,0,0,0,342,0,4,0,1,0,20,5,8,0,3,4,0,0,0,0,0,4
session-case	reinsert	3	2,4,1,8,0,4,0,0,1,5,15,5,8,1,3,4,4,4,4,0,0,4/2,1,1,2,342,1,4,0,1,1,24,5,8,1,3,4,1,1,0,12,7208,9/2,0,1,0,342,0,4,0,1,0,20,5,8,1,3,4,0,0,0,12,7208,9
session-corpus	conformance/pass/planned_allocation_calls.slim
session-case	work	2	2,2,1,4,0,2,0,0,1,3,7,5,8,1,3,4,2,2,0,0,0,2/0,0,0,0,0,0,0,0,0,0,0,0,0,0,0,0,0,0,0,0,0,0
session-case	work	2	2,2,1,4,0,2,0,0,1,3,7,5,8,1,3,4,2,2,0,0,0,2/2,0,0,0,196,0,2,0,1,0,10,5,8,0,3,4,0,0,0,0,0,2
session-case	reinsert	3	2,2,1,4,0,2,0,0,1,3,7,5,8,1,3,4,2,2,0,0,0,2/2,1,1,2,196,1,2,0,1,1,14,5,8,1,3,4,1,1,0,4,2483,5/2,0,1,0,196,0,2,0,1,0,10,5,8,1,3,4,0,0,0,4,2483,5
session-corpus	conformance/pass/record_wide.slim
session-case	work	2	2,1,1,4,0,1,0,0,1,1,4,5,8,1,3,4,1,1,0,0,0,2/0,0,0,0,0,0,0,0,0,0,0,0,0,0,0,0,0,0,0,0,0,0
session-case	work	2	2,1,1,4,0,1,0,0,1,1,4,5,8,1,3,4,1,1,0,0,0,2/2,0,0,0,384,0,1,0,1,0,5,5,8,0,3,4,0,0,0,0,0,2
session-case	reinsert	3	2,1,1,4,0,1,0,0,1,1,4,5,8,1,3,4,1,1,0,0,0,2/2,1,1,2,384,1,1,0,1,1,9,5,8,1,3,4,1,1,0,2,2154,5/2,0,1,0,384,0,1,0,1,0,5,5,8,1,3,4,0,0,0,2,2154,5
session-corpus	conformance/pass/recur.slim
session-case	work	2	2,2,1,4,0,2,0,0,1,3,7,5,8,1,3,4,2,2,0,0,0,2/0,0,0,0,0,0,0,0,0,0,0,0,0,0,0,0,0,0,0,0,0,0
session-case	work	2	2,2,1,4,0,2,0,0,1,3,7,5,8,1,3,4,2,2,0,0,0,2/2,0,0,0,250,0,2,0,1,0,10,5,8,0,3,4,0,0,0,0,0,2
session-case	reinsert	3	2,2,1,4,0,2,0,0,1,3,7,5,8,1,3,4,2,2,0,0,0,2/2,1,1,2,250,1,2,0,1,1,14,5,8,1,3,4,1,1,0,4,2082,5/2,0,1,0,250,0,2,0,1,0,10,5,8,1,3,4,0,0,0,4,2082,5
session-corpus	conformance/pass/recursive_collection_layout.slim
session-case	work	2	2,1,1,4,0,1,0,0,1,1,4,5,8,1,3,4,1,1,0,0,0,2/0,0,0,0,0,0,0,0,0,0,0,0,0,0,0,0,0,0,0,0,0,0
session-case	work	2	2,1,1,4,0,1,0,0,1,1,4,5,8,1,3,4,1,1,0,0,0,2/2,0,0,0,148,0,1,0,1,0,5,5,8,0,3,4,0,0,0,0,0,2
session-case	reinsert	3	2,1,1,4,0,1,0,0,1,1,4,5,8,1,3,4,1,1,0,0,0,2/2,1,1,2,148,1,1,0,1,1,9,5,8,1,3,4,1,1,0,2,1267,5/2,0,1,0,148,0,1,0,1,0,5,5,8,1,3,4,0,0,0,2,1267,5
session-corpus	conformance/pass/reduction.slim
session-case	work	2	2,7,1,14,0,7,0,0,1,10,25,5,8,1,3,4,7,7,0,0,0,7/0,0,0,0,0,0,0,0,0,0,0,0,0,0,0,0,0,0,0,0,0,0
session-case	work	2	2,7,1,14,0,7,0,0,1,10,25,5,8,1,3,4,7,7,0,0,0,7/2,0,0,0,812,0,7,0,1,0,35,5,8,0,3,4,0,0,0,0,0,7
session-case	reinsert	3	2,7,1,14,0,7,0,0,1,10,25,5,8,1,3,4,7,7,0,0,0,7/2,1,1,2,812,1,7,0,1,1,39,5,8,1,3,4,1,1,0,14,6933,15/2,0,1,0,812,0,7,0,1,0,35,5,8,1,3,4,0,0,0,14,6933,15
session-corpus	conformance/pass/reduction_preserve.slim
session-case	work	2	2,1,1,2,0,1,0,0,1,1,4,5,8,1,3,4,1,1,0,0,0,1/0,0,0,0,0,0,0,0,0,0,0,0,0,0,0,0,0,0,0,0,0,0
session-case	work	2	2,1,1,2,0,1,0,0,1,1,4,5,8,1,3,4,1,1,0,0,0,1/2,0,0,0,146,0,1,0,1,0,5,5,8,0,3,4,0,0,0,0,0,1
session-case	reinsert	3	2,1,1,2,0,1,0,0,1,1,4,5,8,1,3,4,1,1,0,0,0,1/2,1,1,2,146,1,1,0,1,1,9,5,8,1,3,4,1,1,0,2,1320,3/2,0,1,0,146,0,1,0,1,0,5,5,8,1,3,4,0,0,0,2,1320,3
session-corpus	conformance/pass/reinit_branches.slim
session-case	work	2	2,3,1,6,0,3,0,0,1,5,10,5,8,1,3,4,3,3,0,0,0,3/0,0,0,0,0,0,0,0,0,0,0,0,0,0,0,0,0,0,0,0,0,0
session-case	work	2	2,3,1,6,0,3,0,0,1,5,10,5,8,1,3,4,3,3,0,0,0,3/2,0,0,0,484,0,3,0,1,0,15,5,8,0,3,4,0,0,0,0,0,3
session-case	reinsert	3	2,3,1,6,0,3,0,0,1,5,10,5,8,1,3,4,3,3,0,0,0,3/2,1,1,2,484,1,3,0,1,1,19,5,8,1,3,4,1,1,0,6,4775,7/2,0,1,0,484,0,3,0,1,0,15,5,8,1,3,4,0,0,0,6,4775,7
session-corpus	conformance/pass/reinit_enum.slim
session-case	work	2	2,3,1,10,0,3,0,0,1,5,10,5,8,1,3,4,3,3,0,0,0,5/0,0,0,0,0,0,0,0,0,0,0,0,0,0,0,0,0,0,0,0,0,0
session-case	work	2	2,3,1,10,0,3,0,0,1,5,10,5,8,1,3,4,3,3,0,0,0,5/2,0,0,0,506,0,3,0,1,0,15,5,8,0,3,4,0,0,0,0,0,5
session-case	reinsert	3	2,3,1,10,0,3,0,0,1,5,10,5,8,1,3,4,3,3,0,0,0,5/2,1,1,2,506,1,3,0,1,1,19,5,8,1,3,4,1,1,0,6,5271,11/2,0,1,0,506,0,3,0,1,0,15,5,8,1,3,4,0,0,0,6,5271,11
session-corpus	conformance/pass/reinit_results.slim
session-case	work	2	2,4,1,10,0,4,0,0,1,7,13,5,8,1,3,4,4,4,0,0,0,5/0,0,0,0,0,0,0,0,0,0,0,0,0,0,0,0,0,0,0,0,0,0
session-case	work	2	2,4,1,10,0,4,0,0,1,7,13,5,8,1,3,4,4,4,0,0,0,5/2,0,0,0,414,0,4,0,1,0,20,5,8,0,3,4,0,0,0,0,0,5
session-case	reinsert	3	2,4,1,10,0,4,0,0,1,7,13,5,8,1,3,4,4,4,0,0,0,5/2,1,1,2,414,1,4,0,1,1,24,5,8,1,3,4,1,1,0,8,4729,11/2,0,1,0,414,0,4,0,1,0,20,5,8,1,3,4,0,0,0,8,4729,11
session-corpus	conformance/pass/reinit_transfer.slim
session-case	work	2	2,3,1,10,0,3,0,0,1,5,10,5,8,1,3,4,3,3,0,0,0,5/0,0,0,0,0,0,0,0,0,0,0,0,0,0,0,0,0,0,0,0,0,0
session-case	work	2	2,3,1,10,0,3,0,0,1,5,10,5,8,1,3,4,3,3,0,0,0,5/2,0,0,0,534,0,3,0,1,0,15,5,8,0,3,4,0,0,0,0,0,5
session-case	reinsert	3	2,3,1,10,0,3,0,0,1,5,10,5,8,1,3,4,3,3,0,0,0,5/2,1,1,2,534,1,3,0,1,1,19,5,8,1,3,4,1,1,0,6,4666,11/2,0,1,0,534,0,3,0,1,0,15,5,8,1,3,4,0,0,0,6,4666,11
session-corpus	conformance/pass/replacement_counted.slim
session-case	work	2	2,3,1,8,0,3,0,0,1,4,11,5,8,1,3,4,3,3,0,0,0,4/0,0,0,0,0,0,0,0,0,0,0,0,0,0,0,0,0,0,0,0,0,0
session-case	work	2	2,3,1,8,0,3,0,0,1,4,11,5,8,1,3,4,3,3,0,0,0,4/2,0,0,0,452,0,3,0,1,0,15,5,8,0,3,4,0,0,0,0,0,4
session-case	reinsert	3	2,3,1,8,0,3,0,0,1,4,11,5,8,1,3,4,3,3,0,0,0,4/2,1,1,2,452,1,3,0,1,1,19,5,8,1,3,4,1,1,0,6,5953,9/2,0,1,0,452,0,3,0,1,0,15,5,8,1,3,4,0,0,0,6,5953,9
session-corpus	conformance/pass/replacement_fields.slim
session-case	work	2	2,2,1,8,0,2,0,0,1,3,7,5,8,1,3,4,2,2,0,0,0,4/0,0,0,0,0,0,0,0,0,0,0,0,0,0,0,0,0,0,0,0,0,0
session-case	work	2	2,2,1,8,0,2,0,0,1,3,7,5,8,1,3,4,2,2,0,0,0,4/2,0,0,0,542,0,2,0,1,0,10,5,8,0,3,4,0,0,0,0,0,4
session-case	reinsert	3	2,2,1,8,0,2,0,0,1,3,7,5,8,1,3,4,2,2,0,0,0,4/2,1,1,2,542,1,2,0,1,1,14,5,8,1,3,4,1,1,0,4,4429,9/2,0,1,0,542,0,2,0,1,0,10,5,8,1,3,4,0,0,0,4,4429,9
session-corpus	conformance/pass/replacement_nested_calls.slim
session-case	work	2	2,1,1,4,0,1,0,0,1,1,4,5,8,1,3,4,1,1,0,0,0,2/0,0,0,0,0,0,0,0,0,0,0,0,0,0,0,0,0,0,0,0,0,0
session-case	work	2	2,1,1,4,0,1,0,0,1,1,4,5,8,1,3,4,1,1,0,0,0,2/2,0,0,0,366,0,1,0,1,0,5,5,8,0,3,4,0,0,0,0,0,2
session-case	reinsert	3	2,1,1,4,0,1,0,0,1,1,4,5,8,1,3,4,1,1,0,0,0,2/2,1,1,2,366,1,1,0,1,1,9,5,8,1,3,4,1,1,0,2,3213,5/2,0,1,0,366,0,1,0,1,0,5,5,8,1,3,4,0,0,0,2,3213,5
session-corpus	conformance/pass/replacement_order.slim
session-case	work	2	2,2,1,6,0,2,0,0,1,3,7,5,8,1,3,4,2,2,0,0,0,3/0,0,0,0,0,0,0,0,0,0,0,0,0,0,0,0,0,0,0,0,0,0
session-case	work	2	2,2,1,6,0,2,0,0,1,3,7,5,8,1,3,4,2,2,0,0,0,3/2,0,0,0,566,0,2,0,1,0,10,5,8,0,3,4,0,0,0,0,0,3
session-case	reinsert	3	2,2,1,6,0,2,0,0,1,3,7,5,8,1,3,4,2,2,0,0,0,3/2,1,1,2,566,1,2,0,1,1,14,5,8,1,3,4,1,1,0,4,5070,7/2,0,1,0,566,0,2,0,1,0,10,5,8,1,3,4,0,0,0,4,5070,7
session-corpus	conformance/pass/replacement_result_alias.slim
session-case	work	2	2,1,1,2,0,1,0,0,1,1,4,5,8,1,3,4,1,1,0,0,0,1/0,0,0,0,0,0,0,0,0,0,0,0,0,0,0,0,0,0,0,0,0,0
session-case	work	2	2,1,1,2,0,1,0,0,1,1,4,5,8,1,3,4,1,1,0,0,0,1/2,0,0,0,130,0,1,0,1,0,5,5,8,0,3,4,0,0,0,0,0,1
session-case	reinsert	3	2,1,1,2,0,1,0,0,1,1,4,5,8,1,3,4,1,1,0,0,0,1/2,1,1,2,130,1,1,0,1,1,9,5,8,1,3,4,1,1,0,2,1435,3/2,0,1,0,130,0,1,0,1,0,5,5,8,1,3,4,0,0,0,2,1435,3
session-corpus	conformance/pass/replacement_scope.slim
session-case	work	2	2,1,1,4,0,1,0,0,1,1,4,5,8,1,3,4,1,1,0,0,0,2/0,0,0,0,0,0,0,0,0,0,0,0,0,0,0,0,0,0,0,0,0,0
session-case	work	2	2,1,1,4,0,1,0,0,1,1,4,5,8,1,3,4,1,1,0,0,0,2/2,0,0,0,254,0,1,0,1,0,5,5,8,0,3,4,0,0,0,0,0,2
session-case	reinsert	3	2,1,1,4,0,1,0,0,1,1,4,5,8,1,3,4,1,1,0,0,0,2/2,1,1,2,254,1,1,0,1,1,9,5,8,1,3,4,1,1,0,2,1883,5/2,0,1,0,254,0,1,0,1,0,5,5,8,1,3,4,0,0,0,2,1883,5
session-corpus	conformance/pass/replacement_types.slim
session-case	work	2	2,1,1,6,0,1,0,0,1,1,4,5,8,1,3,4,1,1,0,0,0,3/0,0,0,0,0,0,0,0,0,0,0,0,0,0,0,0,0,0,0,0,0,0
session-case	work	2	2,1,1,6,0,1,0,0,1,1,4,5,8,1,3,4,1,1,0,0,0,3/2,0,0,0,590,0,1,0,1,0,5,5,8,0,3,4,0,0,0,0,0,3
session-case	reinsert	3	2,1,1,6,0,1,0,0,1,1,4,5,8,1,3,4,1,1,0,0,0,3/2,1,1,2,590,1,1,0,1,1,9,5,8,1,3,4,1,1,0,2,4980,7/2,0,1,0,590,0,1,0,1,0,5,5,8,1,3,4,0,0,0,2,4980,7
session-corpus	conformance/pass/scalars.slim
session-case	work	2	2,1,1,2,0,1,0,0,1,1,4,5,8,1,3,4,1,1,0,0,0,1/0,0,0,0,0,0,0,0,0,0,0,0,0,0,0,0,0,0,0,0,0,0
session-case	work	2	2,1,1,2,0,1,0,0,1,1,4,5,8,1,3,4,1,1,0,0,0,1/2,0,0,0,490,0,1,0,1,0,5,5,8,0,3,4,0,0,0,0,0,1
session-case	reinsert	3	2,1,1,2,0,1,0,0,1,1,4,5,8,1,3,4,1,1,0,0,0,1/2,1,1,2,490,1,1,0,1,1,9,5,8,1,3,4,1,1,0,2,2632,3/2,0,1,0,490,0,1,0,1,0,5,5,8,1,3,4,0,0,0,2,2632,3
session-corpus	conformance/pass/shadowed_bindings.slim
session-case	work	2	2,6,1,16,0,6,0,0,1,11,19,5,8,1,3,4,6,6,0,0,0,8/0,0,0,0,0,0,0,0,0,0,0,0,0,0,0,0,0,0,0,0,0,0
session-case	work	2	2,6,1,16,0,6,0,0,1,11,19,5,8,1,3,4,6,6,0,0,0,8/2,0,0,0,940,0,6,0,1,0,30,5,8,0,3,4,0,0,0,0,0,8
session-case	reinsert	3	2,6,1,16,0,6,0,0,1,11,19,5,8,1,3,4,6,6,0,0,0,8/2,1,1,2,940,1,6,0,1,1,34,5,8,1,3,4,1,1,0,12,8177,17/2,0,1,0,940,0,6,0,1,0,30,5,8,1,3,4,0,0,0,12,8177,17
session-corpus	conformance/pass/shadowed_parallel.slim
session-case	work	2	2,3,1,6,0,3,0,0,1,6,9,5,8,1,3,4,3,3,2,0,0,3/0,0,0,0,0,0,0,0,0,0,0,0,0,0,0,0,0,0,0,0,0,0
session-case	work	2	2,3,1,6,0,3,0,0,1,6,9,5,8,1,3,4,3,3,2,0,0,3/2,0,0,0,194,0,3,0,1,0,15,5,8,0,3,4,0,0,0,0,0,3
session-case	reinsert	3	2,3,1,6,0,3,0,0,1,6,9,5,8,1,3,4,3,3,2,0,0,3/2,1,1,2,194,1,3,0,1,1,19,5,8,1,3,4,1,1,0,8,3778,7/2,0,1,0,194,0,3,0,1,0,15,5,8,1,3,4,0,0,0,8,3778,7
session-corpus	conformance/pass/shared_borrows.slim
session-case	work	2	2,3,1,6,0,3,0,0,1,5,10,5,8,1,3,4,3,3,0,0,0,3/0,0,0,0,0,0,0,0,0,0,0,0,0,0,0,0,0,0,0,0,0,0
session-case	work	2	2,3,1,6,0,3,0,0,1,5,10,5,8,1,3,4,3,3,0,0,0,3/2,0,0,0,256,0,3,0,1,0,15,5,8,0,3,4,0,0,0,0,0,3
session-case	reinsert	3	2,3,1,6,0,3,0,0,1,5,10,5,8,1,3,4,3,3,0,0,0,3/2,1,1,2,256,1,3,0,1,1,19,5,8,1,3,4,1,1,0,6,2580,7/2,0,1,0,256,0,3,0,1,0,15,5,8,1,3,4,0,0,0,6,2580,7
session-corpus	conformance/pass/storage.slim
session-case	work	2	2,1,1,2,0,1,0,0,1,1,4,5,8,1,3,4,1,1,0,0,0,1/0,0,0,0,0,0,0,0,0,0,0,0,0,0,0,0,0,0,0,0,0,0
session-case	work	2	2,1,1,2,0,1,0,0,1,1,4,5,8,1,3,4,1,1,0,0,0,1/2,0,0,0,540,0,1,0,1,0,5,5,8,0,3,4,0,0,0,0,0,1
session-case	reinsert	3	2,1,1,2,0,1,0,0,1,1,4,5,8,1,3,4,1,1,0,0,0,1/2,1,1,2,540,1,1,0,1,1,9,5,8,1,3,4,1,1,0,2,4099,3/2,0,1,0,540,0,1,0,1,0,5,5,8,1,3,4,0,0,0,2,4099,3
session-corpus	conformance/pass/structured_parallel.slim
session-case	work	2	2,2,1,4,0,2,0,0,1,2,8,5,8,1,3,4,2,2,2,0,0,2/0,0,0,0,0,0,0,0,0,0,0,0,0,0,0,0,0,0,0,0,0,0
session-case	work	2	2,2,1,4,0,2,0,0,1,2,8,5,8,1,3,4,2,2,2,0,0,2/2,0,0,0,218,0,2,0,1,0,10,5,8,0,3,4,0,0,0,0,0,2
session-case	reinsert	3	2,2,1,4,0,2,0,0,1,2,8,5,8,1,3,4,2,2,2,0,0,2/2,1,1,2,218,1,2,0,1,1,14,5,8,1,3,4,1,1,0,6,3192,5/2,0,1,0,218,0,2,0,1,0,10,5,8,1,3,4,0,0,0,6,3192,5
session-corpus	conformance/pass/tcp_exchange.slim
session-case	work	2	2,1,1,2,0,1,0,0,1,1,4,5,8,1,3,4,1,1,0,0,0,1/0,0,0,0,0,0,0,0,0,0,0,0,0,0,0,0,0,0,0,0,0,0
session-case	work	2	2,1,1,2,0,1,0,0,1,1,4,5,8,1,3,4,1,1,0,0,0,1/2,0,0,0,124,0,1,0,1,0,5,5,8,0,3,4,0,0,0,0,0,1
session-case	reinsert	3	2,1,1,2,0,1,0,0,1,1,4,5,8,1,3,4,1,1,0,0,0,1/2,1,1,2,124,1,1,0,1,1,9,5,8,1,3,4,1,1,0,2,1260,3/2,0,1,0,124,0,1,0,1,0,5,5,8,1,3,4,0,0,0,2,1260,3
session-corpus	conformance/pass/termination_declared.slim
session-case	work	2	2,5,1,10,0,5,0,0,1,8,17,5,8,1,3,4,5,5,0,0,0,5/0,0,0,0,0,0,0,0,0,0,0,0,0,0,0,0,0,0,0,0,0,0
session-case	work	2	2,5,1,10,0,5,0,0,1,8,17,5,8,1,3,4,5,5,0,0,0,5/2,0,0,0,226,0,5,0,1,0,25,5,8,0,3,4,0,0,0,0,0,5
session-case	reinsert	3	2,5,1,10,0,5,0,0,1,8,17,5,8,1,3,4,5,5,0,0,0,5/2,1,1,2,226,1,5,0,1,1,29,5,8,1,3,4,1,1,0,10,2491,11/2,0,1,0,226,0,5,0,1,0,25,5,8,1,3,4,0,0,0,10,2491,11
session-corpus	conformance/pass/termination_declared_run.slim
session-case	work	2	2,4,1,8,0,4,0,0,1,7,13,5,8,1,3,4,4,4,0,0,0,4/0,0,0,0,0,0,0,0,0,0,0,0,0,0,0,0,0,0,0,0,0,0
session-case	work	2	2,4,1,8,0,4,0,0,1,7,13,5,8,1,3,4,4,4,0,0,0,4/2,0,0,0,310,0,4,0,1,0,20,5,8,0,3,4,0,0,0,0,0,4
session-case	reinsert	3	2,4,1,8,0,4,0,0,1,7,13,5,8,1,3,4,4,4,0,0,0,4/2,1,1,2,310,1,4,0,1,1,24,5,8,1,3,4,1,1,0,8,2814,9/2,0,1,0,310,0,4,0,1,0,20,5,8,1,3,4,0,0,0,8,2814,9
session-corpus	conformance/pass/termination_proven.slim
session-case	work	2	2,2,1,4,0,2,0,0,1,3,7,5,8,1,3,4,2,2,0,0,0,2/0,0,0,0,0,0,0,0,0,0,0,0,0,0,0,0,0,0,0,0,0,0
session-case	work	2	2,2,1,4,0,2,0,0,1,3,7,5,8,1,3,4,2,2,0,0,0,2/2,0,0,0,164,0,2,0,1,0,10,5,8,0,3,4,0,0,0,0,0,2
session-case	reinsert	3	2,2,1,4,0,2,0,0,1,3,7,5,8,1,3,4,2,2,0,0,0,2/2,1,1,2,164,1,2,0,1,1,14,5,8,1,3,4,1,1,0,4,1346,5/2,0,1,0,164,0,2,0,1,0,10,5,8,1,3,4,0,0,0,4,1346,5
session-corpus	conformance/pass/typed_temporaries.slim
session-case	work	2	2,1,1,8,0,1,0,0,1,1,4,5,8,1,3,4,1,1,0,0,0,4/0,0,0,0,0,0,0,0,0,0,0,0,0,0,0,0,0,0,0,0,0,0
session-case	work	2	2,1,1,8,0,1,0,0,1,1,4,5,8,1,3,4,1,1,0,0,0,4/2,0,0,0,408,0,1,0,1,0,5,5,8,0,3,4,0,0,0,0,0,4
session-case	reinsert	3	2,1,1,8,0,1,0,0,1,1,4,5,8,1,3,4,1,1,0,0,0,4/2,1,1,2,408,1,1,0,1,1,9,5,8,1,3,4,1,1,0,2,2714,9/2,0,1,0,408,0,1,0,1,0,5,5,8,1,3,4,0,0,0,2,2714,9
session-corpus	conformance/pass/unused_enum_payload.slim
session-case	work	2	2,2,1,6,0,2,0,0,1,3,7,5,8,1,3,4,2,2,0,0,0,3/0,0,0,0,0,0,0,0,0,0,0,0,0,0,0,0,0,0,0,0,0,0
session-case	work	2	2,2,1,6,0,2,0,0,1,3,7,5,8,1,3,4,2,2,0,0,0,3/2,0,0,0,124,0,2,0,1,0,10,5,8,0,3,4,0,0,0,0,0,3
session-case	reinsert	3	2,2,1,6,0,2,0,0,1,3,7,5,8,1,3,4,2,2,0,0,0,3/2,1,1,2,124,1,2,0,1,1,14,5,8,1,3,4,1,1,0,4,1493,7/2,0,1,0,124,0,2,0,1,0,10,5,8,1,3,4,0,0,0,4,1493,7
session-corpus	conformance/pass/unused_function.slim
session-case	work	2	2,2,1,4,0,2,0,0,1,2,8,5,8,1,3,4,2,2,0,0,0,2/0,0,0,0,0,0,0,0,0,0,0,0,0,0,0,0,0,0,0,0,0,0
session-case	work	2	2,2,1,4,0,2,0,0,1,2,8,5,8,1,3,4,2,2,0,0,0,2/2,0,0,0,100,0,2,0,1,0,10,5,8,0,3,4,0,0,0,0,0,2
session-case	reinsert	3	2,2,1,4,0,2,0,0,1,2,8,5,8,1,3,4,2,2,0,0,0,2/2,1,1,2,100,1,2,0,1,1,14,5,8,1,3,4,1,1,0,4,1020,5/2,0,1,0,100,0,2,0,1,0,10,5,8,1,3,4,0,0,0,4,1020,5
session-corpus	conformance/pass/variant_local_match.slim
session-case	work	2	2,2,1,6,0,2,0,0,1,3,7,5,8,1,3,4,2,2,0,0,0,3/0,0,0,0,0,0,0,0,0,0,0,0,0,0,0,0,0,0,0,0,0,0
session-case	work	2	2,2,1,6,0,2,0,0,1,3,7,5,8,1,3,4,2,2,0,0,0,3/2,0,0,0,204,0,2,0,1,0,10,5,8,0,3,4,0,0,0,0,0,3
session-case	reinsert	3	2,2,1,6,0,2,0,0,1,3,7,5,8,1,3,4,2,2,0,0,0,3/2,1,1,2,204,1,2,0,1,1,14,5,8,1,3,4,1,1,0,4,2061,7/2,0,1,0,204,0,2,0,1,0,10,5,8,1,3,4,0,0,0,4,2061,7
session-corpus	conformance/pass/variant_wide.slim
session-case	work	2	2,2,1,6,0,2,0,0,1,3,7,5,8,1,3,4,2,2,0,0,0,3/0,0,0,0,0,0,0,0,0,0,0,0,0,0,0,0,0,0,0,0,0,0
session-case	work	2	2,2,1,6,0,2,0,0,1,3,7,5,8,1,3,4,2,2,0,0,0,3/2,0,0,0,400,0,2,0,1,0,10,5,8,0,3,4,0,0,0,0,0,3
session-case	reinsert	3	2,2,1,6,0,2,0,0,1,3,7,5,8,1,3,4,2,2,0,0,0,3/2,1,1,2,400,1,2,0,1,1,14,5,8,1,3,4,1,1,0,4,2973,7/2,0,1,0,400,0,2,0,1,0,10,5,8,1,3,4,0,0,0,4,2973,7
session-corpus	benchmarks/challenges/arena_sum/program.slim
session-case	work	2	2,3,1,6,0,3,0,0,1,5,10,5,8,1,3,4,3,3,0,0,0,3/0,0,0,0,0,0,0,0,0,0,0,0,0,0,0,0,0,0,0,0,0,0
session-case	work	2	2,3,1,6,0,3,0,0,1,5,10,5,8,1,3,4,3,3,0,0,0,3/2,0,0,0,596,0,3,0,1,0,15,5,8,0,3,4,0,0,0,0,0,3
session-case	reinsert	3	2,3,1,6,0,3,0,0,1,5,10,5,8,1,3,4,3,3,0,0,0,3/2,1,1,2,596,1,3,0,1,1,19,5,8,1,3,4,1,1,0,6,4807,7/2,0,1,0,596,0,3,0,1,0,15,5,8,1,3,4,0,0,0,6,4807,7
session-corpus	benchmarks/challenges/bfs/program.slim
session-case	work	2	2,3,1,6,0,3,0,0,1,8,7,5,8,1,3,4,3,3,0,0,0,3/0,0,0,0,0,0,0,0,0,0,0,0,0,0,0,0,0,0,0,0,0,0
session-case	work	2	2,3,1,6,0,3,0,0,1,8,7,5,8,1,3,4,3,3,0,0,0,3/2,0,0,0,510,0,3,0,1,0,15,5,8,0,3,4,0,0,0,0,0,3
session-case	reinsert	3	2,3,1,6,0,3,0,0,1,8,7,5,8,1,3,4,3,3,0,0,0,3/2,1,1,2,510,1,3,0,1,1,19,5,8,1,3,4,1,1,0,6,4574,7/2,0,1,0,510,0,3,0,1,0,15,5,8,1,3,4,0,0,0,6,4574,7
session-corpus	benchmarks/challenges/binary_search/program.slim
session-case	work	2	2,4,1,8,0,4,0,0,1,7,13,5,8,1,3,4,4,4,0,0,0,4/0,0,0,0,0,0,0,0,0,0,0,0,0,0,0,0,0,0,0,0,0,0
session-case	work	2	2,4,1,8,0,4,0,0,1,7,13,5,8,1,3,4,4,4,0,0,0,4/2,0,0,0,786,0,4,0,1,0,20,5,8,0,3,4,0,0,0,0,0,4
session-case	reinsert	3	2,4,1,8,0,4,0,0,1,7,13,5,8,1,3,4,4,4,0,0,0,4/2,1,1,2,786,1,4,0,1,1,24,5,8,1,3,4,1,1,0,8,6630,9/2,0,1,0,786,0,4,0,1,0,20,5,8,1,3,4,0,0,0,8,6630,9
session-corpus	benchmarks/challenges/bytefreq/program.slim
session-case	work	2	2,4,1,8,0,4,0,0,1,7,13,5,8,1,3,4,4,4,0,0,0,4/0,0,0,0,0,0,0,0,0,0,0,0,0,0,0,0,0,0,0,0,0,0
session-case	work	2	2,4,1,8,0,4,0,0,1,7,13,5,8,1,3,4,4,4,0,0,0,4/2,0,0,0,824,0,4,0,1,0,20,5,8,0,3,4,0,0,0,0,0,4
session-case	reinsert	3	2,4,1,8,0,4,0,0,1,7,13,5,8,1,3,4,4,4,0,0,0,4/2,1,1,2,824,1,4,0,1,1,24,5,8,1,3,4,1,1,0,8,6979,9/2,0,1,0,824,0,4,0,1,0,20,5,8,1,3,4,0,0,0,8,6979,9
session-corpus	benchmarks/challenges/edit_distance/program.slim
session-case	work	2	2,9,1,18,0,9,0,0,1,17,28,5,8,1,3,4,9,9,0,0,0,9/0,0,0,0,0,0,0,0,0,0,0,0,0,0,0,0,0,0,0,0,0,0
session-case	work	2	2,9,1,18,0,9,0,0,1,17,28,5,8,1,3,4,9,9,0,0,0,9/2,0,0,0,1822,0,9,0,1,0,45,5,8,0,3,4,0,0,0,0,0,9
session-case	reinsert	3	2,9,1,18,0,9,0,0,1,17,28,5,8,1,3,4,9,9,0,0,0,9/2,1,1,2,1822,1,9,0,1,1,49,5,8,1,3,4,1,1,0,18,17144,19/2,0,1,0,1822,0,9,0,1,0,45,5,8,1,3,4,0,0,0,18,17144,19
session-corpus	benchmarks/challenges/floyd_warshall/program.slim
session-case	work	2	2,6,1,12,0,6,0,0,1,13,17,5,8,1,3,4,6,6,0,0,0,6/0,0,0,0,0,0,0,0,0,0,0,0,0,0,0,0,0,0,0,0,0,0
session-case	work	2	2,6,1,12,0,6,0,0,1,13,17,5,8,1,3,4,6,6,0,0,0,6/2,0,0,0,1282,0,6,0,1,0,30,5,8,0,3,4,0,0,0,0,0,6
session-case	reinsert	3	2,6,1,12,0,6,0,0,1,13,17,5,8,1,3,4,6,6,0,0,0,6/2,1,1,2,1282,1,6,0,1,1,34,5,8,1,3,4,1,1,0,12,10946,13/2,0,1,0,1282,0,6,0,1,0,30,5,8,1,3,4,0,0,0,12,10946,13
session-corpus	benchmarks/challenges/game_of_life/program.slim
session-case	work	2	2,7,1,14,0,7,0,0,1,16,19,5,8,1,3,4,7,7,0,0,0,7/0,0,0,0,0,0,0,0,0,0,0,0,0,0,0,0,0,0,0,0,0,0
session-case	work	2	2,7,1,14,0,7,0,0,1,16,19,5,8,1,3,4,7,7,0,0,0,7/2,0,0,0,1792,0,7,0,1,0,35,5,8,0,3,4,0,0,0,0,0,7
session-case	reinsert	3	2,7,1,14,0,7,0,0,1,16,19,5,8,1,3,4,7,7,0,0,0,7/2,1,1,2,1792,1,7,0,1,1,39,5,8,1,3,4,1,1,0,14,31762,15/2,0,1,0,1792,0,7,0,1,0,35,5,8,1,3,4,0,0,0,14,31762,15
session-corpus	benchmarks/challenges/gcd_fib/program.slim
session-case	work	2	2,3,1,6,0,3,0,0,1,5,10,5,8,1,3,4,3,3,0,0,0,3/0,0,0,0,0,0,0,0,0,0,0,0,0,0,0,0,0,0,0,0,0,0
session-case	work	2	2,3,1,6,0,3,0,0,1,5,10,5,8,1,3,4,3,3,0,0,0,3/2,0,0,0,324,0,3,0,1,0,15,5,8,0,3,4,0,0,0,0,0,3
session-case	reinsert	3	2,3,1,6,0,3,0,0,1,5,10,5,8,1,3,4,3,3,0,0,0,3/2,1,1,2,324,1,3,0,1,1,19,5,8,1,3,4,1,1,0,6,2838,7/2,0,1,0,324,0,3,0,1,0,15,5,8,1,3,4,0,0,0,6,2838,7
session-corpus	benchmarks/challenges/image_convolution/program.slim
session-case	work	2	2,6,1,12,0,6,0,0,1,13,17,5,8,1,3,4,6,6,0,0,0,6/0,0,0,0,0,0,0,0,0,0,0,0,0,0,0,0,0,0,0,0,0,0
session-case	work	2	2,6,1,12,0,6,0,0,1,13,17,5,8,1,3,4,6,6,0,0,0,6/2,0,0,0,1638,0,6,0,1,0,30,5,8,0,3,4,0,0,0,0,0,6
session-case	reinsert	3	2,6,1,12,0,6,0,0,1,13,17,5,8,1,3,4,6,6,0,0,0,6/2,1,1,2,1638,1,6,0,1,1,34,5,8,1,3,4,1,1,0,12,13873,13/2,0,1,0,1638,0,6,0,1,0,30,5,8,1,3,4,0,0,0,12,13873,13
session-corpus	benchmarks/challenges/knapsack/program.slim
session-case	work	2	2,4,1,8,0,4,0,0,1,9,11,5,8,1,3,4,4,4,0,0,0,4/0,0,0,0,0,0,0,0,0,0,0,0,0,0,0,0,0,0,0,0,0,0
session-case	work	2	2,4,1,8,0,4,0,0,1,9,11,5,8,1,3,4,4,4,0,0,0,4/2,0,0,0,806,0,4,0,1,0,20,5,8,0,3,4,0,0,0,0,0,4
session-case	reinsert	3	2,4,1,8,0,4,0,0,1,9,11,5,8,1,3,4,4,4,0,0,0,4/2,1,1,2,806,1,4,0,1,1,24,5,8,1,3,4,1,1,0,8,6893,9/2,0,1,0,806,0,4,0,1,0,20,5,8,1,3,4,0,0,0,8,6893,9
session-corpus	benchmarks/challenges/matrix/program.slim
session-case	work	2	2,4,1,8,0,4,0,0,1,8,12,5,8,1,3,4,4,4,0,0,0,4/0,0,0,0,0,0,0,0,0,0,0,0,0,0,0,0,0,0,0,0,0,0
session-case	work	2	2,4,1,8,0,4,0,0,1,8,12,5,8,1,3,4,4,4,0,0,0,4/2,0,0,0,922,0,4,0,1,0,20,5,8,0,3,4,0,0,0,0,0,4
session-case	reinsert	3	2,4,1,8,0,4,0,0,1,8,12,5,8,1,3,4,4,4,0,0,0,4/2,1,1,2,922,1,4,0,1,1,24,5,8,1,3,4,1,1,0,8,7671,9/2,0,1,0,922,0,4,0,1,0,20,5,8,1,3,4,0,0,0,8,7671,9
session-corpus	benchmarks/challenges/merge_sort/program.slim
session-case	work	2	2,9,1,18,0,9,0,0,1,17,28,5,8,1,3,4,9,9,0,0,0,9/0,0,0,0,0,0,0,0,0,0,0,0,0,0,0,0,0,0,0,0,0,0
session-case	work	2	2,9,1,18,0,9,0,0,1,17,28,5,8,1,3,4,9,9,0,0,0,9/2,0,0,0,1792,0,9,0,1,0,45,5,8,0,3,4,0,0,0,0,0,9
session-case	reinsert	3	2,9,1,18,0,9,0,0,1,17,28,5,8,1,3,4,9,9,0,0,0,9/2,1,1,2,1792,1,9,0,1,1,49,5,8,1,3,4,1,1,0,18,15893,19/2,0,1,0,1792,0,9,0,1,0,45,5,8,1,3,4,0,0,0,18,15893,19
session-corpus	benchmarks/challenges/n_queens/program.slim
session-case	work	2	2,5,1,10,0,5,0,0,1,9,16,5,8,1,3,4,5,5,0,0,0,5/0,0,0,0,0,0,0,0,0,0,0,0,0,0,0,0,0,0,0,0,0,0
session-case	work	2	2,5,1,10,0,5,0,0,1,9,16,5,8,1,3,4,5,5,0,0,0,5/2,0,0,0,1138,0,5,0,1,0,25,5,8,0,3,4,0,0,0,0,0,5
session-case	reinsert	3	2,5,1,10,0,5,0,0,1,9,16,5,8,1,3,4,5,5,0,0,0,5/2,1,1,2,1138,1,5,0,1,1,29,5,8,1,3,4,1,1,0,10,13762,11/2,0,1,0,1138,0,5,0,1,0,25,5,8,1,3,4,0,0,0,10,13762,11
session-corpus	benchmarks/challenges/prefix_sum/program.slim
session-case	work	2	2,3,1,6,0,3,0,0,1,5,10,5,8,1,3,4,3,3,0,0,0,3/0,0,0,0,0,0,0,0,0,0,0,0,0,0,0,0,0,0,0,0,0,0
session-case	work	2	2,3,1,6,0,3,0,0,1,5,10,5,8,1,3,4,3,3,0,0,0,3/2,0,0,0,486,0,3,0,1,0,15,5,8,0,3,4,0,0,0,0,0,3
session-case	reinsert	3	2,3,1,6,0,3,0,0,1,5,10,5,8,1,3,4,3,3,0,0,0,3/2,1,1,2,486,1,3,0,1,1,19,5,8,1,3,4,1,1,0,6,4222,7/2,0,1,0,486,0,3,0,1,0,15,5,8,1,3,4,0,0,0,6,4222,7
session-corpus	benchmarks/challenges/records/program.slim
session-case	work	2	2,3,1,8,0,3,0,0,1,5,10,5,8,1,3,4,3,3,0,0,0,4/0,0,0,0,0,0,0,0,0,0,0,0,0,0,0,0,0,0,0,0,0,0
session-case	work	2	2,3,1,8,0,3,0,0,1,5,10,5,8,1,3,4,3,3,0,0,0,4/2,0,0,0,490,0,3,0,1,0,15,5,8,0,3,4,0,0,0,0,0,4
session-case	reinsert	3	2,3,1,8,0,3,0,0,1,5,10,5,8,1,3,4,3,3,0,0,0,4/2,1,1,2,490,1,3,0,1,1,19,5,8,1,3,4,1,1,0,6,3873,9/2,0,1,0,490,0,3,0,1,0,15,5,8,1,3,4,0,0,0,6,3873,9
session-corpus	benchmarks/challenges/sieve/program.slim
session-case	work	2	2,5,1,10,0,5,0,0,1,14,11,5,8,1,3,4,5,5,0,0,0,5/0,0,0,0,0,0,0,0,0,0,0,0,0,0,0,0,0,0,0,0,0,0
session-case	work	2	2,5,1,10,0,5,0,0,1,14,11,5,8,1,3,4,5,5,0,0,0,5/2,0,0,0,894,0,5,0,1,0,25,5,8,0,3,4,0,0,0,0,0,5
session-case	reinsert	3	2,5,1,10,0,5,0,0,1,14,11,5,8,1,3,4,5,5,0,0,0,5/2,1,1,2,894,1,5,0,1,1,29,5,8,1,3,4,1,1,0,10,7698,11/2,0,1,0,894,0,5,0,1,0,25,5,8,1,3,4,0,0,0,10,7698,11
session-corpus	benchmarks/challenges/signal_network/program.slim
session-case	work	2	2,4,1,10,0,4,0,0,1,7,13,5,8,1,3,4,4,4,2,0,0,5/0,0,0,0,0,0,0,0,0,0,0,0,0,0,0,0,0,0,0,0,0,0
session-case	work	2	2,4,1,10,0,4,0,0,1,7,13,5,8,1,3,4,4,4,2,0,0,5/2,0,0,0,1450,0,4,0,1,0,20,5,8,0,3,4,0,0,0,0,0,5
session-case	reinsert	3	2,4,1,10,0,4,0,0,1,7,13,5,8,1,3,4,4,4,2,0,0,5/2,1,1,2,1450,1,4,0,1,1,24,5,8,1,3,4,1,1,0,10,12932,11/2,0,1,0,1450,0,4,0,1,0,20,5,8,1,3,4,0,0,0,10,12932,11
session-corpus	benchmarks/challenges/state_machine/program.slim
session-case	work	2	2,4,1,10,0,4,0,0,1,7,13,5,8,1,3,4,4,4,2,0,0,5/0,0,0,0,0,0,0,0,0,0,0,0,0,0,0,0,0,0,0,0,0,0
session-case	work	2	2,4,1,10,0,4,0,0,1,7,13,5,8,1,3,4,4,4,2,0,0,5/2,0,0,0,906,0,4,0,1,0,20,5,8,0,3,4,0,0,0,0,0,5
session-case	reinsert	3	2,4,1,10,0,4,0,0,1,7,13,5,8,1,3,4,4,4,2,0,0,5/2,1,1,2,906,1,4,0,1,1,24,5,8,1,3,4,1,1,0,10,8734,11/2,0,1,0,906,0,4,0,1,0,20,5,8,1,3,4,0,0,0,10,8734,11
session-corpus	benchmarks/challenges/union_find/program.slim
session-case	work	2	2,7,1,14,0,7,0,0,1,16,19,5,8,1,3,4,7,7,0,0,0,7/0,0,0,0,0,0,0,0,0,0,0,0,0,0,0,0,0,0,0,0,0,0
session-case	work	2	2,7,1,14,0,7,0,0,1,16,19,5,8,1,3,4,7,7,0,0,0,7/2,0,0,0,1056,0,7,0,1,0,35,5,8,0,3,4,0,0,0,0,0,7
session-case	reinsert	3	2,7,1,14,0,7,0,0,1,16,19,5,8,1,3,4,7,7,0,0,0,7/2,1,1,2,1056,1,7,0,1,1,39,5,8,1,3,4,1,1,0,14,13528,15/2,0,1,0,1056,0,7,0,1,0,35,5,8,1,3,4,0,0,0,14,13528,15
session-corpus	benchmarks/challenges/variants/program.slim
session-case	work	2	2,4,1,10,0,4,0,0,1,8,12,5,8,1,3,4,4,4,0,0,0,5/0,0,0,0,0,0,0,0,0,0,0,0,0,0,0,0,0,0,0,0,0,0
session-case	work	2	2,4,1,10,0,4,0,0,1,8,12,5,8,1,3,4,4,4,0,0,0,5/2,0,0,0,524,0,4,0,1,0,20,5,8,0,3,4,0,0,0,0,0,5
session-case	reinsert	3	2,4,1,10,0,4,0,0,1,8,12,5,8,1,3,4,4,4,0,0,0,5/2,1,1,2,524,1,4,0,1,1,24,5,8,1,3,4,1,1,0,8,4427,11/2,0,1,0,524,0,4,0,1,0,20,5,8,1,3,4,0,0,0,8,4427,11
session-corpus	tests/fixtures/stable_codegen.slim
session-case	work	2	2,10,1,22,0,10,0,0,1,18,32,5,8,1,3,4,10,10,4,0,0,11/0,0,0,0,0,0,0,0,0,0,0,0,0,0,0,0,0,0,0,0,0,0
session-case	work	2	2,10,1,22,0,10,0,0,1,18,32,5,8,1,3,4,10,10,4,0,0,11/2,0,0,0,922,0,10,0,1,0,50,5,8,0,3,4,0,0,0,0,0,11
session-case	reinsert	3	2,10,1,22,0,10,0,0,1,18,32,5,8,1,3,4,10,10,4,0,0,11/2,1,1,2,922,1,10,0,1,1,54,5,8,1,3,4,1,1,0,24,13557,23/2,0,1,0,922,0,10,0,1,0,50,5,8,1,3,4,0,0,0,24,13557,23
session-differential	96	complete-prepared-fields-and-C
session-case	work	2	3,2,1,4,0,2,0,0,1,3,7,5,8,1,3,4,2,2,0,0,0,2/0,0,0,0,0,0,0,0,0,0,0,0,0,0,0,0,0,0,0,0,0,0
session-geometric	1	unchanged	0	2	0	0	0	0	0
session-case	work	2	3,2,1,4,0,2,0,0,1,3,7,5,8,1,3,4,2,2,0,0,0,2/3,1,1,2,44,1,1,0,1,2,8,5,8,1,3,4,1,1,0,2,442,4
session-geometric	1	body	1	1	22	2	44	1	1
session-case	parse-metadata	2	3,2,1,4,0,2,0,0,1,3,7,5,8,1,3,4,2,2,0,0,0,2/3,1,1,3,22,1,1,0,1,2,8,5,8,1,3,4,1,1,0,2,442,4
session-case	parse-modules	2	3,2,1,4,0,2,0,0,1,3,7,5,8,1,3,4,2,2,0,0,0,2/3,1,1,3,22,1,1,0,1,2,8,5,8,1,3,4,1,1,0,2,442,4
session-case	parse-module-names	2	3,2,1,4,0,2,0,0,1,3,7,5,8,1,3,4,2,2,0,0,0,2/3,1,1,3,22,1,1,0,1,2,8,5,8,1,3,4,1,1,0,2,442,4
session-case	parse-module-edges	2	3,2,1,4,0,2,0,0,1,3,7,5,8,1,3,4,2,2,0,0,0,2/3,1,1,3,22,1,1,0,1,2,8,5,8,1,3,4,1,1,0,2,442,4
session-case	node-limit	3	3,2,1,4,0,2,0,0,1,3,7,5,8,1,3,4,2,2,0,0,0,2/3,0,0,3,22,0,0,0,0,0,0,0,0,0,0,0,0,0,0,0,0,0/0,0,0,0,0,0,0,0,0,0,0,0,0,0,0,0,0,0,0,0,0,0
session-case	work	2	3,3,1,6,0,3,0,0,1,4,11,5,8,1,3,4,3,3,0,0,0,3/0,0,0,0,0,0,0,0,0,0,0,0,0,0,0,0,0,0,0,0,0,0
session-geometric	2	unchanged	0	3	0	0	0	0	0
session-case	work	2	3,3,1,6,0,3,0,0,1,4,11,5,8,1,3,4,3,3,0,0,0,3/3,1,1,2,74,1,2,0,1,2,13,5,8,1,3,4,1,1,0,4,846,6
session-geometric	2	body	1	2	37	2	74	1	2
session-case	parse-metadata	2	3,3,1,6,0,3,0,0,1,4,11,5,8,1,3,4,3,3,0,0,0,3/3,1,1,4,37,1,2,0,1,2,13,5,8,1,3,4,1,1,0,4,846,6
session-case	parse-modules	2	3,3,1,6,0,3,0,0,1,4,11,5,8,1,3,4,3,3,0,0,0,3/3,1,1,4,37,1,2,0,1,2,13,5,8,1,3,4,1,1,0,4,846,6
session-case	parse-module-names	2	3,3,1,6,0,3,0,0,1,4,11,5,8,1,3,4,3,3,0,0,0,3/3,1,1,4,37,1,2,0,1,2,13,5,8,1,3,4,1,1,0,4,846,6
session-case	parse-module-edges	2	3,3,1,6,0,3,0,0,1,4,11,5,8,1,3,4,3,3,0,0,0,3/3,1,1,4,37,1,2,0,1,2,13,5,8,1,3,4,1,1,0,4,846,6
session-case	node-limit	3	3,3,1,6,0,3,0,0,1,4,11,5,8,1,3,4,3,3,0,0,0,3/3,0,0,4,37,0,0,0,0,0,0,0,0,0,0,0,0,0,0,0,0,0/0,0,0,0,0,0,0,0,0,0,0,0,0,0,0,0,0,0,0,0,0,0
session-case	work	2	3,126,1,252,0,126,0,0,1,127,503,5,8,1,3,4,126,126,0,0,0,126/0,0,0,0,0,0,0,0,0,0,0,0,0,0,0,0,0,0,0,0,0,0
session-geometric	125	unchanged	0	126	0	0	0	0	0
session-case	work	2	3,126,1,252,0,126,0,0,1,127,503,5,8,1,3,4,126,126,0,0,0,126/3,1,1,2,3764,1,125,0,1,2,628,5,8,1,3,4,1,1,0,250,50818,252
session-geometric	125	body	1	125	1882	2	3764	1	125
session-case	parse-metadata	2	3,126,1,252,0,126,0,0,1,127,503,5,8,1,3,4,126,126,0,0,0,126/3,1,1,127,1882,1,125,0,1,2,628,5,8,1,3,4,1,1,0,250,50818,252
session-case	parse-modules	2	3,126,1,252,0,126,0,0,1,127,503,5,8,1,3,4,126,126,0,0,0,126/3,1,1,127,1882,1,125,0,1,2,628,5,8,1,3,4,1,1,0,250,50818,252
session-case	parse-module-names	2	3,126,1,252,0,126,0,0,1,127,503,5,8,1,3,4,126,126,0,0,0,126/3,1,1,127,1882,1,125,0,1,2,628,5,8,1,3,4,1,1,0,250,50818,252
session-case	parse-module-edges	2	3,126,1,252,0,126,0,0,1,127,503,5,8,1,3,4,126,126,0,0,0,126/3,1,1,127,1882,1,125,0,1,2,628,5,8,1,3,4,1,1,0,250,50818,252
session-case	work	2	3,251,1,502,0,251,0,0,1,252,1003,5,8,1,3,4,251,251,0,0,0,251/0,0,0,0,0,0,0,0,0,0,0,0,0,0,0,0,0,0,0,0,0,0
session-geometric	250	unchanged	0	251	0	0	0	0	0
session-case	work	2	3,251,1,502,0,251,0,0,1,252,1003,5,8,1,3,4,251,251,0,0,0,251/3,1,1,2,7514,1,250,0,1,2,1253,5,8,1,3,4,1,1,0,500,101818,502
session-geometric	250	body	1	250	3757	2	7514	1	250
session-case	parse-metadata	2	3,251,1,502,0,251,0,0,1,252,1003,5,8,1,3,4,251,251,0,0,0,251/3,1,1,252,3757,1,250,0,1,2,1253,5,8,1,3,4,1,1,0,500,101818,502
session-case	parse-modules	2	3,251,1,502,0,251,0,0,1,252,1003,5,8,1,3,4,251,251,0,0,0,251/3,1,1,252,3757,1,250,0,1,2,1253,5,8,1,3,4,1,1,0,500,101818,502
session-case	parse-module-names	2	3,251,1,502,0,251,0,0,1,252,1003,5,8,1,3,4,251,251,0,0,0,251/3,1,1,252,3757,1,250,0,1,2,1253,5,8,1,3,4,1,1,0,500,101818,502
session-case	parse-module-edges	2	3,251,1,502,0,251,0,0,1,252,1003,5,8,1,3,4,251,251,0,0,0,251/3,1,1,252,3757,1,250,0,1,2,1253,5,8,1,3,4,1,1,0,500,101818,502
session-case	work	2	3,501,1,1002,0,501,0,0,1,502,2003,5,8,1,3,4,501,501,0,0,0,501/0,0,0,0,0,0,0,0,0,0,0,0,0,0,0,0,0,0,0,0,0,0
session-geometric	500	unchanged	0	501	0	0	0	0	0
session-case	work	2	3,501,1,1002,0,501,0,0,1,502,2003,5,8,1,3,4,501,501,0,0,0,501/3,1,1,2,15014,1,500,0,1,2,2503,5,8,1,3,4,1,1,0,1000,203818,1002
session-geometric	500	body	1	500	7507	2	15014	1	500
session-case	parse-metadata	2	3,501,1,1002,0,501,0,0,1,502,2003,5,8,1,3,4,501,501,0,0,0,501/3,1,1,502,7507,1,500,0,1,2,2503,5,8,1,3,4,1,1,0,1000,203818,1002
session-case	parse-modules	2	3,501,1,1002,0,501,0,0,1,502,2003,5,8,1,3,4,501,501,0,0,0,501/3,1,1,502,7507,1,500,0,1,2,2503,5,8,1,3,4,1,1,0,1000,203818,1002
session-case	parse-module-names	2	3,501,1,1002,0,501,0,0,1,502,2003,5,8,1,3,4,501,501,0,0,0,501/3,1,1,502,7507,1,500,0,1,2,2503,5,8,1,3,4,1,1,0,1000,203818,1002
session-case	parse-module-edges	2	3,501,1,1002,0,501,0,0,1,502,2003,5,8,1,3,4,501,501,0,0,0,501/3,1,1,502,7507,1,500,0,1,2,2503,5,8,1,3,4,1,1,0,1000,203818,1002
session-case	work	2	3,1001,1,2002,0,1001,0,0,1,1002,4003,5,8,1,3,4,1001,1001,0,0,0,1001/0,0,0,0,0,0,0,0,0,0,0,0,0,0,0,0,0,0,0,0,0,0
session-geometric	1000	unchanged	0	1001	0	0	0	0	0
session-case	work	2	3,1001,1,2002,0,1001,0,0,1,1002,4003,5,8,1,3,4,1001,1001,0,0,0,1001/3,1,1,2,30014,1,1000,0,1,2,5003,5,8,1,3,4,1,1,0,2000,407818,2002
session-geometric	1000	body	1	1000	15007	2	30014	1	1000
session-case	parse-metadata	2	3,1001,1,2002,0,1001,0,0,1,1002,4003,5,8,1,3,4,1001,1001,0,0,0,1001/3,1,1,1002,15007,1,1000,0,1,2,5003,5,8,1,3,4,1,1,0,2000,407818,2002
session-case	parse-modules	2	3,1001,1,2002,0,1001,0,0,1,1002,4003,5,8,1,3,4,1001,1001,0,0,0,1001/3,1,1,1002,15007,1,1000,0,1,2,5003,5,8,1,3,4,1,1,0,2000,407818,2002
session-case	parse-module-names	2	3,1001,1,2002,0,1001,0,0,1,1002,4003,5,8,1,3,4,1001,1001,0,0,0,1001/3,1,1,1002,15007,1,1000,0,1,2,5003,5,8,1,3,4,1,1,0,2000,407818,2002
session-case	parse-module-edges	2	3,1001,1,2002,0,1001,0,0,1,1002,4003,5,8,1,3,4,1001,1001,0,0,0,1001/3,1,1,1002,15007,1,1000,0,1,2,5003,5,8,1,3,4,1,1,0,2000,407818,2002
session-case	work	2	3,2001,1,4002,0,2001,0,0,1,2002,8003,5,8,1,3,4,2001,2001,0,0,0,2001/0,0,0,0,0,0,0,0,0,0,0,0,0,0,0,0,0,0,0,0,0,0
session-geometric	2000	unchanged	0	2001	0	0	0	0	0
session-case	work	2	3,2001,1,4002,0,2001,0,0,1,2002,8003,5,8,1,3,4,2001,2001,0,0,0,2001/3,1,1,2,60014,1,2000,0,1,2,10003,5,8,1,3,4,1,1,0,4000,817818,4002
session-geometric	2000	body	1	2000	30007	2	60014	1	2000
session-case	parse-metadata	2	3,2001,1,4002,0,2001,0,0,1,2002,8003,5,8,1,3,4,2001,2001,0,0,0,2001/3,1,1,2002,30007,1,2000,0,1,2,10003,5,8,1,3,4,1,1,0,4000,817818,4002
session-case	parse-modules	2	3,2001,1,4002,0,2001,0,0,1,2002,8003,5,8,1,3,4,2001,2001,0,0,0,2001/3,1,1,2002,30007,1,2000,0,1,2,10003,5,8,1,3,4,1,1,0,4000,817818,4002
session-case	parse-module-names	2	3,2001,1,4002,0,2001,0,0,1,2002,8003,5,8,1,3,4,2001,2001,0,0,0,2001/3,1,1,2002,30007,1,2000,0,1,2,10003,5,8,1,3,4,1,1,0,4000,817818,4002
session-case	parse-module-edges	2	3,2001,1,4002,0,2001,0,0,1,2002,8003,5,8,1,3,4,2001,2001,0,0,0,2001/3,1,1,2002,30007,1,2000,0,1,2,10003,5,8,1,3,4,1,1,0,4000,817818,4002
session-case	work	2	3,4001,1,8002,0,4001,0,0,1,4002,16003,5,8,1,3,4,4001,4001,0,0,0,4001/0,0,0,0,0,0,0,0,0,0,0,0,0,0,0,0,0,0,0,0,0,0
session-geometric	4000	unchanged	0	4001	0	0	0	0	0
session-case	work	2	3,4001,1,8002,0,4001,0,0,1,4002,16003,5,8,1,3,4,4001,4001,0,0,0,4001/3,1,1,2,120014,1,4000,0,1,2,20003,5,8,1,3,4,1,1,0,8000,1637818,8002
session-geometric	4000	body	1	4000	60007	2	120014	1	4000
session-case	parse-metadata	2	3,4001,1,8002,0,4001,0,0,1,4002,16003,5,8,1,3,4,4001,4001,0,0,0,4001/3,1,1,4002,60007,1,4000,0,1,2,20003,5,8,1,3,4,1,1,0,8000,1637818,8002
session-case	parse-modules	2	3,4001,1,8002,0,4001,0,0,1,4002,16003,5,8,1,3,4,4001,4001,0,0,0,4001/3,1,1,4002,60007,1,4000,0,1,2,20003,5,8,1,3,4,1,1,0,8000,1637818,8002
session-case	parse-module-names	2	3,4001,1,8002,0,4001,0,0,1,4002,16003,5,8,1,3,4,4001,4001,0,0,0,4001/3,1,1,4002,60007,1,4000,0,1,2,20003,5,8,1,3,4,1,1,0,8000,1637818,8002
session-case	parse-module-edges	2	3,4001,1,8002,0,4001,0,0,1,4002,16003,5,8,1,3,4,4001,4001,0,0,0,4001/3,1,1,4002,60007,1,4000,0,1,2,20003,5,8,1,3,4,1,1,0,8000,1637818,8002
session-case	work	2	3,33,1,66,0,33,0,0,1,34,131,5,8,1,3,4,33,33,0,0,0,33/3,1,1,2,24410,1,32,0,1,2,163,5,8,1,3,4,1,1,0,64,183913,66
session-dense	32	64	1	32
session-case	work	2	3,129,1,258,0,129,0,0,1,130,515,5,8,1,3,4,129,129,0,0,0,129/3,1,1,2,99866,1,128,0,1,2,643,5,8,1,3,4,1,1,0,256,752193,258
session-dense	128	64	1	128
session-case	work	2	3,513,1,1026,0,513,0,0,1,514,2051,5,8,1,3,4,513,513,0,0,0,513/3,1,1,2,401690,1,512,0,1,2,2563,5,8,1,3,4,1,1,0,1024,3025857,1026
session-dense	512	64	1	512
session-case	work	2	2,127,1,254,0,127,0,0,1,190,445,5,8,1,3,4,127,127,0,0,0,127/2,1,1,2,7056,1,126,0,1,1,634,5,8,1,3,4,1,1,0,252,89221,254
session-counted-work	63	127	254	89221
session-case	work	2	2,129,1,258,0,129,0,0,1,193,452,5,8,1,3,4,129,129,0,0,0,129/2,1,1,2,7168,1,128,0,1,1,644,5,8,1,3,4,1,1,0,256,90638,258
session-counted-work	64	129	258	90638
session-case	work	2	2,131,1,262,0,131,0,0,1,196,459,5,8,1,3,4,131,131,0,0,0,131/2,1,1,2,7280,1,130,0,1,1,654,5,8,1,3,4,1,1,0,260,92055,262
session-counted-work	65	131	262	92055
session-case	work	2	2,251,1,502,0,251,0,0,1,376,879,5,8,1,3,4,251,251,0,0,0,251/2,1,1,2,14000,1,250,0,1,1,1254,5,8,1,3,4,1,1,0,500,177200,502
session-counted-work	125	251	502	177200
session-case	work	2	2,501,1,1002,0,501,0,0,1,751,1754,5,8,1,3,4,501,501,0,0,0,501/2,1,1,2,28000,1,500,0,1,1,2504,5,8,1,3,4,1,1,0,1000,354950,1002
session-counted-work	250	501	1002	354950
session-case	work	2	2,1001,1,2002,0,1001,0,0,1,1501,3504,5,8,1,3,4,1001,1001,0,0,0,1001/2,1,1,2,56000,1,1000,0,1,1,5004,5,8,1,3,4,1,1,0,2000,710450,2002
session-counted-work	500	1001	2002	710450
session-case	work	2	2,2001,1,4002,0,2001,0,0,1,3001,7004,5,8,1,3,4,2001,2001,0,0,0,2001/2,1,1,2,112000,1,2000,0,1,1,10004,5,8,1,3,4,1,1,0,4000,1421450,4002
session-counted-work	1000	2001	4002	1421450
session-case	work	2	2,4001,1,8002,0,4001,0,0,1,6001,14004,5,8,1,3,4,4001,4001,0,0,0,4001/2,1,1,2,224000,1,4000,0,1,1,20004,5,8,1,3,4,1,1,0,8000,2848450,8002
session-counted-work	2000	4001	8002	2848450
session-fault	1	71	0
session-fault	2	71	0
session-fault	3	71	0
session-fault	4	71	0
session-fault	5	71	0
session-fault	6	71	0
session-fault	7	71	0
session-fault	8	71	0
session-fault	9	71	0
session-fault	10	71	0
session-fault	11	71	0
session-fault	12	71	0
session-fault	13	71	0
session-fault	14	71	0
session-fault	15	71	0
session-fault	16	71	0
session-fault	17	71	1
session-fault	18	71	1
session-fault	19	71	1
session-fault	20	71	1
session-fault	21	71	1
session-fault	22	71	1
session-fault	23	71	1
session-fault	24	71	1
session-fault	25	71	1
session-fault	26	71	1
session-fault	27	71	1
session-fault	28	71	1
session-fault	29	71	1
session-fault	30	71	1
session-fault	31	71	1
session-fault	32	71	1
session-fault	33	71	1
session-fault	34	71	1
session-fault	35	71	1
session-fault	36	71	1
session-fault	37	71	1
session-fault	38	71	1
session-fault	39	71	1
session-fault	40	71	1
session-fault	41	71	1
session-fault	42	71	1
session-fault	43	71	1
session-fault	44	71	1
session-fault	45	71	1
session-fault	46	71	1
session-fault	47	71	1
session-fault	48	71	1
session-fault	49	71	1
session-fault	50	71	1
session-fault	51	71	1
session-fault	52	71	1
session-fault	53	71	1
session-fault	54	71	1
session-fault	55	71	1
session-fault	56	71	1
session-fault	57	71	1
session-fault	58	71	1
session-fault	59	71	1
session-fault	60	71	1
session-fault	61	71	1
session-fault	62	71	1
session-fault	63	71	1
session-fault	64	71	1
session-fault	65	71	1
session-fault	66	71	1
session-fault	67	71	1
session-fault	68	71	1
session-fault	69	71	1
session-fault	70	71	1
session-fault	71	71	1
session-fault	72	71	1
session-fault	73	71	1
session-fault	74	71	1
session-fault	75	71	1
session-fault	76	71	1
session-fault	77	71	1
session-fault	78	71	1
session-fault	79	71	1
session-fault	80	71	1
session-fault	81	71	1
session-fault	82	71	1
session-fault	83	71	1
session-fault	84	71	1
session-fault	85	71	1
session-fault	86	71	1
session-fault	87	71	1
session-fault	88	71	1
session-fault	89	71	1
session-fault	90	71	1
session-fault	91	71	1
session-fault	92	71	1
session-fault	93	71	1
session-fault	94	71	1
session-fault	95	71	1
session-fault	96	71	1
session-fault	97	71	1
session-fault	98	71	1
session-fault	99	71	1
session-fault	100	71	1
session-fault	101	71	1
session-fault	102	71	1
session-fault	103	71	1
session-fault	104	71	1
session-fault	105	71	1
session-fault	106	71	1
session-fault	107	71	1
session-fault	108	71	1
session-fault	109	71	1
session-fault	110	71	1
session-fault	111	71	1
session-fault	112	71	1
session-fault	113	71	1
session-fault	114	71	1
session-fault	115	71	1
session-fault	116	71	1
session-fault	117	71	1
session-fault	118	71	1
session-fault	119	71	1
session-fault	120	71	1
session-fault	121	71	1
session-fault	122	71	1
session-fault	123	71	1
session-fault	124	71	1
session-fault	125	71	1
session-fault	126	71	1
session-fault	127	71	1
session-fault	128	71	1
session-fault	129	71	1
session-fault	130	71	1
session-fault	131	71	1
session-fault	132	71	1
session-fault	133	71	1
session-fault	134	71	1
session-fault	135	71	1
session-fault	136	71	1
session-fault	137	71	1
session-fault	138	71	1
session-fault	139	71	1
session-fault	140	71	1
session-fault	141	71	1
session-fault	142	71	1
session-fault	143	71	1
session-fault	144	71	1
session-fault	145	71	1
session-fault	146	71	1
session-fault	147	71	1
session-fault	148	71	1
session-fault	149	71	1
session-fault	150	71	1
session-fault	151	71	1
session-fault	152	71	1
session-fault	153	71	1
session-fault	154	71	1
session-fault	155	71	1
session-fault	156	71	1
session-fault	157	71	1
session-fault	158	71	1
session-fault	159	71	1
session-fault	160	71	1
session-fault	161	71	1
session-fault	162	71	1
session-fault	163	71	1
session-fault	164	71	1
session-fault	165	71	1
session-fault	166	71	1
session-fault	167	71	1
session-fault	168	71	1
session-fault	169	71	1
session-fault	170	71	1
session-fault	171	71	1
session-fault	172	71	1
session-fault	173	71	1
session-fault	174	71	1
session-fault	175	71	1
session-fault	176	71	1
session-fault	177	71	1
session-fault	178	71	1
session-fault	179	71	1
session-fault	180	71	1
session-fault	181	71	1
session-fault	182	71	1
session-fault	183	71	1
session-fault	184	71	1
session-fault	185	71	1
session-fault	186	71	1
session-fault	187	71	1
session-fault	188	71	1
session-fault	189	71	1
session-fault	190	71	1
session-fault	191	71	1
session-fault	192	71	1
session-fault	193	71	1
session-fault	194	71	1
session-fault	195	71	1
session-fault	196	71	1
session-fault	197	71	1
session-fault	198	71	1
session-fault	199	71	1
session-fault	200	71	1
session-fault	201	71	1
session-fault	202	71	1
session-fault	203	71	1
session-fault	204	71	1
session-fault	205	71	1
session-fault	206	71	1
session-fault	207	71	1
session-fault	208	71	1
session-fault	209	71	1
session-fault	210	71	1
session-fault	211	71	1
session-fault	212	71	1
session-fault	213	71	1
session-fault	214	71	1
session-fault	215	71	1
session-fault	216	71	1
session-fault	217	71	1
session-fault	218	71	1
session-fault	219	71	1
session-fault	220	71	1
session-fault	221	71	1
session-fault	222	71	1
session-fault	223	71	1
session-fault	224	71	1
session-fault	225	71	1
session-fault	226	71	1
session-fault	227	71	1
session-fault	228	71	1
session-fault	229	71	1
session-fault	230	71	1
session-fault	231	71	1
session-fault	232	71	1
session-fault	233	71	1
session-fault	234	71	1
session-fault	235	71	1
session-fault	236	71	1
session-fault	237	71	1
session-fault	238	71	1
session-fault	239	71	1
session-fault	240	71	1
session-fault	241	71	1
session-fault	242	71	1
session-fault	243	71	1
session-fault	244	71	1
session-fault	245	71	1
session-fault	246	71	1
session-fault	247	71	1
session-fault	248	71	1
session-fault	249	71	1
session-fault	250	71	1
session-fault	251	71	1
session-fault	252	71	1
session-fault	253	71	1
session-fault	254	71	1
session-fault	255	71	1
session-fault	256	71	1
session-fault	257	71	1
session-fault	258	71	1
session-fault	259	71	1
session-fault	260	71	1
session-fault	261	71	1
session-fault	262	71	1
session-fault	263	71	1
session-fault	264	71	1
session-fault	265	71	1
session-fault	266	71	1
session-fault	267	71	1
session-fault	268	71	1
session-fault	269	71	1
session-fault	270	71	1
session-fault	271	71	1
session-fault	272	71	1
session-fault	273	71	1
session-fault	274	71	1
session-fault	275	71	1
session-fault	276	71	1
session-fault	277	71	1
session-fault	278	71	1
session-fault	279	71	1
session-fault	280	71	1
session-fault	281	71	1
session-fault	282	71	1
session-fault	283	71	1
session-fault	284	71	1
session-fault	285	71	1
session-fault	286	71	1
session-fault	287	71	1
session-fault	288	71	1
session-fault	289	71	1
session-fault	290	71	1
session-fault	291	71	1
session-fault	292	71	1
session-fault	293	71	1
session-fault	294	71	1
session-fault	295	71	1
session-fault	296	71	1
session-fault	297	71	1
session-fault	298	71	1
session-fault	299	71	1
session-fault	300	71	1
session-fault	301	71	1
session-fault	302	71	1
session-fault	303	71	1
session-fault	304	71	1
session-fault	305	71	1
session-fault	306	71	1
session-fault	307	71	1
session-fault	308	71	1
session-fault	309	71	1
session-fault	310	71	1
session-fault	311	71	1
session-fault	312	71	1
session-fault	313	71	1
session-fault	314	71	1
session-fault	315	71	1
session-fault	316	71	1
session-fault	317	71	1
session-fault	318	71	1
session-fault	319	71	1
session-fault	320	71	1
session-fault	321	71	1
session-fault	322	71	1
session-fault	323	71	1
session-fault	324	71	1
session-fault	325	71	1
session-fault	326	71	1
session-fault	327	71	1
session-fault	328	71	1
session-fault	329	71	1
session-fault	330	71	1
session-fault	331	71	1
session-fault	332	71	1
session-fault	333	71	1
session-fault	334	71	1
session-fault	335	71	1
session-fault	336	71	1
session-fault	337	71	1
session-fault	338	71	1
session-fault	339	71	1
session-fault	340	71	1
session-fault	341	71	1
session-fault	342	71	1
session-fault	343	71	1
session-fault	344	71	1
session-fault	345	71	1
session-fault	346	71	1
session-fault	347	71	1
session-fault	348	71	1
session-fault	349	71	1
session-fault	350	71	1
session-fault	351	71	1
session-fault	352	71	1
session-fault	353	71	1
session-fault	354	71	1
session-fault	355	71	1
session-fault	356	71	1
session-fault	357	71	1
session-fault	358	71	1
session-fault	359	71	1
session-fault	360	71	1
session-fault	361	71	2
session-fault	362	71	2
session-fault	363	71	2
session-fault	364	71	2
session-fault	365	71	2
session-fault	366	71	2
session-fault	367	71	2
session-fault	368	71	2
session-fault	369	71	2
session-fault	370	71	2
session-fault	371	71	2
session-fault	372	71	2
session-fault	373	71	2
session-fault	374	71	2
session-fault	375	71	2
session-fault	376	71	2
session-fault	377	71	2
session-fault	378	71	2
session-fault	379	71	2
session-fault	380	71	2
session-fault	381	71	2
session-fault	382	71	2
session-fault	383	71	2
session-fault	384	71	2
session-fault	385	71	2
session-fault	386	71	2
session-fault	387	71	2
session-fault	388	71	2
session-fault	389	71	2
session-fault	390	71	2
session-fault	391	71	2
session-fault	392	71	2
session-fault	393	71	2
session-fault	394	71	2
session-fault	395	71	2
session-fault	396	71	2
session-fault	397	71	2
session-fault	398	71	2
session-fault	399	71	2
session-fault	400	71	2
session-fault	401	71	2
session-fault	402	71	2
session-fault	403	71	2
session-fault	404	71	2
session-fault	405	71	2
session-fault	406	71	2
session-fault	407	71	2
session-fault	408	71	2
session-fault	409	71	2
session-fault	410	71	2
session-fault	411	71	2
session-fault	412	71	2
session-fault	413	71	2
session-fault	414	71	2
session-fault	415	71	2
session-fault	416	71	2
session-fault	417	71	2
session-fault	418	71	2
session-fault	419	71	2
session-fault	420	71	2
session-fault	421	71	2
session-fault	422	71	2
session-fault	423	71	2
session-fault	424	71	2
session-fault	425	71	2
session-fault	426	71	2
session-fault	427	71	2
session-fault	428	71	2
session-fault	429	71	2
session-fault	430	71	2
session-fault	431	71	2
session-fault	432	71	2
session-fault	433	71	2
session-fault	434	71	2
session-fault	435	71	2
session-fault	436	71	2
session-fault	437	71	2
session-fault	438	71	2
session-fault	439	71	2
session-fault	440	71	2
session-fault	441	71	2
session-fault	442	71	2
session-fault	443	71	2
session-fault	444	71	2
session-fault	445	71	2
session-fault	446	71	2
session-fault	447	71	2
session-fault	448	71	2
session-fault	449	71	2
session-fault	450	71	2
session-fault	451	71	2
session-fault	452	71	2
session-fault	453	71	2
session-fault	454	71	2
session-fault	455	71	2
session-fault	456	71	2
session-fault	457	71	2
session-fault	458	71	2
session-fault	459	71	2
session-fault	460	71	2
session-fault	461	71	2
session-fault	462	71	2
session-fault	463	71	2
session-fault	464	71	2
session-fault	465	71	2
session-fault	466	71	2
session-fault	467	71	2
session-fault	468	71	2
session-fault	469	71	2
session-fault	470	71	2
session-fault	471	71	2
session-fault	472	71	2
session-fault	473	71	2
session-fault	474	71	2
session-fault	475	71	2
session-fault	476	71	2
session-fault	477	71	2
session-fault	478	71	2
session-fault	479	71	2
session-fault	480	71	2
session-fault	481	71	2
session-fault	482	71	2
session-fault	483	71	2
session-fault	484	71	2
session-fault	485	71	2
session-fault	486	71	2
session-fault	487	71	2
session-fault	488	71	2
session-fault	489	71	2
session-fault	490	71	2
session-fault	491	71	2
session-fault	492	71	2
session-fault	493	71	2
session-fault	494	71	2
session-fault	495	71	2
session-fault	496	71	2
session-fault	497	71	2
session-fault	498	71	2
session-fault	499	71	2
session-fault	500	71	2
session-fault	501	71	2
session-fault	502	71	2
session-fault	503	71	2
session-fault	504	71	2
session-fault	505	71	2
session-fault	506	71	2
session-fault	507	71	2
session-fault	508	71	2
session-fault	509	71	2
session-fault	510	71	2
session-fault	511	71	2
session-fault	512	71	2
session-fault	513	71	2
session-fault	514	71	2
session-fault	515	71	2
session-fault	516	71	2
session-fault	517	71	2
session-fault	518	71	2
session-fault	519	71	2
session-fault	520	71	2
session-fault	521	71	2
session-fault	522	71	2
session-fault	523	71	2
session-fault	524	71	2
session-fault	525	71	2
session-fault	526	71	2
session-fault	527	71	2
session-fault	528	71	2
session-fault	529	71	2
session-fault	530	71	2
session-fault	531	71	2
session-fault	532	71	2
session-fault	533	71	2
session-fault	534	71	2
session-fault	535	71	2
session-fault	536	71	2
session-fault	537	71	2
session-fault	538	71	2
session-fault	539	71	2
session-fault	540	71	2
session-fault	541	71	2
session-fault	542	71	2
session-fault	543	71	2
session-fault	544	71	2
session-fault	545	71	2
session-fault	546	71	2
session-fault	547	71	2
session-fault	548	71	2
session-fault	549	71	2
session-fault	550	71	2
session-fault	551	0	2
session-fault	552	0	2
session-fault	553	0	2
session-fault	554	0	2
session-fault	555	0	2
session-fault	556	0	2
session-fault	557	0	2
session-fault	558	0	2
session-fault	559	0	2
session-fault	560	0	2
session-fault	561	0	2
session-fault	562	0	2
session-fault	563	0	2
session-fault	564	0	2
session-fault	565	0	2
session-fault	566	0	2
session-fault	567	0	2
session-fault	568	0	2
session-fault	569	0	2
session-fault	570	0	2
session-fault	571	0	2
session-fault	572	0	2
session-fault	573	0	2
session-fault	574	0	2
session-fault	575	0	2
session-fault	576	0	2
session-fault	577	0	2
session-fault	578	0	2
session-fault	579	0	2
session-fault	580	0	2
session-fault	581	0	2
session-fault	582	0	2
session-fault	583	0	2
session-fault	584	0	2
session-fault	585	0	2
session-fault	586	0	2
session-fault	587	0	2
session-fault	588	0	2
session-fault	589	0	2
session-fault	590	0	2
session-fault	591	0	2
session-fault	592	0	2
session-fault	593	0	2
session-fault	594	0	2
session-fault	595	0	2
session-fault	596	0	2
session-fault	597	0	2
session-fault	598	0	2
session-fault	599	0	2
session-fault	600	0	2
session-fault	601	0	2
session-fault	602	0	2
session-fault	603	0	2
session-fault	604	0	2
session-fault	605	0	2
session-fault	606	0	2
session-fault	607	0	2
session-fault	608	0	2
session-fault	609	0	2
session-fault	610	0	2
session-fault	611	0	2
session-fault	612	0	2
session-fault	613	0	2
session-fault	614	0	2
session-fault	615	0	2
session-fault	616	0	2
session-fault	617	0	2
session-fault	618	0	2
session-fault	619	0	2
session-fault	620	0	2
session-fault	621	0	2
session-fault	622	0	2
session-fault	623	0	2
session-fault	624	0	2
session-fault	625	0	2
session-fault	626	0	2
session-fault	627	0	2
session-fault	628	0	2
session-fault	629	0	2
session-fault	630	0	2
session-fault	631	0	2
session-fault	632	0	2
session-fault	633	0	2
session-fault	634	0	2
session-fault	635	0	2
session-fault	636	0	2
session-fault	637	0	2
session-fault	638	0	2
session-fault	639	0	2
session-fault	640	0	2
session-fault	641	0	2
session-fault	642	0	2
session-fault	643	0	2
session-fault	644	0	2
session-fault	645	0	2
session-fault	646	0	2
session-fault	647	0	2
session-fault	648	0	2
session-fault	649	0	2
session-fault	650	0	2
session-fault	651	0	2
session-fault	652	0	2
session-fault	653	0	2
session-fault	654	0	2
session-fault	655	0	2
session-fault	656	0	2
session-fault	657	0	2
session-fault	658	0	2
session-fault	659	0	2
session-fault	660	0	2
session-fault	661	0	2
session-fault	662	0	2
session-fault	663	0	2
session-fault	664	0	2
session-fault	665	0	2
session-fault	666	0	2
session-fault	667	0	2
session-fault	668	0	2
session-fault	669	0	2
session-fault	670	0	2
session-fault	671	0	2
session-fault	672	0	2
session-fault	673	0	2
session-fault	674	0	2
session-fault	675	0	2
session-fault	676	0	2
session-fault	677	0	2
session-fault	678	0	2
session-fault	679	0	2
session-fault	680	0	2
session-fault	681	0	2
session-fault	682	0	2
session-fault	683	0	2
session-fault	684	0	2
session-fault	685	0	2
session-fault	686	0	2
session-fault	687	0	2
session-fault	688	0	2
session-fault	689	0	2
session-fault	690	0	2
session-fault	691	0	2
session-fault	692	0	2
session-fault	693	0	2
session-fault	694	0	2
session-fault	695	0	2
session-fault	696	0	2
session-fault	697	0	2
session-fault	698	0	2
session-fault	699	0	2
session-fault	700	0	2
session-fault	701	0	2
session-fault	702	0	2
session-fault	703	0	2
session-fault	704	0	2
session-fault	705	0	2
session-fault	706	0	2
session-fault	707	0	2
session-fault	708	0	2
session-fault	709	0	2
session-fault	710	0	2
session-fault	711	0	2
session-fault	712	0	2
session-fault	713	0	2
session-fault	714	0	2
session-fault	715	0	2
session-fault	716	0	2
session-fault	717	0	2
session-fault	718	0	2
session-fault	719	0	2
session-fault	720	0	2
session-fault	721	0	2
session-fault	722	0	2
session-fault	723	0	2
session-fault	724	0	2
session-fault	725	0	2
session-fault	726	0	2
session-fault	727	0	2
session-fault	728	0	2
session-fault	729	0	2
session-fault	730	0	2
session-fault	731	0	2
session-fault	732	0	2
session-fault	733	0	2
session-fault	734	0	2
session-fault	735	0	2
session-fault	736	0	2
session-fault	737	0	2
session-fault	738	0	2
session-fault	739	0	2
session-fault	740	0	2
session-fault	741	0	2
session-fault	742	0	2
session-fault	743	0	2
session-fault	744	0	2
session-fault	745	0	2
session-fault	746	0	2
session-fault	747	0	2
session-fault	748	0	2
session-fault	749	0	2
session-fault	750	0	2
session-fault	751	0	2
session-fault	752	0	2
session-fault	753	0	2
session-fault	754	0	2
session-fault	755	0	2
session-fault	756	0	2
session-fault	757	0	2
session-fault	758	0	2
session-fault	759	0	2
session-fault	760	0	2
session-fault	761	0	2
session-fault	762	0	2
session-fault	763	0	2
session-fault	764	0	2
session-fault	765	0	2
session-fault	766	0	2
session-fault	767	0	2
session-fault	768	0	2
session-fault	769	0	2
session-fault	770	0	2
session-fault	771	0	2
session-fault	772	0	2
session-fault	773	0	2
session-fault	774	0	2
session-fault	775	0	2
session-fault	776	0	2
session-fault	777	0	2
session-fault	778	0	2
session-fault	779	0	2
session-fault	780	0	2
session-fault	781	0	2
session-fault	782	0	2
session-fault	783	0	2
session-fault	784	0	2
session-fault	785	0	2
session-fault	786	0	2
session-fault	787	0	2
session-fault	788	0	2
session-fault	789	0	2
session-fault	790	0	2
session-fault	791	0	2
session-fault	792	0	2
session-fault	793	0	2
session-fault	794	0	2
session-fault	795	0	2
session-fault	796	0	2
session-fault	797	0	2
session-fault	798	0	2
session-fault	799	0	2
session-fault	800	0	2
session-fault	801	0	2
session-fault	802	0	2
session-fault	803	0	2
session-fault	804	0	2
session-fault	805	0	2
session-fault	806	0	2
session-fault	807	0	2
session-fault	808	0	2
session-fault	809	0	2
session-fault	810	0	2
session-fault	811	0	2
session-fault	812	0	2
session-fault	813	0	2
session-fault	814	0	2
session-fault	815	0	2
session-fault	816	0	2
session-fault	817	0	2
session-fault	818	0	2
session-fault	819	0	2
session-fault	820	0	2
session-fault	821	0	2
session-fault	822	0	2
session-fault	823	0	2
session-fault	824	0	2
session-fault	825	0	2
session-fault	826	0	2
session-fault	827	0	2
session-fault	828	0	2
session-fault	829	0	2
session-fault	830	0	2
session-fault	831	0	2
session-fault	832	0	2
session-fault	833	0	2
session-fault	834	0	2
session-fault	835	0	2
session-fault	836	0	2
session-fault	837	0	2
session-fault	838	0	2
session-fault	839	0	2
session-fault	840	0	2
session-fault	841	0	2
session-fault	842	0	2
session-fault	843	0	2
session-fault	844	0	2
session-fault	845	0	2
session-fault	846	0	2
session-fault	847	0	2
session-fault	848	0	2
session-fault	849	0	2
session-fault	850	0	2
session-fault	851	0	2
session-fault	852	0	2
session-fault	853	0	2
session-fault	854	0	2
session-fault	855	0	2
session-fault	856	0	2
session-fault	857	0	2
session-fault	858	0	2
session-fault	859	0	2
session-fault	860	0	2
session-fault	861	0	2
session-fault	862	0	2
session-fault	863	0	2
session-fault	864	0	2
session-fault	865	0	2
session-fault	866	0	2
session-fault	867	0	2
session-fault	868	0	2
session-fault	869	0	2
session-fault	870	0	2
session-fault	871	0	2
session-fault	872	0	2
session-fault	873	0	2
session-fault	874	0	2
session-fault	875	0	2
session-fault	876	0	2
session-fault	877	0	2
session-fault	878	0	2
session-fault	879	0	2
session-fault	880	0	2
session-fault	881	0	2
session-fault	882	0	2
session-fault	883	0	2
session-fault	884	0	2
session-fault	885	0	2
session-fault	886	0	2
session-fault	887	0	2
session-fault	888	0	2
session-fault	889	0	2
session-fault	890	0	2
session-fault	891	0	2
session-fault	892	0	2
session-fault	893	0	2
session-fault	894	0	2
session-fault	895	0	2
session-fault	896	0	2
session-fault	897	0	2
session-fault	898	0	2
session-fault	899	0	2
session-fault	900	0	2
session-fault	901	0	2
session-fault	902	0	2
session-fault	903	0	2
session-fault	904	0	2
session-fault	905	0	2
session-fault	906	0	2
session-fault	907	0	2
session-fault	908	0	2
session-fault	909	0	2
session-fault	910	0	2
session-fault	911	0	2
session-fault	912	0	2
session-fault	913	0	2
session-fault	914	0	2
session-fault	915	0	2
session-fault	916	0	2
session-fault	917	0	2
session-fault	918	0	2
session-fault	919	0	2
session-fault	920	0	2
session-fault	921	0	2
session-fault	922	0	2
session-fault	923	0	2
session-fault	924	0	2
session-fault	925	0	2
session-fault	926	0	2
session-fault	927	0	2
session-fault	928	0	2
session-fault	929	0	2
session-fault	930	0	2
session-fault	931	0	2
session-fault	932	0	2
session-fault	933	0	2
session-fault	934	0	2
session-fault	935	0	2
session-fault	936	0	2
session-fault	937	0	2
session-fault	938	0	2
session-fault	939	0	2
session-fault	940	0	2
session-fault	941	0	2
session-fault	942	0	2
session-fault	943	0	2
session-fault	944	0	2
session-fault	945	0	2
session-fault	946	0	2
session-fault	947	0	2
session-fault	948	0	2
session-fault	949	0	2
session-fault	950	0	2
session-fault	951	0	2
session-fault	952	0	2
session-fault	953	0	2
session-fault	954	0	2
session-fault	955	0	2
session-fault	956	0	2
session-fault	957	0	2
session-fault	958	0	2
session-fault	959	0	2
session-fault	960	0	2
session-fault	961	0	2
session-fault	962	0	2
session-fault	963	0	2
session-fault	964	0	2
session-fault	965	0	2
session-fault	966	0	2
session-fault	967	0	2
session-fault	968	0	2
session-fault	969	0	2
session-fault	970	0	2
session-fault	971	0	2
session-fault	972	0	2
session-fault	973	0	2
session-fault	974	0	2
session-fault	975	0	2
session-fault	976	0	2
session-fault	977	0	2
session-fault	978	0	2
session-fault	979	0	2
session-fault	980	0	2
session-fault	981	0	2
session-fault	982	0	2
session-fault	983	0	2
session-fault	984	0	2
session-fault	985	0	2
session-fault	986	0	2
session-fault	987	0	2
session-fault	988	0	2
session-fault	989	0	2
session-fault	990	0	2
session-fault	991	0	2
session-fault	992	0	2
session-fault	993	0	2
session-fault	994	0	2
session-fault	995	0	2
session-fault	996	0	2
session-fault	997	0	2
session-fault	998	0	2
session-fault	999	0	2
session-fault	1000	0	2
session-fault	1001	0	2
session-fault	1002	0	2
session-fault	1003	0	2
session-fault	1004	0	2
session-fault	1005	0	2
session-fault	1006	0	2
session-fault	1007	0	2
session-fault	1008	0	2
session-fault	1009	0	2
session-fault	1010	0	2
session-fault	1011	0	2
session-fault	1012	0	2
session-fault	1013	0	2
session-fault	1014	0	2
session-fault	1015	0	2
session-fault	1016	0	2
session-fault	1017	0	2
session-fault	1018	0	2
session-fault	1019	0	2
session-fault	1020	0	2
session-fault	1021	0	2
session-fault	1022	0	2
session-fault	1023	0	2
session-fault	1024	0	2
session-fault	1025	0	2
session-fault	1026	0	2
session-fault	1027	0	2
session-fault	1028	0	2
session-fault	1029	0	2
session-fault	1030	0	2
session-fault	1031	0	2
session-fault	1032	0	2
session-fault	1033	0	2
session-fault	1034	0	2
session-fault	1035	0	2
session-fault	1036	0	2
session-fault	1037	0	2
session-fault	1038	0	2
session-fault	1039	0	2
session-fault	1040	0	2
session-fault	1041	0	2
session-fault	1042	0	2
session-fault	1043	0	2
session-fault	1044	0	2
session-fault	1045	0	2
session-fault	1046	0	2
session-fault	1047	0	2
session-fault	1048	0	2
session-fault	1049	0	2
session-fault	1050	0	2
session-fault	1051	0	2
session-fault	1052	0	2
session-fault	1053	0	2
session-fault	1054	0	2
session-fault	1055	0	2
session-fault	1056	0	2
session-fault	1057	0	2
session-fault	1058	0	2
session-fault	1059	0	2
session-fault	1060	0	2
session-fault	1061	0	2
session-fault	1062	0	2
session-fault	1063	0	2
session-fault	1064	0	2
session-fault	1065	0	2
session-fault	1066	0	2
session-fault	1067	0	2
session-fault	1068	0	2
session-fault	1069	0	2
session-fault	1070	0	2
session-fault	1071	0	2
session-fault	1072	0	2
session-fault	1073	0	2
session-fault	1074	0	2
session-fault	1075	0	2
session-fault	1076	0	2
session-fault	1077	0	2
session-fault	1078	0	2
session-fault	1079	0	2
session-fault	1080	0	2
session-fault	1081	0	2
session-fault	1082	0	2
session-fault	1083	0	2
session-fault	1084	0	2
session-fault	1085	0	2
session-fault	1086	0	2
session-fault	1087	0	2
session-fault	1088	0	2
session-fault	1089	0	2
session-fault	1090	0	2
session-fault	1091	0	2
session-fault	1092	0	2
session-fault	1093	0	2
session-fault	1094	0	2
session-fault	1095	0	2
session-fault	1096	0	2
session-fault	1097	0	2
session-fault	1098	0	2
session-fault	1099	0	2
session-fault	1100	0	2
session-fault	1101	0	2
session-fault	1102	0	2
session-fault	1103	0	2
session-fault	1104	0	2
session-fault	1105	0	2
session-fault	1106	0	2
session-fault	1107	0	2
session-fault	1108	0	2
session-fault	1109	0	2
session-fault	1110	0	2
session-fault	1111	0	2
session-fault	1112	0	2
session-fault	1113	0	2
session-fault	1114	0	2
session-fault	1115	0	2
session-fault	1116	0	2
session-fault	1117	0	2
session-fault	1118	0	2
session-fault	1119	0	2
session-fault	1120	0	2
session-fault	1121	0	2
session-fault	1122	0	2
session-fault	1123	0	2
session-fault	1124	0	2
session-fault	1125	0	2
session-fault	1126	0	2
session-fault	1127	0	2
session-fault	1128	0	2
session-fault	1129	0	2
session-fault	1130	0	2
session-fault	1131	0	2
session-fault	1132	0	2
session-fault	1133	0	2
session-fault	1134	0	2
session-fault	1135	0	2
session-fault	1136	0	2
session-fault	1137	0	2
session-fault	1138	0	2
session-fault	1139	0	2
session-fault	1140	0	2
session-fault	1141	0	2
session-fault	1142	0	2
session-fault	1143	0	2
session-fault	1144	0	2
session-fault	1145	0	2
session-fault	1146	0	2
session-fault	1147	0	2
session-fault	1148	0	2
session-fault	1149	0	2
session-fault	1150	0	2
session-fault	1151	0	2
session-fault	1152	0	2
session-fault	1153	0	2
session-fault	1154	0	2
session-fault	1155	0	2
session-fault	1156	0	2
session-fault	1157	0	2
session-fault	1158	0	2
session-fault	1159	0	2
session-fault	1160	0	2
session-fault	1161	0	2
session-fault	1162	0	2
session-fault	1163	0	2
session-fault	1164	0	2
session-fault	1165	0	2
session-fault	1166	0	2
session-fault	1167	0	2
session-fault	1168	0	2
session-fault	1169	0	2
session-fault	1170	0	2
session-fault	1171	0	2
session-fault	1172	0	2
session-fault	1173	0	2
session-fault	1174	0	2
session-fault	1175	0	2
session-fault	1176	0	2
session-fault	1177	0	2
session-fault	1178	0	2
session-fault	1179	0	2
session-fault	1180	0	2
session-fault	1181	0	2
session-fault	1182	0	2
session-fault	1183	0	2
session-fault	1184	0	2
session-fault	1185	0	2
session-fault	1186	0	2
session-fault	1187	0	2
session-fault	1188	0	2
session-fault	1189	0	2
session-fault	1190	0	2
session-fault	1191	0	2
session-fault	1192	0	2
session-fault	1193	0	2
session-fault	1194	0	2
session-fault	1195	0	2
session-fault	1196	0	2
session-fault	1197	0	2
session-fault	1198	0	2
session-fault	1199	0	2
session-fault	1200	0	2
session-fault	1201	0	2
session-fault	1202	0	2
session-fault	1203	0	2
session-fault	1204	0	2
session-fault	1205	0	2
session-fault	1206	0	2
session-fault	1207	0	2
session-fault	1208	0	2
session-fault	1209	0	2
session-fault	1210	0	2
session-fault	1211	0	2
session-fault	1212	0	2
session-fault	1213	0	2
session-fault	1214	0	2
session-fault	1215	0	2
session-fault	1216	0	2
session-fault	1217	0	2
session-fault	1218	0	2
session-fault	1219	0	2
session-fault	1220	0	2
session-fault	1221	0	2
session-fault	1222	0	2
session-fault	1223	0	2
session-fault	1224	0	2
session-fault	1225	0	2
session-fault	1226	0	2
session-fault	1227	0	2
session-fault	1228	0	2
session-fault	1229	0	2
session-fault	1230	0	2
session-fault	1231	0	2
session-fault	1232	0	2
session-fault	1233	0	2
session-fault	1234	0	2
session-fault	1235	0	2
session-fault	1236	0	2
session-fault	1237	0	2
session-fault	1238	0	2
session-fault	1239	0	2
session-fault	1240	0	2
session-fault	1241	0	2
session-fault	1242	0	2
session-fault	1243	0	2
session-fault	1244	0	2
session-fault	1245	0	2
session-fault	1246	0	2
session-fault	1247	0	2
session-fault	1248	0	2
session-fault	1249	0	2
session-fault	1250	0	2
session-fault	1251	0	2
session-fault	1252	0	2
session-fault	1253	0	2
session-fault	1254	0	2
session-fault	1255	0	2
session-fault	1256	0	2
session-fault	1257	0	2
session-fault	1258	0	2
session-fault	1259	0	2
session-fault	1260	0	2
session-fault	1261	0	2
session-fault	1262	0	2
session-fault	1263	0	2
session-fault	1264	0	2
session-fault	1265	0	2
session-fault	1266	0	2
session-fault	1267	0	2
session-fault	1268	0	2
session-fault	1269	0	2
session-fault	1270	0	2
session-fault	1271	0	2
session-fault	1272	0	2
session-fault	1273	0	2
session-fault	1274	0	2
session-fault	1275	0	2
session-fault	1276	0	2
session-fault	1277	0	2
session-fault	1278	0	2
session-fault	1279	0	2
session-fault	1280	0	2
session-fault	1281	0	2
session-fault	1282	0	2
session-fault	1283	0	2
session-fault	1284	0	2
session-fault	1285	0	2
session-fault	1286	0	2
session-fault	1287	0	2
session-fault	1288	0	2
session-fault	1289	0	2
session-fault	1290	0	2
session-fault	1291	0	2
session-fault	1292	0	2
session-fault	1293	0	2
session-fault	1294	0	2
session-fault	1295	0	2
session-fault	1296	0	2
session-fault	1297	0	2
session-fault	1298	0	2
session-fault	1299	0	2
session-fault	1300	0	2
session-fault	1301	0	2
session-fault	1302	0	2
session-fault	1303	0	2
session-fault	1304	0	2
session-fault	1305	0	2
session-fault	1306	0	2
session-fault	1307	0	2
session-fault	1308	0	2
session-fault	1309	0	2
session-fault	1310	0	2
session-fault	1311	0	2
session-fault	1312	0	2
session-fault	1313	0	2
session-fault	1314	0	2
session-fault	1315	0	2
session-fault	1316	0	2
session-fault	1317	0	2
session-fault	1318	0	2
session-fault	1319	0	2
session-fault	1320	0	2
session-fault	1321	0	2
session-fault	1322	0	2
session-fault	1323	0	2
session-fault	1324	0	2
session-fault	1325	0	2
session-fault	1326	0	2
session-fault	1327	0	2
session-fault	1328	0	2
session-fault	1329	0	2
session-fault	1330	0	2
session-fault	1331	0	2
session-fault	1332	0	2
session-fault	1333	0	2
session-fault	1334	0	2
session-fault	1335	0	2
session-fault	1336	0	2
session-fault	1337	0	2
session-fault	1338	0	2
session-fault	1339	0	2
session-fault	1340	0	2
session-fault	1341	0	2
session-fault	1342	0	2
session-fault	1343	0	2
session-fault	1344	0	2
session-fault	1345	0	2
session-fault	1346	0	2
session-fault	1347	0	2
session-fault	1348	0	2
session-fault	1349	0	2
session-fault	1350	0	2
session-fault	1351	0	2
session-fault	1352	0	2
session-fault	1353	0	2
session-fault	1354	0	2
session-fault	1355	0	2
session-fault	1356	0	2
session-fault	1357	0	2
session-fault	1358	0	2
session-fault	1359	0	2
session-fault	1360	0	2
session-fault	1361	0	2
session-fault	1362	0	2
session-fault	1363	0	2
session-fault	1364	0	2
session-fault	1365	0	2
session-fault	1366	0	2
session-fault	1367	0	2
session-fault	1368	0	2
session-fault	1369	0	2
session-fault	1370	0	2
session-fault	1371	0	2
session-fault	1372	0	2
session-fault	1373	0	2
session-fault	1374	0	2
session-fault	1375	0	2
session-fault	1376	0	2
session-fault	1377	0	2
session-fault	1378	0	2
session-fault	1379	0	2
session-fault	1380	0	2
session-fault	1381	0	2
session-fault	1382	0	2
session-fault	1383	0	2
session-fault	1384	0	2
session-fault	1385	0	2
session-fault	1386	0	2
session-fault	1387	0	2
session-fault	1388	0	2
session-fault	1389	0	2
session-fault	1390	0	2
session-fault	1391	0	2
session-fault	1392	0	2
session-fault	1393	0	2
session-fault	1394	0	2
session-fault	1395	0	2
session-fault	1396	0	2
session-fault	1397	0	2
session-fault	1398	0	2
session-fault	1399	0	2
session-fault	1400	0	2
session-fault	1401	0	2
session-fault	1402	0	2
session-fault	1403	0	2
session-fault	1404	0	2
session-fault	1405	0	2
session-fault	1406	0	2
session-fault	1407	0	2
session-fault	1408	0	2
session-fault	1409	0	2
session-fault	1410	0	2
session-fault	1411	0	2
session-fault	1412	0	2
session-fault	1413	0	2
session-fault	1414	0	2
session-fault	1415	0	2
session-fault	1416	0	2
session-fault	1417	0	2
session-fault	1418	0	2
session-fault	1419	0	2
session-fault	1420	0	2
session-fault	1421	0	2
session-fault	1422	0	2
session-fault	1423	0	2
session-fault	1424	0	2
session-fault	1425	0	2
session-fault	1426	0	2
session-fault	1427	0	2
session-fault	1428	0	2
session-fault	1429	0	2
session-fault	1430	0	2
session-fault	1431	0	2
session-fault	1432	0	2
session-fault	1433	0	2
session-fault	1434	0	2
session-fault	1435	0	2
session-fault	1436	0	2
session-fault	1437	0	2
session-fault	1438	0	2
session-fault	1439	0	2
session-fault	1440	0	2
session-fault	1441	0	2
session-fault	1442	0	2
session-fault	1443	0	2
session-fault	1444	0	2
session-fault	1445	0	2
session-fault	1446	0	2
session-fault	1447	0	2
session-fault	1448	0	2
session-fault	1449	0	2
session-fault	1450	0	2
session-fault	1451	0	2
session-fault	1452	0	2
session-fault	1453	0	2
session-fault	1454	0	2
session-fault	1455	0	2
session-fault	1456	0	2
session-fault	1457	0	2
session-fault	1458	0	2
session-fault	1459	0	2
session-fault	1460	0	2
session-fault	1461	0	2
session-fault	1462	0	2
session-fault	1463	0	2
session-fault	1464	0	2
session-fault	1465	0	2
session-fault	1466	0	2
session-fault	1467	0	2
session-fault	1468	0	2
session-fault	1469	0	2
session-fault	1470	0	2
session-fault	1471	0	2
session-fault	1472	0	2
session-fault	1473	0	2
session-fault	1474	0	2
session-fault	1475	0	2
session-fault	1476	0	2
session-fault	1477	0	2
session-fault	1478	0	2
session-fault	1479	0	2
session-fault	1480	0	2
session-fault	1481	0	2
session-fault	1482	0	2
session-fault	1483	0	2
session-fault	1484	0	2
session-fault	1485	0	2
session-fault	1486	0	2
session-fault	1487	0	2
session-fault	1488	0	2
session-fault	1489	0	2
session-fault	1490	0	2
session-fault	1491	0	2
session-fault	1492	0	2
session-fault	1493	0	2
session-fault	1494	0	2
session-fault	1495	0	2
session-fault	1496	0	2
session-fault	1497	0	2
session-fault	1498	0	2
session-fault	1499	0	2
session-fault	1500	0	2
session-fault	1501	0	2
session-fault	1502	0	2
session-fault	1503	0	2
session-fault	1504	0	2
session-fault	1505	0	2
session-fault	1506	0	2
session-fault	1507	0	2
session-fault	1508	0	2
session-fault	1509	0	2
session-fault	1510	0	2
session-fault	1511	0	2
session-fault	1512	0	2
session-fault	1513	0	2
session-fault	1514	0	2
session-fault	1515	0	2
session-fault	1516	0	2
session-fault	1517	0	2
session-fault	1518	0	2
session-fault	1519	0	2
session-fault	1520	0	2
session-fault	1521	0	2
session-fault	1522	0	2
session-fault	1523	0	2
session-fault	1524	0	2
session-fault	1525	0	2
session-fault	1526	0	2
session-fault	1527	0	2
session-fault	1528	0	2
session-fault	1529	0	2
session-fault	1530	0	2
session-fault	1531	0	2
session-fault	1532	0	2
session-fault	1533	0	2
session-fault	1534	0	2
session-fault	1535	0	2
session-fault	1536	0	2
session-fault	1537	0	2
session-fault	1538	0	2
session-fault	1539	0	2
session-fault	1540	0	2
session-fault	1541	0	2
session-fault	1542	0	2
session-fault	1543	0	2
session-fault	1544	0	2
session-fault	1545	0	2
session-fault	1546	0	2
session-fault	1547	0	2
session-fault	1548	0	2
session-fault	1549	0	2
session-fault	1550	0	2
session-fault	1551	0	2
session-fault	1552	0	2
session-fault	1553	0	2
session-fault	1554	0	2
session-fault	1555	0	2
session-fault	1556	0	2
session-fault	1557	0	2
session-fault	1558	0	2
session-fault	1559	0	2
session-fault	1560	0	2
session-fault	1561	0	2
session-fault	1562	0	2
session-fault	1563	0	2
session-fault	1564	0	2
session-fault	1565	0	2
session-fault	1566	0	2
session-fault	1567	0	2
session-fault	1568	0	2
session-fault	1569	0	2
session-fault	1570	0	2
session-fault	1571	0	2
session-fault	1572	0	2
session-fault	1573	0	2
session-fault	1574	0	2
session-fault	1575	0	2
session-fault	1576	0	2
session-fault	1577	0	2
session-fault	1578	0	2
session-fault	1579	0	2
session-fault	1580	0	2
session-fault	1581	0	2
session-fault	1582	0	2
session-fault	1583	0	2
session-fault	1584	0	2
session-fault	1585	0	2
session-fault	1586	0	2
session-fault	1587	0	2
session-fault	1588	0	2
session-fault	1589	0	2
session-fault	1590	0	2
session-fault	1591	0	2
session-fault	1592	0	2
session-fault	1593	0	2
session-fault	1594	0	2
session-fault	1595	0	2
session-fault	1596	0	2
session-fault	1597	0	2
session-fault	1598	0	2
session-fault	1599	0	2
session-fault	1600	0	2
session-fault	1601	0	2
session-fault	1602	0	2
session-fault	1603	0	2
session-fault	1604	0	2
session-fault	1605	0	2
session-fault	1606	0	2
session-fault	1607	0	2
session-fault	1608	0	2
session-fault	1609	0	2
session-fault	1610	0	2
session-fault	1611	0	2
session-fault	1612	0	2
session-fault	1613	0	2
session-fault	1614	0	2
session-fault	1615	0	2
session-fault	1616	0	2
session-fault	1617	0	2
session-fault	1618	0	2
session-fault	1619	0	2
session-fault	1620	0	2
session-fault	1621	0	2
session-fault	1622	0	2
session-fault	1623	0	2
session-fault	1624	0	2
session-fault	1625	0	2
session-fault	1626	0	2
session-fault	1627	0	2
session-fault	1628	0	2
session-fault	1629	0	2
session-fault	1630	0	2
session-fault	1631	0	2
session-fault	1632	0	2
session-fault	1633	0	2
session-fault	1634	0	2
session-fault	1635	0	2
session-fault	1636	0	2
session-fault	1637	0	2
session-fault	1638	0	2
session-fault	1639	0	2
session-fault	1640	0	2
session-fault	1641	0	2
session-fault	1642	0	2
session-fault	1643	0	2
session-fault	1644	0	2
session-fault	1645	0	2
session-fault	1646	0	2
session-fault	1647	0	2
session-fault	1648	0	2
session-fault	1649	0	2
session-fault	1650	0	2
session-fault	1651	0	2
session-fault	1652	0	2
session-fault	1653	0	2
session-fault	1654	0	2
session-fault	1655	0	2
session-fault	1656	0	2
session-fault	1657	0	2
session-fault	1658	0	2
session-fault	1659	0	2
session-fault	1660	0	2
session-fault	1661	0	2
session-fault	1662	0	2
session-fault	1663	0	2
session-fault	1664	0	2
session-fault	1665	0	2
session-fault	1666	0	2
session-fault	1667	0	2
session-fault	1668	0	2
session-fault	1669	0	2
session-fault	1670	0	2
session-fault	1671	0	2
session-fault	1672	0	2
session-fault	1673	0	2
session-fault	1674	0	2
session-fault	1675	0	2
session-fault	1676	0	2
session-fault	1677	0	2
session-fault	1678	0	2
session-fault	1679	0	2
session-fault	1680	0	2
session-fault	1681	0	2
session-fault	1682	0	2
session-fault	1683	0	2
session-fault	1684	0	2
session-fault	1685	0	2
session-fault	1686	0	2
session-fault	1687	0	2
session-fault	1688	0	2
session-fault	1689	0	2
session-fault	1690	0	2
session-fault	1691	0	2
session-fault	1692	0	2
session-fault	1693	0	2
session-fault	1694	0	2
session-fault	1695	0	2
session-fault	1696	0	2
session-fault	1697	0	2
session-fault	1698	0	2
session-fault	1699	0	2
session-fault	1700	0	2
session-fault	1701	0	2
session-fault	1702	0	2
session-fault	1703	0	2
session-fault	1704	0	2
session-fault	1705	0	2
session-fault	1706	0	2
session-fault	1707	0	2
session-fault	1708	0	2
session-fault	1709	0	2
session-fault	1710	0	2
session-fault	1711	0	2
session-fault	1712	0	2
session-fault	1713	0	2
session-fault	1714	0	2
session-fault	1715	0	2
session-fault	1716	0	2
session-fault	1717	0	2
session-fault	1718	0	2
session-fault	1719	0	2
session-fault	1720	0	2
session-fault	1721	0	2
session-fault	1722	0	2
session-fault	1723	0	2
session-fault	1724	0	2
session-fault	1725	0	2
session-fault	1726	0	2
session-fault	1727	0	2
session-fault	1728	0	2
session-fault	1729	0	2
session-fault	1730	0	2
session-fault	1731	0	2
session-fault	1732	0	2
session-fault	1733	0	2
session-fault	1734	0	2
session-fault	1735	0	2
session-fault	1736	0	2
session-fault	1737	0	2
session-fault	1738	0	2
session-fault	1739	0	2
session-fault	1740	0	2
session-fault	1741	0	2
session-fault	1742	0	2
session-fault	1743	0	2
session-fault	1744	0	2
session-fault	1745	0	2
session-fault	1746	0	2
session-fault	1747	0	2
session-fault	1748	0	2
session-fault	1749	0	2
session-fault	1750	0	2
session-fault	1751	0	2
session-fault	1752	0	2
session-fault	1753	0	2
session-fault	1754	0	2
session-fault	1755	0	2
session-fault	1756	0	2
session-fault	1757	0	2
session-fault	1758	0	2
session-fault	1759	0	2
session-fault	1760	0	2
session-fault	1761	0	2
session-fault	1762	0	2
session-fault	1763	0	2
session-fault	1764	0	2
session-fault	1765	0	2
session-fault	1766	0	2
session-fault	1767	0	2
session-fault	1768	0	2
session-fault	1769	0	2
session-fault	1770	0	2
session-fault	1771	0	2
session-fault	1772	0	2
session-fault	1773	0	2
session-fault	1774	0	2
session-fault	1775	0	2
session-fault	1776	0	2
session-fault	1777	0	2
session-fault	1778	0	2
session-fault	1779	0	2
session-fault	1780	0	2
session-fault	1781	0	2
session-fault	1782	0	2
session-fault	1783	0	2
session-fault	1784	0	2
session-fault	1785	0	2
session-fault	1786	0	2
session-fault	1787	0	2
session-fault	1788	0	2
session-fault	1789	0	2
session-fault	1790	0	2
session-fault	1791	0	2
session-fault	1792	0	2
session-fault	1793	0	2
session-fault	1794	0	2
session-fault	1795	0	2
session-fault	1796	0	2
session-fault	1797	0	2
session-fault	1798	0	2
session-fault	1799	0	2
session-fault	1800	0	2
session-fault	1801	0	2
session-fault	1802	0	2
session-fault	1803	0	2
session-fault	1804	0	2
session-fault	1805	0	2
session-fault	1806	0	2
session-fault	1807	0	2
session-fault	1808	0	2
session-fault	1809	0	2
session-fault	1810	0	2
session-fault	1811	0	2
session-fault	1812	0	2
session-fault	1813	0	2
session-fault	1814	0	2
session-fault	1815	0	2
session-fault	1816	0	2
session-fault	1817	0	2
session-fault	1818	0	2
session-fault	1819	0	2
session-fault	1820	0	2
session-fault	1821	0	2
session-fault	1822	0	2
session-fault	1823	0	2
session-fault	1824	0	2
session-fault	1825	0	2
session-fault	1826	0	2
session-fault	1827	0	2
session-fault	1828	0	2
session-fault	1829	0	2
session-fault	1830	0	2
session-fault	1831	0	2
session-fault	1832	0	2
session-fault	1833	0	2
session-fault	1834	0	2
session-fault	1835	0	2
session-fault	1836	0	2
session-fault	1837	0	2
session-fault	1838	0	2
session-fault	1839	0	2
session-fault	1840	0	2
session-fault	1841	0	2
session-fault	1842	0	2
session-fault	1843	0	2
session-fault	1844	0	2
session-fault	1845	0	2
session-fault	1846	0	2
session-fault	1847	0	2
session-fault	1848	0	2
session-fault	1849	0	2
session-fault	1850	0	2
session-fault	1851	0	2
session-fault	1852	0	2
session-fault	1853	0	2
session-fault	1854	0	2
session-fault	1855	0	2
session-fault	1856	0	2
session-fault	1857	0	2
session-fault	1858	0	2
session-fault	1859	0	2
session-fault	1860	0	2
session-fault	1861	0	2
session-fault	1862	0	2
session-fault	1863	0	2
session-fault	1864	0	2
session-fault	1865	0	2
session-fault	1866	0	2
session-fault	1867	0	2
session-fault	1868	0	2
session-fault	1869	0	2
session-fault	1870	0	2
session-fault	1871	0	2
session-fault	1872	0	2
session-fault	1873	0	2
session-fault	1874	0	2
session-fault	1875	0	2
session-fault	1876	0	2
session-fault	1877	0	2
session-fault	1878	0	2
session-fault	1879	0	2
session-fault	1880	0	2
session-fault	1881	0	2
session-fault	1882	0	2
session-fault	1883	0	2
session-fault	1884	0	2
session-fault	1885	0	2
session-fault	1886	0	2
session-fault	1887	0	2
session-fault	1888	0	2
session-fault	1889	0	2
session-fault	1890	0	2
session-fault	1891	0	2
session-fault	1892	0	2
session-fault	1893	0	2
session-fault	1894	0	2
session-fault	1895	0	2
session-fault	1896	0	2
session-fault	1897	0	2
session-fault	1898	0	2
session-fault	1899	0	2
session-fault	1900	0	2
session-fault	1901	0	2
session-fault	1902	0	2
session-fault	1903	0	2
session-fault	1904	0	2
session-fault	1905	0	2
session-fault	1906	0	2
session-fault	1907	0	2
session-fault	1908	0	2
session-fault	1909	0	2
session-fault	1910	0	2
session-fault	1911	0	2
session-fault	1912	0	2
session-fault	1913	0	2
session-fault	1914	0	2
session-fault	1915	0	2
session-fault	1916	0	2
session-fault	1917	0	2
session-fault	1918	0	2
session-fault	1919	0	2
session-fault	1920	0	2
session-fault	1921	0	2
session-fault	1922	0	2
session-fault	1923	0	2
session-fault	1924	0	2
session-fault	1925	0	2
session-fault	1926	0	2
session-fault	1927	0	2
session-fault	1928	0	2
session-fault	1929	0	2
session-fault	1930	0	2
session-fault	1931	0	2
session-fault	1932	0	2
session-fault	1933	0	2
session-fault	1934	0	2
session-fault	1935	0	2
session-fault	1936	0	2
session-fault	1937	0	2
session-fault	1938	0	2
session-fault	1939	0	2
session-fault	1940	0	2
session-fault	1941	0	2
session-fault	1942	0	2
session-fault	1943	0	2
session-fault	1944	0	2
session-fault	1945	0	2
session-fault	1946	0	2
session-fault	1947	0	2
session-fault	1948	0	2
session-fault	1949	0	2
session-fault	1950	0	2
session-fault	1951	0	2
session-fault	1952	0	2
session-fault	1953	0	2
session-fault	1954	0	2
session-fault	1955	0	2
session-fault	1956	0	2
session-fault	1957	0	2
session-fault	1958	0	2
session-fault	1959	0	2
session-fault	1960	0	2
session-fault	1961	0	2
session-fault	1962	0	2
session-fault	1963	0	2
session-fault	1964	0	2
session-fault	1965	0	2
session-fault	1966	0	2
session-fault	1967	0	2
session-fault	1968	0	2
session-fault	1969	0	2
session-fault	1970	0	2
session-fault	1971	0	2
session-fault	1972	0	2
session-fault	1973	0	2
session-fault	1974	0	2
session-fault	1975	0	2
session-fault	1976	0	2
session-fault	1977	0	2
session-fault	1978	0	2
session-fault	1979	0	2
session-fault	1980	0	2
session-fault	1981	0	2
session-fault	1982	0	2
session-fault	1983	0	2
session-fault	1984	0	2
session-fault	1985	0	2
session-fault	1986	0	2
session-fault	1987	0	2
session-fault	1988	0	2
session-fault	1989	0	2
session-fault	1990	0	2
session-fault	1991	0	2
session-fault	1992	0	2
session-fault	1993	0	2
session-fault	1994	0	2
session-fault	1995	0	2
session-fault	1996	0	2
session-fault	1997	0	2
session-fault	1998	0	2
session-fault	1999	0	2
session-fault	2000	0	2
session-fault	2001	0	2
session-fault	2002	0	2
session-fault	2003	0	2
session-fault	2004	0	2
session-fault	2005	0	2
session-fault	2006	0	2
session-fault	2007	0	2
session-fault	2008	0	2
session-fault	2009	0	2
session-fault	2010	0	2
session-fault	2011	0	2
session-fault	2012	0	2
session-fault	2013	0	2
session-fault	2014	0	2
session-fault	2015	0	2
session-fault	2016	0	2
session-fault	2017	0	2
session-fault	2018	0	2
session-fault	2019	0	2
session-fault	2020	0	2
session-fault	2021	0	2
session-fault	2022	0	2
session-fault	2023	0	2
session-fault	2024	0	2
session-fault	2025	0	2
session-fault	2026	0	2
session-fault	2027	0	2
session-fault	2028	0	2
session-fault	2029	0	2
session-fault	2030	0	2
session-fault	2031	0	2
session-fault	2032	0	2
session-fault	2033	0	2
session-fault	2034	0	2
session-fault	2035	0	2
session-fault	2036	0	2
session-fault	2037	0	2
session-fault	2038	0	2
session-fault	2039	0	2
session-fault	2040	0	2
session-fault	2041	0	2
session-fault	2042	0	2
session-fault	2043	0	2
session-fault	2044	0	2
session-fault	2045	0	2
session-fault	2046	0	2
session-fault	2047	0	2
session-fault	2048	0	2
session-fault-summary	550	1498
session-update-fault	1	71	0
session-update-fault	2	71	0
session-update-fault	3	71	0
session-update-fault	4	71	0
session-update-fault	5	71	0
session-update-fault	6	71	0
session-update-fault	7	71	0
session-update-fault	8	71	0
session-update-fault	9	71	0
session-update-fault	10	71	0
session-update-fault	11	71	0
session-update-fault	12	71	0
session-update-fault	13	71	0
session-update-fault	14	71	0
session-update-fault	15	71	0
session-update-fault	16	71	0
session-update-fault	17	71	0
session-update-fault	18	71	0
session-update-fault	19	71	0
session-update-fault	20	71	0
session-update-fault	21	71	0
session-update-fault	22	71	0
session-update-fault	23	71	0
session-update-fault	24	71	1
session-update-fault	25	71	1
session-update-fault	26	71	1
session-update-fault	27	71	1
session-update-fault	28	71	1
session-update-fault	29	71	1
session-update-fault	30	71	1
session-update-fault	31	71	1
session-update-fault	32	71	1
session-update-fault	33	71	1
session-update-fault	34	71	1
session-update-fault	35	71	1
session-update-fault	36	71	1
session-update-fault	37	71	1
session-update-fault	38	71	1
session-update-fault	39	71	1
session-update-fault	40	71	1
session-update-fault	41	71	1
session-update-fault	42	71	1
session-update-fault	43	71	1
session-update-fault	44	71	1
session-update-fault	45	71	1
session-update-fault	46	71	1
session-update-fault	47	71	1
session-update-fault	48	71	1
session-update-fault	49	71	1
session-update-fault	50	71	1
session-update-fault	51	71	1
session-update-fault	52	71	1
session-update-fault	53	71	1
session-update-fault	54	71	1
session-update-fault	55	71	1
session-update-fault	56	71	1
session-update-fault	57	71	1
session-update-fault	58	71	1
session-update-fault	59	71	1
session-update-fault	60	71	1
session-update-fault	61	71	1
session-update-fault	62	71	1
session-update-fault	63	71	1
session-update-fault	64	71	1
session-update-fault	65	71	1
session-update-fault	66	71	1
session-update-fault	67	71	1
session-update-fault	68	71	1
session-update-fault	69	71	1
session-update-fault	70	71	1
session-update-fault	71	71	1
session-update-fault	72	71	1
session-update-fault	73	71	1
session-update-fault	74	71	1
session-update-fault	75	71	1
session-update-fault	76	71	1
session-update-fault	77	71	1
session-update-fault	78	71	1
session-update-fault	79	71	1
session-update-fault	80	71	1
session-update-fault	81	71	1
session-update-fault	82	71	1
session-update-fault	83	71	1
session-update-fault	84	71	1
session-update-fault	85	71	1
session-update-fault	86	71	1
session-update-fault	87	71	1
session-update-fault	88	71	1
session-update-fault	89	71	1
session-update-fault	90	71	1
session-update-fault	91	71	1
session-update-fault	92	71	1
session-update-fault	93	71	1
session-update-fault	94	71	1
session-update-fault	95	71	1
session-update-fault	96	71	1
session-update-fault	97	71	1
session-update-fault	98	71	1
session-update-fault	99	71	1
session-update-fault	100	71	1
session-update-fault	101	71	1
session-update-fault	102	71	1
session-update-fault	103	71	1
session-update-fault	104	71	1
session-update-fault	105	71	1
session-update-fault	106	71	1
session-update-fault	107	71	1
session-update-fault	108	71	1
session-update-fault	109	71	1
session-update-fault	110	71	1
session-update-fault	111	71	1
session-update-fault	112	71	1
session-update-fault	113	71	1
session-update-fault	114	71	1
session-update-fault	115	71	1
session-update-fault	116	71	1
session-update-fault	117	71	1
session-update-fault	118	71	1
session-update-fault	119	71	1
session-update-fault	120	71	1
session-update-fault	121	71	1
session-update-fault	122	71	1
session-update-fault	123	71	1
session-update-fault	124	71	1
session-update-fault	125	71	1
session-update-fault	126	71	1
session-update-fault	127	71	1
session-update-fault	128	71	1
session-update-fault	129	71	1
session-update-fault	130	71	1
session-update-fault	131	71	1
session-update-fault	132	71	1
session-update-fault	133	71	1
session-update-fault	134	71	1
session-update-fault	135	71	1
session-update-fault	136	71	1
session-update-fault	137	71	1
session-update-fault	138	71	1
session-update-fault	139	71	1
session-update-fault	140	71	1
session-update-fault	141	71	1
session-update-fault	142	71	1
session-update-fault	143	71	1
session-update-fault	144	71	1
session-update-fault	145	71	1
session-update-fault	146	71	1
session-update-fault	147	71	1
session-update-fault	148	71	1
session-update-fault	149	71	1
session-update-fault	150	71	1
session-update-fault	151	71	1
session-update-fault	152	71	1
session-update-fault	153	71	1
session-update-fault	154	71	1
session-update-fault	155	71	1
session-update-fault	156	71	1
session-update-fault	157	71	1
session-update-fault	158	71	1
session-update-fault	159	71	1
session-update-fault	160	71	1
session-update-fault	161	71	1
session-update-fault	162	71	1
session-update-fault	163	71	1
session-update-fault	164	71	1
session-update-fault	165	71	1
session-update-fault	166	71	1
session-update-fault	167	71	1
session-update-fault	168	71	1
session-update-fault	169	71	1
session-update-fault	170	71	1
session-update-fault	171	71	1
session-update-fault	172	71	1
session-update-fault	173	71	1
session-update-fault	174	71	1
session-update-fault	175	71	1
session-update-fault	176	71	1
session-update-fault	177	71	1
session-update-fault	178	71	1
session-update-fault	179	71	1
session-update-fault	180	71	1
session-update-fault	181	71	1
session-update-fault	182	71	1
session-update-fault	183	71	1
session-update-fault	184	71	1
session-update-fault	185	71	1
session-update-fault	186	71	1
session-update-fault	187	71	1
session-update-fault	188	71	1
session-update-fault	189	71	1
session-update-fault	190	71	1
session-update-fault	191	71	1
session-update-fault	192	71	1
session-update-fault	193	71	1
session-update-fault	194	71	1
session-update-fault	195	71	1
session-update-fault	196	71	1
session-update-fault	197	71	1
session-update-fault	198	71	1
session-update-fault	199	71	1
session-update-fault	200	71	1
session-update-fault	201	71	1
session-update-fault	202	71	1
session-update-fault	203	71	1
session-update-fault	204	71	1
session-update-fault	205	71	1
session-update-fault	206	71	1
session-update-fault	207	71	1
session-update-fault	208	71	1
session-update-fault	209	71	1
session-update-fault	210	71	1
session-update-fault	211	71	1
session-update-fault	212	71	1
session-update-fault	213	71	1
session-update-fault	214	71	1
session-update-fault	215	71	1
session-update-fault	216	71	1
session-update-fault	217	71	1
session-update-fault	218	71	1
session-update-fault	219	71	1
session-update-fault	220	71	1
session-update-fault	221	71	1
session-update-fault	222	71	1
session-update-fault	223	71	1
session-update-fault	224	71	1
session-update-fault	225	71	1
session-update-fault	226	71	1
session-update-fault	227	71	1
session-update-fault	228	71	1
session-update-fault	229	71	1
session-update-fault	230	71	1
session-update-fault	231	71	1
session-update-fault	232	71	1
session-update-fault	233	71	1
session-update-fault	234	71	1
session-update-fault	235	71	1
session-update-fault	236	71	1
session-update-fault	237	71	1
session-update-fault	238	71	1
session-update-fault	239	71	1
session-update-fault	240	71	1
session-update-fault	241	71	1
session-update-fault	242	71	1
session-update-fault	243	71	1
session-update-fault	244	71	1
session-update-fault	245	71	1
session-update-fault	246	71	1
session-update-fault	247	71	1
session-update-fault	248	71	1
session-update-fault	249	71	1
session-update-fault	250	71	1
session-update-fault	251	71	1
session-update-fault	252	71	1
session-update-fault	253	71	1
session-update-fault	254	71	1
session-update-fault	255	71	1
session-update-fault	256	71	1
session-update-fault	257	71	1
session-update-fault	258	71	1
session-update-fault	259	71	1
session-update-fault	260	71	1
session-update-fault	261	71	1
session-update-fault	262	71	1
session-update-fault	263	71	1
session-update-fault	264	71	1
session-update-fault	265	71	1
session-update-fault	266	71	1
session-update-fault	267	71	1
session-update-fault	268	71	1
session-update-fault	269	71	1
session-update-fault	270	71	1
session-update-fault	271	71	1
session-update-fault	272	71	1
session-update-fault	273	71	1
session-update-fault	274	71	1
session-update-fault	275	71	1
session-update-fault	276	71	1
session-update-fault	277	71	1
session-update-fault	278	71	1
session-update-fault	279	71	1
session-update-fault	280	71	1
session-update-fault	281	71	1
session-update-fault	282	71	1
session-update-fault	283	71	1
session-update-fault	284	71	1
session-update-fault	285	71	1
session-update-fault	286	71	1
session-update-fault	287	71	1
session-update-fault	288	71	1
session-update-fault	289	71	1
session-update-fault	290	71	1
session-update-fault	291	71	1
session-update-fault	292	71	1
session-update-fault	293	71	1
session-update-fault	294	71	1
session-update-fault	295	71	1
session-update-fault	296	71	1
session-update-fault	297	71	1
session-update-fault	298	71	1
session-update-fault	299	71	1
session-update-fault	300	71	1
session-update-fault	301	71	1
session-update-fault	302	71	1
session-update-fault	303	71	1
session-update-fault	304	71	1
session-update-fault	305	71	1
session-update-fault	306	71	1
session-update-fault	307	71	1
session-update-fault	308	71	1
session-update-fault	309	71	1
session-update-fault	310	71	1
session-update-fault	311	71	1
session-update-fault	312	71	1
session-update-fault	313	71	1
session-update-fault	314	71	1
session-update-fault	315	71	1
session-update-fault	316	71	1
session-update-fault	317	71	1
session-update-fault	318	71	1
session-update-fault	319	71	1
session-update-fault	320	71	1
session-update-fault	321	71	1
session-update-fault	322	71	1
session-update-fault	323	71	1
session-update-fault	324	71	1
session-update-fault	325	71	1
session-update-fault	326	71	1
session-update-fault	327	71	1
session-update-fault	328	71	1
session-update-fault	329	71	1
session-update-fault	330	71	1
session-update-fault	331	71	1
session-update-fault	332	71	1
session-update-fault	333	71	1
session-update-fault	334	71	1
session-update-fault	335	71	1
session-update-fault	336	71	1
session-update-fault	337	71	1
session-update-fault	338	71	1
session-update-fault	339	71	1
session-update-fault	340	71	1
session-update-fault	341	71	1
session-update-fault	342	71	1
session-update-fault	343	71	1
session-update-fault	344	71	1
session-update-fault	345	71	1
session-update-fault	346	71	1
session-update-fault	347	71	1
session-update-fault	348	71	1
session-update-fault	349	71	1
session-update-fault	350	71	1
session-update-fault	351	71	1
session-update-fault	352	71	1
session-update-fault	353	71	1
session-update-fault	354	71	1
session-update-fault	355	71	1
session-update-fault	356	71	1
session-update-fault	357	71	1
session-update-fault	358	71	1
session-update-fault	359	71	1
session-update-fault	360	71	1
session-update-fault	361	71	1
session-update-fault	362	71	1
session-update-fault	363	71	1
session-update-fault	364	71	1
session-update-fault	365	71	1
session-update-fault	366	71	1
session-update-fault	367	71	1
session-update-fault	368	71	1
session-update-fault	369	71	1
session-update-fault	370	71	1
session-update-fault	371	71	1
session-update-fault	372	71	1
session-update-fault	373	71	1
session-update-fault	374	71	1
session-update-fault	375	71	1
session-update-fault	376	71	1
session-update-fault	377	71	1
session-update-fault	378	71	1
session-update-fault	379	71	1
session-update-fault	380	71	1
session-update-fault	381	71	1
session-update-fault	382	71	1
session-update-fault	383	71	1
session-update-fault	384	71	1
session-update-fault	385	71	1
session-update-fault	386	71	1
session-update-fault	387	71	1
session-update-fault	388	71	1
session-update-fault	389	71	1
session-update-fault	390	71	1
session-update-fault	391	71	1
session-update-fault	392	71	1
session-update-fault	393	71	1
session-update-fault	394	71	1
session-update-fault	395	71	1
session-update-fault	396	71	1
session-update-fault	397	71	1
session-update-fault	398	71	1
session-update-fault	399	71	1
session-update-fault	400	71	1
session-update-fault	401	71	1
session-update-fault	402	71	1
session-update-fault	403	71	1
session-update-fault	404	71	1
session-update-fault	405	71	1
session-update-fault	406	71	1
session-update-fault	407	71	1
session-update-fault	408	71	1
session-update-fault	409	71	1
session-update-fault	410	71	1
session-update-fault	411	71	1
session-update-fault	412	71	1
session-update-fault	413	71	1
session-update-fault	414	71	1
session-update-fault	415	71	1
session-update-fault	416	71	1
session-update-fault	417	71	1
session-update-fault	418	71	1
session-update-fault	419	71	1
session-update-fault	420	71	1
session-update-fault	421	71	1
session-update-fault	422	71	1
session-update-fault	423	71	1
session-update-fault	424	71	1
session-update-fault	425	71	1
session-update-fault	426	71	1
session-update-fault	427	71	1
session-update-fault	428	71	1
session-update-fault	429	71	1
session-update-fault	430	71	1
session-update-fault	431	71	1
session-update-fault	432	71	1
session-update-fault	433	71	1
session-update-fault	434	71	1
session-update-fault	435	71	1
session-update-fault	436	71	1
session-update-fault	437	71	1
session-update-fault	438	71	1
session-update-fault	439	71	1
session-update-fault	440	71	1
session-update-fault	441	71	1
session-update-fault	442	71	1
session-update-fault	443	71	1
session-update-fault	444	71	1
session-update-fault	445	71	1
session-update-fault	446	71	1
session-update-fault	447	71	1
session-update-fault	448	71	1
session-update-fault	449	71	1
session-update-fault	450	71	1
session-update-fault	451	71	1
session-update-fault	452	71	1
session-update-fault	453	71	1
session-update-fault	454	71	1
session-update-fault	455	71	1
session-update-fault	456	71	1
session-update-fault	457	71	1
session-update-fault	458	71	1
session-update-fault	459	71	1
session-update-fault	460	71	1
session-update-fault	461	71	1
session-update-fault	462	71	1
session-update-fault	463	71	1
session-update-fault	464	71	1
session-update-fault	465	71	1
session-update-fault	466	71	1
session-update-fault	467	71	1
session-update-fault	468	71	1
session-update-fault	469	71	1
session-update-fault	470	71	1
session-update-fault	471	71	1
session-update-fault	472	71	1
session-update-fault	473	71	1
session-update-fault	474	71	1
session-update-fault	475	71	1
session-update-fault	476	71	1
session-update-fault	477	71	1
session-update-fault	478	71	1
session-update-fault	479	71	1
session-update-fault	480	71	1
session-update-fault	481	71	1
session-update-fault	482	71	1
session-update-fault	483	71	1
session-update-fault	484	71	1
session-update-fault	485	71	1
session-update-fault	486	71	1
session-update-fault	487	71	1
session-update-fault	488	71	1
session-update-fault	489	71	1
session-update-fault	490	71	1
session-update-fault	491	71	1
session-update-fault	492	71	1
session-update-fault	493	71	1
session-update-fault	494	71	1
session-update-fault	495	71	1
session-update-fault	496	71	1
session-update-fault	497	71	1
session-update-fault	498	71	1
session-update-fault	499	71	1
session-update-fault	500	71	1
session-update-fault	501	71	1
session-update-fault	502	71	1
session-update-fault	503	71	1
session-update-fault	504	71	1
session-update-fault	505	71	1
session-update-fault	506	71	1
session-update-fault	507	71	1
session-update-fault	508	71	1
session-update-fault	509	71	1
session-update-fault	510	71	1
session-update-fault	511	71	1
session-update-fault	512	71	1
session-update-fault	513	71	1
session-update-fault	514	71	1
session-update-fault	515	71	1
session-update-fault	516	71	1
session-update-fault	517	71	1
session-update-fault	518	71	1
session-update-fault	519	71	1
session-update-fault	520	71	1
session-update-fault	521	71	1
session-update-fault	522	71	1
session-update-fault	523	71	1
session-update-fault	524	71	1
session-update-fault	525	71	1
session-update-fault	526	71	1
session-update-fault	527	71	1
session-update-fault	528	71	1
session-update-fault	529	71	1
session-update-fault	530	71	2
session-update-fault	531	71	2
session-update-fault	532	71	2
session-update-fault	533	71	2
session-update-fault	534	71	2
session-update-fault	535	71	2
session-update-fault	536	71	2
session-update-fault	537	71	2
session-update-fault	538	71	2
session-update-fault	539	71	2
session-update-fault	540	71	2
session-update-fault	541	71	2
session-update-fault	542	71	2
session-update-fault	543	71	2
session-update-fault	544	71	2
session-update-fault	545	71	2
session-update-fault	546	71	2
session-update-fault	547	71	2
session-update-fault	548	71	2
session-update-fault	549	71	2
session-update-fault	550	71	2
session-update-fault	551	71	2
session-update-fault	552	71	2
session-update-fault	553	71	2
session-update-fault	554	71	2
session-update-fault	555	71	2
session-update-fault	556	71	2
session-update-fault	557	71	2
session-update-fault	558	71	2
session-update-fault	559	71	2
session-update-fault	560	71	2
session-update-fault	561	71	2
session-update-fault	562	71	2
session-update-fault	563	71	2
session-update-fault	564	71	2
session-update-fault	565	71	2
session-update-fault	566	71	2
session-update-fault	567	71	2
session-update-fault	568	71	2
session-update-fault	569	71	2
session-update-fault	570	71	2
session-update-fault	571	71	2
session-update-fault	572	71	2
session-update-fault	573	71	2
session-update-fault	574	71	2
session-update-fault	575	71	2
session-update-fault	576	71	2
session-update-fault	577	71	2
session-update-fault	578	71	2
session-update-fault	579	71	2
session-update-fault	580	71	2
session-update-fault	581	71	2
session-update-fault	582	71	2
session-update-fault	583	71	2
session-update-fault	584	71	2
session-update-fault	585	71	2
session-update-fault	586	71	2
session-update-fault	587	71	2
session-update-fault	588	71	2
session-update-fault	589	71	2
session-update-fault	590	71	2
session-update-fault	591	71	2
session-update-fault	592	71	2
session-update-fault	593	71	2
session-update-fault	594	71	2
session-update-fault	595	71	2
session-update-fault	596	71	2
session-update-fault	597	71	2
session-update-fault	598	71	2
session-update-fault	599	71	2
session-update-fault	600	71	2
session-update-fault	601	71	2
session-update-fault	602	71	2
session-update-fault	603	71	2
session-update-fault	604	71	2
session-update-fault	605	71	2
session-update-fault	606	71	2
session-update-fault	607	71	2
session-update-fault	608	71	2
session-update-fault	609	71	2
session-update-fault	610	71	2
session-update-fault	611	71	2
session-update-fault	612	71	2
session-update-fault	613	71	2
session-update-fault	614	71	2
session-update-fault	615	71	2
session-update-fault	616	71	2
session-update-fault	617	71	2
session-update-fault	618	71	2
session-update-fault	619	71	2
session-update-fault	620	71	2
session-update-fault	621	71	2
session-update-fault	622	71	2
session-update-fault	623	71	2
session-update-fault	624	71	2
session-update-fault	625	71	2
session-update-fault	626	71	2
session-update-fault	627	71	2
session-update-fault	628	71	2
session-update-fault	629	71	2
session-update-fault	630	71	2
session-update-fault	631	71	2
session-update-fault	632	71	2
session-update-fault	633	71	2
session-update-fault	634	71	2
session-update-fault	635	71	2
session-update-fault	636	71	2
session-update-fault	637	71	2
session-update-fault	638	71	2
session-update-fault	639	71	2
session-update-fault	640	71	2
session-update-fault	641	71	2
session-update-fault	642	71	2
session-update-fault	643	71	2
session-update-fault	644	71	2
session-update-fault	645	71	2
session-update-fault	646	71	2
session-update-fault	647	71	2
session-update-fault	648	71	2
session-update-fault	649	71	2
session-update-fault	650	71	2
session-update-fault	651	71	2
session-update-fault	652	71	2
session-update-fault	653	71	2
session-update-fault	654	71	2
session-update-fault	655	71	2
session-update-fault	656	71	2
session-update-fault	657	71	2
session-update-fault	658	71	2
session-update-fault	659	71	2
session-update-fault	660	71	2
session-update-fault	661	71	2
session-update-fault	662	71	2
session-update-fault	663	71	2
session-update-fault	664	71	2
session-update-fault	665	71	2
session-update-fault	666	71	2
session-update-fault	667	71	2
session-update-fault	668	71	2
session-update-fault	669	71	2
session-update-fault	670	71	2
session-update-fault	671	71	2
session-update-fault	672	71	2
session-update-fault	673	71	2
session-update-fault	674	71	2
session-update-fault	675	71	2
session-update-fault	676	71	2
session-update-fault	677	71	2
session-update-fault	678	71	2
session-update-fault	679	71	2
session-update-fault	680	71	2
session-update-fault	681	71	2
session-update-fault	682	71	2
session-update-fault	683	71	2
session-update-fault	684	71	2
session-update-fault	685	71	2
session-update-fault	686	71	2
session-update-fault	687	71	2
session-update-fault	688	71	2
session-update-fault	689	71	2
session-update-fault	690	71	2
session-update-fault	691	71	2
session-update-fault	692	71	2
session-update-fault	693	71	2
session-update-fault	694	71	2
session-update-fault	695	71	2
session-update-fault	696	71	2
session-update-fault	697	71	2
session-update-fault	698	71	2
session-update-fault	699	71	2
session-update-fault	700	71	2
session-update-fault	701	71	2
session-update-fault	702	71	2
session-update-fault	703	71	2
session-update-fault	704	71	2
session-update-fault	705	71	2
session-update-fault	706	71	2
session-update-fault	707	71	2
session-update-fault	708	71	2
session-update-fault	709	71	2
session-update-fault	710	71	2
session-update-fault	711	71	2
session-update-fault	712	71	2
session-update-fault	713	71	2
session-update-fault	714	71	2
session-update-fault	715	71	2
session-update-fault	716	71	2
session-update-fault	717	71	2
session-update-fault	718	71	2
session-update-fault	719	71	2
session-update-fault	720	71	2
session-update-fault	721	71	2
session-update-fault	722	71	2
session-update-fault	723	71	2
session-update-fault	724	71	2
session-update-fault	725	71	2
session-update-fault	726	71	2
session-update-fault	727	71	2
session-update-fault	728	71	2
session-update-fault	729	71	2
session-update-fault	730	71	2
session-update-fault	731	71	2
session-update-fault	732	71	2
session-update-fault	733	71	2
session-update-fault	734	71	2
session-update-fault	735	71	2
session-update-fault	736	71	2
session-update-fault	737	71	2
session-update-fault	738	71	2
session-update-fault	739	71	2
session-update-fault	740	71	2
session-update-fault	741	71	2
session-update-fault	742	71	2
session-update-fault	743	71	2
session-update-fault	744	71	2
session-update-fault	745	71	2
session-update-fault	746	71	2
session-update-fault	747	71	2
session-update-fault	748	71	2
session-update-fault	749	71	2
session-update-fault	750	71	2
session-update-fault	751	71	2
session-update-fault	752	71	2
session-update-fault	753	71	2
session-update-fault	754	71	2
session-update-fault	755	71	2
session-update-fault	756	71	2
session-update-fault	757	71	2
session-update-fault	758	71	2
session-update-fault	759	71	2
session-update-fault	760	71	2
session-update-fault	761	71	2
session-update-fault	762	71	2
session-update-fault	763	71	2
session-update-fault	764	71	2
session-update-fault	765	71	2
session-update-fault	766	71	2
session-update-fault	767	71	2
session-update-fault	768	71	2
session-update-fault	769	71	2
session-update-fault	770	71	2
session-update-fault	771	71	2
session-update-fault	772	71	2
session-update-fault	773	71	2
session-update-fault	774	71	2
session-update-fault	775	71	2
session-update-fault	776	71	2
session-update-fault	777	71	2
session-update-fault	778	71	2
session-update-fault	779	71	2
session-update-fault	780	71	2
session-update-fault	781	71	2
session-update-fault	782	71	2
session-update-fault	783	71	2
session-update-fault	784	71	2
session-update-fault	785	71	2
session-update-fault	786	71	2
session-update-fault	787	71	2
session-update-fault	788	71	2
session-update-fault	789	71	2
session-update-fault	790	71	2
session-update-fault	791	71	2
session-update-fault	792	71	2
session-update-fault	793	71	2
session-update-fault	794	71	2
session-update-fault	795	71	2
session-update-fault	796	71	2
session-update-fault	797	71	2
session-update-fault	798	71	2
session-update-fault	799	71	2
session-update-fault	800	71	2
session-update-fault	801	71	2
session-update-fault	802	71	2
session-update-fault	803	71	2
session-update-fault	804	71	2
session-update-fault	805	71	2
session-update-fault	806	71	2
session-update-fault	807	71	2
session-update-fault	808	71	2
session-update-fault	809	71	2
session-update-fault	810	71	2
session-update-fault	811	71	2
session-update-fault	812	71	2
session-update-fault	813	71	2
session-update-fault	814	71	2
session-update-fault	815	71	2
session-update-fault	816	71	2
session-update-fault	817	71	2
session-update-fault	818	71	2
session-update-fault	819	71	2
session-update-fault	820	71	2
session-update-fault	821	71	2
session-update-fault	822	71	2
session-update-fault	823	71	2
session-update-fault	824	71	2
session-update-fault	825	71	2
session-update-fault	826	71	2
session-update-fault	827	71	2
session-update-fault	828	71	2
session-update-fault	829	71	2
session-update-fault	830	71	2
session-update-fault	831	71	2
session-update-fault	832	71	2
session-update-fault	833	71	2
session-update-fault	834	71	2
session-update-fault	835	71	2
session-update-fault	836	71	2
session-update-fault	837	71	2
session-update-fault	838	71	2
session-update-fault	839	71	2
session-update-fault	840	71	2
session-update-fault	841	71	2
session-update-fault	842	71	2
session-update-fault	843	71	2
session-update-fault	844	71	2
session-update-fault	845	71	2
session-update-fault	846	71	2
session-update-fault	847	71	2
session-update-fault	848	71	2
session-update-fault	849	71	2
session-update-fault	850	71	2
session-update-fault	851	71	2
session-update-fault	852	71	2
session-update-fault	853	71	2
session-update-fault	854	71	2
session-update-fault	855	71	2
session-update-fault	856	71	2
session-update-fault	857	71	2
session-update-fault	858	71	2
session-update-fault	859	71	2
session-update-fault	860	71	2
session-update-fault	861	71	2
session-update-fault	862	71	2
session-update-fault	863	71	2
session-update-fault	864	71	2
session-update-fault	865	71	2
session-update-fault	866	71	2
session-update-fault	867	71	2
session-update-fault	868	71	2
session-update-fault	869	71	2
session-update-fault	870	71	2
session-update-fault	871	71	2
session-update-fault	872	71	2
session-update-fault	873	71	2
session-update-fault	874	71	2
session-update-fault	875	71	2
session-update-fault	876	71	2
session-update-fault	877	71	2
session-update-fault	878	71	2
session-update-fault	879	71	2
session-update-fault	880	71	2
session-update-fault	881	71	2
session-update-fault	882	71	2
session-update-fault	883	71	2
session-update-fault	884	71	2
session-update-fault	885	71	2
session-update-fault	886	71	2
session-update-fault	887	71	2
session-update-fault	888	71	2
session-update-fault	889	71	2
session-update-fault	890	71	2
session-update-fault	891	71	2
session-update-fault	892	71	2
session-update-fault	893	71	2
session-update-fault	894	71	2
session-update-fault	895	71	2
session-update-fault	896	71	2
session-update-fault	897	71	2
session-update-fault	898	71	2
session-update-fault	899	71	2
session-update-fault	900	71	2
session-update-fault	901	71	2
session-update-fault	902	71	2
session-update-fault	903	71	2
session-update-fault	904	71	2
session-update-fault	905	71	2
session-update-fault	906	71	2
session-update-fault	907	71	2
session-update-fault	908	71	2
session-update-fault	909	71	2
session-update-fault	910	71	2
session-update-fault	911	71	2
session-update-fault	912	71	2
session-update-fault	913	71	2
session-update-fault	914	71	2
session-update-fault	915	71	2
session-update-fault	916	71	2
session-update-fault	917	71	2
session-update-fault	918	71	2
session-update-fault	919	71	2
session-update-fault	920	71	2
session-update-fault	921	71	2
session-update-fault	922	71	2
session-update-fault	923	71	2
session-update-fault	924	71	2
session-update-fault	925	71	2
session-update-fault	926	71	2
session-update-fault	927	71	2
session-update-fault	928	71	2
session-update-fault	929	71	2
session-update-fault	930	71	2
session-update-fault	931	71	2
session-update-fault	932	71	2
session-update-fault	933	71	2
session-update-fault	934	71	2
session-update-fault	935	71	2
session-update-fault	936	71	2
session-update-fault	937	71	2
session-update-fault	938	71	2
session-update-fault	939	71	2
session-update-fault	940	71	2
session-update-fault	941	71	2
session-update-fault	942	71	2
session-update-fault	943	71	2
session-update-fault	944	71	2
session-update-fault	945	71	2
session-update-fault	946	71	2
session-update-fault	947	71	2
session-update-fault	948	71	2
session-update-fault	949	71	2
session-update-fault	950	71	2
session-update-fault	951	71	2
session-update-fault	952	71	2
session-update-fault	953	71	2
session-update-fault	954	71	2
session-update-fault	955	71	2
session-update-fault	956	71	2
session-update-fault	957	71	2
session-update-fault	958	71	2
session-update-fault	959	71	2
session-update-fault	960	71	2
session-update-fault	961	71	2
session-update-fault	962	71	2
session-update-fault	963	71	2
session-update-fault	964	71	2
session-update-fault	965	71	2
session-update-fault	966	71	2
session-update-fault	967	71	2
session-update-fault	968	71	2
session-update-fault	969	71	2
session-update-fault	970	71	2
session-update-fault	971	71	2
session-update-fault	972	71	2
session-update-fault	973	71	2
session-update-fault	974	71	2
session-update-fault	975	71	2
session-update-fault	976	71	2
session-update-fault	977	71	2
session-update-fault	978	71	2
session-update-fault	979	71	2
session-update-fault	980	71	2
session-update-fault	981	71	2
session-update-fault	982	71	2
session-update-fault	983	71	2
session-update-fault	984	71	2
session-update-fault	985	71	2
session-update-fault	986	71	2
session-update-fault	987	71	2
session-update-fault	988	71	2
session-update-fault	989	71	2
session-update-fault	990	71	2
session-update-fault	991	71	2
session-update-fault	992	71	2
session-update-fault	993	71	2
session-update-fault	994	71	2
session-update-fault	995	71	2
session-update-fault	996	71	2
session-update-fault	997	71	2
session-update-fault	998	71	2
session-update-fault	999	71	2
session-update-fault	1000	71	2
session-update-fault	1001	71	2
session-update-fault	1002	71	2
session-update-fault	1003	71	2
session-update-fault	1004	71	2
session-update-fault	1005	71	2
session-update-fault	1006	71	2
session-update-fault	1007	71	2
session-update-fault	1008	71	2
session-update-fault	1009	0	2
session-update-fault	1010	0	2
session-update-fault	1011	0	2
session-update-fault	1012	0	2
session-update-fault	1013	0	2
session-update-fault	1014	0	2
session-update-fault	1015	0	2
session-update-fault	1016	0	2
session-update-fault	1017	0	2
session-update-fault	1018	0	2
session-update-fault	1019	0	2
session-update-fault	1020	0	2
session-update-fault	1021	0	2
session-update-fault	1022	0	2
session-update-fault	1023	0	2
session-update-fault	1024	0	2
session-update-fault	1025	0	2
session-update-fault	1026	0	2
session-update-fault	1027	0	2
session-update-fault	1028	0	2
session-update-fault	1029	0	2
session-update-fault	1030	0	2
session-update-fault	1031	0	2
session-update-fault	1032	0	2
session-update-fault	1033	0	2
session-update-fault	1034	0	2
session-update-fault	1035	0	2
session-update-fault	1036	0	2
session-update-fault	1037	0	2
session-update-fault	1038	0	2
session-update-fault	1039	0	2
session-update-fault	1040	0	2
session-update-fault	1041	0	2
session-update-fault	1042	0	2
session-update-fault	1043	0	2
session-update-fault	1044	0	2
session-update-fault	1045	0	2
session-update-fault	1046	0	2
session-update-fault	1047	0	2
session-update-fault	1048	0	2
session-update-fault	1049	0	2
session-update-fault	1050	0	2
session-update-fault	1051	0	2
session-update-fault	1052	0	2
session-update-fault	1053	0	2
session-update-fault	1054	0	2
session-update-fault	1055	0	2
session-update-fault	1056	0	2
session-update-fault	1057	0	2
session-update-fault	1058	0	2
session-update-fault	1059	0	2
session-update-fault	1060	0	2
session-update-fault	1061	0	2
session-update-fault	1062	0	2
session-update-fault	1063	0	2
session-update-fault	1064	0	2
session-update-fault	1065	0	2
session-update-fault	1066	0	2
session-update-fault	1067	0	2
session-update-fault	1068	0	2
session-update-fault	1069	0	2
session-update-fault	1070	0	2
session-update-fault	1071	0	2
session-update-fault	1072	0	2
session-update-fault	1073	0	2
session-update-fault	1074	0	2
session-update-fault	1075	0	2
session-update-fault	1076	0	2
session-update-fault	1077	0	2
session-update-fault	1078	0	2
session-update-fault	1079	0	2
session-update-fault	1080	0	2
session-update-fault	1081	0	2
session-update-fault	1082	0	2
session-update-fault	1083	0	2
session-update-fault	1084	0	2
session-update-fault	1085	0	2
session-update-fault	1086	0	2
session-update-fault	1087	0	2
session-update-fault	1088	0	2
session-update-fault	1089	0	2
session-update-fault	1090	0	2
session-update-fault	1091	0	2
session-update-fault	1092	0	2
session-update-fault	1093	0	2
session-update-fault	1094	0	2
session-update-fault	1095	0	2
session-update-fault	1096	0	2
session-update-fault	1097	0	2
session-update-fault	1098	0	2
session-update-fault	1099	0	2
session-update-fault	1100	0	2
session-update-fault	1101	0	2
session-update-fault	1102	0	2
session-update-fault	1103	0	2
session-update-fault	1104	0	2
session-update-fault	1105	0	2
session-update-fault	1106	0	2
session-update-fault	1107	0	2
session-update-fault	1108	0	2
session-update-fault	1109	0	2
session-update-fault	1110	0	2
session-update-fault	1111	0	2
session-update-fault	1112	0	2
session-update-fault	1113	0	2
session-update-fault	1114	0	2
session-update-fault	1115	0	2
session-update-fault	1116	0	2
session-update-fault	1117	0	2
session-update-fault	1118	0	2
session-update-fault	1119	0	2
session-update-fault	1120	0	2
session-update-fault	1121	0	2
session-update-fault	1122	0	2
session-update-fault	1123	0	2
session-update-fault	1124	0	2
session-update-fault	1125	0	2
session-update-fault	1126	0	2
session-update-fault	1127	0	2
session-update-fault	1128	0	2
session-update-fault	1129	0	2
session-update-fault	1130	0	2
session-update-fault	1131	0	2
session-update-fault	1132	0	2
session-update-fault	1133	0	2
session-update-fault	1134	0	2
session-update-fault	1135	0	2
session-update-fault	1136	0	2
session-update-fault	1137	0	2
session-update-fault	1138	0	2
session-update-fault	1139	0	2
session-update-fault	1140	0	2
session-update-fault	1141	0	2
session-update-fault	1142	0	2
session-update-fault	1143	0	2
session-update-fault	1144	0	2
session-update-fault	1145	0	2
session-update-fault	1146	0	2
session-update-fault	1147	0	2
session-update-fault	1148	0	2
session-update-fault	1149	0	2
session-update-fault	1150	0	2
session-update-fault	1151	0	2
session-update-fault	1152	0	2
session-update-fault	1153	0	2
session-update-fault	1154	0	2
session-update-fault	1155	0	2
session-update-fault	1156	0	2
session-update-fault	1157	0	2
session-update-fault	1158	0	2
session-update-fault	1159	0	2
session-update-fault	1160	0	2
session-update-fault	1161	0	2
session-update-fault	1162	0	2
session-update-fault	1163	0	2
session-update-fault	1164	0	2
session-update-fault	1165	0	2
session-update-fault	1166	0	2
session-update-fault	1167	0	2
session-update-fault	1168	0	2
session-update-fault	1169	0	2
session-update-fault	1170	0	2
session-update-fault	1171	0	2
session-update-fault	1172	0	2
session-update-fault	1173	0	2
session-update-fault	1174	0	2
session-update-fault	1175	0	2
session-update-fault	1176	0	2
session-update-fault	1177	0	2
session-update-fault	1178	0	2
session-update-fault	1179	0	2
session-update-fault	1180	0	2
session-update-fault	1181	0	2
session-update-fault	1182	0	2
session-update-fault	1183	0	2
session-update-fault	1184	0	2
session-update-fault	1185	0	2
session-update-fault	1186	0	2
session-update-fault	1187	0	2
session-update-fault	1188	0	2
session-update-fault	1189	0	2
session-update-fault	1190	0	2
session-update-fault	1191	0	2
session-update-fault	1192	0	2
session-update-fault	1193	0	2
session-update-fault	1194	0	2
session-update-fault	1195	0	2
session-update-fault	1196	0	2
session-update-fault	1197	0	2
session-update-fault	1198	0	2
session-update-fault	1199	0	2
session-update-fault	1200	0	2
session-update-fault	1201	0	2
session-update-fault	1202	0	2
session-update-fault	1203	0	2
session-update-fault	1204	0	2
session-update-fault	1205	0	2
session-update-fault	1206	0	2
session-update-fault	1207	0	2
session-update-fault	1208	0	2
session-update-fault	1209	0	2
session-update-fault	1210	0	2
session-update-fault	1211	0	2
session-update-fault	1212	0	2
session-update-fault	1213	0	2
session-update-fault	1214	0	2
session-update-fault	1215	0	2
session-update-fault	1216	0	2
session-update-fault	1217	0	2
session-update-fault	1218	0	2
session-update-fault	1219	0	2
session-update-fault	1220	0	2
session-update-fault	1221	0	2
session-update-fault	1222	0	2
session-update-fault	1223	0	2
session-update-fault	1224	0	2
session-update-fault	1225	0	2
session-update-fault	1226	0	2
session-update-fault	1227	0	2
session-update-fault	1228	0	2
session-update-fault	1229	0	2
session-update-fault	1230	0	2
session-update-fault	1231	0	2
session-update-fault	1232	0	2
session-update-fault	1233	0	2
session-update-fault	1234	0	2
session-update-fault	1235	0	2
session-update-fault	1236	0	2
session-update-fault	1237	0	2
session-update-fault	1238	0	2
session-update-fault	1239	0	2
session-update-fault	1240	0	2
session-update-fault	1241	0	2
session-update-fault	1242	0	2
session-update-fault	1243	0	2
session-update-fault	1244	0	2
session-update-fault	1245	0	2
session-update-fault	1246	0	2
session-update-fault	1247	0	2
session-update-fault	1248	0	2
session-update-fault	1249	0	2
session-update-fault	1250	0	2
session-update-fault	1251	0	2
session-update-fault	1252	0	2
session-update-fault	1253	0	2
session-update-fault	1254	0	2
session-update-fault	1255	0	2
session-update-fault	1256	0	2
session-update-fault	1257	0	2
session-update-fault	1258	0	2
session-update-fault	1259	0	2
session-update-fault	1260	0	2
session-update-fault	1261	0	2
session-update-fault	1262	0	2
session-update-fault	1263	0	2
session-update-fault	1264	0	2
session-update-fault	1265	0	2
session-update-fault	1266	0	2
session-update-fault	1267	0	2
session-update-fault	1268	0	2
session-update-fault	1269	0	2
session-update-fault	1270	0	2
session-update-fault	1271	0	2
session-update-fault	1272	0	2
session-update-fault	1273	0	2
session-update-fault	1274	0	2
session-update-fault	1275	0	2
session-update-fault	1276	0	2
session-update-fault	1277	0	2
session-update-fault	1278	0	2
session-update-fault	1279	0	2
session-update-fault	1280	0	2
session-update-fault	1281	0	2
session-update-fault	1282	0	2
session-update-fault	1283	0	2
session-update-fault	1284	0	2
session-update-fault	1285	0	2
session-update-fault	1286	0	2
session-update-fault	1287	0	2
session-update-fault	1288	0	2
session-update-fault	1289	0	2
session-update-fault	1290	0	2
session-update-fault	1291	0	2
session-update-fault	1292	0	2
session-update-fault	1293	0	2
session-update-fault	1294	0	2
session-update-fault	1295	0	2
session-update-fault	1296	0	2
session-update-fault	1297	0	2
session-update-fault	1298	0	2
session-update-fault	1299	0	2
session-update-fault	1300	0	2
session-update-fault	1301	0	2
session-update-fault	1302	0	2
session-update-fault	1303	0	2
session-update-fault	1304	0	2
session-update-fault	1305	0	2
session-update-fault	1306	0	2
session-update-fault	1307	0	2
session-update-fault	1308	0	2
session-update-fault	1309	0	2
session-update-fault	1310	0	2
session-update-fault	1311	0	2
session-update-fault	1312	0	2
session-update-fault	1313	0	2
session-update-fault	1314	0	2
session-update-fault	1315	0	2
session-update-fault	1316	0	2
session-update-fault	1317	0	2
session-update-fault	1318	0	2
session-update-fault	1319	0	2
session-update-fault	1320	0	2
session-update-fault	1321	0	2
session-update-fault	1322	0	2
session-update-fault	1323	0	2
session-update-fault	1324	0	2
session-update-fault	1325	0	2
session-update-fault	1326	0	2
session-update-fault	1327	0	2
session-update-fault	1328	0	2
session-update-fault	1329	0	2
session-update-fault	1330	0	2
session-update-fault	1331	0	2
session-update-fault	1332	0	2
session-update-fault	1333	0	2
session-update-fault	1334	0	2
session-update-fault	1335	0	2
session-update-fault	1336	0	2
session-update-fault	1337	0	2
session-update-fault	1338	0	2
session-update-fault	1339	0	2
session-update-fault	1340	0	2
session-update-fault	1341	0	2
session-update-fault	1342	0	2
session-update-fault	1343	0	2
session-update-fault	1344	0	2
session-update-fault	1345	0	2
session-update-fault	1346	0	2
session-update-fault	1347	0	2
session-update-fault	1348	0	2
session-update-fault	1349	0	2
session-update-fault	1350	0	2
session-update-fault	1351	0	2
session-update-fault	1352	0	2
session-update-fault	1353	0	2
session-update-fault	1354	0	2
session-update-fault	1355	0	2
session-update-fault	1356	0	2
session-update-fault	1357	0	2
session-update-fault	1358	0	2
session-update-fault	1359	0	2
session-update-fault	1360	0	2
session-update-fault	1361	0	2
session-update-fault	1362	0	2
session-update-fault	1363	0	2
session-update-fault	1364	0	2
session-update-fault	1365	0	2
session-update-fault	1366	0	2
session-update-fault	1367	0	2
session-update-fault	1368	0	2
session-update-fault	1369	0	2
session-update-fault	1370	0	2
session-update-fault	1371	0	2
session-update-fault	1372	0	2
session-update-fault	1373	0	2
session-update-fault	1374	0	2
session-update-fault	1375	0	2
session-update-fault	1376	0	2
session-update-fault	1377	0	2
session-update-fault	1378	0	2
session-update-fault	1379	0	2
session-update-fault	1380	0	2
session-update-fault	1381	0	2
session-update-fault	1382	0	2
session-update-fault	1383	0	2
session-update-fault	1384	0	2
session-update-fault	1385	0	2
session-update-fault	1386	0	2
session-update-fault	1387	0	2
session-update-fault	1388	0	2
session-update-fault	1389	0	2
session-update-fault	1390	0	2
session-update-fault	1391	0	2
session-update-fault	1392	0	2
session-update-fault	1393	0	2
session-update-fault	1394	0	2
session-update-fault	1395	0	2
session-update-fault	1396	0	2
session-update-fault	1397	0	2
session-update-fault	1398	0	2
session-update-fault	1399	0	2
session-update-fault	1400	0	2
session-update-fault	1401	0	2
session-update-fault	1402	0	2
session-update-fault	1403	0	2
session-update-fault	1404	0	2
session-update-fault	1405	0	2
session-update-fault	1406	0	2
session-update-fault	1407	0	2
session-update-fault	1408	0	2
session-update-fault	1409	0	2
session-update-fault	1410	0	2
session-update-fault	1411	0	2
session-update-fault	1412	0	2
session-update-fault	1413	0	2
session-update-fault	1414	0	2
session-update-fault	1415	0	2
session-update-fault	1416	0	2
session-update-fault	1417	0	2
session-update-fault	1418	0	2
session-update-fault	1419	0	2
session-update-fault	1420	0	2
session-update-fault	1421	0	2
session-update-fault	1422	0	2
session-update-fault	1423	0	2
session-update-fault	1424	0	2
session-update-fault	1425	0	2
session-update-fault	1426	0	2
session-update-fault	1427	0	2
session-update-fault	1428	0	2
session-update-fault	1429	0	2
session-update-fault	1430	0	2
session-update-fault	1431	0	2
session-update-fault	1432	0	2
session-update-fault	1433	0	2
session-update-fault	1434	0	2
session-update-fault	1435	0	2
session-update-fault	1436	0	2
session-update-fault	1437	0	2
session-update-fault	1438	0	2
session-update-fault	1439	0	2
session-update-fault	1440	0	2
session-update-fault	1441	0	2
session-update-fault	1442	0	2
session-update-fault	1443	0	2
session-update-fault	1444	0	2
session-update-fault	1445	0	2
session-update-fault	1446	0	2
session-update-fault	1447	0	2
session-update-fault	1448	0	2
session-update-fault	1449	0	2
session-update-fault	1450	0	2
session-update-fault	1451	0	2
session-update-fault	1452	0	2
session-update-fault	1453	0	2
session-update-fault	1454	0	2
session-update-fault	1455	0	2
session-update-fault	1456	0	2
session-update-fault	1457	0	2
session-update-fault	1458	0	2
session-update-fault	1459	0	2
session-update-fault	1460	0	2
session-update-fault	1461	0	2
session-update-fault	1462	0	2
session-update-fault	1463	0	2
session-update-fault	1464	0	2
session-update-fault	1465	0	2
session-update-fault	1466	0	2
session-update-fault	1467	0	2
session-update-fault	1468	0	2
session-update-fault	1469	0	2
session-update-fault	1470	0	2
session-update-fault	1471	0	2
session-update-fault	1472	0	2
session-update-fault	1473	0	2
session-update-fault	1474	0	2
session-update-fault	1475	0	2
session-update-fault	1476	0	2
session-update-fault	1477	0	2
session-update-fault	1478	0	2
session-update-fault	1479	0	2
session-update-fault	1480	0	2
session-update-fault	1481	0	2
session-update-fault	1482	0	2
session-update-fault	1483	0	2
session-update-fault	1484	0	2
session-update-fault	1485	0	2
session-update-fault	1486	0	2
session-update-fault	1487	0	2
session-update-fault	1488	0	2
session-update-fault	1489	0	2
session-update-fault	1490	0	2
session-update-fault	1491	0	2
session-update-fault	1492	0	2
session-update-fault	1493	0	2
session-update-fault	1494	0	2
session-update-fault	1495	0	2
session-update-fault	1496	0	2
session-update-fault	1497	0	2
session-update-fault	1498	0	2
session-update-fault	1499	0	2
session-update-fault	1500	0	2
session-update-fault	1501	0	2
session-update-fault	1502	0	2
session-update-fault	1503	0	2
session-update-fault	1504	0	2
session-update-fault	1505	0	2
session-update-fault	1506	0	2
session-update-fault	1507	0	2
session-update-fault	1508	0	2
session-update-fault	1509	0	2
session-update-fault	1510	0	2
session-update-fault	1511	0	2
session-update-fault	1512	0	2
session-update-fault	1513	0	2
session-update-fault	1514	0	2
session-update-fault	1515	0	2
session-update-fault	1516	0	2
session-update-fault	1517	0	2
session-update-fault	1518	0	2
session-update-fault	1519	0	2
session-update-fault	1520	0	2
session-update-fault	1521	0	2
session-update-fault	1522	0	2
session-update-fault	1523	0	2
session-update-fault	1524	0	2
session-update-fault	1525	0	2
session-update-fault	1526	0	2
session-update-fault	1527	0	2
session-update-fault	1528	0	2
session-update-fault	1529	0	2
session-update-fault	1530	0	2
session-update-fault	1531	0	2
session-update-fault	1532	0	2
session-update-fault	1533	0	2
session-update-fault	1534	0	2
session-update-fault	1535	0	2
session-update-fault	1536	0	2
session-update-fault	1537	0	2
session-update-fault	1538	0	2
session-update-fault	1539	0	2
session-update-fault	1540	0	2
session-update-fault	1541	0	2
session-update-fault	1542	0	2
session-update-fault	1543	0	2
session-update-fault	1544	0	2
session-update-fault	1545	0	2
session-update-fault	1546	0	2
session-update-fault	1547	0	2
session-update-fault	1548	0	2
session-update-fault	1549	0	2
session-update-fault	1550	0	2
session-update-fault	1551	0	2
session-update-fault	1552	0	2
session-update-fault	1553	0	2
session-update-fault	1554	0	2
session-update-fault	1555	0	2
session-update-fault	1556	0	2
session-update-fault	1557	0	2
session-update-fault	1558	0	2
session-update-fault	1559	0	2
session-update-fault	1560	0	2
session-update-fault	1561	0	2
session-update-fault	1562	0	2
session-update-fault	1563	0	2
session-update-fault	1564	0	2
session-update-fault	1565	0	2
session-update-fault	1566	0	2
session-update-fault	1567	0	2
session-update-fault	1568	0	2
session-update-fault	1569	0	2
session-update-fault	1570	0	2
session-update-fault	1571	0	2
session-update-fault	1572	0	2
session-update-fault	1573	0	2
session-update-fault	1574	0	2
session-update-fault	1575	0	2
session-update-fault	1576	0	2
session-update-fault	1577	0	2
session-update-fault	1578	0	2
session-update-fault	1579	0	2
session-update-fault	1580	0	2
session-update-fault	1581	0	2
session-update-fault	1582	0	2
session-update-fault	1583	0	2
session-update-fault	1584	0	2
session-update-fault	1585	0	2
session-update-fault	1586	0	2
session-update-fault	1587	0	2
session-update-fault	1588	0	2
session-update-fault	1589	0	2
session-update-fault	1590	0	2
session-update-fault	1591	0	2
session-update-fault	1592	0	2
session-update-fault	1593	0	2
session-update-fault	1594	0	2
session-update-fault	1595	0	2
session-update-fault	1596	0	2
session-update-fault	1597	0	2
session-update-fault	1598	0	2
session-update-fault	1599	0	2
session-update-fault	1600	0	2
session-update-fault	1601	0	2
session-update-fault	1602	0	2
session-update-fault	1603	0	2
session-update-fault	1604	0	2
session-update-fault	1605	0	2
session-update-fault	1606	0	2
session-update-fault	1607	0	2
session-update-fault	1608	0	2
session-update-fault	1609	0	2
session-update-fault	1610	0	2
session-update-fault	1611	0	2
session-update-fault	1612	0	2
session-update-fault	1613	0	2
session-update-fault	1614	0	2
session-update-fault	1615	0	2
session-update-fault	1616	0	2
session-update-fault	1617	0	2
session-update-fault	1618	0	2
session-update-fault	1619	0	2
session-update-fault	1620	0	2
session-update-fault	1621	0	2
session-update-fault	1622	0	2
session-update-fault	1623	0	2
session-update-fault	1624	0	2
session-update-fault	1625	0	2
session-update-fault	1626	0	2
session-update-fault	1627	0	2
session-update-fault	1628	0	2
session-update-fault	1629	0	2
session-update-fault	1630	0	2
session-update-fault	1631	0	2
session-update-fault	1632	0	2
session-update-fault	1633	0	2
session-update-fault	1634	0	2
session-update-fault	1635	0	2
session-update-fault	1636	0	2
session-update-fault	1637	0	2
session-update-fault	1638	0	2
session-update-fault	1639	0	2
session-update-fault	1640	0	2
session-update-fault	1641	0	2
session-update-fault	1642	0	2
session-update-fault	1643	0	2
session-update-fault	1644	0	2
session-update-fault	1645	0	2
session-update-fault	1646	0	2
session-update-fault	1647	0	2
session-update-fault	1648	0	2
session-update-fault	1649	0	2
session-update-fault	1650	0	2
session-update-fault	1651	0	2
session-update-fault	1652	0	2
session-update-fault	1653	0	2
session-update-fault	1654	0	2
session-update-fault	1655	0	2
session-update-fault	1656	0	2
session-update-fault	1657	0	2
session-update-fault	1658	0	2
session-update-fault	1659	0	2
session-update-fault	1660	0	2
session-update-fault	1661	0	2
session-update-fault	1662	0	2
session-update-fault	1663	0	2
session-update-fault	1664	0	2
session-update-fault	1665	0	2
session-update-fault	1666	0	2
session-update-fault	1667	0	2
session-update-fault	1668	0	2
session-update-fault	1669	0	2
session-update-fault	1670	0	2
session-update-fault	1671	0	2
session-update-fault	1672	0	2
session-update-fault	1673	0	2
session-update-fault	1674	0	2
session-update-fault	1675	0	2
session-update-fault	1676	0	2
session-update-fault	1677	0	2
session-update-fault	1678	0	2
session-update-fault	1679	0	2
session-update-fault	1680	0	2
session-update-fault	1681	0	2
session-update-fault	1682	0	2
session-update-fault	1683	0	2
session-update-fault	1684	0	2
session-update-fault	1685	0	2
session-update-fault	1686	0	2
session-update-fault	1687	0	2
session-update-fault	1688	0	2
session-update-fault	1689	0	2
session-update-fault	1690	0	2
session-update-fault	1691	0	2
session-update-fault	1692	0	2
session-update-fault	1693	0	2
session-update-fault	1694	0	2
session-update-fault	1695	0	2
session-update-fault	1696	0	2
session-update-fault	1697	0	2
session-update-fault	1698	0	2
session-update-fault	1699	0	2
session-update-fault	1700	0	2
session-update-fault	1701	0	2
session-update-fault	1702	0	2
session-update-fault	1703	0	2
session-update-fault	1704	0	2
session-update-fault	1705	0	2
session-update-fault	1706	0	2
session-update-fault	1707	0	2
session-update-fault	1708	0	2
session-update-fault	1709	0	2
session-update-fault	1710	0	2
session-update-fault	1711	0	2
session-update-fault	1712	0	2
session-update-fault	1713	0	2
session-update-fault	1714	0	2
session-update-fault	1715	0	2
session-update-fault	1716	0	2
session-update-fault	1717	0	2
session-update-fault	1718	0	2
session-update-fault	1719	0	2
session-update-fault	1720	0	2
session-update-fault	1721	0	2
session-update-fault	1722	0	2
session-update-fault	1723	0	2
session-update-fault	1724	0	2
session-update-fault	1725	0	2
session-update-fault	1726	0	2
session-update-fault	1727	0	2
session-update-fault	1728	0	2
session-update-fault	1729	0	2
session-update-fault	1730	0	2
session-update-fault	1731	0	2
session-update-fault	1732	0	2
session-update-fault	1733	0	2
session-update-fault	1734	0	2
session-update-fault	1735	0	2
session-update-fault	1736	0	2
session-update-fault	1737	0	2
session-update-fault	1738	0	2
session-update-fault	1739	0	2
session-update-fault	1740	0	2
session-update-fault	1741	0	2
session-update-fault	1742	0	2
session-update-fault	1743	0	2
session-update-fault	1744	0	2
session-update-fault	1745	0	2
session-update-fault	1746	0	2
session-update-fault	1747	0	2
session-update-fault	1748	0	2
session-update-fault	1749	0	2
session-update-fault	1750	0	2
session-update-fault	1751	0	2
session-update-fault	1752	0	2
session-update-fault	1753	0	2
session-update-fault	1754	0	2
session-update-fault	1755	0	2
session-update-fault	1756	0	2
session-update-fault	1757	0	2
session-update-fault	1758	0	2
session-update-fault	1759	0	2
session-update-fault	1760	0	2
session-update-fault	1761	0	2
session-update-fault	1762	0	2
session-update-fault	1763	0	2
session-update-fault	1764	0	2
session-update-fault	1765	0	2
session-update-fault	1766	0	2
session-update-fault	1767	0	2
session-update-fault	1768	0	2
session-update-fault	1769	0	2
session-update-fault	1770	0	2
session-update-fault	1771	0	2
session-update-fault	1772	0	2
session-update-fault	1773	0	2
session-update-fault	1774	0	2
session-update-fault	1775	0	2
session-update-fault	1776	0	2
session-update-fault	1777	0	2
session-update-fault	1778	0	2
session-update-fault	1779	0	2
session-update-fault	1780	0	2
session-update-fault	1781	0	2
session-update-fault	1782	0	2
session-update-fault	1783	0	2
session-update-fault	1784	0	2
session-update-fault	1785	0	2
session-update-fault	1786	0	2
session-update-fault	1787	0	2
session-update-fault	1788	0	2
session-update-fault	1789	0	2
session-update-fault	1790	0	2
session-update-fault	1791	0	2
session-update-fault	1792	0	2
session-update-fault	1793	0	2
session-update-fault	1794	0	2
session-update-fault	1795	0	2
session-update-fault	1796	0	2
session-update-fault	1797	0	2
session-update-fault	1798	0	2
session-update-fault	1799	0	2
session-update-fault	1800	0	2
session-update-fault	1801	0	2
session-update-fault	1802	0	2
session-update-fault	1803	0	2
session-update-fault	1804	0	2
session-update-fault	1805	0	2
session-update-fault	1806	0	2
session-update-fault	1807	0	2
session-update-fault	1808	0	2
session-update-fault	1809	0	2
session-update-fault	1810	0	2
session-update-fault	1811	0	2
session-update-fault	1812	0	2
session-update-fault	1813	0	2
session-update-fault	1814	0	2
session-update-fault	1815	0	2
session-update-fault	1816	0	2
session-update-fault	1817	0	2
session-update-fault	1818	0	2
session-update-fault	1819	0	2
session-update-fault	1820	0	2
session-update-fault	1821	0	2
session-update-fault	1822	0	2
session-update-fault	1823	0	2
session-update-fault	1824	0	2
session-update-fault	1825	0	2
session-update-fault	1826	0	2
session-update-fault	1827	0	2
session-update-fault	1828	0	2
session-update-fault	1829	0	2
session-update-fault	1830	0	2
session-update-fault	1831	0	2
session-update-fault	1832	0	2
session-update-fault	1833	0	2
session-update-fault	1834	0	2
session-update-fault	1835	0	2
session-update-fault	1836	0	2
session-update-fault	1837	0	2
session-update-fault	1838	0	2
session-update-fault	1839	0	2
session-update-fault	1840	0	2
session-update-fault	1841	0	2
session-update-fault	1842	0	2
session-update-fault	1843	0	2
session-update-fault	1844	0	2
session-update-fault	1845	0	2
session-update-fault	1846	0	2
session-update-fault	1847	0	2
session-update-fault	1848	0	2
session-update-fault	1849	0	2
session-update-fault	1850	0	2
session-update-fault	1851	0	2
session-update-fault	1852	0	2
session-update-fault	1853	0	2
session-update-fault	1854	0	2
session-update-fault	1855	0	2
session-update-fault	1856	0	2
session-update-fault	1857	0	2
session-update-fault	1858	0	2
session-update-fault	1859	0	2
session-update-fault	1860	0	2
session-update-fault	1861	0	2
session-update-fault	1862	0	2
session-update-fault	1863	0	2
session-update-fault	1864	0	2
session-update-fault	1865	0	2
session-update-fault	1866	0	2
session-update-fault	1867	0	2
session-update-fault	1868	0	2
session-update-fault	1869	0	2
session-update-fault	1870	0	2
session-update-fault	1871	0	2
session-update-fault	1872	0	2
session-update-fault	1873	0	2
session-update-fault	1874	0	2
session-update-fault	1875	0	2
session-update-fault	1876	0	2
session-update-fault	1877	0	2
session-update-fault	1878	0	2
session-update-fault	1879	0	2
session-update-fault	1880	0	2
session-update-fault	1881	0	2
session-update-fault	1882	0	2
session-update-fault	1883	0	2
session-update-fault	1884	0	2
session-update-fault	1885	0	2
session-update-fault	1886	0	2
session-update-fault	1887	0	2
session-update-fault	1888	0	2
session-update-fault	1889	0	2
session-update-fault	1890	0	2
session-update-fault	1891	0	2
session-update-fault	1892	0	2
session-update-fault	1893	0	2
session-update-fault	1894	0	2
session-update-fault	1895	0	2
session-update-fault	1896	0	2
session-update-fault	1897	0	2
session-update-fault	1898	0	2
session-update-fault	1899	0	2
session-update-fault	1900	0	2
session-update-fault	1901	0	2
session-update-fault	1902	0	2
session-update-fault	1903	0	2
session-update-fault	1904	0	2
session-update-fault	1905	0	2
session-update-fault	1906	0	2
session-update-fault	1907	0	2
session-update-fault	1908	0	2
session-update-fault	1909	0	2
session-update-fault	1910	0	2
session-update-fault	1911	0	2
session-update-fault	1912	0	2
session-update-fault	1913	0	2
session-update-fault	1914	0	2
session-update-fault	1915	0	2
session-update-fault	1916	0	2
session-update-fault	1917	0	2
session-update-fault	1918	0	2
session-update-fault	1919	0	2
session-update-fault	1920	0	2
session-update-fault	1921	0	2
session-update-fault	1922	0	2
session-update-fault	1923	0	2
session-update-fault	1924	0	2
session-update-fault	1925	0	2
session-update-fault	1926	0	2
session-update-fault	1927	0	2
session-update-fault	1928	0	2
session-update-fault	1929	0	2
session-update-fault	1930	0	2
session-update-fault	1931	0	2
session-update-fault	1932	0	2
session-update-fault	1933	0	2
session-update-fault	1934	0	2
session-update-fault	1935	0	2
session-update-fault	1936	0	2
session-update-fault	1937	0	2
session-update-fault	1938	0	2
session-update-fault	1939	0	2
session-update-fault	1940	0	2
session-update-fault	1941	0	2
session-update-fault	1942	0	2
session-update-fault	1943	0	2
session-update-fault	1944	0	2
session-update-fault	1945	0	2
session-update-fault	1946	0	2
session-update-fault	1947	0	2
session-update-fault	1948	0	2
session-update-fault	1949	0	2
session-update-fault	1950	0	2
session-update-fault	1951	0	2
session-update-fault	1952	0	2
session-update-fault	1953	0	2
session-update-fault	1954	0	2
session-update-fault	1955	0	2
session-update-fault	1956	0	2
session-update-fault	1957	0	2
session-update-fault	1958	0	2
session-update-fault	1959	0	2
session-update-fault	1960	0	2
session-update-fault	1961	0	2
session-update-fault	1962	0	2
session-update-fault	1963	0	2
session-update-fault	1964	0	2
session-update-fault	1965	0	2
session-update-fault	1966	0	2
session-update-fault	1967	0	2
session-update-fault	1968	0	2
session-update-fault	1969	0	2
session-update-fault	1970	0	2
session-update-fault	1971	0	2
session-update-fault	1972	0	2
session-update-fault	1973	0	2
session-update-fault	1974	0	2
session-update-fault	1975	0	2
session-update-fault	1976	0	2
session-update-fault	1977	0	2
session-update-fault	1978	0	2
session-update-fault	1979	0	2
session-update-fault	1980	0	2
session-update-fault	1981	0	2
session-update-fault	1982	0	2
session-update-fault	1983	0	2
session-update-fault	1984	0	2
session-update-fault	1985	0	2
session-update-fault	1986	0	2
session-update-fault	1987	0	2
session-update-fault	1988	0	2
session-update-fault	1989	0	2
session-update-fault	1990	0	2
session-update-fault	1991	0	2
session-update-fault	1992	0	2
session-update-fault	1993	0	2
session-update-fault	1994	0	2
session-update-fault	1995	0	2
session-update-fault	1996	0	2
session-update-fault	1997	0	2
session-update-fault	1998	0	2
session-update-fault	1999	0	2
session-update-fault	2000	0	2
session-update-fault	2001	0	2
session-update-fault	2002	0	2
session-update-fault	2003	0	2
session-update-fault	2004	0	2
session-update-fault	2005	0	2
session-update-fault	2006	0	2
session-update-fault	2007	0	2
session-update-fault	2008	0	2
session-update-fault	2009	0	2
session-update-fault	2010	0	2
session-update-fault	2011	0	2
session-update-fault	2012	0	2
session-update-fault	2013	0	2
session-update-fault	2014	0	2
session-update-fault	2015	0	2
session-update-fault	2016	0	2
session-update-fault	2017	0	2
session-update-fault	2018	0	2
session-update-fault	2019	0	2
session-update-fault	2020	0	2
session-update-fault	2021	0	2
session-update-fault	2022	0	2
session-update-fault	2023	0	2
session-update-fault	2024	0	2
session-update-fault	2025	0	2
session-update-fault	2026	0	2
session-update-fault	2027	0	2
session-update-fault	2028	0	2
session-update-fault	2029	0	2
session-update-fault	2030	0	2
session-update-fault	2031	0	2
session-update-fault	2032	0	2
session-update-fault	2033	0	2
session-update-fault	2034	0	2
session-update-fault	2035	0	2
session-update-fault	2036	0	2
session-update-fault	2037	0	2
session-update-fault	2038	0	2
session-update-fault	2039	0	2
session-update-fault	2040	0	2
session-update-fault	2041	0	2
session-update-fault	2042	0	2
session-update-fault	2043	0	2
session-update-fault	2044	0	2
session-update-fault	2045	0	2
session-update-fault	2046	0	2
session-update-fault	2047	0	2
session-update-fault	2048	0	2
session-update-fault-summary	1008	1040
session-fragment-fault	1	71	0
session-fragment-fault	2	71	0
session-fragment-fault	3	71	0
session-fragment-fault	4	71	0
session-fragment-fault	5	71	0
session-fragment-fault	6	71	0
session-fragment-fault	7	71	0
session-fragment-fault	8	71	0
session-fragment-fault	9	71	0
session-fragment-fault	10	71	0
session-fragment-fault	11	71	0
session-fragment-fault	12	71	0
session-fragment-fault	13	71	0
session-fragment-fault	14	71	0
session-fragment-fault	15	71	0
session-fragment-fault	16	71	0
session-fragment-fault	17	71	1
session-fragment-fault	18	71	1
session-fragment-fault	19	71	1
session-fragment-fault	20	71	1
session-fragment-fault	21	71	1
session-fragment-fault	22	71	1
session-fragment-fault	23	71	1
session-fragment-fault	24	71	1
session-fragment-fault	25	71	1
session-fragment-fault	26	71	1
session-fragment-fault	27	71	1
session-fragment-fault	28	71	1
session-fragment-fault	29	71	1
session-fragment-fault	30	71	1
session-fragment-fault	31	71	1
session-fragment-fault	32	71	1
session-fragment-fault	33	71	1
session-fragment-fault	34	71	1
session-fragment-fault	35	71	1
session-fragment-fault	36	71	1
session-fragment-fault	37	71	1
session-fragment-fault	38	71	1
session-fragment-fault	39	71	1
session-fragment-fault	40	71	1
session-fragment-fault	41	71	1
session-fragment-fault	42	71	1
session-fragment-fault	43	71	1
session-fragment-fault	44	71	1
session-fragment-fault	45	71	1
session-fragment-fault	46	71	1
session-fragment-fault	47	71	1
session-fragment-fault	48	71	1
session-fragment-fault	49	71	1
session-fragment-fault	50	71	1
session-fragment-fault	51	71	1
session-fragment-fault	52	71	1
session-fragment-fault	53	71	1
session-fragment-fault	54	71	1
session-fragment-fault	55	71	1
session-fragment-fault	56	71	1
session-fragment-fault	57	71	1
session-fragment-fault	58	71	1
session-fragment-fault	59	71	1
session-fragment-fault	60	71	1
session-fragment-fault	61	71	1
session-fragment-fault	62	71	1
session-fragment-fault	63	71	1
session-fragment-fault	64	71	1
session-fragment-fault	65	71	1
session-fragment-fault	66	71	1
session-fragment-fault	67	71	1
session-fragment-fault	68	71	1
session-fragment-fault	69	71	1
session-fragment-fault	70	71	1
session-fragment-fault	71	71	1
session-fragment-fault	72	71	1
session-fragment-fault	73	71	1
session-fragment-fault	74	71	1
session-fragment-fault	75	71	1
session-fragment-fault	76	71	1
session-fragment-fault	77	71	1
session-fragment-fault	78	71	1
session-fragment-fault	79	71	1
session-fragment-fault	80	71	1
session-fragment-fault	81	71	1
session-fragment-fault	82	71	1
session-fragment-fault	83	71	1
session-fragment-fault	84	71	1
session-fragment-fault	85	71	1
session-fragment-fault	86	71	1
session-fragment-fault	87	71	1
session-fragment-fault	88	71	1
session-fragment-fault	89	71	1
session-fragment-fault	90	71	1
session-fragment-fault	91	71	1
session-fragment-fault	92	71	1
session-fragment-fault	93	71	1
session-fragment-fault	94	71	1
session-fragment-fault	95	71	1
session-fragment-fault	96	71	1
session-fragment-fault	97	71	1
session-fragment-fault	98	71	1
session-fragment-fault	99	71	1
session-fragment-fault	100	71	1
session-fragment-fault	101	71	1
session-fragment-fault	102	71	1
session-fragment-fault	103	71	1
session-fragment-fault	104	71	1
session-fragment-fault	105	71	1
session-fragment-fault	106	71	1
session-fragment-fault	107	71	1
session-fragment-fault	108	71	1
session-fragment-fault	109	71	1
session-fragment-fault	110	71	1
session-fragment-fault	111	71	1
session-fragment-fault	112	71	1
session-fragment-fault	113	71	1
session-fragment-fault	114	71	1
session-fragment-fault	115	71	1
session-fragment-fault	116	71	1
session-fragment-fault	117	71	1
session-fragment-fault	118	71	1
session-fragment-fault	119	71	1
session-fragment-fault	120	71	1
session-fragment-fault	121	71	1
session-fragment-fault	122	71	1
session-fragment-fault	123	71	1
session-fragment-fault	124	71	1
session-fragment-fault	125	71	1
session-fragment-fault	126	71	1
session-fragment-fault	127	71	1
session-fragment-fault	128	71	1
session-fragment-fault	129	71	1
session-fragment-fault	130	71	1
session-fragment-fault	131	71	1
session-fragment-fault	132	71	1
session-fragment-fault	133	71	1
session-fragment-fault	134	71	1
session-fragment-fault	135	71	1
session-fragment-fault	136	71	1
session-fragment-fault	137	71	1
session-fragment-fault	138	71	1
session-fragment-fault	139	71	1
session-fragment-fault	140	71	1
session-fragment-fault	141	71	1
session-fragment-fault	142	71	1
session-fragment-fault	143	71	1
session-fragment-fault	144	71	1
session-fragment-fault	145	71	1
session-fragment-fault	146	71	1
session-fragment-fault	147	71	1
session-fragment-fault	148	71	1
session-fragment-fault	149	71	1
session-fragment-fault	150	71	1
session-fragment-fault	151	71	1
session-fragment-fault	152	71	1
session-fragment-fault	153	71	1
session-fragment-fault	154	71	1
session-fragment-fault	155	71	1
session-fragment-fault	156	71	1
session-fragment-fault	157	71	1
session-fragment-fault	158	71	1
session-fragment-fault	159	71	1
session-fragment-fault	160	71	1
session-fragment-fault	161	71	1
session-fragment-fault	162	71	1
session-fragment-fault	163	71	1
session-fragment-fault	164	71	1
session-fragment-fault	165	71	1
session-fragment-fault	166	71	1
session-fragment-fault	167	71	1
session-fragment-fault	168	71	1
session-fragment-fault	169	71	1
session-fragment-fault	170	71	1
session-fragment-fault	171	71	1
session-fragment-fault	172	71	1
session-fragment-fault	173	71	1
session-fragment-fault	174	71	1
session-fragment-fault	175	71	1
session-fragment-fault	176	71	1
session-fragment-fault	177	71	1
session-fragment-fault	178	71	1
session-fragment-fault	179	71	1
session-fragment-fault	180	71	1
session-fragment-fault	181	71	1
session-fragment-fault	182	71	1
session-fragment-fault	183	71	1
session-fragment-fault	184	71	1
session-fragment-fault	185	71	1
session-fragment-fault	186	71	1
session-fragment-fault	187	71	1
session-fragment-fault	188	71	1
session-fragment-fault	189	71	1
session-fragment-fault	190	71	1
session-fragment-fault	191	71	1
session-fragment-fault	192	71	1
session-fragment-fault	193	71	1
session-fragment-fault	194	71	1
session-fragment-fault	195	71	1
session-fragment-fault	196	71	1
session-fragment-fault	197	71	1
session-fragment-fault	198	71	1
session-fragment-fault	199	71	1
session-fragment-fault	200	71	1
session-fragment-fault	201	71	1
session-fragment-fault	202	71	1
session-fragment-fault	203	71	1
session-fragment-fault	204	71	1
session-fragment-fault	205	71	1
session-fragment-fault	206	71	1
session-fragment-fault	207	71	1
session-fragment-fault	208	71	1
session-fragment-fault	209	71	1
session-fragment-fault	210	71	1
session-fragment-fault	211	71	1
session-fragment-fault	212	71	1
session-fragment-fault	213	71	1
session-fragment-fault	214	71	1
session-fragment-fault	215	71	1
session-fragment-fault	216	71	1
session-fragment-fault	217	71	1
session-fragment-fault	218	71	1
session-fragment-fault	219	71	1
session-fragment-fault	220	71	1
session-fragment-fault	221	71	1
session-fragment-fault	222	71	1
session-fragment-fault	223	71	1
session-fragment-fault	224	71	1
session-fragment-fault	225	71	1
session-fragment-fault	226	71	1
session-fragment-fault	227	71	1
session-fragment-fault	228	71	1
session-fragment-fault	229	71	1
session-fragment-fault	230	71	1
session-fragment-fault	231	71	1
session-fragment-fault	232	71	1
session-fragment-fault	233	71	1
session-fragment-fault	234	71	1
session-fragment-fault	235	71	1
session-fragment-fault	236	71	1
session-fragment-fault	237	71	1
session-fragment-fault	238	71	1
session-fragment-fault	239	71	1
session-fragment-fault	240	71	1
session-fragment-fault	241	71	1
session-fragment-fault	242	71	1
session-fragment-fault	243	71	1
session-fragment-fault	244	71	1
session-fragment-fault	245	71	1
session-fragment-fault	246	71	1
session-fragment-fault	247	71	1
session-fragment-fault	248	71	1
session-fragment-fault	249	71	1
session-fragment-fault	250	71	1
session-fragment-fault	251	71	1
session-fragment-fault	252	71	1
session-fragment-fault	253	71	1
session-fragment-fault	254	71	1
session-fragment-fault	255	71	1
session-fragment-fault	256	71	1
session-fragment-fault	257	71	1
session-fragment-fault	258	71	1
session-fragment-fault	259	71	1
session-fragment-fault	260	71	1
session-fragment-fault	261	71	1
session-fragment-fault	262	71	1
session-fragment-fault	263	71	1
session-fragment-fault	264	71	1
session-fragment-fault	265	71	1
session-fragment-fault	266	71	1
session-fragment-fault	267	71	1
session-fragment-fault	268	71	1
session-fragment-fault	269	71	1
session-fragment-fault	270	71	1
session-fragment-fault	271	71	1
session-fragment-fault	272	71	1
session-fragment-fault	273	71	1
session-fragment-fault	274	71	1
session-fragment-fault	275	71	1
session-fragment-fault	276	71	1
session-fragment-fault	277	71	1
session-fragment-fault	278	71	1
session-fragment-fault	279	71	1
session-fragment-fault	280	71	1
session-fragment-fault	281	71	1
session-fragment-fault	282	71	1
session-fragment-fault	283	71	1
session-fragment-fault	284	71	1
session-fragment-fault	285	71	1
session-fragment-fault	286	71	1
session-fragment-fault	287	71	1
session-fragment-fault	288	71	1
session-fragment-fault	289	71	1
session-fragment-fault	290	71	1
session-fragment-fault	291	71	1
session-fragment-fault	292	71	1
session-fragment-fault	293	71	1
session-fragment-fault	294	71	1
session-fragment-fault	295	71	1
session-fragment-fault	296	71	1
session-fragment-fault	297	71	1
session-fragment-fault	298	71	1
session-fragment-fault	299	71	1
session-fragment-fault	300	71	1
session-fragment-fault	301	71	1
session-fragment-fault	302	71	1
session-fragment-fault	303	71	1
session-fragment-fault	304	71	1
session-fragment-fault	305	71	1
session-fragment-fault	306	71	1
session-fragment-fault	307	71	1
session-fragment-fault	308	71	1
session-fragment-fault	309	71	1
session-fragment-fault	310	71	1
session-fragment-fault	311	71	1
session-fragment-fault	312	71	1
session-fragment-fault	313	71	1
session-fragment-fault	314	71	1
session-fragment-fault	315	71	1
session-fragment-fault	316	71	1
session-fragment-fault	317	71	1
session-fragment-fault	318	71	1
session-fragment-fault	319	71	1
session-fragment-fault	320	71	1
session-fragment-fault	321	71	1
session-fragment-fault	322	71	1
session-fragment-fault	323	71	1
session-fragment-fault	324	71	1
session-fragment-fault	325	71	1
session-fragment-fault	326	71	1
session-fragment-fault	327	71	1
session-fragment-fault	328	71	1
session-fragment-fault	329	71	1
session-fragment-fault	330	71	1
session-fragment-fault	331	71	1
session-fragment-fault	332	71	1
session-fragment-fault	333	71	1
session-fragment-fault	334	71	1
session-fragment-fault	335	71	1
session-fragment-fault	336	71	1
session-fragment-fault	337	71	1
session-fragment-fault	338	71	1
session-fragment-fault	339	71	1
session-fragment-fault	340	71	1
session-fragment-fault	341	71	1
session-fragment-fault	342	71	1
session-fragment-fault	343	71	1
session-fragment-fault	344	71	1
session-fragment-fault	345	71	1
session-fragment-fault	346	71	1
session-fragment-fault	347	71	1
session-fragment-fault	348	71	1
session-fragment-fault	349	71	1
session-fragment-fault	350	71	1
session-fragment-fault	351	71	1
session-fragment-fault	352	71	1
session-fragment-fault	353	71	1
session-fragment-fault	354	71	1
session-fragment-fault	355	71	1
session-fragment-fault	356	71	1
session-fragment-fault	357	71	1
session-fragment-fault	358	71	1
session-fragment-fault	359	71	1
session-fragment-fault	360	71	1
session-fragment-fault	361	71	1
session-fragment-fault	362	71	1
session-fragment-fault	363	71	1
session-fragment-fault	364	71	1
session-fragment-fault	365	71	1
session-fragment-fault	366	71	1
session-fragment-fault	367	71	1
session-fragment-fault	368	71	1
session-fragment-fault	369	71	1
session-fragment-fault	370	71	1
session-fragment-fault	371	71	1
session-fragment-fault	372	71	1
session-fragment-fault	373	71	1
session-fragment-fault	374	71	1
session-fragment-fault	375	71	1
session-fragment-fault	376	71	1
session-fragment-fault	377	71	1
session-fragment-fault	378	71	1
session-fragment-fault	379	71	1
session-fragment-fault	380	71	1
session-fragment-fault	381	71	1
session-fragment-fault	382	71	1
session-fragment-fault	383	71	1
session-fragment-fault	384	71	1
session-fragment-fault	385	71	1
session-fragment-fault	386	71	1
session-fragment-fault	387	71	1
session-fragment-fault	388	71	1
session-fragment-fault	389	71	1
session-fragment-fault	390	71	1
session-fragment-fault	391	71	1
session-fragment-fault	392	71	1
session-fragment-fault	393	71	1
session-fragment-fault	394	71	1
session-fragment-fault	395	71	1
session-fragment-fault	396	71	1
session-fragment-fault	397	71	1
session-fragment-fault	398	71	1
session-fragment-fault	399	71	1
session-fragment-fault	400	71	1
session-fragment-fault	401	71	1
session-fragment-fault	402	71	1
session-fragment-fault	403	71	1
session-fragment-fault	404	71	1
session-fragment-fault	405	71	1
session-fragment-fault	406	71	1
session-fragment-fault	407	71	1
session-fragment-fault	408	71	1
session-fragment-fault	409	71	1
session-fragment-fault	410	71	1
session-fragment-fault	411	71	1
session-fragment-fault	412	71	1
session-fragment-fault	413	71	1
session-fragment-fault	414	71	1
session-fragment-fault	415	71	1
session-fragment-fault	416	71	1
session-fragment-fault	417	71	1
session-fragment-fault	418	71	1
session-fragment-fault	419	71	1
session-fragment-fault	420	71	1
session-fragment-fault	421	71	1
session-fragment-fault	422	71	1
session-fragment-fault	423	71	1
session-fragment-fault	424	71	1
session-fragment-fault	425	71	1
session-fragment-fault	426	71	1
session-fragment-fault	427	71	1
session-fragment-fault	428	71	1
session-fragment-fault	429	71	1
session-fragment-fault	430	71	1
session-fragment-fault	431	71	1
session-fragment-fault	432	71	1
session-fragment-fault	433	71	1
session-fragment-fault	434	71	1
session-fragment-fault	435	71	1
session-fragment-fault	436	71	1
session-fragment-fault	437	71	1
session-fragment-fault	438	71	1
session-fragment-fault	439	71	1
session-fragment-fault	440	71	1
session-fragment-fault	441	71	1
session-fragment-fault	442	71	1
session-fragment-fault	443	71	1
session-fragment-fault	444	71	1
session-fragment-fault	445	71	1
session-fragment-fault	446	71	1
session-fragment-fault	447	71	1
session-fragment-fault	448	71	1
session-fragment-fault	449	71	1
session-fragment-fault	450	71	1
session-fragment-fault	451	71	1
session-fragment-fault	452	71	1
session-fragment-fault	453	71	1
session-fragment-fault	454	71	1
session-fragment-fault	455	71	1
session-fragment-fault	456	71	1
session-fragment-fault	457	71	1
session-fragment-fault	458	71	1
session-fragment-fault	459	71	1
session-fragment-fault	460	71	1
session-fragment-fault	461	71	1
session-fragment-fault	462	71	1
session-fragment-fault	463	71	1
session-fragment-fault	464	71	1
session-fragment-fault	465	71	1
session-fragment-fault	466	71	1
session-fragment-fault	467	71	1
session-fragment-fault	468	71	1
session-fragment-fault	469	71	1
session-fragment-fault	470	71	1
session-fragment-fault	471	71	1
session-fragment-fault	472	71	1
session-fragment-fault	473	71	1
session-fragment-fault	474	71	1
session-fragment-fault	475	71	1
session-fragment-fault	476	71	1
session-fragment-fault	477	71	1
session-fragment-fault	478	71	1
session-fragment-fault	479	71	1
session-fragment-fault	480	71	1
session-fragment-fault	481	71	1
session-fragment-fault	482	71	1
session-fragment-fault	483	71	1
session-fragment-fault	484	71	1
session-fragment-fault	485	71	1
session-fragment-fault	486	71	1
session-fragment-fault	487	71	1
session-fragment-fault	488	71	1
session-fragment-fault	489	71	1
session-fragment-fault	490	71	1
session-fragment-fault	491	71	1
session-fragment-fault	492	71	1
session-fragment-fault	493	71	1
session-fragment-fault	494	71	1
session-fragment-fault	495	71	1
session-fragment-fault	496	71	1
session-fragment-fault	497	71	1
session-fragment-fault	498	71	1
session-fragment-fault	499	71	1
session-fragment-fault	500	71	1
session-fragment-fault	501	71	1
session-fragment-fault	502	71	1
session-fragment-fault	503	71	1
session-fragment-fault	504	71	1
session-fragment-fault	505	71	1
session-fragment-fault	506	71	1
session-fragment-fault	507	71	1
session-fragment-fault	508	71	1
session-fragment-fault	509	71	1
session-fragment-fault	510	71	1
session-fragment-fault	511	71	2
session-fragment-fault	512	71	2
session-fragment-fault	513	71	2
session-fragment-fault	514	71	2
session-fragment-fault	515	71	2
session-fragment-fault	516	71	2
session-fragment-fault	517	71	2
session-fragment-fault	518	71	2
session-fragment-fault	519	71	2
session-fragment-fault	520	71	2
session-fragment-fault	521	71	2
session-fragment-fault	522	71	2
session-fragment-fault	523	71	2
session-fragment-fault	524	71	2
session-fragment-fault	525	71	2
session-fragment-fault	526	71	2
session-fragment-fault	527	71	2
session-fragment-fault	528	71	2
session-fragment-fault	529	71	2
session-fragment-fault	530	71	2
session-fragment-fault	531	71	2
session-fragment-fault	532	71	2
session-fragment-fault	533	71	2
session-fragment-fault	534	71	2
session-fragment-fault	535	71	2
session-fragment-fault	536	71	2
session-fragment-fault	537	71	2
session-fragment-fault	538	71	2
session-fragment-fault	539	71	2
session-fragment-fault	540	71	2
session-fragment-fault	541	71	2
session-fragment-fault	542	71	2
session-fragment-fault	543	71	2
session-fragment-fault	544	71	2
session-fragment-fault	545	71	2
session-fragment-fault	546	71	2
session-fragment-fault	547	71	2
session-fragment-fault	548	71	2
session-fragment-fault	549	71	2
session-fragment-fault	550	71	2
session-fragment-fault	551	71	2
session-fragment-fault	552	71	2
session-fragment-fault	553	71	2
session-fragment-fault	554	71	2
session-fragment-fault	555	71	2
session-fragment-fault	556	71	2
session-fragment-fault	557	71	2
session-fragment-fault	558	71	2
session-fragment-fault	559	71	2
session-fragment-fault	560	71	2
session-fragment-fault	561	71	2
session-fragment-fault	562	71	2
session-fragment-fault	563	71	2
session-fragment-fault	564	71	2
session-fragment-fault	565	71	2
session-fragment-fault	566	71	2
session-fragment-fault	567	71	2
session-fragment-fault	568	71	2
session-fragment-fault	569	71	2
session-fragment-fault	570	71	2
session-fragment-fault	571	71	2
session-fragment-fault	572	71	2
session-fragment-fault	573	71	2
session-fragment-fault	574	71	2
session-fragment-fault	575	71	2
session-fragment-fault	576	71	2
session-fragment-fault	577	71	2
session-fragment-fault	578	71	2
session-fragment-fault	579	71	2
session-fragment-fault	580	71	2
session-fragment-fault	581	71	2
session-fragment-fault	582	71	2
session-fragment-fault	583	71	2
session-fragment-fault	584	71	2
session-fragment-fault	585	71	2
session-fragment-fault	586	71	2
session-fragment-fault	587	71	2
session-fragment-fault	588	71	2
session-fragment-fault	589	71	2
session-fragment-fault	590	71	2
session-fragment-fault	591	71	2
session-fragment-fault	592	71	2
session-fragment-fault	593	71	2
session-fragment-fault	594	71	2
session-fragment-fault	595	71	2
session-fragment-fault	596	71	2
session-fragment-fault	597	71	2
session-fragment-fault	598	71	2
session-fragment-fault	599	71	2
session-fragment-fault	600	71	2
session-fragment-fault	601	71	2
session-fragment-fault	602	71	2
session-fragment-fault	603	71	2
session-fragment-fault	604	71	2
session-fragment-fault	605	71	2
session-fragment-fault	606	71	2
session-fragment-fault	607	71	2
session-fragment-fault	608	71	2
session-fragment-fault	609	71	2
session-fragment-fault	610	71	2
session-fragment-fault	611	71	2
session-fragment-fault	612	71	2
session-fragment-fault	613	71	2
session-fragment-fault	614	71	2
session-fragment-fault	615	71	2
session-fragment-fault	616	71	2
session-fragment-fault	617	71	2
session-fragment-fault	618	71	2
session-fragment-fault	619	71	2
session-fragment-fault	620	71	2
session-fragment-fault	621	71	2
session-fragment-fault	622	71	2
session-fragment-fault	623	71	2
session-fragment-fault	624	71	2
session-fragment-fault	625	71	2
session-fragment-fault	626	71	2
session-fragment-fault	627	71	2
session-fragment-fault	628	71	2
session-fragment-fault	629	71	2
session-fragment-fault	630	71	2
session-fragment-fault	631	71	2
session-fragment-fault	632	71	2
session-fragment-fault	633	71	2
session-fragment-fault	634	71	2
session-fragment-fault	635	71	2
session-fragment-fault	636	71	2
session-fragment-fault	637	71	2
session-fragment-fault	638	71	2
session-fragment-fault	639	71	2
session-fragment-fault	640	71	2
session-fragment-fault	641	71	2
session-fragment-fault	642	71	2
session-fragment-fault	643	71	2
session-fragment-fault	644	71	2
session-fragment-fault	645	71	2
session-fragment-fault	646	71	2
session-fragment-fault	647	71	2
session-fragment-fault	648	71	2
session-fragment-fault	649	71	2
session-fragment-fault	650	71	2
session-fragment-fault	651	71	2
session-fragment-fault	652	71	2
session-fragment-fault	653	71	2
session-fragment-fault	654	71	2
session-fragment-fault	655	71	2
session-fragment-fault	656	71	2
session-fragment-fault	657	71	2
session-fragment-fault	658	71	2
session-fragment-fault	659	71	2
session-fragment-fault	660	71	2
session-fragment-fault	661	71	2
session-fragment-fault	662	71	2
session-fragment-fault	663	71	2
session-fragment-fault	664	71	2
session-fragment-fault	665	71	2
session-fragment-fault	666	71	2
session-fragment-fault	667	71	2
session-fragment-fault	668	71	2
session-fragment-fault	669	71	2
session-fragment-fault	670	71	2
session-fragment-fault	671	71	2
session-fragment-fault	672	71	2
session-fragment-fault	673	71	2
session-fragment-fault	674	71	2
session-fragment-fault	675	71	2
session-fragment-fault	676	71	2
session-fragment-fault	677	71	2
session-fragment-fault	678	71	2
session-fragment-fault	679	71	2
session-fragment-fault	680	71	2
session-fragment-fault	681	71	2
session-fragment-fault	682	71	2
session-fragment-fault	683	71	2
session-fragment-fault	684	71	2
session-fragment-fault	685	71	2
session-fragment-fault	686	71	2
session-fragment-fault	687	71	2
session-fragment-fault	688	71	2
session-fragment-fault	689	71	2
session-fragment-fault	690	71	2
session-fragment-fault	691	71	2
session-fragment-fault	692	71	2
session-fragment-fault	693	71	2
session-fragment-fault	694	71	2
session-fragment-fault	695	71	2
session-fragment-fault	696	71	2
session-fragment-fault	697	71	2
session-fragment-fault	698	71	2
session-fragment-fault	699	71	2
session-fragment-fault	700	71	2
session-fragment-fault	701	71	2
session-fragment-fault	702	71	2
session-fragment-fault	703	71	2
session-fragment-fault	704	71	2
session-fragment-fault	705	71	2
session-fragment-fault	706	71	2
session-fragment-fault	707	71	2
session-fragment-fault	708	71	2
session-fragment-fault	709	71	2
session-fragment-fault	710	71	2
session-fragment-fault	711	71	2
session-fragment-fault	712	71	2
session-fragment-fault	713	71	2
session-fragment-fault	714	71	2
session-fragment-fault	715	71	2
session-fragment-fault	716	71	2
session-fragment-fault	717	71	2
session-fragment-fault	718	71	2
session-fragment-fault	719	71	2
session-fragment-fault	720	71	2
session-fragment-fault	721	71	2
session-fragment-fault	722	71	2
session-fragment-fault	723	71	2
session-fragment-fault	724	71	2
session-fragment-fault	725	71	2
session-fragment-fault	726	71	2
session-fragment-fault	727	71	2
session-fragment-fault	728	71	2
session-fragment-fault	729	71	2
session-fragment-fault	730	71	2
session-fragment-fault	731	71	2
session-fragment-fault	732	71	2
session-fragment-fault	733	71	2
session-fragment-fault	734	71	2
session-fragment-fault	735	71	2
session-fragment-fault	736	71	2
session-fragment-fault	737	71	2
session-fragment-fault	738	71	2
session-fragment-fault	739	71	2
session-fragment-fault	740	71	2
session-fragment-fault	741	71	2
session-fragment-fault	742	71	2
session-fragment-fault	743	71	2
session-fragment-fault	744	71	2
session-fragment-fault	745	71	2
session-fragment-fault	746	71	2
session-fragment-fault	747	71	2
session-fragment-fault	748	71	2
session-fragment-fault	749	71	2
session-fragment-fault	750	71	2
session-fragment-fault	751	71	2
session-fragment-fault	752	71	2
session-fragment-fault	753	71	2
session-fragment-fault	754	71	2
session-fragment-fault	755	71	2
session-fragment-fault	756	71	2
session-fragment-fault	757	71	2
session-fragment-fault	758	71	2
session-fragment-fault	759	71	2
session-fragment-fault	760	71	2
session-fragment-fault	761	71	2
session-fragment-fault	762	71	2
session-fragment-fault	763	71	2
session-fragment-fault	764	71	2
session-fragment-fault	765	71	2
session-fragment-fault	766	71	2
session-fragment-fault	767	71	2
session-fragment-fault	768	71	2
session-fragment-fault	769	71	2
session-fragment-fault	770	71	2
session-fragment-fault	771	71	2
session-fragment-fault	772	71	2
session-fragment-fault	773	71	2
session-fragment-fault	774	71	2
session-fragment-fault	775	71	2
session-fragment-fault	776	71	2
session-fragment-fault	777	71	2
session-fragment-fault	778	71	2
session-fragment-fault	779	71	2
session-fragment-fault	780	71	2
session-fragment-fault	781	71	2
session-fragment-fault	782	71	2
session-fragment-fault	783	71	2
session-fragment-fault	784	71	2
session-fragment-fault	785	71	2
session-fragment-fault	786	71	2
session-fragment-fault	787	71	2
session-fragment-fault	788	71	2
session-fragment-fault	789	71	2
session-fragment-fault	790	71	2
session-fragment-fault	791	71	2
session-fragment-fault	792	71	2
session-fragment-fault	793	71	2
session-fragment-fault	794	71	2
session-fragment-fault	795	71	2
session-fragment-fault	796	71	2
session-fragment-fault	797	71	2
session-fragment-fault	798	71	2
session-fragment-fault	799	71	2
session-fragment-fault	800	71	2
session-fragment-fault	801	71	2
session-fragment-fault	802	71	2
session-fragment-fault	803	71	2
session-fragment-fault	804	71	2
session-fragment-fault	805	71	2
session-fragment-fault	806	71	2
session-fragment-fault	807	71	2
session-fragment-fault	808	71	2
session-fragment-fault	809	71	2
session-fragment-fault	810	71	2
session-fragment-fault	811	71	2
session-fragment-fault	812	71	2
session-fragment-fault	813	71	2
session-fragment-fault	814	71	2
session-fragment-fault	815	71	2
session-fragment-fault	816	71	2
session-fragment-fault	817	71	2
session-fragment-fault	818	71	2
session-fragment-fault	819	71	2
session-fragment-fault	820	71	2
session-fragment-fault	821	71	2
session-fragment-fault	822	71	2
session-fragment-fault	823	71	2
session-fragment-fault	824	71	2
session-fragment-fault	825	71	2
session-fragment-fault	826	71	2
session-fragment-fault	827	71	2
session-fragment-fault	828	71	2
session-fragment-fault	829	71	2
session-fragment-fault	830	71	2
session-fragment-fault	831	71	2
session-fragment-fault	832	71	2
session-fragment-fault	833	71	2
session-fragment-fault	834	71	2
session-fragment-fault	835	71	2
session-fragment-fault	836	71	2
session-fragment-fault	837	71	2
session-fragment-fault	838	71	2
session-fragment-fault	839	71	2
session-fragment-fault	840	71	2
session-fragment-fault	841	71	2
session-fragment-fault	842	71	2
session-fragment-fault	843	71	2
session-fragment-fault	844	71	2
session-fragment-fault	845	71	2
session-fragment-fault	846	71	2
session-fragment-fault	847	71	2
session-fragment-fault	848	71	2
session-fragment-fault	849	71	2
session-fragment-fault	850	71	2
session-fragment-fault	851	71	2
session-fragment-fault	852	71	2
session-fragment-fault	853	71	2
session-fragment-fault	854	71	2
session-fragment-fault	855	71	2
session-fragment-fault	856	71	2
session-fragment-fault	857	71	2
session-fragment-fault	858	71	2
session-fragment-fault	859	71	2
session-fragment-fault	860	71	2
session-fragment-fault	861	71	2
session-fragment-fault	862	71	2
session-fragment-fault	863	71	2
session-fragment-fault	864	71	2
session-fragment-fault	865	71	2
session-fragment-fault	866	71	2
session-fragment-fault	867	71	2
session-fragment-fault	868	71	2
session-fragment-fault	869	71	2
session-fragment-fault	870	71	2
session-fragment-fault	871	71	2
session-fragment-fault	872	71	2
session-fragment-fault	873	71	2
session-fragment-fault	874	71	2
session-fragment-fault	875	71	2
session-fragment-fault	876	71	2
session-fragment-fault	877	71	2
session-fragment-fault	878	71	2
session-fragment-fault	879	71	2
session-fragment-fault	880	71	2
session-fragment-fault	881	71	2
session-fragment-fault	882	71	2
session-fragment-fault	883	71	2
session-fragment-fault	884	71	2
session-fragment-fault	885	71	2
session-fragment-fault	886	71	2
session-fragment-fault	887	71	2
session-fragment-fault	888	71	2
session-fragment-fault	889	71	2
session-fragment-fault	890	71	2
session-fragment-fault	891	71	2
session-fragment-fault	892	71	2
session-fragment-fault	893	71	2
session-fragment-fault	894	71	2
session-fragment-fault	895	71	2
session-fragment-fault	896	71	2
session-fragment-fault	897	71	2
session-fragment-fault	898	71	2
session-fragment-fault	899	71	2
session-fragment-fault	900	71	2
session-fragment-fault	901	71	2
session-fragment-fault	902	71	2
session-fragment-fault	903	71	2
session-fragment-fault	904	71	2
session-fragment-fault	905	71	2
session-fragment-fault	906	71	2
session-fragment-fault	907	71	2
session-fragment-fault	908	71	2
session-fragment-fault	909	71	2
session-fragment-fault	910	71	2
session-fragment-fault	911	71	2
session-fragment-fault	912	71	2
session-fragment-fault	913	71	2
session-fragment-fault	914	71	2
session-fragment-fault	915	71	2
session-fragment-fault	916	71	2
session-fragment-fault	917	71	2
session-fragment-fault	918	71	2
session-fragment-fault	919	71	2
session-fragment-fault	920	71	2
session-fragment-fault	921	71	2
session-fragment-fault	922	71	2
session-fragment-fault	923	71	2
session-fragment-fault	924	71	2
session-fragment-fault	925	71	2
session-fragment-fault	926	71	2
session-fragment-fault	927	71	2
session-fragment-fault	928	71	2
session-fragment-fault	929	71	2
session-fragment-fault	930	71	2
session-fragment-fault	931	71	2
session-fragment-fault	932	71	2
session-fragment-fault	933	71	2
session-fragment-fault	934	71	2
session-fragment-fault	935	71	2
session-fragment-fault	936	71	2
session-fragment-fault	937	71	2
session-fragment-fault	938	71	2
session-fragment-fault	939	71	2
session-fragment-fault	940	71	2
session-fragment-fault	941	71	2
session-fragment-fault	942	71	2
session-fragment-fault	943	71	2
session-fragment-fault	944	71	2
session-fragment-fault	945	71	2
session-fragment-fault	946	71	2
session-fragment-fault	947	71	2
session-fragment-fault	948	71	2
session-fragment-fault	949	71	2
session-fragment-fault	950	71	2
session-fragment-fault	951	71	2
session-fragment-fault	952	71	2
session-fragment-fault	953	71	2
session-fragment-fault	954	71	2
session-fragment-fault	955	71	2
session-fragment-fault	956	71	2
session-fragment-fault	957	71	2
session-fragment-fault	958	71	2
session-fragment-fault	959	71	2
session-fragment-fault	960	71	2
session-fragment-fault	961	71	2
session-fragment-fault	962	71	2
session-fragment-fault	963	71	2
session-fragment-fault	964	71	2
session-fragment-fault	965	71	2
session-fragment-fault	966	71	2
session-fragment-fault	967	71	2
session-fragment-fault	968	71	2
session-fragment-fault	969	71	2
session-fragment-fault	970	71	2
session-fragment-fault	971	71	2
session-fragment-fault	972	71	2
session-fragment-fault	973	71	2
session-fragment-fault	974	71	2
session-fragment-fault	975	71	2
session-fragment-fault	976	71	2
session-fragment-fault	977	71	2
session-fragment-fault	978	71	2
session-fragment-fault	979	71	2
session-fragment-fault	980	71	2
session-fragment-fault	981	71	2
session-fragment-fault	982	71	2
session-fragment-fault	983	0	2
session-fragment-fault	984	0	2
session-fragment-fault	985	0	2
session-fragment-fault	986	0	2
session-fragment-fault	987	0	2
session-fragment-fault	988	0	2
session-fragment-fault	989	0	2
session-fragment-fault	990	0	2
session-fragment-fault	991	0	2
session-fragment-fault	992	0	2
session-fragment-fault	993	0	2
session-fragment-fault	994	0	2
session-fragment-fault	995	0	2
session-fragment-fault	996	0	2
session-fragment-fault	997	0	2
session-fragment-fault	998	0	2
session-fragment-fault	999	0	2
session-fragment-fault	1000	0	2
session-fragment-fault	1001	0	2
session-fragment-fault	1002	0	2
session-fragment-fault	1003	0	2
session-fragment-fault	1004	0	2
session-fragment-fault	1005	0	2
session-fragment-fault	1006	0	2
session-fragment-fault	1007	0	2
session-fragment-fault	1008	0	2
session-fragment-fault	1009	0	2
session-fragment-fault	1010	0	2
session-fragment-fault	1011	0	2
session-fragment-fault	1012	0	2
session-fragment-fault	1013	0	2
session-fragment-fault	1014	0	2
session-fragment-fault	1015	0	2
session-fragment-fault	1016	0	2
session-fragment-fault	1017	0	2
session-fragment-fault	1018	0	2
session-fragment-fault	1019	0	2
session-fragment-fault	1020	0	2
session-fragment-fault	1021	0	2
session-fragment-fault	1022	0	2
session-fragment-fault	1023	0	2
session-fragment-fault	1024	0	2
session-fragment-fault	1025	0	2
session-fragment-fault	1026	0	2
session-fragment-fault	1027	0	2
session-fragment-fault	1028	0	2
session-fragment-fault	1029	0	2
session-fragment-fault	1030	0	2
session-fragment-fault	1031	0	2
session-fragment-fault	1032	0	2
session-fragment-fault	1033	0	2
session-fragment-fault	1034	0	2
session-fragment-fault	1035	0	2
session-fragment-fault	1036	0	2
session-fragment-fault	1037	0	2
session-fragment-fault	1038	0	2
session-fragment-fault	1039	0	2
session-fragment-fault	1040	0	2
session-fragment-fault	1041	0	2
session-fragment-fault	1042	0	2
session-fragment-fault	1043	0	2
session-fragment-fault	1044	0	2
session-fragment-fault	1045	0	2
session-fragment-fault	1046	0	2
session-fragment-fault	1047	0	2
session-fragment-fault	1048	0	2
session-fragment-fault	1049	0	2
session-fragment-fault	1050	0	2
session-fragment-fault	1051	0	2
session-fragment-fault	1052	0	2
session-fragment-fault	1053	0	2
session-fragment-fault	1054	0	2
session-fragment-fault	1055	0	2
session-fragment-fault	1056	0	2
session-fragment-fault	1057	0	2
session-fragment-fault	1058	0	2
session-fragment-fault	1059	0	2
session-fragment-fault	1060	0	2
session-fragment-fault	1061	0	2
session-fragment-fault	1062	0	2
session-fragment-fault	1063	0	2
session-fragment-fault	1064	0	2
session-fragment-fault	1065	0	2
session-fragment-fault	1066	0	2
session-fragment-fault	1067	0	2
session-fragment-fault	1068	0	2
session-fragment-fault	1069	0	2
session-fragment-fault	1070	0	2
session-fragment-fault	1071	0	2
session-fragment-fault	1072	0	2
session-fragment-fault	1073	0	2
session-fragment-fault	1074	0	2
session-fragment-fault	1075	0	2
session-fragment-fault	1076	0	2
session-fragment-fault	1077	0	2
session-fragment-fault	1078	0	2
session-fragment-fault	1079	0	2
session-fragment-fault	1080	0	2
session-fragment-fault	1081	0	2
session-fragment-fault	1082	0	2
session-fragment-fault	1083	0	2
session-fragment-fault	1084	0	2
session-fragment-fault	1085	0	2
session-fragment-fault	1086	0	2
session-fragment-fault	1087	0	2
session-fragment-fault	1088	0	2
session-fragment-fault	1089	0	2
session-fragment-fault	1090	0	2
session-fragment-fault	1091	0	2
session-fragment-fault	1092	0	2
session-fragment-fault	1093	0	2
session-fragment-fault	1094	0	2
session-fragment-fault	1095	0	2
session-fragment-fault	1096	0	2
session-fragment-fault	1097	0	2
session-fragment-fault	1098	0	2
session-fragment-fault	1099	0	2
session-fragment-fault	1100	0	2
session-fragment-fault	1101	0	2
session-fragment-fault	1102	0	2
session-fragment-fault	1103	0	2
session-fragment-fault	1104	0	2
session-fragment-fault	1105	0	2
session-fragment-fault	1106	0	2
session-fragment-fault	1107	0	2
session-fragment-fault	1108	0	2
session-fragment-fault	1109	0	2
session-fragment-fault	1110	0	2
session-fragment-fault	1111	0	2
session-fragment-fault	1112	0	2
session-fragment-fault	1113	0	2
session-fragment-fault	1114	0	2
session-fragment-fault	1115	0	2
session-fragment-fault	1116	0	2
session-fragment-fault	1117	0	2
session-fragment-fault	1118	0	2
session-fragment-fault	1119	0	2
session-fragment-fault	1120	0	2
session-fragment-fault	1121	0	2
session-fragment-fault	1122	0	2
session-fragment-fault	1123	0	2
session-fragment-fault	1124	0	2
session-fragment-fault	1125	0	2
session-fragment-fault	1126	0	2
session-fragment-fault	1127	0	2
session-fragment-fault	1128	0	2
session-fragment-fault	1129	0	2
session-fragment-fault	1130	0	2
session-fragment-fault	1131	0	2
session-fragment-fault	1132	0	2
session-fragment-fault	1133	0	2
session-fragment-fault	1134	0	2
session-fragment-fault	1135	0	2
session-fragment-fault	1136	0	2
session-fragment-fault	1137	0	2
session-fragment-fault	1138	0	2
session-fragment-fault	1139	0	2
session-fragment-fault	1140	0	2
session-fragment-fault	1141	0	2
session-fragment-fault	1142	0	2
session-fragment-fault	1143	0	2
session-fragment-fault	1144	0	2
session-fragment-fault	1145	0	2
session-fragment-fault	1146	0	2
session-fragment-fault	1147	0	2
session-fragment-fault	1148	0	2
session-fragment-fault	1149	0	2
session-fragment-fault	1150	0	2
session-fragment-fault	1151	0	2
session-fragment-fault	1152	0	2
session-fragment-fault	1153	0	2
session-fragment-fault	1154	0	2
session-fragment-fault	1155	0	2
session-fragment-fault	1156	0	2
session-fragment-fault	1157	0	2
session-fragment-fault	1158	0	2
session-fragment-fault	1159	0	2
session-fragment-fault	1160	0	2
session-fragment-fault	1161	0	2
session-fragment-fault	1162	0	2
session-fragment-fault	1163	0	2
session-fragment-fault	1164	0	2
session-fragment-fault	1165	0	2
session-fragment-fault	1166	0	2
session-fragment-fault	1167	0	2
session-fragment-fault	1168	0	2
session-fragment-fault	1169	0	2
session-fragment-fault	1170	0	2
session-fragment-fault	1171	0	2
session-fragment-fault	1172	0	2
session-fragment-fault	1173	0	2
session-fragment-fault	1174	0	2
session-fragment-fault	1175	0	2
session-fragment-fault	1176	0	2
session-fragment-fault	1177	0	2
session-fragment-fault	1178	0	2
session-fragment-fault	1179	0	2
session-fragment-fault	1180	0	2
session-fragment-fault	1181	0	2
session-fragment-fault	1182	0	2
session-fragment-fault	1183	0	2
session-fragment-fault	1184	0	2
session-fragment-fault	1185	0	2
session-fragment-fault	1186	0	2
session-fragment-fault	1187	0	2
session-fragment-fault	1188	0	2
session-fragment-fault	1189	0	2
session-fragment-fault	1190	0	2
session-fragment-fault	1191	0	2
session-fragment-fault	1192	0	2
session-fragment-fault	1193	0	2
session-fragment-fault	1194	0	2
session-fragment-fault	1195	0	2
session-fragment-fault	1196	0	2
session-fragment-fault	1197	0	2
session-fragment-fault	1198	0	2
session-fragment-fault	1199	0	2
session-fragment-fault	1200	0	2
session-fragment-fault	1201	0	2
session-fragment-fault	1202	0	2
session-fragment-fault	1203	0	2
session-fragment-fault	1204	0	2
session-fragment-fault	1205	0	2
session-fragment-fault	1206	0	2
session-fragment-fault	1207	0	2
session-fragment-fault	1208	0	2
session-fragment-fault	1209	0	2
session-fragment-fault	1210	0	2
session-fragment-fault	1211	0	2
session-fragment-fault	1212	0	2
session-fragment-fault	1213	0	2
session-fragment-fault	1214	0	2
session-fragment-fault	1215	0	2
session-fragment-fault	1216	0	2
session-fragment-fault	1217	0	2
session-fragment-fault	1218	0	2
session-fragment-fault	1219	0	2
session-fragment-fault	1220	0	2
session-fragment-fault	1221	0	2
session-fragment-fault	1222	0	2
session-fragment-fault	1223	0	2
session-fragment-fault	1224	0	2
session-fragment-fault	1225	0	2
session-fragment-fault	1226	0	2
session-fragment-fault	1227	0	2
session-fragment-fault	1228	0	2
session-fragment-fault	1229	0	2
session-fragment-fault	1230	0	2
session-fragment-fault	1231	0	2
session-fragment-fault	1232	0	2
session-fragment-fault	1233	0	2
session-fragment-fault	1234	0	2
session-fragment-fault	1235	0	2
session-fragment-fault	1236	0	2
session-fragment-fault	1237	0	2
session-fragment-fault	1238	0	2
session-fragment-fault	1239	0	2
session-fragment-fault	1240	0	2
session-fragment-fault	1241	0	2
session-fragment-fault	1242	0	2
session-fragment-fault	1243	0	2
session-fragment-fault	1244	0	2
session-fragment-fault	1245	0	2
session-fragment-fault	1246	0	2
session-fragment-fault	1247	0	2
session-fragment-fault	1248	0	2
session-fragment-fault	1249	0	2
session-fragment-fault	1250	0	2
session-fragment-fault	1251	0	2
session-fragment-fault	1252	0	2
session-fragment-fault	1253	0	2
session-fragment-fault	1254	0	2
session-fragment-fault	1255	0	2
session-fragment-fault	1256	0	2
session-fragment-fault	1257	0	2
session-fragment-fault	1258	0	2
session-fragment-fault	1259	0	2
session-fragment-fault	1260	0	2
session-fragment-fault	1261	0	2
session-fragment-fault	1262	0	2
session-fragment-fault	1263	0	2
session-fragment-fault	1264	0	2
session-fragment-fault	1265	0	2
session-fragment-fault	1266	0	2
session-fragment-fault	1267	0	2
session-fragment-fault	1268	0	2
session-fragment-fault	1269	0	2
session-fragment-fault	1270	0	2
session-fragment-fault	1271	0	2
session-fragment-fault	1272	0	2
session-fragment-fault	1273	0	2
session-fragment-fault	1274	0	2
session-fragment-fault	1275	0	2
session-fragment-fault	1276	0	2
session-fragment-fault	1277	0	2
session-fragment-fault	1278	0	2
session-fragment-fault	1279	0	2
session-fragment-fault	1280	0	2
session-fragment-fault	1281	0	2
session-fragment-fault	1282	0	2
session-fragment-fault	1283	0	2
session-fragment-fault	1284	0	2
session-fragment-fault	1285	0	2
session-fragment-fault	1286	0	2
session-fragment-fault	1287	0	2
session-fragment-fault	1288	0	2
session-fragment-fault	1289	0	2
session-fragment-fault	1290	0	2
session-fragment-fault	1291	0	2
session-fragment-fault	1292	0	2
session-fragment-fault	1293	0	2
session-fragment-fault	1294	0	2
session-fragment-fault	1295	0	2
session-fragment-fault	1296	0	2
session-fragment-fault	1297	0	2
session-fragment-fault	1298	0	2
session-fragment-fault	1299	0	2
session-fragment-fault	1300	0	2
session-fragment-fault	1301	0	2
session-fragment-fault	1302	0	2
session-fragment-fault	1303	0	2
session-fragment-fault	1304	0	2
session-fragment-fault	1305	0	2
session-fragment-fault	1306	0	2
session-fragment-fault	1307	0	2
session-fragment-fault	1308	0	2
session-fragment-fault	1309	0	2
session-fragment-fault	1310	0	2
session-fragment-fault	1311	0	2
session-fragment-fault	1312	0	2
session-fragment-fault	1313	0	2
session-fragment-fault	1314	0	2
session-fragment-fault	1315	0	2
session-fragment-fault	1316	0	2
session-fragment-fault	1317	0	2
session-fragment-fault	1318	0	2
session-fragment-fault	1319	0	2
session-fragment-fault	1320	0	2
session-fragment-fault	1321	0	2
session-fragment-fault	1322	0	2
session-fragment-fault	1323	0	2
session-fragment-fault	1324	0	2
session-fragment-fault	1325	0	2
session-fragment-fault	1326	0	2
session-fragment-fault	1327	0	2
session-fragment-fault	1328	0	2
session-fragment-fault	1329	0	2
session-fragment-fault	1330	0	2
session-fragment-fault	1331	0	2
session-fragment-fault	1332	0	2
session-fragment-fault	1333	0	2
session-fragment-fault	1334	0	2
session-fragment-fault	1335	0	2
session-fragment-fault	1336	0	2
session-fragment-fault	1337	0	2
session-fragment-fault	1338	0	2
session-fragment-fault	1339	0	2
session-fragment-fault	1340	0	2
session-fragment-fault	1341	0	2
session-fragment-fault	1342	0	2
session-fragment-fault	1343	0	2
session-fragment-fault	1344	0	2
session-fragment-fault	1345	0	2
session-fragment-fault	1346	0	2
session-fragment-fault	1347	0	2
session-fragment-fault	1348	0	2
session-fragment-fault	1349	0	2
session-fragment-fault	1350	0	2
session-fragment-fault	1351	0	2
session-fragment-fault	1352	0	2
session-fragment-fault	1353	0	2
session-fragment-fault	1354	0	2
session-fragment-fault	1355	0	2
session-fragment-fault	1356	0	2
session-fragment-fault	1357	0	2
session-fragment-fault	1358	0	2
session-fragment-fault	1359	0	2
session-fragment-fault	1360	0	2
session-fragment-fault	1361	0	2
session-fragment-fault	1362	0	2
session-fragment-fault	1363	0	2
session-fragment-fault	1364	0	2
session-fragment-fault	1365	0	2
session-fragment-fault	1366	0	2
session-fragment-fault	1367	0	2
session-fragment-fault	1368	0	2
session-fragment-fault	1369	0	2
session-fragment-fault	1370	0	2
session-fragment-fault	1371	0	2
session-fragment-fault	1372	0	2
session-fragment-fault	1373	0	2
session-fragment-fault	1374	0	2
session-fragment-fault	1375	0	2
session-fragment-fault	1376	0	2
session-fragment-fault	1377	0	2
session-fragment-fault	1378	0	2
session-fragment-fault	1379	0	2
session-fragment-fault	1380	0	2
session-fragment-fault	1381	0	2
session-fragment-fault	1382	0	2
session-fragment-fault	1383	0	2
session-fragment-fault	1384	0	2
session-fragment-fault	1385	0	2
session-fragment-fault	1386	0	2
session-fragment-fault	1387	0	2
session-fragment-fault	1388	0	2
session-fragment-fault	1389	0	2
session-fragment-fault	1390	0	2
session-fragment-fault	1391	0	2
session-fragment-fault	1392	0	2
session-fragment-fault	1393	0	2
session-fragment-fault	1394	0	2
session-fragment-fault	1395	0	2
session-fragment-fault	1396	0	2
session-fragment-fault	1397	0	2
session-fragment-fault	1398	0	2
session-fragment-fault	1399	0	2
session-fragment-fault	1400	0	2
session-fragment-fault	1401	0	2
session-fragment-fault	1402	0	2
session-fragment-fault	1403	0	2
session-fragment-fault	1404	0	2
session-fragment-fault	1405	0	2
session-fragment-fault	1406	0	2
session-fragment-fault	1407	0	2
session-fragment-fault	1408	0	2
session-fragment-fault	1409	0	2
session-fragment-fault	1410	0	2
session-fragment-fault	1411	0	2
session-fragment-fault	1412	0	2
session-fragment-fault	1413	0	2
session-fragment-fault	1414	0	2
session-fragment-fault	1415	0	2
session-fragment-fault	1416	0	2
session-fragment-fault	1417	0	2
session-fragment-fault	1418	0	2
session-fragment-fault	1419	0	2
session-fragment-fault	1420	0	2
session-fragment-fault	1421	0	2
session-fragment-fault	1422	0	2
session-fragment-fault	1423	0	2
session-fragment-fault	1424	0	2
session-fragment-fault	1425	0	2
session-fragment-fault	1426	0	2
session-fragment-fault	1427	0	2
session-fragment-fault	1428	0	2
session-fragment-fault	1429	0	2
session-fragment-fault	1430	0	2
session-fragment-fault	1431	0	2
session-fragment-fault	1432	0	2
session-fragment-fault	1433	0	2
session-fragment-fault	1434	0	2
session-fragment-fault	1435	0	2
session-fragment-fault	1436	0	2
session-fragment-fault	1437	0	2
session-fragment-fault	1438	0	2
session-fragment-fault	1439	0	2
session-fragment-fault	1440	0	2
session-fragment-fault	1441	0	2
session-fragment-fault	1442	0	2
session-fragment-fault	1443	0	2
session-fragment-fault	1444	0	2
session-fragment-fault	1445	0	2
session-fragment-fault	1446	0	2
session-fragment-fault	1447	0	2
session-fragment-fault	1448	0	2
session-fragment-fault	1449	0	2
session-fragment-fault	1450	0	2
session-fragment-fault	1451	0	2
session-fragment-fault	1452	0	2
session-fragment-fault	1453	0	2
session-fragment-fault	1454	0	2
session-fragment-fault	1455	0	2
session-fragment-fault	1456	0	2
session-fragment-fault	1457	0	2
session-fragment-fault	1458	0	2
session-fragment-fault	1459	0	2
session-fragment-fault	1460	0	2
session-fragment-fault	1461	0	2
session-fragment-fault	1462	0	2
session-fragment-fault	1463	0	2
session-fragment-fault	1464	0	2
session-fragment-fault	1465	0	2
session-fragment-fault	1466	0	2
session-fragment-fault	1467	0	2
session-fragment-fault	1468	0	2
session-fragment-fault	1469	0	2
session-fragment-fault	1470	0	2
session-fragment-fault	1471	0	2
session-fragment-fault	1472	0	2
session-fragment-fault	1473	0	2
session-fragment-fault	1474	0	2
session-fragment-fault	1475	0	2
session-fragment-fault	1476	0	2
session-fragment-fault	1477	0	2
session-fragment-fault	1478	0	2
session-fragment-fault	1479	0	2
session-fragment-fault	1480	0	2
session-fragment-fault	1481	0	2
session-fragment-fault	1482	0	2
session-fragment-fault	1483	0	2
session-fragment-fault	1484	0	2
session-fragment-fault	1485	0	2
session-fragment-fault	1486	0	2
session-fragment-fault	1487	0	2
session-fragment-fault	1488	0	2
session-fragment-fault	1489	0	2
session-fragment-fault	1490	0	2
session-fragment-fault	1491	0	2
session-fragment-fault	1492	0	2
session-fragment-fault	1493	0	2
session-fragment-fault	1494	0	2
session-fragment-fault	1495	0	2
session-fragment-fault	1496	0	2
session-fragment-fault	1497	0	2
session-fragment-fault	1498	0	2
session-fragment-fault	1499	0	2
session-fragment-fault	1500	0	2
session-fragment-fault	1501	0	2
session-fragment-fault	1502	0	2
session-fragment-fault	1503	0	2
session-fragment-fault	1504	0	2
session-fragment-fault	1505	0	2
session-fragment-fault	1506	0	2
session-fragment-fault	1507	0	2
session-fragment-fault	1508	0	2
session-fragment-fault	1509	0	2
session-fragment-fault	1510	0	2
session-fragment-fault	1511	0	2
session-fragment-fault	1512	0	2
session-fragment-fault	1513	0	2
session-fragment-fault	1514	0	2
session-fragment-fault	1515	0	2
session-fragment-fault	1516	0	2
session-fragment-fault	1517	0	2
session-fragment-fault	1518	0	2
session-fragment-fault	1519	0	2
session-fragment-fault	1520	0	2
session-fragment-fault	1521	0	2
session-fragment-fault	1522	0	2
session-fragment-fault	1523	0	2
session-fragment-fault	1524	0	2
session-fragment-fault	1525	0	2
session-fragment-fault	1526	0	2
session-fragment-fault	1527	0	2
session-fragment-fault	1528	0	2
session-fragment-fault	1529	0	2
session-fragment-fault	1530	0	2
session-fragment-fault	1531	0	2
session-fragment-fault	1532	0	2
session-fragment-fault	1533	0	2
session-fragment-fault	1534	0	2
session-fragment-fault	1535	0	2
session-fragment-fault	1536	0	2
session-fragment-fault	1537	0	2
session-fragment-fault	1538	0	2
session-fragment-fault	1539	0	2
session-fragment-fault	1540	0	2
session-fragment-fault	1541	0	2
session-fragment-fault	1542	0	2
session-fragment-fault	1543	0	2
session-fragment-fault	1544	0	2
session-fragment-fault	1545	0	2
session-fragment-fault	1546	0	2
session-fragment-fault	1547	0	2
session-fragment-fault	1548	0	2
session-fragment-fault	1549	0	2
session-fragment-fault	1550	0	2
session-fragment-fault	1551	0	2
session-fragment-fault	1552	0	2
session-fragment-fault	1553	0	2
session-fragment-fault	1554	0	2
session-fragment-fault	1555	0	2
session-fragment-fault	1556	0	2
session-fragment-fault	1557	0	2
session-fragment-fault	1558	0	2
session-fragment-fault	1559	0	2
session-fragment-fault	1560	0	2
session-fragment-fault	1561	0	2
session-fragment-fault	1562	0	2
session-fragment-fault	1563	0	2
session-fragment-fault	1564	0	2
session-fragment-fault	1565	0	2
session-fragment-fault	1566	0	2
session-fragment-fault	1567	0	2
session-fragment-fault	1568	0	2
session-fragment-fault	1569	0	2
session-fragment-fault	1570	0	2
session-fragment-fault	1571	0	2
session-fragment-fault	1572	0	2
session-fragment-fault	1573	0	2
session-fragment-fault	1574	0	2
session-fragment-fault	1575	0	2
session-fragment-fault	1576	0	2
session-fragment-fault	1577	0	2
session-fragment-fault	1578	0	2
session-fragment-fault	1579	0	2
session-fragment-fault	1580	0	2
session-fragment-fault	1581	0	2
session-fragment-fault	1582	0	2
session-fragment-fault	1583	0	2
session-fragment-fault	1584	0	2
session-fragment-fault	1585	0	2
session-fragment-fault	1586	0	2
session-fragment-fault	1587	0	2
session-fragment-fault	1588	0	2
session-fragment-fault	1589	0	2
session-fragment-fault	1590	0	2
session-fragment-fault	1591	0	2
session-fragment-fault	1592	0	2
session-fragment-fault	1593	0	2
session-fragment-fault	1594	0	2
session-fragment-fault	1595	0	2
session-fragment-fault	1596	0	2
session-fragment-fault	1597	0	2
session-fragment-fault	1598	0	2
session-fragment-fault	1599	0	2
session-fragment-fault	1600	0	2
session-fragment-fault	1601	0	2
session-fragment-fault	1602	0	2
session-fragment-fault	1603	0	2
session-fragment-fault	1604	0	2
session-fragment-fault	1605	0	2
session-fragment-fault	1606	0	2
session-fragment-fault	1607	0	2
session-fragment-fault	1608	0	2
session-fragment-fault	1609	0	2
session-fragment-fault	1610	0	2
session-fragment-fault	1611	0	2
session-fragment-fault	1612	0	2
session-fragment-fault	1613	0	2
session-fragment-fault	1614	0	2
session-fragment-fault	1615	0	2
session-fragment-fault	1616	0	2
session-fragment-fault	1617	0	2
session-fragment-fault	1618	0	2
session-fragment-fault	1619	0	2
session-fragment-fault	1620	0	2
session-fragment-fault	1621	0	2
session-fragment-fault	1622	0	2
session-fragment-fault	1623	0	2
session-fragment-fault	1624	0	2
session-fragment-fault	1625	0	2
session-fragment-fault	1626	0	2
session-fragment-fault	1627	0	2
session-fragment-fault	1628	0	2
session-fragment-fault	1629	0	2
session-fragment-fault	1630	0	2
session-fragment-fault	1631	0	2
session-fragment-fault	1632	0	2
session-fragment-fault	1633	0	2
session-fragment-fault	1634	0	2
session-fragment-fault	1635	0	2
session-fragment-fault	1636	0	2
session-fragment-fault	1637	0	2
session-fragment-fault	1638	0	2
session-fragment-fault	1639	0	2
session-fragment-fault	1640	0	2
session-fragment-fault	1641	0	2
session-fragment-fault	1642	0	2
session-fragment-fault	1643	0	2
session-fragment-fault	1644	0	2
session-fragment-fault	1645	0	2
session-fragment-fault	1646	0	2
session-fragment-fault	1647	0	2
session-fragment-fault	1648	0	2
session-fragment-fault	1649	0	2
session-fragment-fault	1650	0	2
session-fragment-fault	1651	0	2
session-fragment-fault	1652	0	2
session-fragment-fault	1653	0	2
session-fragment-fault	1654	0	2
session-fragment-fault	1655	0	2
session-fragment-fault	1656	0	2
session-fragment-fault	1657	0	2
session-fragment-fault	1658	0	2
session-fragment-fault	1659	0	2
session-fragment-fault	1660	0	2
session-fragment-fault	1661	0	2
session-fragment-fault	1662	0	2
session-fragment-fault	1663	0	2
session-fragment-fault	1664	0	2
session-fragment-fault	1665	0	2
session-fragment-fault	1666	0	2
session-fragment-fault	1667	0	2
session-fragment-fault	1668	0	2
session-fragment-fault	1669	0	2
session-fragment-fault	1670	0	2
session-fragment-fault	1671	0	2
session-fragment-fault	1672	0	2
session-fragment-fault	1673	0	2
session-fragment-fault	1674	0	2
session-fragment-fault	1675	0	2
session-fragment-fault	1676	0	2
session-fragment-fault	1677	0	2
session-fragment-fault	1678	0	2
session-fragment-fault	1679	0	2
session-fragment-fault	1680	0	2
session-fragment-fault	1681	0	2
session-fragment-fault	1682	0	2
session-fragment-fault	1683	0	2
session-fragment-fault	1684	0	2
session-fragment-fault	1685	0	2
session-fragment-fault	1686	0	2
session-fragment-fault	1687	0	2
session-fragment-fault	1688	0	2
session-fragment-fault	1689	0	2
session-fragment-fault	1690	0	2
session-fragment-fault	1691	0	2
session-fragment-fault	1692	0	2
session-fragment-fault	1693	0	2
session-fragment-fault	1694	0	2
session-fragment-fault	1695	0	2
session-fragment-fault	1696	0	2
session-fragment-fault	1697	0	2
session-fragment-fault	1698	0	2
session-fragment-fault	1699	0	2
session-fragment-fault	1700	0	2
session-fragment-fault	1701	0	2
session-fragment-fault	1702	0	2
session-fragment-fault	1703	0	2
session-fragment-fault	1704	0	2
session-fragment-fault	1705	0	2
session-fragment-fault	1706	0	2
session-fragment-fault	1707	0	2
session-fragment-fault	1708	0	2
session-fragment-fault	1709	0	2
session-fragment-fault	1710	0	2
session-fragment-fault	1711	0	2
session-fragment-fault	1712	0	2
session-fragment-fault	1713	0	2
session-fragment-fault	1714	0	2
session-fragment-fault	1715	0	2
session-fragment-fault	1716	0	2
session-fragment-fault	1717	0	2
session-fragment-fault	1718	0	2
session-fragment-fault	1719	0	2
session-fragment-fault	1720	0	2
session-fragment-fault	1721	0	2
session-fragment-fault	1722	0	2
session-fragment-fault	1723	0	2
session-fragment-fault	1724	0	2
session-fragment-fault	1725	0	2
session-fragment-fault	1726	0	2
session-fragment-fault	1727	0	2
session-fragment-fault	1728	0	2
session-fragment-fault	1729	0	2
session-fragment-fault	1730	0	2
session-fragment-fault	1731	0	2
session-fragment-fault	1732	0	2
session-fragment-fault	1733	0	2
session-fragment-fault	1734	0	2
session-fragment-fault	1735	0	2
session-fragment-fault	1736	0	2
session-fragment-fault	1737	0	2
session-fragment-fault	1738	0	2
session-fragment-fault	1739	0	2
session-fragment-fault	1740	0	2
session-fragment-fault	1741	0	2
session-fragment-fault	1742	0	2
session-fragment-fault	1743	0	2
session-fragment-fault	1744	0	2
session-fragment-fault	1745	0	2
session-fragment-fault	1746	0	2
session-fragment-fault	1747	0	2
session-fragment-fault	1748	0	2
session-fragment-fault	1749	0	2
session-fragment-fault	1750	0	2
session-fragment-fault	1751	0	2
session-fragment-fault	1752	0	2
session-fragment-fault	1753	0	2
session-fragment-fault	1754	0	2
session-fragment-fault	1755	0	2
session-fragment-fault	1756	0	2
session-fragment-fault	1757	0	2
session-fragment-fault	1758	0	2
session-fragment-fault	1759	0	2
session-fragment-fault	1760	0	2
session-fragment-fault	1761	0	2
session-fragment-fault	1762	0	2
session-fragment-fault	1763	0	2
session-fragment-fault	1764	0	2
session-fragment-fault	1765	0	2
session-fragment-fault	1766	0	2
session-fragment-fault	1767	0	2
session-fragment-fault	1768	0	2
session-fragment-fault	1769	0	2
session-fragment-fault	1770	0	2
session-fragment-fault	1771	0	2
session-fragment-fault	1772	0	2
session-fragment-fault	1773	0	2
session-fragment-fault	1774	0	2
session-fragment-fault	1775	0	2
session-fragment-fault	1776	0	2
session-fragment-fault	1777	0	2
session-fragment-fault	1778	0	2
session-fragment-fault	1779	0	2
session-fragment-fault	1780	0	2
session-fragment-fault	1781	0	2
session-fragment-fault	1782	0	2
session-fragment-fault	1783	0	2
session-fragment-fault	1784	0	2
session-fragment-fault	1785	0	2
session-fragment-fault	1786	0	2
session-fragment-fault	1787	0	2
session-fragment-fault	1788	0	2
session-fragment-fault	1789	0	2
session-fragment-fault	1790	0	2
session-fragment-fault	1791	0	2
session-fragment-fault	1792	0	2
session-fragment-fault	1793	0	2
session-fragment-fault	1794	0	2
session-fragment-fault	1795	0	2
session-fragment-fault	1796	0	2
session-fragment-fault	1797	0	2
session-fragment-fault	1798	0	2
session-fragment-fault	1799	0	2
session-fragment-fault	1800	0	2
session-fragment-fault	1801	0	2
session-fragment-fault	1802	0	2
session-fragment-fault	1803	0	2
session-fragment-fault	1804	0	2
session-fragment-fault	1805	0	2
session-fragment-fault	1806	0	2
session-fragment-fault	1807	0	2
session-fragment-fault	1808	0	2
session-fragment-fault	1809	0	2
session-fragment-fault	1810	0	2
session-fragment-fault	1811	0	2
session-fragment-fault	1812	0	2
session-fragment-fault	1813	0	2
session-fragment-fault	1814	0	2
session-fragment-fault	1815	0	2
session-fragment-fault	1816	0	2
session-fragment-fault	1817	0	2
session-fragment-fault	1818	0	2
session-fragment-fault	1819	0	2
session-fragment-fault	1820	0	2
session-fragment-fault	1821	0	2
session-fragment-fault	1822	0	2
session-fragment-fault	1823	0	2
session-fragment-fault	1824	0	2
session-fragment-fault	1825	0	2
session-fragment-fault	1826	0	2
session-fragment-fault	1827	0	2
session-fragment-fault	1828	0	2
session-fragment-fault	1829	0	2
session-fragment-fault	1830	0	2
session-fragment-fault	1831	0	2
session-fragment-fault	1832	0	2
session-fragment-fault	1833	0	2
session-fragment-fault	1834	0	2
session-fragment-fault	1835	0	2
session-fragment-fault	1836	0	2
session-fragment-fault	1837	0	2
session-fragment-fault	1838	0	2
session-fragment-fault	1839	0	2
session-fragment-fault	1840	0	2
session-fragment-fault	1841	0	2
session-fragment-fault	1842	0	2
session-fragment-fault	1843	0	2
session-fragment-fault	1844	0	2
session-fragment-fault	1845	0	2
session-fragment-fault	1846	0	2
session-fragment-fault	1847	0	2
session-fragment-fault	1848	0	2
session-fragment-fault	1849	0	2
session-fragment-fault	1850	0	2
session-fragment-fault	1851	0	2
session-fragment-fault	1852	0	2
session-fragment-fault	1853	0	2
session-fragment-fault	1854	0	2
session-fragment-fault	1855	0	2
session-fragment-fault	1856	0	2
session-fragment-fault	1857	0	2
session-fragment-fault	1858	0	2
session-fragment-fault	1859	0	2
session-fragment-fault	1860	0	2
session-fragment-fault	1861	0	2
session-fragment-fault	1862	0	2
session-fragment-fault	1863	0	2
session-fragment-fault	1864	0	2
session-fragment-fault	1865	0	2
session-fragment-fault	1866	0	2
session-fragment-fault	1867	0	2
session-fragment-fault	1868	0	2
session-fragment-fault	1869	0	2
session-fragment-fault	1870	0	2
session-fragment-fault	1871	0	2
session-fragment-fault	1872	0	2
session-fragment-fault	1873	0	2
session-fragment-fault	1874	0	2
session-fragment-fault	1875	0	2
session-fragment-fault	1876	0	2
session-fragment-fault	1877	0	2
session-fragment-fault	1878	0	2
session-fragment-fault	1879	0	2
session-fragment-fault	1880	0	2
session-fragment-fault	1881	0	2
session-fragment-fault	1882	0	2
session-fragment-fault	1883	0	2
session-fragment-fault	1884	0	2
session-fragment-fault	1885	0	2
session-fragment-fault	1886	0	2
session-fragment-fault	1887	0	2
session-fragment-fault	1888	0	2
session-fragment-fault	1889	0	2
session-fragment-fault	1890	0	2
session-fragment-fault	1891	0	2
session-fragment-fault	1892	0	2
session-fragment-fault	1893	0	2
session-fragment-fault	1894	0	2
session-fragment-fault	1895	0	2
session-fragment-fault	1896	0	2
session-fragment-fault	1897	0	2
session-fragment-fault	1898	0	2
session-fragment-fault	1899	0	2
session-fragment-fault	1900	0	2
session-fragment-fault	1901	0	2
session-fragment-fault	1902	0	2
session-fragment-fault	1903	0	2
session-fragment-fault	1904	0	2
session-fragment-fault	1905	0	2
session-fragment-fault	1906	0	2
session-fragment-fault	1907	0	2
session-fragment-fault	1908	0	2
session-fragment-fault	1909	0	2
session-fragment-fault	1910	0	2
session-fragment-fault	1911	0	2
session-fragment-fault	1912	0	2
session-fragment-fault	1913	0	2
session-fragment-fault	1914	0	2
session-fragment-fault	1915	0	2
session-fragment-fault	1916	0	2
session-fragment-fault	1917	0	2
session-fragment-fault	1918	0	2
session-fragment-fault	1919	0	2
session-fragment-fault	1920	0	2
session-fragment-fault	1921	0	2
session-fragment-fault	1922	0	2
session-fragment-fault	1923	0	2
session-fragment-fault	1924	0	2
session-fragment-fault	1925	0	2
session-fragment-fault	1926	0	2
session-fragment-fault	1927	0	2
session-fragment-fault	1928	0	2
session-fragment-fault	1929	0	2
session-fragment-fault	1930	0	2
session-fragment-fault	1931	0	2
session-fragment-fault	1932	0	2
session-fragment-fault	1933	0	2
session-fragment-fault	1934	0	2
session-fragment-fault	1935	0	2
session-fragment-fault	1936	0	2
session-fragment-fault	1937	0	2
session-fragment-fault	1938	0	2
session-fragment-fault	1939	0	2
session-fragment-fault	1940	0	2
session-fragment-fault	1941	0	2
session-fragment-fault	1942	0	2
session-fragment-fault	1943	0	2
session-fragment-fault	1944	0	2
session-fragment-fault	1945	0	2
session-fragment-fault	1946	0	2
session-fragment-fault	1947	0	2
session-fragment-fault	1948	0	2
session-fragment-fault	1949	0	2
session-fragment-fault	1950	0	2
session-fragment-fault	1951	0	2
session-fragment-fault	1952	0	2
session-fragment-fault	1953	0	2
session-fragment-fault	1954	0	2
session-fragment-fault	1955	0	2
session-fragment-fault	1956	0	2
session-fragment-fault	1957	0	2
session-fragment-fault	1958	0	2
session-fragment-fault	1959	0	2
session-fragment-fault	1960	0	2
session-fragment-fault	1961	0	2
session-fragment-fault	1962	0	2
session-fragment-fault	1963	0	2
session-fragment-fault	1964	0	2
session-fragment-fault	1965	0	2
session-fragment-fault	1966	0	2
session-fragment-fault	1967	0	2
session-fragment-fault	1968	0	2
session-fragment-fault	1969	0	2
session-fragment-fault	1970	0	2
session-fragment-fault	1971	0	2
session-fragment-fault	1972	0	2
session-fragment-fault	1973	0	2
session-fragment-fault	1974	0	2
session-fragment-fault	1975	0	2
session-fragment-fault	1976	0	2
session-fragment-fault	1977	0	2
session-fragment-fault	1978	0	2
session-fragment-fault	1979	0	2
session-fragment-fault	1980	0	2
session-fragment-fault	1981	0	2
session-fragment-fault	1982	0	2
session-fragment-fault	1983	0	2
session-fragment-fault	1984	0	2
session-fragment-fault	1985	0	2
session-fragment-fault	1986	0	2
session-fragment-fault	1987	0	2
session-fragment-fault	1988	0	2
session-fragment-fault	1989	0	2
session-fragment-fault	1990	0	2
session-fragment-fault	1991	0	2
session-fragment-fault	1992	0	2
session-fragment-fault	1993	0	2
session-fragment-fault	1994	0	2
session-fragment-fault	1995	0	2
session-fragment-fault	1996	0	2
session-fragment-fault	1997	0	2
session-fragment-fault	1998	0	2
session-fragment-fault	1999	0	2
session-fragment-fault	2000	0	2
session-fragment-fault	2001	0	2
session-fragment-fault	2002	0	2
session-fragment-fault	2003	0	2
session-fragment-fault	2004	0	2
session-fragment-fault	2005	0	2
session-fragment-fault	2006	0	2
session-fragment-fault	2007	0	2
session-fragment-fault	2008	0	2
session-fragment-fault	2009	0	2
session-fragment-fault	2010	0	2
session-fragment-fault	2011	0	2
session-fragment-fault	2012	0	2
session-fragment-fault	2013	0	2
session-fragment-fault	2014	0	2
session-fragment-fault	2015	0	2
session-fragment-fault	2016	0	2
session-fragment-fault	2017	0	2
session-fragment-fault	2018	0	2
session-fragment-fault	2019	0	2
session-fragment-fault	2020	0	2
session-fragment-fault	2021	0	2
session-fragment-fault	2022	0	2
session-fragment-fault	2023	0	2
session-fragment-fault	2024	0	2
session-fragment-fault	2025	0	2
session-fragment-fault	2026	0	2
session-fragment-fault	2027	0	2
session-fragment-fault	2028	0	2
session-fragment-fault	2029	0	2
session-fragment-fault	2030	0	2
session-fragment-fault	2031	0	2
session-fragment-fault	2032	0	2
session-fragment-fault	2033	0	2
session-fragment-fault	2034	0	2
session-fragment-fault	2035	0	2
session-fragment-fault	2036	0	2
session-fragment-fault	2037	0	2
session-fragment-fault	2038	0	2
session-fragment-fault	2039	0	2
session-fragment-fault	2040	0	2
session-fragment-fault	2041	0	2
session-fragment-fault	2042	0	2
session-fragment-fault	2043	0	2
session-fragment-fault	2044	0	2
session-fragment-fault	2045	0	2
session-fragment-fault	2046	0	2
session-fragment-fault	2047	0	2
session-fragment-fault	2048	0	2
session-fragment-fault-summary	982	1066
