# status: RFC0141 root-completion; ASan/UBSan geometric depth domain; default host stack; full compiler stack independence not claimed
# candidate_c_sha256=a80b4d897eaac295e8f53212df831277d2abe824c04d908b4ed04a18c1c01056
fixture	status	metric	value
generated/bindings/8	0	inference_entries	2
generated/bindings/8	0	inference_ends	2
generated/bindings/8	0	inference_invalid	0
generated/bindings/8	0	inference_failed	0
generated/bindings/8	0	machine_entries	1
generated/bindings/8	0	machine_ends	1
generated/bindings/8	0	machine_invalid	0
generated/bindings/8	0	machine_failed	0
generated/bindings/8	0	machine_active_at_exit	0
generated/bindings/8	0	machine_native_depth	1
generated/bindings/8	0	steps	24
generated/bindings/8	0	requests	17
generated/bindings/8	0	pushes	8
generated/bindings/8	0	finishes	18
generated/bindings/8	0	pending_depth	8
generated/bindings/8	0	branch_depth	0
generated/bindings/8	0	argument_depth	0
generated/bindings/8	0	builtin_depth	0
generated/bindings/8	0	resume_0	8
generated/bindings/8	0	resume_1	8
generated/bindings/8	0	resume_2	0
generated/bindings/8	0	resume_3	0
generated/bindings/8	0	resume_4	0
generated/bindings/8	0	resume_5	0
generated/bindings/8	0	resume_6	0
generated/bindings/8	0	resume_7	0
generated/bindings/8	0	resume_8	0
generated/bindings/8	0	resume_9	0
generated/bindings/8	0	resume_10	0
generated/bindings/8	0	resume_11	0
generated/bindings/8	0	resume_12	0
generated/bindings/8	0	resume_13	0
generated/bindings/8	0	resume_14	0
generated/bindings/8	0	resume_15	0
generated/bindings/8	0	resume_16	0
generated/bindings/8	0	resume_17	0
generated/bindings/8	0	builtin_1_0	0
generated/bindings/8	0	builtin_1_1	0
generated/bindings/8	0	builtin_1_2	0
generated/bindings/8	0	builtin_1_3	0
generated/bindings/8	0	builtin_1_4	0
generated/bindings/8	0	builtin_1_5	0
generated/bindings/8	0	builtin_2_0	0
generated/bindings/8	0	builtin_2_1	0
generated/bindings/8	0	builtin_2_2	0
generated/bindings/8	0	builtin_2_3	0
generated/bindings/8	0	builtin_2_4	0
generated/bindings/8	0	builtin_2_5	0
generated/bindings/8	0	builtin_3_0	0
generated/bindings/8	0	builtin_3_1	0
generated/bindings/8	0	builtin_3_2	0
generated/bindings/8	0	builtin_3_3	0
generated/bindings/8	0	builtin_3_4	0
generated/bindings/8	0	builtin_3_5	0
generated/bindings/8	0	builtin_4_0	0
generated/bindings/8	0	builtin_4_1	0
generated/bindings/8	0	builtin_4_2	0
generated/bindings/8	0	builtin_4_3	0
generated/bindings/8	0	builtin_4_4	0
generated/bindings/8	0	builtin_4_5	0
generated/bindings/8	0	builtin_5_0	0
generated/bindings/8	0	builtin_5_1	0
generated/bindings/8	0	builtin_5_2	0
generated/bindings/8	0	builtin_5_3	0
generated/bindings/8	0	builtin_5_4	0
generated/bindings/8	0	builtin_5_5	0
generated/bindings/8	0	builtin_6_0	0
generated/bindings/8	0	builtin_6_1	0
generated/bindings/8	0	builtin_6_2	0
generated/bindings/8	0	builtin_6_3	0
generated/bindings/8	0	builtin_6_4	0
generated/bindings/8	0	builtin_6_5	0
generated/bindings/8	0	builtin_7_0	0
generated/bindings/8	0	builtin_7_1	0
generated/bindings/8	0	builtin_7_2	0
generated/bindings/8	0	builtin_7_3	0
generated/bindings/8	0	builtin_7_4	0
generated/bindings/8	0	builtin_7_5	0
generated/bindings/8	0	builtin_8_0	0
generated/bindings/8	0	builtin_8_1	0
generated/bindings/8	0	builtin_8_2	0
generated/bindings/8	0	builtin_8_3	0
generated/bindings/8	0	builtin_8_4	0
generated/bindings/8	0	builtin_8_5	0
generated/bindings/8	0	builtin_9_0	0
generated/bindings/8	0	builtin_9_1	0
generated/bindings/8	0	builtin_9_2	0
generated/bindings/8	0	builtin_9_3	0
generated/bindings/8	0	builtin_9_4	0
generated/bindings/8	0	builtin_9_5	0
generated/bindings/8	0	builtin_10_0	0
generated/bindings/8	0	builtin_10_1	0
generated/bindings/8	0	builtin_10_2	0
generated/bindings/8	0	builtin_10_3	0
generated/bindings/8	0	builtin_10_4	0
generated/bindings/8	0	builtin_10_5	0
generated/bindings/8	0	builtin_11_0	0
generated/bindings/8	0	builtin_11_1	0
generated/bindings/8	0	builtin_11_2	0
generated/bindings/8	0	builtin_11_3	0
generated/bindings/8	0	builtin_11_4	0
generated/bindings/8	0	builtin_11_5	0
generated/bindings/8	0	builtin_12_0	0
generated/bindings/8	0	builtin_12_1	0
generated/bindings/8	0	builtin_12_2	0
generated/bindings/8	0	builtin_12_3	0
generated/bindings/8	0	builtin_12_4	0
generated/bindings/8	0	builtin_12_5	0
generated/bindings/32	0	inference_entries	2
generated/bindings/32	0	inference_ends	2
generated/bindings/32	0	inference_invalid	0
generated/bindings/32	0	inference_failed	0
generated/bindings/32	0	machine_entries	1
generated/bindings/32	0	machine_ends	1
generated/bindings/32	0	machine_invalid	0
generated/bindings/32	0	machine_failed	0
generated/bindings/32	0	machine_active_at_exit	0
generated/bindings/32	0	machine_native_depth	1
generated/bindings/32	0	steps	96
generated/bindings/32	0	requests	65
generated/bindings/32	0	pushes	32
generated/bindings/32	0	finishes	66
generated/bindings/32	0	pending_depth	32
generated/bindings/32	0	branch_depth	0
generated/bindings/32	0	argument_depth	0
generated/bindings/32	0	builtin_depth	0
generated/bindings/32	0	resume_0	32
generated/bindings/32	0	resume_1	32
generated/bindings/32	0	resume_2	0
generated/bindings/32	0	resume_3	0
generated/bindings/32	0	resume_4	0
generated/bindings/32	0	resume_5	0
generated/bindings/32	0	resume_6	0
generated/bindings/32	0	resume_7	0
generated/bindings/32	0	resume_8	0
generated/bindings/32	0	resume_9	0
generated/bindings/32	0	resume_10	0
generated/bindings/32	0	resume_11	0
generated/bindings/32	0	resume_12	0
generated/bindings/32	0	resume_13	0
generated/bindings/32	0	resume_14	0
generated/bindings/32	0	resume_15	0
generated/bindings/32	0	resume_16	0
generated/bindings/32	0	resume_17	0
generated/bindings/32	0	builtin_1_0	0
generated/bindings/32	0	builtin_1_1	0
generated/bindings/32	0	builtin_1_2	0
generated/bindings/32	0	builtin_1_3	0
generated/bindings/32	0	builtin_1_4	0
generated/bindings/32	0	builtin_1_5	0
generated/bindings/32	0	builtin_2_0	0
generated/bindings/32	0	builtin_2_1	0
generated/bindings/32	0	builtin_2_2	0
generated/bindings/32	0	builtin_2_3	0
generated/bindings/32	0	builtin_2_4	0
generated/bindings/32	0	builtin_2_5	0
generated/bindings/32	0	builtin_3_0	0
generated/bindings/32	0	builtin_3_1	0
generated/bindings/32	0	builtin_3_2	0
generated/bindings/32	0	builtin_3_3	0
generated/bindings/32	0	builtin_3_4	0
generated/bindings/32	0	builtin_3_5	0
generated/bindings/32	0	builtin_4_0	0
generated/bindings/32	0	builtin_4_1	0
generated/bindings/32	0	builtin_4_2	0
generated/bindings/32	0	builtin_4_3	0
generated/bindings/32	0	builtin_4_4	0
generated/bindings/32	0	builtin_4_5	0
generated/bindings/32	0	builtin_5_0	0
generated/bindings/32	0	builtin_5_1	0
generated/bindings/32	0	builtin_5_2	0
generated/bindings/32	0	builtin_5_3	0
generated/bindings/32	0	builtin_5_4	0
generated/bindings/32	0	builtin_5_5	0
generated/bindings/32	0	builtin_6_0	0
generated/bindings/32	0	builtin_6_1	0
generated/bindings/32	0	builtin_6_2	0
generated/bindings/32	0	builtin_6_3	0
generated/bindings/32	0	builtin_6_4	0
generated/bindings/32	0	builtin_6_5	0
generated/bindings/32	0	builtin_7_0	0
generated/bindings/32	0	builtin_7_1	0
generated/bindings/32	0	builtin_7_2	0
generated/bindings/32	0	builtin_7_3	0
generated/bindings/32	0	builtin_7_4	0
generated/bindings/32	0	builtin_7_5	0
generated/bindings/32	0	builtin_8_0	0
generated/bindings/32	0	builtin_8_1	0
generated/bindings/32	0	builtin_8_2	0
generated/bindings/32	0	builtin_8_3	0
generated/bindings/32	0	builtin_8_4	0
generated/bindings/32	0	builtin_8_5	0
generated/bindings/32	0	builtin_9_0	0
generated/bindings/32	0	builtin_9_1	0
generated/bindings/32	0	builtin_9_2	0
generated/bindings/32	0	builtin_9_3	0
generated/bindings/32	0	builtin_9_4	0
generated/bindings/32	0	builtin_9_5	0
generated/bindings/32	0	builtin_10_0	0
generated/bindings/32	0	builtin_10_1	0
generated/bindings/32	0	builtin_10_2	0
generated/bindings/32	0	builtin_10_3	0
generated/bindings/32	0	builtin_10_4	0
generated/bindings/32	0	builtin_10_5	0
generated/bindings/32	0	builtin_11_0	0
generated/bindings/32	0	builtin_11_1	0
generated/bindings/32	0	builtin_11_2	0
generated/bindings/32	0	builtin_11_3	0
generated/bindings/32	0	builtin_11_4	0
generated/bindings/32	0	builtin_11_5	0
generated/bindings/32	0	builtin_12_0	0
generated/bindings/32	0	builtin_12_1	0
generated/bindings/32	0	builtin_12_2	0
generated/bindings/32	0	builtin_12_3	0
generated/bindings/32	0	builtin_12_4	0
generated/bindings/32	0	builtin_12_5	0
generated/bindings/128	0	inference_entries	2
generated/bindings/128	0	inference_ends	2
generated/bindings/128	0	inference_invalid	0
generated/bindings/128	0	inference_failed	0
generated/bindings/128	0	machine_entries	1
generated/bindings/128	0	machine_ends	1
generated/bindings/128	0	machine_invalid	0
generated/bindings/128	0	machine_failed	0
generated/bindings/128	0	machine_active_at_exit	0
generated/bindings/128	0	machine_native_depth	1
generated/bindings/128	0	steps	384
generated/bindings/128	0	requests	257
generated/bindings/128	0	pushes	128
generated/bindings/128	0	finishes	258
generated/bindings/128	0	pending_depth	128
generated/bindings/128	0	branch_depth	0
generated/bindings/128	0	argument_depth	0
generated/bindings/128	0	builtin_depth	0
generated/bindings/128	0	resume_0	128
generated/bindings/128	0	resume_1	128
generated/bindings/128	0	resume_2	0
generated/bindings/128	0	resume_3	0
generated/bindings/128	0	resume_4	0
generated/bindings/128	0	resume_5	0
generated/bindings/128	0	resume_6	0
generated/bindings/128	0	resume_7	0
generated/bindings/128	0	resume_8	0
generated/bindings/128	0	resume_9	0
generated/bindings/128	0	resume_10	0
generated/bindings/128	0	resume_11	0
generated/bindings/128	0	resume_12	0
generated/bindings/128	0	resume_13	0
generated/bindings/128	0	resume_14	0
generated/bindings/128	0	resume_15	0
generated/bindings/128	0	resume_16	0
generated/bindings/128	0	resume_17	0
generated/bindings/128	0	builtin_1_0	0
generated/bindings/128	0	builtin_1_1	0
generated/bindings/128	0	builtin_1_2	0
generated/bindings/128	0	builtin_1_3	0
generated/bindings/128	0	builtin_1_4	0
generated/bindings/128	0	builtin_1_5	0
generated/bindings/128	0	builtin_2_0	0
generated/bindings/128	0	builtin_2_1	0
generated/bindings/128	0	builtin_2_2	0
generated/bindings/128	0	builtin_2_3	0
generated/bindings/128	0	builtin_2_4	0
generated/bindings/128	0	builtin_2_5	0
generated/bindings/128	0	builtin_3_0	0
generated/bindings/128	0	builtin_3_1	0
generated/bindings/128	0	builtin_3_2	0
generated/bindings/128	0	builtin_3_3	0
generated/bindings/128	0	builtin_3_4	0
generated/bindings/128	0	builtin_3_5	0
generated/bindings/128	0	builtin_4_0	0
generated/bindings/128	0	builtin_4_1	0
generated/bindings/128	0	builtin_4_2	0
generated/bindings/128	0	builtin_4_3	0
generated/bindings/128	0	builtin_4_4	0
generated/bindings/128	0	builtin_4_5	0
generated/bindings/128	0	builtin_5_0	0
generated/bindings/128	0	builtin_5_1	0
generated/bindings/128	0	builtin_5_2	0
generated/bindings/128	0	builtin_5_3	0
generated/bindings/128	0	builtin_5_4	0
generated/bindings/128	0	builtin_5_5	0
generated/bindings/128	0	builtin_6_0	0
generated/bindings/128	0	builtin_6_1	0
generated/bindings/128	0	builtin_6_2	0
generated/bindings/128	0	builtin_6_3	0
generated/bindings/128	0	builtin_6_4	0
generated/bindings/128	0	builtin_6_5	0
generated/bindings/128	0	builtin_7_0	0
generated/bindings/128	0	builtin_7_1	0
generated/bindings/128	0	builtin_7_2	0
generated/bindings/128	0	builtin_7_3	0
generated/bindings/128	0	builtin_7_4	0
generated/bindings/128	0	builtin_7_5	0
generated/bindings/128	0	builtin_8_0	0
generated/bindings/128	0	builtin_8_1	0
generated/bindings/128	0	builtin_8_2	0
generated/bindings/128	0	builtin_8_3	0
generated/bindings/128	0	builtin_8_4	0
generated/bindings/128	0	builtin_8_5	0
generated/bindings/128	0	builtin_9_0	0
generated/bindings/128	0	builtin_9_1	0
generated/bindings/128	0	builtin_9_2	0
generated/bindings/128	0	builtin_9_3	0
generated/bindings/128	0	builtin_9_4	0
generated/bindings/128	0	builtin_9_5	0
generated/bindings/128	0	builtin_10_0	0
generated/bindings/128	0	builtin_10_1	0
generated/bindings/128	0	builtin_10_2	0
generated/bindings/128	0	builtin_10_3	0
generated/bindings/128	0	builtin_10_4	0
generated/bindings/128	0	builtin_10_5	0
generated/bindings/128	0	builtin_11_0	0
generated/bindings/128	0	builtin_11_1	0
generated/bindings/128	0	builtin_11_2	0
generated/bindings/128	0	builtin_11_3	0
generated/bindings/128	0	builtin_11_4	0
generated/bindings/128	0	builtin_11_5	0
generated/bindings/128	0	builtin_12_0	0
generated/bindings/128	0	builtin_12_1	0
generated/bindings/128	0	builtin_12_2	0
generated/bindings/128	0	builtin_12_3	0
generated/bindings/128	0	builtin_12_4	0
generated/bindings/128	0	builtin_12_5	0
generated/bindings/512	0	inference_entries	2
generated/bindings/512	0	inference_ends	2
generated/bindings/512	0	inference_invalid	0
generated/bindings/512	0	inference_failed	0
generated/bindings/512	0	machine_entries	1
generated/bindings/512	0	machine_ends	1
generated/bindings/512	0	machine_invalid	0
generated/bindings/512	0	machine_failed	0
generated/bindings/512	0	machine_active_at_exit	0
generated/bindings/512	0	machine_native_depth	1
generated/bindings/512	0	steps	1536
generated/bindings/512	0	requests	1025
generated/bindings/512	0	pushes	512
generated/bindings/512	0	finishes	1026
generated/bindings/512	0	pending_depth	512
generated/bindings/512	0	branch_depth	0
generated/bindings/512	0	argument_depth	0
generated/bindings/512	0	builtin_depth	0
generated/bindings/512	0	resume_0	512
generated/bindings/512	0	resume_1	512
generated/bindings/512	0	resume_2	0
generated/bindings/512	0	resume_3	0
generated/bindings/512	0	resume_4	0
generated/bindings/512	0	resume_5	0
generated/bindings/512	0	resume_6	0
generated/bindings/512	0	resume_7	0
generated/bindings/512	0	resume_8	0
generated/bindings/512	0	resume_9	0
generated/bindings/512	0	resume_10	0
generated/bindings/512	0	resume_11	0
generated/bindings/512	0	resume_12	0
generated/bindings/512	0	resume_13	0
generated/bindings/512	0	resume_14	0
generated/bindings/512	0	resume_15	0
generated/bindings/512	0	resume_16	0
generated/bindings/512	0	resume_17	0
generated/bindings/512	0	builtin_1_0	0
generated/bindings/512	0	builtin_1_1	0
generated/bindings/512	0	builtin_1_2	0
generated/bindings/512	0	builtin_1_3	0
generated/bindings/512	0	builtin_1_4	0
generated/bindings/512	0	builtin_1_5	0
generated/bindings/512	0	builtin_2_0	0
generated/bindings/512	0	builtin_2_1	0
generated/bindings/512	0	builtin_2_2	0
generated/bindings/512	0	builtin_2_3	0
generated/bindings/512	0	builtin_2_4	0
generated/bindings/512	0	builtin_2_5	0
generated/bindings/512	0	builtin_3_0	0
generated/bindings/512	0	builtin_3_1	0
generated/bindings/512	0	builtin_3_2	0
generated/bindings/512	0	builtin_3_3	0
generated/bindings/512	0	builtin_3_4	0
generated/bindings/512	0	builtin_3_5	0
generated/bindings/512	0	builtin_4_0	0
generated/bindings/512	0	builtin_4_1	0
generated/bindings/512	0	builtin_4_2	0
generated/bindings/512	0	builtin_4_3	0
generated/bindings/512	0	builtin_4_4	0
generated/bindings/512	0	builtin_4_5	0
generated/bindings/512	0	builtin_5_0	0
generated/bindings/512	0	builtin_5_1	0
generated/bindings/512	0	builtin_5_2	0
generated/bindings/512	0	builtin_5_3	0
generated/bindings/512	0	builtin_5_4	0
generated/bindings/512	0	builtin_5_5	0
generated/bindings/512	0	builtin_6_0	0
generated/bindings/512	0	builtin_6_1	0
generated/bindings/512	0	builtin_6_2	0
generated/bindings/512	0	builtin_6_3	0
generated/bindings/512	0	builtin_6_4	0
generated/bindings/512	0	builtin_6_5	0
generated/bindings/512	0	builtin_7_0	0
generated/bindings/512	0	builtin_7_1	0
generated/bindings/512	0	builtin_7_2	0
generated/bindings/512	0	builtin_7_3	0
generated/bindings/512	0	builtin_7_4	0
generated/bindings/512	0	builtin_7_5	0
generated/bindings/512	0	builtin_8_0	0
generated/bindings/512	0	builtin_8_1	0
generated/bindings/512	0	builtin_8_2	0
generated/bindings/512	0	builtin_8_3	0
generated/bindings/512	0	builtin_8_4	0
generated/bindings/512	0	builtin_8_5	0
generated/bindings/512	0	builtin_9_0	0
generated/bindings/512	0	builtin_9_1	0
generated/bindings/512	0	builtin_9_2	0
generated/bindings/512	0	builtin_9_3	0
generated/bindings/512	0	builtin_9_4	0
generated/bindings/512	0	builtin_9_5	0
generated/bindings/512	0	builtin_10_0	0
generated/bindings/512	0	builtin_10_1	0
generated/bindings/512	0	builtin_10_2	0
generated/bindings/512	0	builtin_10_3	0
generated/bindings/512	0	builtin_10_4	0
generated/bindings/512	0	builtin_10_5	0
generated/bindings/512	0	builtin_11_0	0
generated/bindings/512	0	builtin_11_1	0
generated/bindings/512	0	builtin_11_2	0
generated/bindings/512	0	builtin_11_3	0
generated/bindings/512	0	builtin_11_4	0
generated/bindings/512	0	builtin_11_5	0
generated/bindings/512	0	builtin_12_0	0
generated/bindings/512	0	builtin_12_1	0
generated/bindings/512	0	builtin_12_2	0
generated/bindings/512	0	builtin_12_3	0
generated/bindings/512	0	builtin_12_4	0
generated/bindings/512	0	builtin_12_5	0
generated/assignments/8	0	inference_entries	2
generated/assignments/8	0	inference_ends	2
generated/assignments/8	0	inference_invalid	0
generated/assignments/8	0	inference_failed	0
generated/assignments/8	0	machine_entries	1
generated/assignments/8	0	machine_ends	1
generated/assignments/8	0	machine_invalid	0
generated/assignments/8	0	machine_failed	0
generated/assignments/8	0	machine_active_at_exit	0
generated/assignments/8	0	machine_native_depth	1
generated/assignments/8	0	steps	27
generated/assignments/8	0	requests	19
generated/assignments/8	0	pushes	9
generated/assignments/8	0	finishes	20
generated/assignments/8	0	pending_depth	9
generated/assignments/8	0	branch_depth	0
generated/assignments/8	0	argument_depth	0
generated/assignments/8	0	builtin_depth	0
generated/assignments/8	0	resume_0	1
generated/assignments/8	0	resume_1	1
generated/assignments/8	0	resume_2	8
generated/assignments/8	0	resume_3	8
generated/assignments/8	0	resume_4	0
generated/assignments/8	0	resume_5	0
generated/assignments/8	0	resume_6	0
generated/assignments/8	0	resume_7	0
generated/assignments/8	0	resume_8	0
generated/assignments/8	0	resume_9	0
generated/assignments/8	0	resume_10	0
generated/assignments/8	0	resume_11	0
generated/assignments/8	0	resume_12	0
generated/assignments/8	0	resume_13	0
generated/assignments/8	0	resume_14	0
generated/assignments/8	0	resume_15	0
generated/assignments/8	0	resume_16	0
generated/assignments/8	0	resume_17	0
generated/assignments/8	0	builtin_1_0	0
generated/assignments/8	0	builtin_1_1	0
generated/assignments/8	0	builtin_1_2	0
generated/assignments/8	0	builtin_1_3	0
generated/assignments/8	0	builtin_1_4	0
generated/assignments/8	0	builtin_1_5	0
generated/assignments/8	0	builtin_2_0	0
generated/assignments/8	0	builtin_2_1	0
generated/assignments/8	0	builtin_2_2	0
generated/assignments/8	0	builtin_2_3	0
generated/assignments/8	0	builtin_2_4	0
generated/assignments/8	0	builtin_2_5	0
generated/assignments/8	0	builtin_3_0	0
generated/assignments/8	0	builtin_3_1	0
generated/assignments/8	0	builtin_3_2	0
generated/assignments/8	0	builtin_3_3	0
generated/assignments/8	0	builtin_3_4	0
generated/assignments/8	0	builtin_3_5	0
generated/assignments/8	0	builtin_4_0	0
generated/assignments/8	0	builtin_4_1	0
generated/assignments/8	0	builtin_4_2	0
generated/assignments/8	0	builtin_4_3	0
generated/assignments/8	0	builtin_4_4	0
generated/assignments/8	0	builtin_4_5	0
generated/assignments/8	0	builtin_5_0	0
generated/assignments/8	0	builtin_5_1	0
generated/assignments/8	0	builtin_5_2	0
generated/assignments/8	0	builtin_5_3	0
generated/assignments/8	0	builtin_5_4	0
generated/assignments/8	0	builtin_5_5	0
generated/assignments/8	0	builtin_6_0	0
generated/assignments/8	0	builtin_6_1	0
generated/assignments/8	0	builtin_6_2	0
generated/assignments/8	0	builtin_6_3	0
generated/assignments/8	0	builtin_6_4	0
generated/assignments/8	0	builtin_6_5	0
generated/assignments/8	0	builtin_7_0	0
generated/assignments/8	0	builtin_7_1	0
generated/assignments/8	0	builtin_7_2	0
generated/assignments/8	0	builtin_7_3	0
generated/assignments/8	0	builtin_7_4	0
generated/assignments/8	0	builtin_7_5	0
generated/assignments/8	0	builtin_8_0	0
generated/assignments/8	0	builtin_8_1	0
generated/assignments/8	0	builtin_8_2	0
generated/assignments/8	0	builtin_8_3	0
generated/assignments/8	0	builtin_8_4	0
generated/assignments/8	0	builtin_8_5	0
generated/assignments/8	0	builtin_9_0	0
generated/assignments/8	0	builtin_9_1	0
generated/assignments/8	0	builtin_9_2	0
generated/assignments/8	0	builtin_9_3	0
generated/assignments/8	0	builtin_9_4	0
generated/assignments/8	0	builtin_9_5	0
generated/assignments/8	0	builtin_10_0	0
generated/assignments/8	0	builtin_10_1	0
generated/assignments/8	0	builtin_10_2	0
generated/assignments/8	0	builtin_10_3	0
generated/assignments/8	0	builtin_10_4	0
generated/assignments/8	0	builtin_10_5	0
generated/assignments/8	0	builtin_11_0	0
generated/assignments/8	0	builtin_11_1	0
generated/assignments/8	0	builtin_11_2	0
generated/assignments/8	0	builtin_11_3	0
generated/assignments/8	0	builtin_11_4	0
generated/assignments/8	0	builtin_11_5	0
generated/assignments/8	0	builtin_12_0	0
generated/assignments/8	0	builtin_12_1	0
generated/assignments/8	0	builtin_12_2	0
generated/assignments/8	0	builtin_12_3	0
generated/assignments/8	0	builtin_12_4	0
generated/assignments/8	0	builtin_12_5	0
generated/assignments/32	0	inference_entries	2
generated/assignments/32	0	inference_ends	2
generated/assignments/32	0	inference_invalid	0
generated/assignments/32	0	inference_failed	0
generated/assignments/32	0	machine_entries	1
generated/assignments/32	0	machine_ends	1
generated/assignments/32	0	machine_invalid	0
generated/assignments/32	0	machine_failed	0
generated/assignments/32	0	machine_active_at_exit	0
generated/assignments/32	0	machine_native_depth	1
generated/assignments/32	0	steps	99
generated/assignments/32	0	requests	67
generated/assignments/32	0	pushes	33
generated/assignments/32	0	finishes	68
generated/assignments/32	0	pending_depth	33
generated/assignments/32	0	branch_depth	0
generated/assignments/32	0	argument_depth	0
generated/assignments/32	0	builtin_depth	0
generated/assignments/32	0	resume_0	1
generated/assignments/32	0	resume_1	1
generated/assignments/32	0	resume_2	32
generated/assignments/32	0	resume_3	32
generated/assignments/32	0	resume_4	0
generated/assignments/32	0	resume_5	0
generated/assignments/32	0	resume_6	0
generated/assignments/32	0	resume_7	0
generated/assignments/32	0	resume_8	0
generated/assignments/32	0	resume_9	0
generated/assignments/32	0	resume_10	0
generated/assignments/32	0	resume_11	0
generated/assignments/32	0	resume_12	0
generated/assignments/32	0	resume_13	0
generated/assignments/32	0	resume_14	0
generated/assignments/32	0	resume_15	0
generated/assignments/32	0	resume_16	0
generated/assignments/32	0	resume_17	0
generated/assignments/32	0	builtin_1_0	0
generated/assignments/32	0	builtin_1_1	0
generated/assignments/32	0	builtin_1_2	0
generated/assignments/32	0	builtin_1_3	0
generated/assignments/32	0	builtin_1_4	0
generated/assignments/32	0	builtin_1_5	0
generated/assignments/32	0	builtin_2_0	0
generated/assignments/32	0	builtin_2_1	0
generated/assignments/32	0	builtin_2_2	0
generated/assignments/32	0	builtin_2_3	0
generated/assignments/32	0	builtin_2_4	0
generated/assignments/32	0	builtin_2_5	0
generated/assignments/32	0	builtin_3_0	0
generated/assignments/32	0	builtin_3_1	0
generated/assignments/32	0	builtin_3_2	0
generated/assignments/32	0	builtin_3_3	0
generated/assignments/32	0	builtin_3_4	0
generated/assignments/32	0	builtin_3_5	0
generated/assignments/32	0	builtin_4_0	0
generated/assignments/32	0	builtin_4_1	0
generated/assignments/32	0	builtin_4_2	0
generated/assignments/32	0	builtin_4_3	0
generated/assignments/32	0	builtin_4_4	0
generated/assignments/32	0	builtin_4_5	0
generated/assignments/32	0	builtin_5_0	0
generated/assignments/32	0	builtin_5_1	0
generated/assignments/32	0	builtin_5_2	0
generated/assignments/32	0	builtin_5_3	0
generated/assignments/32	0	builtin_5_4	0
generated/assignments/32	0	builtin_5_5	0
generated/assignments/32	0	builtin_6_0	0
generated/assignments/32	0	builtin_6_1	0
generated/assignments/32	0	builtin_6_2	0
generated/assignments/32	0	builtin_6_3	0
generated/assignments/32	0	builtin_6_4	0
generated/assignments/32	0	builtin_6_5	0
generated/assignments/32	0	builtin_7_0	0
generated/assignments/32	0	builtin_7_1	0
generated/assignments/32	0	builtin_7_2	0
generated/assignments/32	0	builtin_7_3	0
generated/assignments/32	0	builtin_7_4	0
generated/assignments/32	0	builtin_7_5	0
generated/assignments/32	0	builtin_8_0	0
generated/assignments/32	0	builtin_8_1	0
generated/assignments/32	0	builtin_8_2	0
generated/assignments/32	0	builtin_8_3	0
generated/assignments/32	0	builtin_8_4	0
generated/assignments/32	0	builtin_8_5	0
generated/assignments/32	0	builtin_9_0	0
generated/assignments/32	0	builtin_9_1	0
generated/assignments/32	0	builtin_9_2	0
generated/assignments/32	0	builtin_9_3	0
generated/assignments/32	0	builtin_9_4	0
generated/assignments/32	0	builtin_9_5	0
generated/assignments/32	0	builtin_10_0	0
generated/assignments/32	0	builtin_10_1	0
generated/assignments/32	0	builtin_10_2	0
generated/assignments/32	0	builtin_10_3	0
generated/assignments/32	0	builtin_10_4	0
generated/assignments/32	0	builtin_10_5	0
generated/assignments/32	0	builtin_11_0	0
generated/assignments/32	0	builtin_11_1	0
generated/assignments/32	0	builtin_11_2	0
generated/assignments/32	0	builtin_11_3	0
generated/assignments/32	0	builtin_11_4	0
generated/assignments/32	0	builtin_11_5	0
generated/assignments/32	0	builtin_12_0	0
generated/assignments/32	0	builtin_12_1	0
generated/assignments/32	0	builtin_12_2	0
generated/assignments/32	0	builtin_12_3	0
generated/assignments/32	0	builtin_12_4	0
generated/assignments/32	0	builtin_12_5	0
generated/assignments/128	0	inference_entries	2
generated/assignments/128	0	inference_ends	2
generated/assignments/128	0	inference_invalid	0
generated/assignments/128	0	inference_failed	0
generated/assignments/128	0	machine_entries	1
generated/assignments/128	0	machine_ends	1
generated/assignments/128	0	machine_invalid	0
generated/assignments/128	0	machine_failed	0
generated/assignments/128	0	machine_active_at_exit	0
generated/assignments/128	0	machine_native_depth	1
generated/assignments/128	0	steps	387
generated/assignments/128	0	requests	259
generated/assignments/128	0	pushes	129
generated/assignments/128	0	finishes	260
generated/assignments/128	0	pending_depth	129
generated/assignments/128	0	branch_depth	0
generated/assignments/128	0	argument_depth	0
generated/assignments/128	0	builtin_depth	0
generated/assignments/128	0	resume_0	1
generated/assignments/128	0	resume_1	1
generated/assignments/128	0	resume_2	128
generated/assignments/128	0	resume_3	128
generated/assignments/128	0	resume_4	0
generated/assignments/128	0	resume_5	0
generated/assignments/128	0	resume_6	0
generated/assignments/128	0	resume_7	0
generated/assignments/128	0	resume_8	0
generated/assignments/128	0	resume_9	0
generated/assignments/128	0	resume_10	0
generated/assignments/128	0	resume_11	0
generated/assignments/128	0	resume_12	0
generated/assignments/128	0	resume_13	0
generated/assignments/128	0	resume_14	0
generated/assignments/128	0	resume_15	0
generated/assignments/128	0	resume_16	0
generated/assignments/128	0	resume_17	0
generated/assignments/128	0	builtin_1_0	0
generated/assignments/128	0	builtin_1_1	0
generated/assignments/128	0	builtin_1_2	0
generated/assignments/128	0	builtin_1_3	0
generated/assignments/128	0	builtin_1_4	0
generated/assignments/128	0	builtin_1_5	0
generated/assignments/128	0	builtin_2_0	0
generated/assignments/128	0	builtin_2_1	0
generated/assignments/128	0	builtin_2_2	0
generated/assignments/128	0	builtin_2_3	0
generated/assignments/128	0	builtin_2_4	0
generated/assignments/128	0	builtin_2_5	0
generated/assignments/128	0	builtin_3_0	0
generated/assignments/128	0	builtin_3_1	0
generated/assignments/128	0	builtin_3_2	0
generated/assignments/128	0	builtin_3_3	0
generated/assignments/128	0	builtin_3_4	0
generated/assignments/128	0	builtin_3_5	0
generated/assignments/128	0	builtin_4_0	0
generated/assignments/128	0	builtin_4_1	0
generated/assignments/128	0	builtin_4_2	0
generated/assignments/128	0	builtin_4_3	0
generated/assignments/128	0	builtin_4_4	0
generated/assignments/128	0	builtin_4_5	0
generated/assignments/128	0	builtin_5_0	0
generated/assignments/128	0	builtin_5_1	0
generated/assignments/128	0	builtin_5_2	0
generated/assignments/128	0	builtin_5_3	0
generated/assignments/128	0	builtin_5_4	0
generated/assignments/128	0	builtin_5_5	0
generated/assignments/128	0	builtin_6_0	0
generated/assignments/128	0	builtin_6_1	0
generated/assignments/128	0	builtin_6_2	0
generated/assignments/128	0	builtin_6_3	0
generated/assignments/128	0	builtin_6_4	0
generated/assignments/128	0	builtin_6_5	0
generated/assignments/128	0	builtin_7_0	0
generated/assignments/128	0	builtin_7_1	0
generated/assignments/128	0	builtin_7_2	0
generated/assignments/128	0	builtin_7_3	0
generated/assignments/128	0	builtin_7_4	0
generated/assignments/128	0	builtin_7_5	0
generated/assignments/128	0	builtin_8_0	0
generated/assignments/128	0	builtin_8_1	0
generated/assignments/128	0	builtin_8_2	0
generated/assignments/128	0	builtin_8_3	0
generated/assignments/128	0	builtin_8_4	0
generated/assignments/128	0	builtin_8_5	0
generated/assignments/128	0	builtin_9_0	0
generated/assignments/128	0	builtin_9_1	0
generated/assignments/128	0	builtin_9_2	0
generated/assignments/128	0	builtin_9_3	0
generated/assignments/128	0	builtin_9_4	0
generated/assignments/128	0	builtin_9_5	0
generated/assignments/128	0	builtin_10_0	0
generated/assignments/128	0	builtin_10_1	0
generated/assignments/128	0	builtin_10_2	0
generated/assignments/128	0	builtin_10_3	0
generated/assignments/128	0	builtin_10_4	0
generated/assignments/128	0	builtin_10_5	0
generated/assignments/128	0	builtin_11_0	0
generated/assignments/128	0	builtin_11_1	0
generated/assignments/128	0	builtin_11_2	0
generated/assignments/128	0	builtin_11_3	0
generated/assignments/128	0	builtin_11_4	0
generated/assignments/128	0	builtin_11_5	0
generated/assignments/128	0	builtin_12_0	0
generated/assignments/128	0	builtin_12_1	0
generated/assignments/128	0	builtin_12_2	0
generated/assignments/128	0	builtin_12_3	0
generated/assignments/128	0	builtin_12_4	0
generated/assignments/128	0	builtin_12_5	0
generated/assignments/512	0	inference_entries	2
generated/assignments/512	0	inference_ends	2
generated/assignments/512	0	inference_invalid	0
generated/assignments/512	0	inference_failed	0
generated/assignments/512	0	machine_entries	1
generated/assignments/512	0	machine_ends	1
generated/assignments/512	0	machine_invalid	0
generated/assignments/512	0	machine_failed	0
generated/assignments/512	0	machine_active_at_exit	0
generated/assignments/512	0	machine_native_depth	1
generated/assignments/512	0	steps	1539
generated/assignments/512	0	requests	1027
generated/assignments/512	0	pushes	513
generated/assignments/512	0	finishes	1028
generated/assignments/512	0	pending_depth	513
generated/assignments/512	0	branch_depth	0
generated/assignments/512	0	argument_depth	0
generated/assignments/512	0	builtin_depth	0
generated/assignments/512	0	resume_0	1
generated/assignments/512	0	resume_1	1
generated/assignments/512	0	resume_2	512
generated/assignments/512	0	resume_3	512
generated/assignments/512	0	resume_4	0
generated/assignments/512	0	resume_5	0
generated/assignments/512	0	resume_6	0
generated/assignments/512	0	resume_7	0
generated/assignments/512	0	resume_8	0
generated/assignments/512	0	resume_9	0
generated/assignments/512	0	resume_10	0
generated/assignments/512	0	resume_11	0
generated/assignments/512	0	resume_12	0
generated/assignments/512	0	resume_13	0
generated/assignments/512	0	resume_14	0
generated/assignments/512	0	resume_15	0
generated/assignments/512	0	resume_16	0
generated/assignments/512	0	resume_17	0
generated/assignments/512	0	builtin_1_0	0
generated/assignments/512	0	builtin_1_1	0
generated/assignments/512	0	builtin_1_2	0
generated/assignments/512	0	builtin_1_3	0
generated/assignments/512	0	builtin_1_4	0
generated/assignments/512	0	builtin_1_5	0
generated/assignments/512	0	builtin_2_0	0
generated/assignments/512	0	builtin_2_1	0
generated/assignments/512	0	builtin_2_2	0
generated/assignments/512	0	builtin_2_3	0
generated/assignments/512	0	builtin_2_4	0
generated/assignments/512	0	builtin_2_5	0
generated/assignments/512	0	builtin_3_0	0
generated/assignments/512	0	builtin_3_1	0
generated/assignments/512	0	builtin_3_2	0
generated/assignments/512	0	builtin_3_3	0
generated/assignments/512	0	builtin_3_4	0
generated/assignments/512	0	builtin_3_5	0
generated/assignments/512	0	builtin_4_0	0
generated/assignments/512	0	builtin_4_1	0
generated/assignments/512	0	builtin_4_2	0
generated/assignments/512	0	builtin_4_3	0
generated/assignments/512	0	builtin_4_4	0
generated/assignments/512	0	builtin_4_5	0
generated/assignments/512	0	builtin_5_0	0
generated/assignments/512	0	builtin_5_1	0
generated/assignments/512	0	builtin_5_2	0
generated/assignments/512	0	builtin_5_3	0
generated/assignments/512	0	builtin_5_4	0
generated/assignments/512	0	builtin_5_5	0
generated/assignments/512	0	builtin_6_0	0
generated/assignments/512	0	builtin_6_1	0
generated/assignments/512	0	builtin_6_2	0
generated/assignments/512	0	builtin_6_3	0
generated/assignments/512	0	builtin_6_4	0
generated/assignments/512	0	builtin_6_5	0
generated/assignments/512	0	builtin_7_0	0
generated/assignments/512	0	builtin_7_1	0
generated/assignments/512	0	builtin_7_2	0
generated/assignments/512	0	builtin_7_3	0
generated/assignments/512	0	builtin_7_4	0
generated/assignments/512	0	builtin_7_5	0
generated/assignments/512	0	builtin_8_0	0
generated/assignments/512	0	builtin_8_1	0
generated/assignments/512	0	builtin_8_2	0
generated/assignments/512	0	builtin_8_3	0
generated/assignments/512	0	builtin_8_4	0
generated/assignments/512	0	builtin_8_5	0
generated/assignments/512	0	builtin_9_0	0
generated/assignments/512	0	builtin_9_1	0
generated/assignments/512	0	builtin_9_2	0
generated/assignments/512	0	builtin_9_3	0
generated/assignments/512	0	builtin_9_4	0
generated/assignments/512	0	builtin_9_5	0
generated/assignments/512	0	builtin_10_0	0
generated/assignments/512	0	builtin_10_1	0
generated/assignments/512	0	builtin_10_2	0
generated/assignments/512	0	builtin_10_3	0
generated/assignments/512	0	builtin_10_4	0
generated/assignments/512	0	builtin_10_5	0
generated/assignments/512	0	builtin_11_0	0
generated/assignments/512	0	builtin_11_1	0
generated/assignments/512	0	builtin_11_2	0
generated/assignments/512	0	builtin_11_3	0
generated/assignments/512	0	builtin_11_4	0
generated/assignments/512	0	builtin_11_5	0
generated/assignments/512	0	builtin_12_0	0
generated/assignments/512	0	builtin_12_1	0
generated/assignments/512	0	builtin_12_2	0
generated/assignments/512	0	builtin_12_3	0
generated/assignments/512	0	builtin_12_4	0
generated/assignments/512	0	builtin_12_5	0
generated/branches/8	0	inference_entries	2
generated/branches/8	0	inference_ends	2
generated/branches/8	0	inference_invalid	0
generated/branches/8	0	inference_failed	0
generated/branches/8	0	machine_entries	1
generated/branches/8	0	machine_ends	1
generated/branches/8	0	machine_invalid	0
generated/branches/8	0	machine_failed	0
generated/branches/8	0	machine_active_at_exit	0
generated/branches/8	0	machine_native_depth	1
generated/branches/8	0	steps	107
generated/branches/8	0	requests	75
generated/branches/8	0	pushes	33
generated/branches/8	0	finishes	76
generated/branches/8	0	pending_depth	11
generated/branches/8	0	branch_depth	1
generated/branches/8	0	argument_depth	0
generated/branches/8	0	builtin_depth	0
generated/branches/8	0	resume_0	9
generated/branches/8	0	resume_1	9
generated/branches/8	0	resume_2	16
generated/branches/8	0	resume_3	16
generated/branches/8	0	resume_4	8
generated/branches/8	0	resume_5	16
generated/branches/8	0	resume_6	0
generated/branches/8	0	resume_7	0
generated/branches/8	0	resume_8	0
generated/branches/8	0	resume_9	0
generated/branches/8	0	resume_10	0
generated/branches/8	0	resume_11	0
generated/branches/8	0	resume_12	0
generated/branches/8	0	resume_13	0
generated/branches/8	0	resume_14	0
generated/branches/8	0	resume_15	0
generated/branches/8	0	resume_16	0
generated/branches/8	0	resume_17	0
generated/branches/8	0	builtin_1_0	0
generated/branches/8	0	builtin_1_1	0
generated/branches/8	0	builtin_1_2	0
generated/branches/8	0	builtin_1_3	0
generated/branches/8	0	builtin_1_4	0
generated/branches/8	0	builtin_1_5	0
generated/branches/8	0	builtin_2_0	0
generated/branches/8	0	builtin_2_1	0
generated/branches/8	0	builtin_2_2	0
generated/branches/8	0	builtin_2_3	0
generated/branches/8	0	builtin_2_4	0
generated/branches/8	0	builtin_2_5	0
generated/branches/8	0	builtin_3_0	0
generated/branches/8	0	builtin_3_1	0
generated/branches/8	0	builtin_3_2	0
generated/branches/8	0	builtin_3_3	0
generated/branches/8	0	builtin_3_4	0
generated/branches/8	0	builtin_3_5	0
generated/branches/8	0	builtin_4_0	0
generated/branches/8	0	builtin_4_1	0
generated/branches/8	0	builtin_4_2	0
generated/branches/8	0	builtin_4_3	0
generated/branches/8	0	builtin_4_4	0
generated/branches/8	0	builtin_4_5	0
generated/branches/8	0	builtin_5_0	0
generated/branches/8	0	builtin_5_1	0
generated/branches/8	0	builtin_5_2	0
generated/branches/8	0	builtin_5_3	0
generated/branches/8	0	builtin_5_4	0
generated/branches/8	0	builtin_5_5	0
generated/branches/8	0	builtin_6_0	0
generated/branches/8	0	builtin_6_1	0
generated/branches/8	0	builtin_6_2	0
generated/branches/8	0	builtin_6_3	0
generated/branches/8	0	builtin_6_4	0
generated/branches/8	0	builtin_6_5	0
generated/branches/8	0	builtin_7_0	0
generated/branches/8	0	builtin_7_1	0
generated/branches/8	0	builtin_7_2	0
generated/branches/8	0	builtin_7_3	0
generated/branches/8	0	builtin_7_4	0
generated/branches/8	0	builtin_7_5	0
generated/branches/8	0	builtin_8_0	0
generated/branches/8	0	builtin_8_1	0
generated/branches/8	0	builtin_8_2	0
generated/branches/8	0	builtin_8_3	0
generated/branches/8	0	builtin_8_4	0
generated/branches/8	0	builtin_8_5	0
generated/branches/8	0	builtin_9_0	0
generated/branches/8	0	builtin_9_1	0
generated/branches/8	0	builtin_9_2	0
generated/branches/8	0	builtin_9_3	0
generated/branches/8	0	builtin_9_4	0
generated/branches/8	0	builtin_9_5	0
generated/branches/8	0	builtin_10_0	0
generated/branches/8	0	builtin_10_1	0
generated/branches/8	0	builtin_10_2	0
generated/branches/8	0	builtin_10_3	0
generated/branches/8	0	builtin_10_4	0
generated/branches/8	0	builtin_10_5	0
generated/branches/8	0	builtin_11_0	0
generated/branches/8	0	builtin_11_1	0
generated/branches/8	0	builtin_11_2	0
generated/branches/8	0	builtin_11_3	0
generated/branches/8	0	builtin_11_4	0
generated/branches/8	0	builtin_11_5	0
generated/branches/8	0	builtin_12_0	0
generated/branches/8	0	builtin_12_1	0
generated/branches/8	0	builtin_12_2	0
generated/branches/8	0	builtin_12_3	0
generated/branches/8	0	builtin_12_4	0
generated/branches/8	0	builtin_12_5	0
generated/branches/32	0	inference_entries	2
generated/branches/32	0	inference_ends	2
generated/branches/32	0	inference_invalid	0
generated/branches/32	0	inference_failed	0
generated/branches/32	0	machine_entries	1
generated/branches/32	0	machine_ends	1
generated/branches/32	0	machine_invalid	0
generated/branches/32	0	machine_failed	0
generated/branches/32	0	machine_active_at_exit	0
generated/branches/32	0	machine_native_depth	1
generated/branches/32	0	steps	419
generated/branches/32	0	requests	291
generated/branches/32	0	pushes	129
generated/branches/32	0	finishes	292
generated/branches/32	0	pending_depth	35
generated/branches/32	0	branch_depth	1
generated/branches/32	0	argument_depth	0
generated/branches/32	0	builtin_depth	0
generated/branches/32	0	resume_0	33
generated/branches/32	0	resume_1	33
generated/branches/32	0	resume_2	64
generated/branches/32	0	resume_3	64
generated/branches/32	0	resume_4	32
generated/branches/32	0	resume_5	64
generated/branches/32	0	resume_6	0
generated/branches/32	0	resume_7	0
generated/branches/32	0	resume_8	0
generated/branches/32	0	resume_9	0
generated/branches/32	0	resume_10	0
generated/branches/32	0	resume_11	0
generated/branches/32	0	resume_12	0
generated/branches/32	0	resume_13	0
generated/branches/32	0	resume_14	0
generated/branches/32	0	resume_15	0
generated/branches/32	0	resume_16	0
generated/branches/32	0	resume_17	0
generated/branches/32	0	builtin_1_0	0
generated/branches/32	0	builtin_1_1	0
generated/branches/32	0	builtin_1_2	0
generated/branches/32	0	builtin_1_3	0
generated/branches/32	0	builtin_1_4	0
generated/branches/32	0	builtin_1_5	0
generated/branches/32	0	builtin_2_0	0
generated/branches/32	0	builtin_2_1	0
generated/branches/32	0	builtin_2_2	0
generated/branches/32	0	builtin_2_3	0
generated/branches/32	0	builtin_2_4	0
generated/branches/32	0	builtin_2_5	0
generated/branches/32	0	builtin_3_0	0
generated/branches/32	0	builtin_3_1	0
generated/branches/32	0	builtin_3_2	0
generated/branches/32	0	builtin_3_3	0
generated/branches/32	0	builtin_3_4	0
generated/branches/32	0	builtin_3_5	0
generated/branches/32	0	builtin_4_0	0
generated/branches/32	0	builtin_4_1	0
generated/branches/32	0	builtin_4_2	0
generated/branches/32	0	builtin_4_3	0
generated/branches/32	0	builtin_4_4	0
generated/branches/32	0	builtin_4_5	0
generated/branches/32	0	builtin_5_0	0
generated/branches/32	0	builtin_5_1	0
generated/branches/32	0	builtin_5_2	0
generated/branches/32	0	builtin_5_3	0
generated/branches/32	0	builtin_5_4	0
generated/branches/32	0	builtin_5_5	0
generated/branches/32	0	builtin_6_0	0
generated/branches/32	0	builtin_6_1	0
generated/branches/32	0	builtin_6_2	0
generated/branches/32	0	builtin_6_3	0
generated/branches/32	0	builtin_6_4	0
generated/branches/32	0	builtin_6_5	0
generated/branches/32	0	builtin_7_0	0
generated/branches/32	0	builtin_7_1	0
generated/branches/32	0	builtin_7_2	0
generated/branches/32	0	builtin_7_3	0
generated/branches/32	0	builtin_7_4	0
generated/branches/32	0	builtin_7_5	0
generated/branches/32	0	builtin_8_0	0
generated/branches/32	0	builtin_8_1	0
generated/branches/32	0	builtin_8_2	0
generated/branches/32	0	builtin_8_3	0
generated/branches/32	0	builtin_8_4	0
generated/branches/32	0	builtin_8_5	0
generated/branches/32	0	builtin_9_0	0
generated/branches/32	0	builtin_9_1	0
generated/branches/32	0	builtin_9_2	0
generated/branches/32	0	builtin_9_3	0
generated/branches/32	0	builtin_9_4	0
generated/branches/32	0	builtin_9_5	0
generated/branches/32	0	builtin_10_0	0
generated/branches/32	0	builtin_10_1	0
generated/branches/32	0	builtin_10_2	0
generated/branches/32	0	builtin_10_3	0
generated/branches/32	0	builtin_10_4	0
generated/branches/32	0	builtin_10_5	0
generated/branches/32	0	builtin_11_0	0
generated/branches/32	0	builtin_11_1	0
generated/branches/32	0	builtin_11_2	0
generated/branches/32	0	builtin_11_3	0
generated/branches/32	0	builtin_11_4	0
generated/branches/32	0	builtin_11_5	0
generated/branches/32	0	builtin_12_0	0
generated/branches/32	0	builtin_12_1	0
generated/branches/32	0	builtin_12_2	0
generated/branches/32	0	builtin_12_3	0
generated/branches/32	0	builtin_12_4	0
generated/branches/32	0	builtin_12_5	0
generated/branches/128	0	inference_entries	2
generated/branches/128	0	inference_ends	2
generated/branches/128	0	inference_invalid	0
generated/branches/128	0	inference_failed	0
generated/branches/128	0	machine_entries	1
generated/branches/128	0	machine_ends	1
generated/branches/128	0	machine_invalid	0
generated/branches/128	0	machine_failed	0
generated/branches/128	0	machine_active_at_exit	0
generated/branches/128	0	machine_native_depth	1
generated/branches/128	0	steps	1667
generated/branches/128	0	requests	1155
generated/branches/128	0	pushes	513
generated/branches/128	0	finishes	1156
generated/branches/128	0	pending_depth	131
generated/branches/128	0	branch_depth	1
generated/branches/128	0	argument_depth	0
generated/branches/128	0	builtin_depth	0
generated/branches/128	0	resume_0	129
generated/branches/128	0	resume_1	129
generated/branches/128	0	resume_2	256
generated/branches/128	0	resume_3	256
generated/branches/128	0	resume_4	128
generated/branches/128	0	resume_5	256
generated/branches/128	0	resume_6	0
generated/branches/128	0	resume_7	0
generated/branches/128	0	resume_8	0
generated/branches/128	0	resume_9	0
generated/branches/128	0	resume_10	0
generated/branches/128	0	resume_11	0
generated/branches/128	0	resume_12	0
generated/branches/128	0	resume_13	0
generated/branches/128	0	resume_14	0
generated/branches/128	0	resume_15	0
generated/branches/128	0	resume_16	0
generated/branches/128	0	resume_17	0
generated/branches/128	0	builtin_1_0	0
generated/branches/128	0	builtin_1_1	0
generated/branches/128	0	builtin_1_2	0
generated/branches/128	0	builtin_1_3	0
generated/branches/128	0	builtin_1_4	0
generated/branches/128	0	builtin_1_5	0
generated/branches/128	0	builtin_2_0	0
generated/branches/128	0	builtin_2_1	0
generated/branches/128	0	builtin_2_2	0
generated/branches/128	0	builtin_2_3	0
generated/branches/128	0	builtin_2_4	0
generated/branches/128	0	builtin_2_5	0
generated/branches/128	0	builtin_3_0	0
generated/branches/128	0	builtin_3_1	0
generated/branches/128	0	builtin_3_2	0
generated/branches/128	0	builtin_3_3	0
generated/branches/128	0	builtin_3_4	0
generated/branches/128	0	builtin_3_5	0
generated/branches/128	0	builtin_4_0	0
generated/branches/128	0	builtin_4_1	0
generated/branches/128	0	builtin_4_2	0
generated/branches/128	0	builtin_4_3	0
generated/branches/128	0	builtin_4_4	0
generated/branches/128	0	builtin_4_5	0
generated/branches/128	0	builtin_5_0	0
generated/branches/128	0	builtin_5_1	0
generated/branches/128	0	builtin_5_2	0
generated/branches/128	0	builtin_5_3	0
generated/branches/128	0	builtin_5_4	0
generated/branches/128	0	builtin_5_5	0
generated/branches/128	0	builtin_6_0	0
generated/branches/128	0	builtin_6_1	0
generated/branches/128	0	builtin_6_2	0
generated/branches/128	0	builtin_6_3	0
generated/branches/128	0	builtin_6_4	0
generated/branches/128	0	builtin_6_5	0
generated/branches/128	0	builtin_7_0	0
generated/branches/128	0	builtin_7_1	0
generated/branches/128	0	builtin_7_2	0
generated/branches/128	0	builtin_7_3	0
generated/branches/128	0	builtin_7_4	0
generated/branches/128	0	builtin_7_5	0
generated/branches/128	0	builtin_8_0	0
generated/branches/128	0	builtin_8_1	0
generated/branches/128	0	builtin_8_2	0
generated/branches/128	0	builtin_8_3	0
generated/branches/128	0	builtin_8_4	0
generated/branches/128	0	builtin_8_5	0
generated/branches/128	0	builtin_9_0	0
generated/branches/128	0	builtin_9_1	0
generated/branches/128	0	builtin_9_2	0
generated/branches/128	0	builtin_9_3	0
generated/branches/128	0	builtin_9_4	0
generated/branches/128	0	builtin_9_5	0
generated/branches/128	0	builtin_10_0	0
generated/branches/128	0	builtin_10_1	0
generated/branches/128	0	builtin_10_2	0
generated/branches/128	0	builtin_10_3	0
generated/branches/128	0	builtin_10_4	0
generated/branches/128	0	builtin_10_5	0
generated/branches/128	0	builtin_11_0	0
generated/branches/128	0	builtin_11_1	0
generated/branches/128	0	builtin_11_2	0
generated/branches/128	0	builtin_11_3	0
generated/branches/128	0	builtin_11_4	0
generated/branches/128	0	builtin_11_5	0
generated/branches/128	0	builtin_12_0	0
generated/branches/128	0	builtin_12_1	0
generated/branches/128	0	builtin_12_2	0
generated/branches/128	0	builtin_12_3	0
generated/branches/128	0	builtin_12_4	0
generated/branches/128	0	builtin_12_5	0
generated/branches/512	0	inference_entries	2
generated/branches/512	0	inference_ends	2
generated/branches/512	0	inference_invalid	0
generated/branches/512	0	inference_failed	0
generated/branches/512	0	machine_entries	1
generated/branches/512	0	machine_ends	1
generated/branches/512	0	machine_invalid	0
generated/branches/512	0	machine_failed	0
generated/branches/512	0	machine_active_at_exit	0
generated/branches/512	0	machine_native_depth	1
generated/branches/512	0	steps	6659
generated/branches/512	0	requests	4611
generated/branches/512	0	pushes	2049
generated/branches/512	0	finishes	4612
generated/branches/512	0	pending_depth	515
generated/branches/512	0	branch_depth	1
generated/branches/512	0	argument_depth	0
generated/branches/512	0	builtin_depth	0
generated/branches/512	0	resume_0	513
generated/branches/512	0	resume_1	513
generated/branches/512	0	resume_2	1024
generated/branches/512	0	resume_3	1024
generated/branches/512	0	resume_4	512
generated/branches/512	0	resume_5	1024
generated/branches/512	0	resume_6	0
generated/branches/512	0	resume_7	0
generated/branches/512	0	resume_8	0
generated/branches/512	0	resume_9	0
generated/branches/512	0	resume_10	0
generated/branches/512	0	resume_11	0
generated/branches/512	0	resume_12	0
generated/branches/512	0	resume_13	0
generated/branches/512	0	resume_14	0
generated/branches/512	0	resume_15	0
generated/branches/512	0	resume_16	0
generated/branches/512	0	resume_17	0
generated/branches/512	0	builtin_1_0	0
generated/branches/512	0	builtin_1_1	0
generated/branches/512	0	builtin_1_2	0
generated/branches/512	0	builtin_1_3	0
generated/branches/512	0	builtin_1_4	0
generated/branches/512	0	builtin_1_5	0
generated/branches/512	0	builtin_2_0	0
generated/branches/512	0	builtin_2_1	0
generated/branches/512	0	builtin_2_2	0
generated/branches/512	0	builtin_2_3	0
generated/branches/512	0	builtin_2_4	0
generated/branches/512	0	builtin_2_5	0
generated/branches/512	0	builtin_3_0	0
generated/branches/512	0	builtin_3_1	0
generated/branches/512	0	builtin_3_2	0
generated/branches/512	0	builtin_3_3	0
generated/branches/512	0	builtin_3_4	0
generated/branches/512	0	builtin_3_5	0
generated/branches/512	0	builtin_4_0	0
generated/branches/512	0	builtin_4_1	0
generated/branches/512	0	builtin_4_2	0
generated/branches/512	0	builtin_4_3	0
generated/branches/512	0	builtin_4_4	0
generated/branches/512	0	builtin_4_5	0
generated/branches/512	0	builtin_5_0	0
generated/branches/512	0	builtin_5_1	0
generated/branches/512	0	builtin_5_2	0
generated/branches/512	0	builtin_5_3	0
generated/branches/512	0	builtin_5_4	0
generated/branches/512	0	builtin_5_5	0
generated/branches/512	0	builtin_6_0	0
generated/branches/512	0	builtin_6_1	0
generated/branches/512	0	builtin_6_2	0
generated/branches/512	0	builtin_6_3	0
generated/branches/512	0	builtin_6_4	0
generated/branches/512	0	builtin_6_5	0
generated/branches/512	0	builtin_7_0	0
generated/branches/512	0	builtin_7_1	0
generated/branches/512	0	builtin_7_2	0
generated/branches/512	0	builtin_7_3	0
generated/branches/512	0	builtin_7_4	0
generated/branches/512	0	builtin_7_5	0
generated/branches/512	0	builtin_8_0	0
generated/branches/512	0	builtin_8_1	0
generated/branches/512	0	builtin_8_2	0
generated/branches/512	0	builtin_8_3	0
generated/branches/512	0	builtin_8_4	0
generated/branches/512	0	builtin_8_5	0
generated/branches/512	0	builtin_9_0	0
generated/branches/512	0	builtin_9_1	0
generated/branches/512	0	builtin_9_2	0
generated/branches/512	0	builtin_9_3	0
generated/branches/512	0	builtin_9_4	0
generated/branches/512	0	builtin_9_5	0
generated/branches/512	0	builtin_10_0	0
generated/branches/512	0	builtin_10_1	0
generated/branches/512	0	builtin_10_2	0
generated/branches/512	0	builtin_10_3	0
generated/branches/512	0	builtin_10_4	0
generated/branches/512	0	builtin_10_5	0
generated/branches/512	0	builtin_11_0	0
generated/branches/512	0	builtin_11_1	0
generated/branches/512	0	builtin_11_2	0
generated/branches/512	0	builtin_11_3	0
generated/branches/512	0	builtin_11_4	0
generated/branches/512	0	builtin_11_5	0
generated/branches/512	0	builtin_12_0	0
generated/branches/512	0	builtin_12_1	0
generated/branches/512	0	builtin_12_2	0
generated/branches/512	0	builtin_12_3	0
generated/branches/512	0	builtin_12_4	0
generated/branches/512	0	builtin_12_5	0
generated/calls/8	0	inference_entries	3
generated/calls/8	0	inference_ends	3
generated/calls/8	0	inference_invalid	0
generated/calls/8	0	inference_failed	0
generated/calls/8	0	machine_entries	1
generated/calls/8	0	machine_ends	1
generated/calls/8	0	machine_invalid	0
generated/calls/8	0	machine_failed	0
generated/calls/8	0	machine_active_at_exit	0
generated/calls/8	0	machine_native_depth	1
generated/calls/8	0	steps	16
generated/calls/8	0	requests	9
generated/calls/8	0	pushes	8
generated/calls/8	0	finishes	11
generated/calls/8	0	pending_depth	8
generated/calls/8	0	branch_depth	0
generated/calls/8	0	argument_depth	8
generated/calls/8	0	builtin_depth	0
generated/calls/8	0	resume_0	0
generated/calls/8	0	resume_1	0
generated/calls/8	0	resume_2	0
generated/calls/8	0	resume_3	0
generated/calls/8	0	resume_4	0
generated/calls/8	0	resume_5	0
generated/calls/8	0	resume_6	0
generated/calls/8	0	resume_7	0
generated/calls/8	0	resume_8	0
generated/calls/8	0	resume_9	0
generated/calls/8	0	resume_10	8
generated/calls/8	0	resume_11	0
generated/calls/8	0	resume_12	0
generated/calls/8	0	resume_13	0
generated/calls/8	0	resume_14	0
generated/calls/8	0	resume_15	0
generated/calls/8	0	resume_16	0
generated/calls/8	0	resume_17	0
generated/calls/8	0	builtin_1_0	0
generated/calls/8	0	builtin_1_1	0
generated/calls/8	0	builtin_1_2	0
generated/calls/8	0	builtin_1_3	0
generated/calls/8	0	builtin_1_4	0
generated/calls/8	0	builtin_1_5	0
generated/calls/8	0	builtin_2_0	0
generated/calls/8	0	builtin_2_1	0
generated/calls/8	0	builtin_2_2	0
generated/calls/8	0	builtin_2_3	0
generated/calls/8	0	builtin_2_4	0
generated/calls/8	0	builtin_2_5	0
generated/calls/8	0	builtin_3_0	0
generated/calls/8	0	builtin_3_1	0
generated/calls/8	0	builtin_3_2	0
generated/calls/8	0	builtin_3_3	0
generated/calls/8	0	builtin_3_4	0
generated/calls/8	0	builtin_3_5	0
generated/calls/8	0	builtin_4_0	0
generated/calls/8	0	builtin_4_1	0
generated/calls/8	0	builtin_4_2	0
generated/calls/8	0	builtin_4_3	0
generated/calls/8	0	builtin_4_4	0
generated/calls/8	0	builtin_4_5	0
generated/calls/8	0	builtin_5_0	0
generated/calls/8	0	builtin_5_1	0
generated/calls/8	0	builtin_5_2	0
generated/calls/8	0	builtin_5_3	0
generated/calls/8	0	builtin_5_4	0
generated/calls/8	0	builtin_5_5	0
generated/calls/8	0	builtin_6_0	0
generated/calls/8	0	builtin_6_1	0
generated/calls/8	0	builtin_6_2	0
generated/calls/8	0	builtin_6_3	0
generated/calls/8	0	builtin_6_4	0
generated/calls/8	0	builtin_6_5	0
generated/calls/8	0	builtin_7_0	0
generated/calls/8	0	builtin_7_1	0
generated/calls/8	0	builtin_7_2	0
generated/calls/8	0	builtin_7_3	0
generated/calls/8	0	builtin_7_4	0
generated/calls/8	0	builtin_7_5	0
generated/calls/8	0	builtin_8_0	0
generated/calls/8	0	builtin_8_1	0
generated/calls/8	0	builtin_8_2	0
generated/calls/8	0	builtin_8_3	0
generated/calls/8	0	builtin_8_4	0
generated/calls/8	0	builtin_8_5	0
generated/calls/8	0	builtin_9_0	0
generated/calls/8	0	builtin_9_1	0
generated/calls/8	0	builtin_9_2	0
generated/calls/8	0	builtin_9_3	0
generated/calls/8	0	builtin_9_4	0
generated/calls/8	0	builtin_9_5	0
generated/calls/8	0	builtin_10_0	0
generated/calls/8	0	builtin_10_1	0
generated/calls/8	0	builtin_10_2	0
generated/calls/8	0	builtin_10_3	0
generated/calls/8	0	builtin_10_4	0
generated/calls/8	0	builtin_10_5	0
generated/calls/8	0	builtin_11_0	0
generated/calls/8	0	builtin_11_1	0
generated/calls/8	0	builtin_11_2	0
generated/calls/8	0	builtin_11_3	0
generated/calls/8	0	builtin_11_4	0
generated/calls/8	0	builtin_11_5	0
generated/calls/8	0	builtin_12_0	0
generated/calls/8	0	builtin_12_1	0
generated/calls/8	0	builtin_12_2	0
generated/calls/8	0	builtin_12_3	0
generated/calls/8	0	builtin_12_4	0
generated/calls/8	0	builtin_12_5	0
generated/calls/32	0	inference_entries	3
generated/calls/32	0	inference_ends	3
generated/calls/32	0	inference_invalid	0
generated/calls/32	0	inference_failed	0
generated/calls/32	0	machine_entries	1
generated/calls/32	0	machine_ends	1
generated/calls/32	0	machine_invalid	0
generated/calls/32	0	machine_failed	0
generated/calls/32	0	machine_active_at_exit	0
generated/calls/32	0	machine_native_depth	1
generated/calls/32	0	steps	64
generated/calls/32	0	requests	33
generated/calls/32	0	pushes	32
generated/calls/32	0	finishes	35
generated/calls/32	0	pending_depth	32
generated/calls/32	0	branch_depth	0
generated/calls/32	0	argument_depth	32
generated/calls/32	0	builtin_depth	0
generated/calls/32	0	resume_0	0
generated/calls/32	0	resume_1	0
generated/calls/32	0	resume_2	0
generated/calls/32	0	resume_3	0
generated/calls/32	0	resume_4	0
generated/calls/32	0	resume_5	0
generated/calls/32	0	resume_6	0
generated/calls/32	0	resume_7	0
generated/calls/32	0	resume_8	0
generated/calls/32	0	resume_9	0
generated/calls/32	0	resume_10	32
generated/calls/32	0	resume_11	0
generated/calls/32	0	resume_12	0
generated/calls/32	0	resume_13	0
generated/calls/32	0	resume_14	0
generated/calls/32	0	resume_15	0
generated/calls/32	0	resume_16	0
generated/calls/32	0	resume_17	0
generated/calls/32	0	builtin_1_0	0
generated/calls/32	0	builtin_1_1	0
generated/calls/32	0	builtin_1_2	0
generated/calls/32	0	builtin_1_3	0
generated/calls/32	0	builtin_1_4	0
generated/calls/32	0	builtin_1_5	0
generated/calls/32	0	builtin_2_0	0
generated/calls/32	0	builtin_2_1	0
generated/calls/32	0	builtin_2_2	0
generated/calls/32	0	builtin_2_3	0
generated/calls/32	0	builtin_2_4	0
generated/calls/32	0	builtin_2_5	0
generated/calls/32	0	builtin_3_0	0
generated/calls/32	0	builtin_3_1	0
generated/calls/32	0	builtin_3_2	0
generated/calls/32	0	builtin_3_3	0
generated/calls/32	0	builtin_3_4	0
generated/calls/32	0	builtin_3_5	0
generated/calls/32	0	builtin_4_0	0
generated/calls/32	0	builtin_4_1	0
generated/calls/32	0	builtin_4_2	0
generated/calls/32	0	builtin_4_3	0
generated/calls/32	0	builtin_4_4	0
generated/calls/32	0	builtin_4_5	0
generated/calls/32	0	builtin_5_0	0
generated/calls/32	0	builtin_5_1	0
generated/calls/32	0	builtin_5_2	0
generated/calls/32	0	builtin_5_3	0
generated/calls/32	0	builtin_5_4	0
generated/calls/32	0	builtin_5_5	0
generated/calls/32	0	builtin_6_0	0
generated/calls/32	0	builtin_6_1	0
generated/calls/32	0	builtin_6_2	0
generated/calls/32	0	builtin_6_3	0
generated/calls/32	0	builtin_6_4	0
generated/calls/32	0	builtin_6_5	0
generated/calls/32	0	builtin_7_0	0
generated/calls/32	0	builtin_7_1	0
generated/calls/32	0	builtin_7_2	0
generated/calls/32	0	builtin_7_3	0
generated/calls/32	0	builtin_7_4	0
generated/calls/32	0	builtin_7_5	0
generated/calls/32	0	builtin_8_0	0
generated/calls/32	0	builtin_8_1	0
generated/calls/32	0	builtin_8_2	0
generated/calls/32	0	builtin_8_3	0
generated/calls/32	0	builtin_8_4	0
generated/calls/32	0	builtin_8_5	0
generated/calls/32	0	builtin_9_0	0
generated/calls/32	0	builtin_9_1	0
generated/calls/32	0	builtin_9_2	0
generated/calls/32	0	builtin_9_3	0
generated/calls/32	0	builtin_9_4	0
generated/calls/32	0	builtin_9_5	0
generated/calls/32	0	builtin_10_0	0
generated/calls/32	0	builtin_10_1	0
generated/calls/32	0	builtin_10_2	0
generated/calls/32	0	builtin_10_3	0
generated/calls/32	0	builtin_10_4	0
generated/calls/32	0	builtin_10_5	0
generated/calls/32	0	builtin_11_0	0
generated/calls/32	0	builtin_11_1	0
generated/calls/32	0	builtin_11_2	0
generated/calls/32	0	builtin_11_3	0
generated/calls/32	0	builtin_11_4	0
generated/calls/32	0	builtin_11_5	0
generated/calls/32	0	builtin_12_0	0
generated/calls/32	0	builtin_12_1	0
generated/calls/32	0	builtin_12_2	0
generated/calls/32	0	builtin_12_3	0
generated/calls/32	0	builtin_12_4	0
generated/calls/32	0	builtin_12_5	0
generated/calls/128	0	inference_entries	3
generated/calls/128	0	inference_ends	3
generated/calls/128	0	inference_invalid	0
generated/calls/128	0	inference_failed	0
generated/calls/128	0	machine_entries	1
generated/calls/128	0	machine_ends	1
generated/calls/128	0	machine_invalid	0
generated/calls/128	0	machine_failed	0
generated/calls/128	0	machine_active_at_exit	0
generated/calls/128	0	machine_native_depth	1
generated/calls/128	0	steps	256
generated/calls/128	0	requests	129
generated/calls/128	0	pushes	128
generated/calls/128	0	finishes	131
generated/calls/128	0	pending_depth	128
generated/calls/128	0	branch_depth	0
generated/calls/128	0	argument_depth	128
generated/calls/128	0	builtin_depth	0
generated/calls/128	0	resume_0	0
generated/calls/128	0	resume_1	0
generated/calls/128	0	resume_2	0
generated/calls/128	0	resume_3	0
generated/calls/128	0	resume_4	0
generated/calls/128	0	resume_5	0
generated/calls/128	0	resume_6	0
generated/calls/128	0	resume_7	0
generated/calls/128	0	resume_8	0
generated/calls/128	0	resume_9	0
generated/calls/128	0	resume_10	128
generated/calls/128	0	resume_11	0
generated/calls/128	0	resume_12	0
generated/calls/128	0	resume_13	0
generated/calls/128	0	resume_14	0
generated/calls/128	0	resume_15	0
generated/calls/128	0	resume_16	0
generated/calls/128	0	resume_17	0
generated/calls/128	0	builtin_1_0	0
generated/calls/128	0	builtin_1_1	0
generated/calls/128	0	builtin_1_2	0
generated/calls/128	0	builtin_1_3	0
generated/calls/128	0	builtin_1_4	0
generated/calls/128	0	builtin_1_5	0
generated/calls/128	0	builtin_2_0	0
generated/calls/128	0	builtin_2_1	0
generated/calls/128	0	builtin_2_2	0
generated/calls/128	0	builtin_2_3	0
generated/calls/128	0	builtin_2_4	0
generated/calls/128	0	builtin_2_5	0
generated/calls/128	0	builtin_3_0	0
generated/calls/128	0	builtin_3_1	0
generated/calls/128	0	builtin_3_2	0
generated/calls/128	0	builtin_3_3	0
generated/calls/128	0	builtin_3_4	0
generated/calls/128	0	builtin_3_5	0
generated/calls/128	0	builtin_4_0	0
generated/calls/128	0	builtin_4_1	0
generated/calls/128	0	builtin_4_2	0
generated/calls/128	0	builtin_4_3	0
generated/calls/128	0	builtin_4_4	0
generated/calls/128	0	builtin_4_5	0
generated/calls/128	0	builtin_5_0	0
generated/calls/128	0	builtin_5_1	0
generated/calls/128	0	builtin_5_2	0
generated/calls/128	0	builtin_5_3	0
generated/calls/128	0	builtin_5_4	0
generated/calls/128	0	builtin_5_5	0
generated/calls/128	0	builtin_6_0	0
generated/calls/128	0	builtin_6_1	0
generated/calls/128	0	builtin_6_2	0
generated/calls/128	0	builtin_6_3	0
generated/calls/128	0	builtin_6_4	0
generated/calls/128	0	builtin_6_5	0
generated/calls/128	0	builtin_7_0	0
generated/calls/128	0	builtin_7_1	0
generated/calls/128	0	builtin_7_2	0
generated/calls/128	0	builtin_7_3	0
generated/calls/128	0	builtin_7_4	0
generated/calls/128	0	builtin_7_5	0
generated/calls/128	0	builtin_8_0	0
generated/calls/128	0	builtin_8_1	0
generated/calls/128	0	builtin_8_2	0
generated/calls/128	0	builtin_8_3	0
generated/calls/128	0	builtin_8_4	0
generated/calls/128	0	builtin_8_5	0
generated/calls/128	0	builtin_9_0	0
generated/calls/128	0	builtin_9_1	0
generated/calls/128	0	builtin_9_2	0
generated/calls/128	0	builtin_9_3	0
generated/calls/128	0	builtin_9_4	0
generated/calls/128	0	builtin_9_5	0
generated/calls/128	0	builtin_10_0	0
generated/calls/128	0	builtin_10_1	0
generated/calls/128	0	builtin_10_2	0
generated/calls/128	0	builtin_10_3	0
generated/calls/128	0	builtin_10_4	0
generated/calls/128	0	builtin_10_5	0
generated/calls/128	0	builtin_11_0	0
generated/calls/128	0	builtin_11_1	0
generated/calls/128	0	builtin_11_2	0
generated/calls/128	0	builtin_11_3	0
generated/calls/128	0	builtin_11_4	0
generated/calls/128	0	builtin_11_5	0
generated/calls/128	0	builtin_12_0	0
generated/calls/128	0	builtin_12_1	0
generated/calls/128	0	builtin_12_2	0
generated/calls/128	0	builtin_12_3	0
generated/calls/128	0	builtin_12_4	0
generated/calls/128	0	builtin_12_5	0
generated/calls/512	0	inference_entries	3
generated/calls/512	0	inference_ends	3
generated/calls/512	0	inference_invalid	0
generated/calls/512	0	inference_failed	0
generated/calls/512	0	machine_entries	1
generated/calls/512	0	machine_ends	1
generated/calls/512	0	machine_invalid	0
generated/calls/512	0	machine_failed	0
generated/calls/512	0	machine_active_at_exit	0
generated/calls/512	0	machine_native_depth	1
generated/calls/512	0	steps	1024
generated/calls/512	0	requests	513
generated/calls/512	0	pushes	512
generated/calls/512	0	finishes	515
generated/calls/512	0	pending_depth	512
generated/calls/512	0	branch_depth	0
generated/calls/512	0	argument_depth	512
generated/calls/512	0	builtin_depth	0
generated/calls/512	0	resume_0	0
generated/calls/512	0	resume_1	0
generated/calls/512	0	resume_2	0
generated/calls/512	0	resume_3	0
generated/calls/512	0	resume_4	0
generated/calls/512	0	resume_5	0
generated/calls/512	0	resume_6	0
generated/calls/512	0	resume_7	0
generated/calls/512	0	resume_8	0
generated/calls/512	0	resume_9	0
generated/calls/512	0	resume_10	512
generated/calls/512	0	resume_11	0
generated/calls/512	0	resume_12	0
generated/calls/512	0	resume_13	0
generated/calls/512	0	resume_14	0
generated/calls/512	0	resume_15	0
generated/calls/512	0	resume_16	0
generated/calls/512	0	resume_17	0
generated/calls/512	0	builtin_1_0	0
generated/calls/512	0	builtin_1_1	0
generated/calls/512	0	builtin_1_2	0
generated/calls/512	0	builtin_1_3	0
generated/calls/512	0	builtin_1_4	0
generated/calls/512	0	builtin_1_5	0
generated/calls/512	0	builtin_2_0	0
generated/calls/512	0	builtin_2_1	0
generated/calls/512	0	builtin_2_2	0
generated/calls/512	0	builtin_2_3	0
generated/calls/512	0	builtin_2_4	0
generated/calls/512	0	builtin_2_5	0
generated/calls/512	0	builtin_3_0	0
generated/calls/512	0	builtin_3_1	0
generated/calls/512	0	builtin_3_2	0
generated/calls/512	0	builtin_3_3	0
generated/calls/512	0	builtin_3_4	0
generated/calls/512	0	builtin_3_5	0
generated/calls/512	0	builtin_4_0	0
generated/calls/512	0	builtin_4_1	0
generated/calls/512	0	builtin_4_2	0
generated/calls/512	0	builtin_4_3	0
generated/calls/512	0	builtin_4_4	0
generated/calls/512	0	builtin_4_5	0
generated/calls/512	0	builtin_5_0	0
generated/calls/512	0	builtin_5_1	0
generated/calls/512	0	builtin_5_2	0
generated/calls/512	0	builtin_5_3	0
generated/calls/512	0	builtin_5_4	0
generated/calls/512	0	builtin_5_5	0
generated/calls/512	0	builtin_6_0	0
generated/calls/512	0	builtin_6_1	0
generated/calls/512	0	builtin_6_2	0
generated/calls/512	0	builtin_6_3	0
generated/calls/512	0	builtin_6_4	0
generated/calls/512	0	builtin_6_5	0
generated/calls/512	0	builtin_7_0	0
generated/calls/512	0	builtin_7_1	0
generated/calls/512	0	builtin_7_2	0
generated/calls/512	0	builtin_7_3	0
generated/calls/512	0	builtin_7_4	0
generated/calls/512	0	builtin_7_5	0
generated/calls/512	0	builtin_8_0	0
generated/calls/512	0	builtin_8_1	0
generated/calls/512	0	builtin_8_2	0
generated/calls/512	0	builtin_8_3	0
generated/calls/512	0	builtin_8_4	0
generated/calls/512	0	builtin_8_5	0
generated/calls/512	0	builtin_9_0	0
generated/calls/512	0	builtin_9_1	0
generated/calls/512	0	builtin_9_2	0
generated/calls/512	0	builtin_9_3	0
generated/calls/512	0	builtin_9_4	0
generated/calls/512	0	builtin_9_5	0
generated/calls/512	0	builtin_10_0	0
generated/calls/512	0	builtin_10_1	0
generated/calls/512	0	builtin_10_2	0
generated/calls/512	0	builtin_10_3	0
generated/calls/512	0	builtin_10_4	0
generated/calls/512	0	builtin_10_5	0
generated/calls/512	0	builtin_11_0	0
generated/calls/512	0	builtin_11_1	0
generated/calls/512	0	builtin_11_2	0
generated/calls/512	0	builtin_11_3	0
generated/calls/512	0	builtin_11_4	0
generated/calls/512	0	builtin_11_5	0
generated/calls/512	0	builtin_12_0	0
generated/calls/512	0	builtin_12_1	0
generated/calls/512	0	builtin_12_2	0
generated/calls/512	0	builtin_12_3	0
generated/calls/512	0	builtin_12_4	0
generated/calls/512	0	builtin_12_5	0
generated/builtins/8	0	inference_entries	2
generated/builtins/8	0	inference_ends	2
generated/builtins/8	0	inference_invalid	0
generated/builtins/8	0	inference_failed	0
generated/builtins/8	0	machine_entries	1
generated/builtins/8	0	machine_ends	1
generated/builtins/8	0	machine_invalid	0
generated/builtins/8	0	machine_failed	0
generated/builtins/8	0	machine_active_at_exit	0
generated/builtins/8	0	machine_native_depth	1
generated/builtins/8	0	steps	24
generated/builtins/8	0	requests	17
generated/builtins/8	0	pushes	8
generated/builtins/8	0	finishes	18
generated/builtins/8	0	pending_depth	8
generated/builtins/8	0	branch_depth	0
generated/builtins/8	0	argument_depth	0
generated/builtins/8	0	builtin_depth	0
generated/builtins/8	0	resume_0	0
generated/builtins/8	0	resume_1	0
generated/builtins/8	0	resume_2	0
generated/builtins/8	0	resume_3	0
generated/builtins/8	0	resume_4	0
generated/builtins/8	0	resume_5	0
generated/builtins/8	0	resume_6	0
generated/builtins/8	0	resume_7	0
generated/builtins/8	0	resume_8	0
generated/builtins/8	0	resume_9	0
generated/builtins/8	0	resume_10	0
generated/builtins/8	0	resume_11	0
generated/builtins/8	0	resume_12	0
generated/builtins/8	0	resume_13	0
generated/builtins/8	0	resume_14	8
generated/builtins/8	0	resume_15	0
generated/builtins/8	0	resume_16	8
generated/builtins/8	0	resume_17	0
generated/builtins/8	0	builtin_1_0	8
generated/builtins/8	0	builtin_1_1	8
generated/builtins/8	0	builtin_1_2	0
generated/builtins/8	0	builtin_1_3	0
generated/builtins/8	0	builtin_1_4	0
generated/builtins/8	0	builtin_1_5	0
generated/builtins/8	0	builtin_2_0	0
generated/builtins/8	0	builtin_2_1	0
generated/builtins/8	0	builtin_2_2	0
generated/builtins/8	0	builtin_2_3	0
generated/builtins/8	0	builtin_2_4	0
generated/builtins/8	0	builtin_2_5	0
generated/builtins/8	0	builtin_3_0	0
generated/builtins/8	0	builtin_3_1	0
generated/builtins/8	0	builtin_3_2	0
generated/builtins/8	0	builtin_3_3	0
generated/builtins/8	0	builtin_3_4	0
generated/builtins/8	0	builtin_3_5	0
generated/builtins/8	0	builtin_4_0	0
generated/builtins/8	0	builtin_4_1	0
generated/builtins/8	0	builtin_4_2	0
generated/builtins/8	0	builtin_4_3	0
generated/builtins/8	0	builtin_4_4	0
generated/builtins/8	0	builtin_4_5	0
generated/builtins/8	0	builtin_5_0	0
generated/builtins/8	0	builtin_5_1	0
generated/builtins/8	0	builtin_5_2	0
generated/builtins/8	0	builtin_5_3	0
generated/builtins/8	0	builtin_5_4	0
generated/builtins/8	0	builtin_5_5	0
generated/builtins/8	0	builtin_6_0	0
generated/builtins/8	0	builtin_6_1	0
generated/builtins/8	0	builtin_6_2	0
generated/builtins/8	0	builtin_6_3	0
generated/builtins/8	0	builtin_6_4	0
generated/builtins/8	0	builtin_6_5	0
generated/builtins/8	0	builtin_7_0	0
generated/builtins/8	0	builtin_7_1	0
generated/builtins/8	0	builtin_7_2	0
generated/builtins/8	0	builtin_7_3	0
generated/builtins/8	0	builtin_7_4	0
generated/builtins/8	0	builtin_7_5	0
generated/builtins/8	0	builtin_8_0	0
generated/builtins/8	0	builtin_8_1	0
generated/builtins/8	0	builtin_8_2	0
generated/builtins/8	0	builtin_8_3	0
generated/builtins/8	0	builtin_8_4	0
generated/builtins/8	0	builtin_8_5	0
generated/builtins/8	0	builtin_9_0	0
generated/builtins/8	0	builtin_9_1	0
generated/builtins/8	0	builtin_9_2	0
generated/builtins/8	0	builtin_9_3	0
generated/builtins/8	0	builtin_9_4	0
generated/builtins/8	0	builtin_9_5	0
generated/builtins/8	0	builtin_10_0	0
generated/builtins/8	0	builtin_10_1	0
generated/builtins/8	0	builtin_10_2	0
generated/builtins/8	0	builtin_10_3	0
generated/builtins/8	0	builtin_10_4	0
generated/builtins/8	0	builtin_10_5	0
generated/builtins/8	0	builtin_11_0	0
generated/builtins/8	0	builtin_11_1	0
generated/builtins/8	0	builtin_11_2	0
generated/builtins/8	0	builtin_11_3	0
generated/builtins/8	0	builtin_11_4	0
generated/builtins/8	0	builtin_11_5	0
generated/builtins/8	0	builtin_12_0	0
generated/builtins/8	0	builtin_12_1	0
generated/builtins/8	0	builtin_12_2	0
generated/builtins/8	0	builtin_12_3	0
generated/builtins/8	0	builtin_12_4	0
generated/builtins/8	0	builtin_12_5	0
generated/builtins/32	0	inference_entries	2
generated/builtins/32	0	inference_ends	2
generated/builtins/32	0	inference_invalid	0
generated/builtins/32	0	inference_failed	0
generated/builtins/32	0	machine_entries	1
generated/builtins/32	0	machine_ends	1
generated/builtins/32	0	machine_invalid	0
generated/builtins/32	0	machine_failed	0
generated/builtins/32	0	machine_active_at_exit	0
generated/builtins/32	0	machine_native_depth	1
generated/builtins/32	0	steps	96
generated/builtins/32	0	requests	65
generated/builtins/32	0	pushes	32
generated/builtins/32	0	finishes	66
generated/builtins/32	0	pending_depth	32
generated/builtins/32	0	branch_depth	0
generated/builtins/32	0	argument_depth	0
generated/builtins/32	0	builtin_depth	0
generated/builtins/32	0	resume_0	0
generated/builtins/32	0	resume_1	0
generated/builtins/32	0	resume_2	0
generated/builtins/32	0	resume_3	0
generated/builtins/32	0	resume_4	0
generated/builtins/32	0	resume_5	0
generated/builtins/32	0	resume_6	0
generated/builtins/32	0	resume_7	0
generated/builtins/32	0	resume_8	0
generated/builtins/32	0	resume_9	0
generated/builtins/32	0	resume_10	0
generated/builtins/32	0	resume_11	0
generated/builtins/32	0	resume_12	0
generated/builtins/32	0	resume_13	0
generated/builtins/32	0	resume_14	32
generated/builtins/32	0	resume_15	0
generated/builtins/32	0	resume_16	32
generated/builtins/32	0	resume_17	0
generated/builtins/32	0	builtin_1_0	32
generated/builtins/32	0	builtin_1_1	32
generated/builtins/32	0	builtin_1_2	0
generated/builtins/32	0	builtin_1_3	0
generated/builtins/32	0	builtin_1_4	0
generated/builtins/32	0	builtin_1_5	0
generated/builtins/32	0	builtin_2_0	0
generated/builtins/32	0	builtin_2_1	0
generated/builtins/32	0	builtin_2_2	0
generated/builtins/32	0	builtin_2_3	0
generated/builtins/32	0	builtin_2_4	0
generated/builtins/32	0	builtin_2_5	0
generated/builtins/32	0	builtin_3_0	0
generated/builtins/32	0	builtin_3_1	0
generated/builtins/32	0	builtin_3_2	0
generated/builtins/32	0	builtin_3_3	0
generated/builtins/32	0	builtin_3_4	0
generated/builtins/32	0	builtin_3_5	0
generated/builtins/32	0	builtin_4_0	0
generated/builtins/32	0	builtin_4_1	0
generated/builtins/32	0	builtin_4_2	0
generated/builtins/32	0	builtin_4_3	0
generated/builtins/32	0	builtin_4_4	0
generated/builtins/32	0	builtin_4_5	0
generated/builtins/32	0	builtin_5_0	0
generated/builtins/32	0	builtin_5_1	0
generated/builtins/32	0	builtin_5_2	0
generated/builtins/32	0	builtin_5_3	0
generated/builtins/32	0	builtin_5_4	0
generated/builtins/32	0	builtin_5_5	0
generated/builtins/32	0	builtin_6_0	0
generated/builtins/32	0	builtin_6_1	0
generated/builtins/32	0	builtin_6_2	0
generated/builtins/32	0	builtin_6_3	0
generated/builtins/32	0	builtin_6_4	0
generated/builtins/32	0	builtin_6_5	0
generated/builtins/32	0	builtin_7_0	0
generated/builtins/32	0	builtin_7_1	0
generated/builtins/32	0	builtin_7_2	0
generated/builtins/32	0	builtin_7_3	0
generated/builtins/32	0	builtin_7_4	0
generated/builtins/32	0	builtin_7_5	0
generated/builtins/32	0	builtin_8_0	0
generated/builtins/32	0	builtin_8_1	0
generated/builtins/32	0	builtin_8_2	0
generated/builtins/32	0	builtin_8_3	0
generated/builtins/32	0	builtin_8_4	0
generated/builtins/32	0	builtin_8_5	0
generated/builtins/32	0	builtin_9_0	0
generated/builtins/32	0	builtin_9_1	0
generated/builtins/32	0	builtin_9_2	0
generated/builtins/32	0	builtin_9_3	0
generated/builtins/32	0	builtin_9_4	0
generated/builtins/32	0	builtin_9_5	0
generated/builtins/32	0	builtin_10_0	0
generated/builtins/32	0	builtin_10_1	0
generated/builtins/32	0	builtin_10_2	0
generated/builtins/32	0	builtin_10_3	0
generated/builtins/32	0	builtin_10_4	0
generated/builtins/32	0	builtin_10_5	0
generated/builtins/32	0	builtin_11_0	0
generated/builtins/32	0	builtin_11_1	0
generated/builtins/32	0	builtin_11_2	0
generated/builtins/32	0	builtin_11_3	0
generated/builtins/32	0	builtin_11_4	0
generated/builtins/32	0	builtin_11_5	0
generated/builtins/32	0	builtin_12_0	0
generated/builtins/32	0	builtin_12_1	0
generated/builtins/32	0	builtin_12_2	0
generated/builtins/32	0	builtin_12_3	0
generated/builtins/32	0	builtin_12_4	0
generated/builtins/32	0	builtin_12_5	0
generated/builtins/128	0	inference_entries	2
generated/builtins/128	0	inference_ends	2
generated/builtins/128	0	inference_invalid	0
generated/builtins/128	0	inference_failed	0
generated/builtins/128	0	machine_entries	1
generated/builtins/128	0	machine_ends	1
generated/builtins/128	0	machine_invalid	0
generated/builtins/128	0	machine_failed	0
generated/builtins/128	0	machine_active_at_exit	0
generated/builtins/128	0	machine_native_depth	1
generated/builtins/128	0	steps	384
generated/builtins/128	0	requests	257
generated/builtins/128	0	pushes	128
generated/builtins/128	0	finishes	258
generated/builtins/128	0	pending_depth	128
generated/builtins/128	0	branch_depth	0
generated/builtins/128	0	argument_depth	0
generated/builtins/128	0	builtin_depth	0
generated/builtins/128	0	resume_0	0
generated/builtins/128	0	resume_1	0
generated/builtins/128	0	resume_2	0
generated/builtins/128	0	resume_3	0
generated/builtins/128	0	resume_4	0
generated/builtins/128	0	resume_5	0
generated/builtins/128	0	resume_6	0
generated/builtins/128	0	resume_7	0
generated/builtins/128	0	resume_8	0
generated/builtins/128	0	resume_9	0
generated/builtins/128	0	resume_10	0
generated/builtins/128	0	resume_11	0
generated/builtins/128	0	resume_12	0
generated/builtins/128	0	resume_13	0
generated/builtins/128	0	resume_14	128
generated/builtins/128	0	resume_15	0
generated/builtins/128	0	resume_16	128
generated/builtins/128	0	resume_17	0
generated/builtins/128	0	builtin_1_0	128
generated/builtins/128	0	builtin_1_1	128
generated/builtins/128	0	builtin_1_2	0
generated/builtins/128	0	builtin_1_3	0
generated/builtins/128	0	builtin_1_4	0
generated/builtins/128	0	builtin_1_5	0
generated/builtins/128	0	builtin_2_0	0
generated/builtins/128	0	builtin_2_1	0
generated/builtins/128	0	builtin_2_2	0
generated/builtins/128	0	builtin_2_3	0
generated/builtins/128	0	builtin_2_4	0
generated/builtins/128	0	builtin_2_5	0
generated/builtins/128	0	builtin_3_0	0
generated/builtins/128	0	builtin_3_1	0
generated/builtins/128	0	builtin_3_2	0
generated/builtins/128	0	builtin_3_3	0
generated/builtins/128	0	builtin_3_4	0
generated/builtins/128	0	builtin_3_5	0
generated/builtins/128	0	builtin_4_0	0
generated/builtins/128	0	builtin_4_1	0
generated/builtins/128	0	builtin_4_2	0
generated/builtins/128	0	builtin_4_3	0
generated/builtins/128	0	builtin_4_4	0
generated/builtins/128	0	builtin_4_5	0
generated/builtins/128	0	builtin_5_0	0
generated/builtins/128	0	builtin_5_1	0
generated/builtins/128	0	builtin_5_2	0
generated/builtins/128	0	builtin_5_3	0
generated/builtins/128	0	builtin_5_4	0
generated/builtins/128	0	builtin_5_5	0
generated/builtins/128	0	builtin_6_0	0
generated/builtins/128	0	builtin_6_1	0
generated/builtins/128	0	builtin_6_2	0
generated/builtins/128	0	builtin_6_3	0
generated/builtins/128	0	builtin_6_4	0
generated/builtins/128	0	builtin_6_5	0
generated/builtins/128	0	builtin_7_0	0
generated/builtins/128	0	builtin_7_1	0
generated/builtins/128	0	builtin_7_2	0
generated/builtins/128	0	builtin_7_3	0
generated/builtins/128	0	builtin_7_4	0
generated/builtins/128	0	builtin_7_5	0
generated/builtins/128	0	builtin_8_0	0
generated/builtins/128	0	builtin_8_1	0
generated/builtins/128	0	builtin_8_2	0
generated/builtins/128	0	builtin_8_3	0
generated/builtins/128	0	builtin_8_4	0
generated/builtins/128	0	builtin_8_5	0
generated/builtins/128	0	builtin_9_0	0
generated/builtins/128	0	builtin_9_1	0
generated/builtins/128	0	builtin_9_2	0
generated/builtins/128	0	builtin_9_3	0
generated/builtins/128	0	builtin_9_4	0
generated/builtins/128	0	builtin_9_5	0
generated/builtins/128	0	builtin_10_0	0
generated/builtins/128	0	builtin_10_1	0
generated/builtins/128	0	builtin_10_2	0
generated/builtins/128	0	builtin_10_3	0
generated/builtins/128	0	builtin_10_4	0
generated/builtins/128	0	builtin_10_5	0
generated/builtins/128	0	builtin_11_0	0
generated/builtins/128	0	builtin_11_1	0
generated/builtins/128	0	builtin_11_2	0
generated/builtins/128	0	builtin_11_3	0
generated/builtins/128	0	builtin_11_4	0
generated/builtins/128	0	builtin_11_5	0
generated/builtins/128	0	builtin_12_0	0
generated/builtins/128	0	builtin_12_1	0
generated/builtins/128	0	builtin_12_2	0
generated/builtins/128	0	builtin_12_3	0
generated/builtins/128	0	builtin_12_4	0
generated/builtins/128	0	builtin_12_5	0
generated/builtins/512	0	inference_entries	2
generated/builtins/512	0	inference_ends	2
generated/builtins/512	0	inference_invalid	0
generated/builtins/512	0	inference_failed	0
generated/builtins/512	0	machine_entries	1
generated/builtins/512	0	machine_ends	1
generated/builtins/512	0	machine_invalid	0
generated/builtins/512	0	machine_failed	0
generated/builtins/512	0	machine_active_at_exit	0
generated/builtins/512	0	machine_native_depth	1
generated/builtins/512	0	steps	1536
generated/builtins/512	0	requests	1025
generated/builtins/512	0	pushes	512
generated/builtins/512	0	finishes	1026
generated/builtins/512	0	pending_depth	512
generated/builtins/512	0	branch_depth	0
generated/builtins/512	0	argument_depth	0
generated/builtins/512	0	builtin_depth	0
generated/builtins/512	0	resume_0	0
generated/builtins/512	0	resume_1	0
generated/builtins/512	0	resume_2	0
generated/builtins/512	0	resume_3	0
generated/builtins/512	0	resume_4	0
generated/builtins/512	0	resume_5	0
generated/builtins/512	0	resume_6	0
generated/builtins/512	0	resume_7	0
generated/builtins/512	0	resume_8	0
generated/builtins/512	0	resume_9	0
generated/builtins/512	0	resume_10	0
generated/builtins/512	0	resume_11	0
generated/builtins/512	0	resume_12	0
generated/builtins/512	0	resume_13	0
generated/builtins/512	0	resume_14	512
generated/builtins/512	0	resume_15	0
generated/builtins/512	0	resume_16	512
generated/builtins/512	0	resume_17	0
generated/builtins/512	0	builtin_1_0	512
generated/builtins/512	0	builtin_1_1	512
generated/builtins/512	0	builtin_1_2	0
generated/builtins/512	0	builtin_1_3	0
generated/builtins/512	0	builtin_1_4	0
generated/builtins/512	0	builtin_1_5	0
generated/builtins/512	0	builtin_2_0	0
generated/builtins/512	0	builtin_2_1	0
generated/builtins/512	0	builtin_2_2	0
generated/builtins/512	0	builtin_2_3	0
generated/builtins/512	0	builtin_2_4	0
generated/builtins/512	0	builtin_2_5	0
generated/builtins/512	0	builtin_3_0	0
generated/builtins/512	0	builtin_3_1	0
generated/builtins/512	0	builtin_3_2	0
generated/builtins/512	0	builtin_3_3	0
generated/builtins/512	0	builtin_3_4	0
generated/builtins/512	0	builtin_3_5	0
generated/builtins/512	0	builtin_4_0	0
generated/builtins/512	0	builtin_4_1	0
generated/builtins/512	0	builtin_4_2	0
generated/builtins/512	0	builtin_4_3	0
generated/builtins/512	0	builtin_4_4	0
generated/builtins/512	0	builtin_4_5	0
generated/builtins/512	0	builtin_5_0	0
generated/builtins/512	0	builtin_5_1	0
generated/builtins/512	0	builtin_5_2	0
generated/builtins/512	0	builtin_5_3	0
generated/builtins/512	0	builtin_5_4	0
generated/builtins/512	0	builtin_5_5	0
generated/builtins/512	0	builtin_6_0	0
generated/builtins/512	0	builtin_6_1	0
generated/builtins/512	0	builtin_6_2	0
generated/builtins/512	0	builtin_6_3	0
generated/builtins/512	0	builtin_6_4	0
generated/builtins/512	0	builtin_6_5	0
generated/builtins/512	0	builtin_7_0	0
generated/builtins/512	0	builtin_7_1	0
generated/builtins/512	0	builtin_7_2	0
generated/builtins/512	0	builtin_7_3	0
generated/builtins/512	0	builtin_7_4	0
generated/builtins/512	0	builtin_7_5	0
generated/builtins/512	0	builtin_8_0	0
generated/builtins/512	0	builtin_8_1	0
generated/builtins/512	0	builtin_8_2	0
generated/builtins/512	0	builtin_8_3	0
generated/builtins/512	0	builtin_8_4	0
generated/builtins/512	0	builtin_8_5	0
generated/builtins/512	0	builtin_9_0	0
generated/builtins/512	0	builtin_9_1	0
generated/builtins/512	0	builtin_9_2	0
generated/builtins/512	0	builtin_9_3	0
generated/builtins/512	0	builtin_9_4	0
generated/builtins/512	0	builtin_9_5	0
generated/builtins/512	0	builtin_10_0	0
generated/builtins/512	0	builtin_10_1	0
generated/builtins/512	0	builtin_10_2	0
generated/builtins/512	0	builtin_10_3	0
generated/builtins/512	0	builtin_10_4	0
generated/builtins/512	0	builtin_10_5	0
generated/builtins/512	0	builtin_11_0	0
generated/builtins/512	0	builtin_11_1	0
generated/builtins/512	0	builtin_11_2	0
generated/builtins/512	0	builtin_11_3	0
generated/builtins/512	0	builtin_11_4	0
generated/builtins/512	0	builtin_11_5	0
generated/builtins/512	0	builtin_12_0	0
generated/builtins/512	0	builtin_12_1	0
generated/builtins/512	0	builtin_12_2	0
generated/builtins/512	0	builtin_12_3	0
generated/builtins/512	0	builtin_12_4	0
generated/builtins/512	0	builtin_12_5	0
generated/aggregates/8	0	inference_entries	3
generated/aggregates/8	0	inference_ends	3
generated/aggregates/8	0	inference_invalid	0
generated/aggregates/8	0	inference_failed	0
generated/aggregates/8	0	machine_entries	2
generated/aggregates/8	0	machine_ends	2
generated/aggregates/8	0	machine_invalid	0
generated/aggregates/8	0	machine_failed	0
generated/aggregates/8	0	machine_active_at_exit	0
generated/aggregates/8	0	machine_native_depth	1
generated/aggregates/8	0	steps	34
generated/aggregates/8	0	requests	19
generated/aggregates/8	0	pushes	17
generated/aggregates/8	0	finishes	20
generated/aggregates/8	0	pending_depth	16
generated/aggregates/8	0	branch_depth	0
generated/aggregates/8	0	argument_depth	8
generated/aggregates/8	0	builtin_depth	0
generated/aggregates/8	0	resume_0	0
generated/aggregates/8	0	resume_1	0
generated/aggregates/8	0	resume_2	0
generated/aggregates/8	0	resume_3	0
generated/aggregates/8	0	resume_4	0
generated/aggregates/8	0	resume_5	0
generated/aggregates/8	0	resume_6	0
generated/aggregates/8	0	resume_7	1
generated/aggregates/8	0	resume_8	8
generated/aggregates/8	0	resume_9	0
generated/aggregates/8	0	resume_10	8
generated/aggregates/8	0	resume_11	0
generated/aggregates/8	0	resume_12	0
generated/aggregates/8	0	resume_13	0
generated/aggregates/8	0	resume_14	0
generated/aggregates/8	0	resume_15	0
generated/aggregates/8	0	resume_16	0
generated/aggregates/8	0	resume_17	0
generated/aggregates/8	0	builtin_1_0	0
generated/aggregates/8	0	builtin_1_1	0
generated/aggregates/8	0	builtin_1_2	0
generated/aggregates/8	0	builtin_1_3	0
generated/aggregates/8	0	builtin_1_4	0
generated/aggregates/8	0	builtin_1_5	0
generated/aggregates/8	0	builtin_2_0	0
generated/aggregates/8	0	builtin_2_1	0
generated/aggregates/8	0	builtin_2_2	0
generated/aggregates/8	0	builtin_2_3	0
generated/aggregates/8	0	builtin_2_4	0
generated/aggregates/8	0	builtin_2_5	0
generated/aggregates/8	0	builtin_3_0	0
generated/aggregates/8	0	builtin_3_1	0
generated/aggregates/8	0	builtin_3_2	0
generated/aggregates/8	0	builtin_3_3	0
generated/aggregates/8	0	builtin_3_4	0
generated/aggregates/8	0	builtin_3_5	0
generated/aggregates/8	0	builtin_4_0	0
generated/aggregates/8	0	builtin_4_1	0
generated/aggregates/8	0	builtin_4_2	0
generated/aggregates/8	0	builtin_4_3	0
generated/aggregates/8	0	builtin_4_4	0
generated/aggregates/8	0	builtin_4_5	0
generated/aggregates/8	0	builtin_5_0	0
generated/aggregates/8	0	builtin_5_1	0
generated/aggregates/8	0	builtin_5_2	0
generated/aggregates/8	0	builtin_5_3	0
generated/aggregates/8	0	builtin_5_4	0
generated/aggregates/8	0	builtin_5_5	0
generated/aggregates/8	0	builtin_6_0	0
generated/aggregates/8	0	builtin_6_1	0
generated/aggregates/8	0	builtin_6_2	0
generated/aggregates/8	0	builtin_6_3	0
generated/aggregates/8	0	builtin_6_4	0
generated/aggregates/8	0	builtin_6_5	0
generated/aggregates/8	0	builtin_7_0	0
generated/aggregates/8	0	builtin_7_1	0
generated/aggregates/8	0	builtin_7_2	0
generated/aggregates/8	0	builtin_7_3	0
generated/aggregates/8	0	builtin_7_4	0
generated/aggregates/8	0	builtin_7_5	0
generated/aggregates/8	0	builtin_8_0	0
generated/aggregates/8	0	builtin_8_1	0
generated/aggregates/8	0	builtin_8_2	0
generated/aggregates/8	0	builtin_8_3	0
generated/aggregates/8	0	builtin_8_4	0
generated/aggregates/8	0	builtin_8_5	0
generated/aggregates/8	0	builtin_9_0	0
generated/aggregates/8	0	builtin_9_1	0
generated/aggregates/8	0	builtin_9_2	0
generated/aggregates/8	0	builtin_9_3	0
generated/aggregates/8	0	builtin_9_4	0
generated/aggregates/8	0	builtin_9_5	0
generated/aggregates/8	0	builtin_10_0	0
generated/aggregates/8	0	builtin_10_1	0
generated/aggregates/8	0	builtin_10_2	0
generated/aggregates/8	0	builtin_10_3	0
generated/aggregates/8	0	builtin_10_4	0
generated/aggregates/8	0	builtin_10_5	0
generated/aggregates/8	0	builtin_11_0	0
generated/aggregates/8	0	builtin_11_1	0
generated/aggregates/8	0	builtin_11_2	0
generated/aggregates/8	0	builtin_11_3	0
generated/aggregates/8	0	builtin_11_4	0
generated/aggregates/8	0	builtin_11_5	0
generated/aggregates/8	0	builtin_12_0	0
generated/aggregates/8	0	builtin_12_1	0
generated/aggregates/8	0	builtin_12_2	0
generated/aggregates/8	0	builtin_12_3	0
generated/aggregates/8	0	builtin_12_4	0
generated/aggregates/8	0	builtin_12_5	0
generated/aggregates/32	0	inference_entries	3
generated/aggregates/32	0	inference_ends	3
generated/aggregates/32	0	inference_invalid	0
generated/aggregates/32	0	inference_failed	0
generated/aggregates/32	0	machine_entries	2
generated/aggregates/32	0	machine_ends	2
generated/aggregates/32	0	machine_invalid	0
generated/aggregates/32	0	machine_failed	0
generated/aggregates/32	0	machine_active_at_exit	0
generated/aggregates/32	0	machine_native_depth	1
generated/aggregates/32	0	steps	130
generated/aggregates/32	0	requests	67
generated/aggregates/32	0	pushes	65
generated/aggregates/32	0	finishes	68
generated/aggregates/32	0	pending_depth	64
generated/aggregates/32	0	branch_depth	0
generated/aggregates/32	0	argument_depth	32
generated/aggregates/32	0	builtin_depth	0
generated/aggregates/32	0	resume_0	0
generated/aggregates/32	0	resume_1	0
generated/aggregates/32	0	resume_2	0
generated/aggregates/32	0	resume_3	0
generated/aggregates/32	0	resume_4	0
generated/aggregates/32	0	resume_5	0
generated/aggregates/32	0	resume_6	0
generated/aggregates/32	0	resume_7	1
generated/aggregates/32	0	resume_8	32
generated/aggregates/32	0	resume_9	0
generated/aggregates/32	0	resume_10	32
generated/aggregates/32	0	resume_11	0
generated/aggregates/32	0	resume_12	0
generated/aggregates/32	0	resume_13	0
generated/aggregates/32	0	resume_14	0
generated/aggregates/32	0	resume_15	0
generated/aggregates/32	0	resume_16	0
generated/aggregates/32	0	resume_17	0
generated/aggregates/32	0	builtin_1_0	0
generated/aggregates/32	0	builtin_1_1	0
generated/aggregates/32	0	builtin_1_2	0
generated/aggregates/32	0	builtin_1_3	0
generated/aggregates/32	0	builtin_1_4	0
generated/aggregates/32	0	builtin_1_5	0
generated/aggregates/32	0	builtin_2_0	0
generated/aggregates/32	0	builtin_2_1	0
generated/aggregates/32	0	builtin_2_2	0
generated/aggregates/32	0	builtin_2_3	0
generated/aggregates/32	0	builtin_2_4	0
generated/aggregates/32	0	builtin_2_5	0
generated/aggregates/32	0	builtin_3_0	0
generated/aggregates/32	0	builtin_3_1	0
generated/aggregates/32	0	builtin_3_2	0
generated/aggregates/32	0	builtin_3_3	0
generated/aggregates/32	0	builtin_3_4	0
generated/aggregates/32	0	builtin_3_5	0
generated/aggregates/32	0	builtin_4_0	0
generated/aggregates/32	0	builtin_4_1	0
generated/aggregates/32	0	builtin_4_2	0
generated/aggregates/32	0	builtin_4_3	0
generated/aggregates/32	0	builtin_4_4	0
generated/aggregates/32	0	builtin_4_5	0
generated/aggregates/32	0	builtin_5_0	0
generated/aggregates/32	0	builtin_5_1	0
generated/aggregates/32	0	builtin_5_2	0
generated/aggregates/32	0	builtin_5_3	0
generated/aggregates/32	0	builtin_5_4	0
generated/aggregates/32	0	builtin_5_5	0
generated/aggregates/32	0	builtin_6_0	0
generated/aggregates/32	0	builtin_6_1	0
generated/aggregates/32	0	builtin_6_2	0
generated/aggregates/32	0	builtin_6_3	0
generated/aggregates/32	0	builtin_6_4	0
generated/aggregates/32	0	builtin_6_5	0
generated/aggregates/32	0	builtin_7_0	0
generated/aggregates/32	0	builtin_7_1	0
generated/aggregates/32	0	builtin_7_2	0
generated/aggregates/32	0	builtin_7_3	0
generated/aggregates/32	0	builtin_7_4	0
generated/aggregates/32	0	builtin_7_5	0
generated/aggregates/32	0	builtin_8_0	0
generated/aggregates/32	0	builtin_8_1	0
generated/aggregates/32	0	builtin_8_2	0
generated/aggregates/32	0	builtin_8_3	0
generated/aggregates/32	0	builtin_8_4	0
generated/aggregates/32	0	builtin_8_5	0
generated/aggregates/32	0	builtin_9_0	0
generated/aggregates/32	0	builtin_9_1	0
generated/aggregates/32	0	builtin_9_2	0
generated/aggregates/32	0	builtin_9_3	0
generated/aggregates/32	0	builtin_9_4	0
generated/aggregates/32	0	builtin_9_5	0
generated/aggregates/32	0	builtin_10_0	0
generated/aggregates/32	0	builtin_10_1	0
generated/aggregates/32	0	builtin_10_2	0
generated/aggregates/32	0	builtin_10_3	0
generated/aggregates/32	0	builtin_10_4	0
generated/aggregates/32	0	builtin_10_5	0
generated/aggregates/32	0	builtin_11_0	0
generated/aggregates/32	0	builtin_11_1	0
generated/aggregates/32	0	builtin_11_2	0
generated/aggregates/32	0	builtin_11_3	0
generated/aggregates/32	0	builtin_11_4	0
generated/aggregates/32	0	builtin_11_5	0
generated/aggregates/32	0	builtin_12_0	0
generated/aggregates/32	0	builtin_12_1	0
generated/aggregates/32	0	builtin_12_2	0
generated/aggregates/32	0	builtin_12_3	0
generated/aggregates/32	0	builtin_12_4	0
generated/aggregates/32	0	builtin_12_5	0
generated/aggregates/128	0	inference_entries	3
generated/aggregates/128	0	inference_ends	3
generated/aggregates/128	0	inference_invalid	0
generated/aggregates/128	0	inference_failed	0
generated/aggregates/128	0	machine_entries	2
generated/aggregates/128	0	machine_ends	2
generated/aggregates/128	0	machine_invalid	0
generated/aggregates/128	0	machine_failed	0
generated/aggregates/128	0	machine_active_at_exit	0
generated/aggregates/128	0	machine_native_depth	1
generated/aggregates/128	0	steps	514
generated/aggregates/128	0	requests	259
generated/aggregates/128	0	pushes	257
generated/aggregates/128	0	finishes	260
generated/aggregates/128	0	pending_depth	256
generated/aggregates/128	0	branch_depth	0
generated/aggregates/128	0	argument_depth	128
generated/aggregates/128	0	builtin_depth	0
generated/aggregates/128	0	resume_0	0
generated/aggregates/128	0	resume_1	0
generated/aggregates/128	0	resume_2	0
generated/aggregates/128	0	resume_3	0
generated/aggregates/128	0	resume_4	0
generated/aggregates/128	0	resume_5	0
generated/aggregates/128	0	resume_6	0
generated/aggregates/128	0	resume_7	1
generated/aggregates/128	0	resume_8	128
generated/aggregates/128	0	resume_9	0
generated/aggregates/128	0	resume_10	128
generated/aggregates/128	0	resume_11	0
generated/aggregates/128	0	resume_12	0
generated/aggregates/128	0	resume_13	0
generated/aggregates/128	0	resume_14	0
generated/aggregates/128	0	resume_15	0
generated/aggregates/128	0	resume_16	0
generated/aggregates/128	0	resume_17	0
generated/aggregates/128	0	builtin_1_0	0
generated/aggregates/128	0	builtin_1_1	0
generated/aggregates/128	0	builtin_1_2	0
generated/aggregates/128	0	builtin_1_3	0
generated/aggregates/128	0	builtin_1_4	0
generated/aggregates/128	0	builtin_1_5	0
generated/aggregates/128	0	builtin_2_0	0
generated/aggregates/128	0	builtin_2_1	0
generated/aggregates/128	0	builtin_2_2	0
generated/aggregates/128	0	builtin_2_3	0
generated/aggregates/128	0	builtin_2_4	0
generated/aggregates/128	0	builtin_2_5	0
generated/aggregates/128	0	builtin_3_0	0
generated/aggregates/128	0	builtin_3_1	0
generated/aggregates/128	0	builtin_3_2	0
generated/aggregates/128	0	builtin_3_3	0
generated/aggregates/128	0	builtin_3_4	0
generated/aggregates/128	0	builtin_3_5	0
generated/aggregates/128	0	builtin_4_0	0
generated/aggregates/128	0	builtin_4_1	0
generated/aggregates/128	0	builtin_4_2	0
generated/aggregates/128	0	builtin_4_3	0
generated/aggregates/128	0	builtin_4_4	0
generated/aggregates/128	0	builtin_4_5	0
generated/aggregates/128	0	builtin_5_0	0
generated/aggregates/128	0	builtin_5_1	0
generated/aggregates/128	0	builtin_5_2	0
generated/aggregates/128	0	builtin_5_3	0
generated/aggregates/128	0	builtin_5_4	0
generated/aggregates/128	0	builtin_5_5	0
generated/aggregates/128	0	builtin_6_0	0
generated/aggregates/128	0	builtin_6_1	0
generated/aggregates/128	0	builtin_6_2	0
generated/aggregates/128	0	builtin_6_3	0
generated/aggregates/128	0	builtin_6_4	0
generated/aggregates/128	0	builtin_6_5	0
generated/aggregates/128	0	builtin_7_0	0
generated/aggregates/128	0	builtin_7_1	0
generated/aggregates/128	0	builtin_7_2	0
generated/aggregates/128	0	builtin_7_3	0
generated/aggregates/128	0	builtin_7_4	0
generated/aggregates/128	0	builtin_7_5	0
generated/aggregates/128	0	builtin_8_0	0
generated/aggregates/128	0	builtin_8_1	0
generated/aggregates/128	0	builtin_8_2	0
generated/aggregates/128	0	builtin_8_3	0
generated/aggregates/128	0	builtin_8_4	0
generated/aggregates/128	0	builtin_8_5	0
generated/aggregates/128	0	builtin_9_0	0
generated/aggregates/128	0	builtin_9_1	0
generated/aggregates/128	0	builtin_9_2	0
generated/aggregates/128	0	builtin_9_3	0
generated/aggregates/128	0	builtin_9_4	0
generated/aggregates/128	0	builtin_9_5	0
generated/aggregates/128	0	builtin_10_0	0
generated/aggregates/128	0	builtin_10_1	0
generated/aggregates/128	0	builtin_10_2	0
generated/aggregates/128	0	builtin_10_3	0
generated/aggregates/128	0	builtin_10_4	0
generated/aggregates/128	0	builtin_10_5	0
generated/aggregates/128	0	builtin_11_0	0
generated/aggregates/128	0	builtin_11_1	0
generated/aggregates/128	0	builtin_11_2	0
generated/aggregates/128	0	builtin_11_3	0
generated/aggregates/128	0	builtin_11_4	0
generated/aggregates/128	0	builtin_11_5	0
generated/aggregates/128	0	builtin_12_0	0
generated/aggregates/128	0	builtin_12_1	0
generated/aggregates/128	0	builtin_12_2	0
generated/aggregates/128	0	builtin_12_3	0
generated/aggregates/128	0	builtin_12_4	0
generated/aggregates/128	0	builtin_12_5	0
generated/aggregates/512	0	inference_entries	3
generated/aggregates/512	0	inference_ends	3
generated/aggregates/512	0	inference_invalid	0
generated/aggregates/512	0	inference_failed	0
generated/aggregates/512	0	machine_entries	2
generated/aggregates/512	0	machine_ends	2
generated/aggregates/512	0	machine_invalid	0
generated/aggregates/512	0	machine_failed	0
generated/aggregates/512	0	machine_active_at_exit	0
generated/aggregates/512	0	machine_native_depth	1
generated/aggregates/512	0	steps	2050
generated/aggregates/512	0	requests	1027
generated/aggregates/512	0	pushes	1025
generated/aggregates/512	0	finishes	1028
generated/aggregates/512	0	pending_depth	1024
generated/aggregates/512	0	branch_depth	0
generated/aggregates/512	0	argument_depth	512
generated/aggregates/512	0	builtin_depth	0
generated/aggregates/512	0	resume_0	0
generated/aggregates/512	0	resume_1	0
generated/aggregates/512	0	resume_2	0
generated/aggregates/512	0	resume_3	0
generated/aggregates/512	0	resume_4	0
generated/aggregates/512	0	resume_5	0
generated/aggregates/512	0	resume_6	0
generated/aggregates/512	0	resume_7	1
generated/aggregates/512	0	resume_8	512
generated/aggregates/512	0	resume_9	0
generated/aggregates/512	0	resume_10	512
generated/aggregates/512	0	resume_11	0
generated/aggregates/512	0	resume_12	0
generated/aggregates/512	0	resume_13	0
generated/aggregates/512	0	resume_14	0
generated/aggregates/512	0	resume_15	0
generated/aggregates/512	0	resume_16	0
generated/aggregates/512	0	resume_17	0
generated/aggregates/512	0	builtin_1_0	0
generated/aggregates/512	0	builtin_1_1	0
generated/aggregates/512	0	builtin_1_2	0
generated/aggregates/512	0	builtin_1_3	0
generated/aggregates/512	0	builtin_1_4	0
generated/aggregates/512	0	builtin_1_5	0
generated/aggregates/512	0	builtin_2_0	0
generated/aggregates/512	0	builtin_2_1	0
generated/aggregates/512	0	builtin_2_2	0
generated/aggregates/512	0	builtin_2_3	0
generated/aggregates/512	0	builtin_2_4	0
generated/aggregates/512	0	builtin_2_5	0
generated/aggregates/512	0	builtin_3_0	0
generated/aggregates/512	0	builtin_3_1	0
generated/aggregates/512	0	builtin_3_2	0
generated/aggregates/512	0	builtin_3_3	0
generated/aggregates/512	0	builtin_3_4	0
generated/aggregates/512	0	builtin_3_5	0
generated/aggregates/512	0	builtin_4_0	0
generated/aggregates/512	0	builtin_4_1	0
generated/aggregates/512	0	builtin_4_2	0
generated/aggregates/512	0	builtin_4_3	0
generated/aggregates/512	0	builtin_4_4	0
generated/aggregates/512	0	builtin_4_5	0
generated/aggregates/512	0	builtin_5_0	0
generated/aggregates/512	0	builtin_5_1	0
generated/aggregates/512	0	builtin_5_2	0
generated/aggregates/512	0	builtin_5_3	0
generated/aggregates/512	0	builtin_5_4	0
generated/aggregates/512	0	builtin_5_5	0
generated/aggregates/512	0	builtin_6_0	0
generated/aggregates/512	0	builtin_6_1	0
generated/aggregates/512	0	builtin_6_2	0
generated/aggregates/512	0	builtin_6_3	0
generated/aggregates/512	0	builtin_6_4	0
generated/aggregates/512	0	builtin_6_5	0
generated/aggregates/512	0	builtin_7_0	0
generated/aggregates/512	0	builtin_7_1	0
generated/aggregates/512	0	builtin_7_2	0
generated/aggregates/512	0	builtin_7_3	0
generated/aggregates/512	0	builtin_7_4	0
generated/aggregates/512	0	builtin_7_5	0
generated/aggregates/512	0	builtin_8_0	0
generated/aggregates/512	0	builtin_8_1	0
generated/aggregates/512	0	builtin_8_2	0
generated/aggregates/512	0	builtin_8_3	0
generated/aggregates/512	0	builtin_8_4	0
generated/aggregates/512	0	builtin_8_5	0
generated/aggregates/512	0	builtin_9_0	0
generated/aggregates/512	0	builtin_9_1	0
generated/aggregates/512	0	builtin_9_2	0
generated/aggregates/512	0	builtin_9_3	0
generated/aggregates/512	0	builtin_9_4	0
generated/aggregates/512	0	builtin_9_5	0
generated/aggregates/512	0	builtin_10_0	0
generated/aggregates/512	0	builtin_10_1	0
generated/aggregates/512	0	builtin_10_2	0
generated/aggregates/512	0	builtin_10_3	0
generated/aggregates/512	0	builtin_10_4	0
generated/aggregates/512	0	builtin_10_5	0
generated/aggregates/512	0	builtin_11_0	0
generated/aggregates/512	0	builtin_11_1	0
generated/aggregates/512	0	builtin_11_2	0
generated/aggregates/512	0	builtin_11_3	0
generated/aggregates/512	0	builtin_11_4	0
generated/aggregates/512	0	builtin_11_5	0
generated/aggregates/512	0	builtin_12_0	0
generated/aggregates/512	0	builtin_12_1	0
generated/aggregates/512	0	builtin_12_2	0
generated/aggregates/512	0	builtin_12_3	0
generated/aggregates/512	0	builtin_12_4	0
generated/aggregates/512	0	builtin_12_5	0
generated/payloads/8	0	inference_entries	3
generated/payloads/8	0	inference_ends	3
generated/payloads/8	0	inference_invalid	0
generated/payloads/8	0	inference_failed	0
generated/payloads/8	0	machine_entries	2
generated/payloads/8	0	machine_ends	2
generated/payloads/8	0	machine_invalid	0
generated/payloads/8	0	machine_failed	0
generated/payloads/8	0	machine_active_at_exit	0
generated/payloads/8	0	machine_native_depth	1
generated/payloads/8	0	steps	35
generated/payloads/8	0	requests	20
generated/payloads/8	0	pushes	17
generated/payloads/8	0	finishes	21
generated/payloads/8	0	pending_depth	16
generated/payloads/8	0	branch_depth	1
generated/payloads/8	0	argument_depth	8
generated/payloads/8	0	builtin_depth	0
generated/payloads/8	0	resume_0	0
generated/payloads/8	0	resume_1	0
generated/payloads/8	0	resume_2	0
generated/payloads/8	0	resume_3	0
generated/payloads/8	0	resume_4	1
generated/payloads/8	0	resume_5	1
generated/payloads/8	0	resume_6	0
generated/payloads/8	0	resume_7	0
generated/payloads/8	0	resume_8	0
generated/payloads/8	0	resume_9	8
generated/payloads/8	0	resume_10	8
generated/payloads/8	0	resume_11	0
generated/payloads/8	0	resume_12	0
generated/payloads/8	0	resume_13	0
generated/payloads/8	0	resume_14	0
generated/payloads/8	0	resume_15	0
generated/payloads/8	0	resume_16	0
generated/payloads/8	0	resume_17	0
generated/payloads/8	0	builtin_1_0	0
generated/payloads/8	0	builtin_1_1	0
generated/payloads/8	0	builtin_1_2	0
generated/payloads/8	0	builtin_1_3	0
generated/payloads/8	0	builtin_1_4	0
generated/payloads/8	0	builtin_1_5	0
generated/payloads/8	0	builtin_2_0	0
generated/payloads/8	0	builtin_2_1	0
generated/payloads/8	0	builtin_2_2	0
generated/payloads/8	0	builtin_2_3	0
generated/payloads/8	0	builtin_2_4	0
generated/payloads/8	0	builtin_2_5	0
generated/payloads/8	0	builtin_3_0	0
generated/payloads/8	0	builtin_3_1	0
generated/payloads/8	0	builtin_3_2	0
generated/payloads/8	0	builtin_3_3	0
generated/payloads/8	0	builtin_3_4	0
generated/payloads/8	0	builtin_3_5	0
generated/payloads/8	0	builtin_4_0	0
generated/payloads/8	0	builtin_4_1	0
generated/payloads/8	0	builtin_4_2	0
generated/payloads/8	0	builtin_4_3	0
generated/payloads/8	0	builtin_4_4	0
generated/payloads/8	0	builtin_4_5	0
generated/payloads/8	0	builtin_5_0	0
generated/payloads/8	0	builtin_5_1	0
generated/payloads/8	0	builtin_5_2	0
generated/payloads/8	0	builtin_5_3	0
generated/payloads/8	0	builtin_5_4	0
generated/payloads/8	0	builtin_5_5	0
generated/payloads/8	0	builtin_6_0	0
generated/payloads/8	0	builtin_6_1	0
generated/payloads/8	0	builtin_6_2	0
generated/payloads/8	0	builtin_6_3	0
generated/payloads/8	0	builtin_6_4	0
generated/payloads/8	0	builtin_6_5	0
generated/payloads/8	0	builtin_7_0	0
generated/payloads/8	0	builtin_7_1	0
generated/payloads/8	0	builtin_7_2	0
generated/payloads/8	0	builtin_7_3	0
generated/payloads/8	0	builtin_7_4	0
generated/payloads/8	0	builtin_7_5	0
generated/payloads/8	0	builtin_8_0	0
generated/payloads/8	0	builtin_8_1	0
generated/payloads/8	0	builtin_8_2	0
generated/payloads/8	0	builtin_8_3	0
generated/payloads/8	0	builtin_8_4	0
generated/payloads/8	0	builtin_8_5	0
generated/payloads/8	0	builtin_9_0	0
generated/payloads/8	0	builtin_9_1	0
generated/payloads/8	0	builtin_9_2	0
generated/payloads/8	0	builtin_9_3	0
generated/payloads/8	0	builtin_9_4	0
generated/payloads/8	0	builtin_9_5	0
generated/payloads/8	0	builtin_10_0	0
generated/payloads/8	0	builtin_10_1	0
generated/payloads/8	0	builtin_10_2	0
generated/payloads/8	0	builtin_10_3	0
generated/payloads/8	0	builtin_10_4	0
generated/payloads/8	0	builtin_10_5	0
generated/payloads/8	0	builtin_11_0	0
generated/payloads/8	0	builtin_11_1	0
generated/payloads/8	0	builtin_11_2	0
generated/payloads/8	0	builtin_11_3	0
generated/payloads/8	0	builtin_11_4	0
generated/payloads/8	0	builtin_11_5	0
generated/payloads/8	0	builtin_12_0	0
generated/payloads/8	0	builtin_12_1	0
generated/payloads/8	0	builtin_12_2	0
generated/payloads/8	0	builtin_12_3	0
generated/payloads/8	0	builtin_12_4	0
generated/payloads/8	0	builtin_12_5	0
generated/payloads/32	0	inference_entries	3
generated/payloads/32	0	inference_ends	3
generated/payloads/32	0	inference_invalid	0
generated/payloads/32	0	inference_failed	0
generated/payloads/32	0	machine_entries	2
generated/payloads/32	0	machine_ends	2
generated/payloads/32	0	machine_invalid	0
generated/payloads/32	0	machine_failed	0
generated/payloads/32	0	machine_active_at_exit	0
generated/payloads/32	0	machine_native_depth	1
generated/payloads/32	0	steps	131
generated/payloads/32	0	requests	68
generated/payloads/32	0	pushes	65
generated/payloads/32	0	finishes	69
generated/payloads/32	0	pending_depth	64
generated/payloads/32	0	branch_depth	1
generated/payloads/32	0	argument_depth	32
generated/payloads/32	0	builtin_depth	0
generated/payloads/32	0	resume_0	0
generated/payloads/32	0	resume_1	0
generated/payloads/32	0	resume_2	0
generated/payloads/32	0	resume_3	0
generated/payloads/32	0	resume_4	1
generated/payloads/32	0	resume_5	1
generated/payloads/32	0	resume_6	0
generated/payloads/32	0	resume_7	0
generated/payloads/32	0	resume_8	0
generated/payloads/32	0	resume_9	32
generated/payloads/32	0	resume_10	32
generated/payloads/32	0	resume_11	0
generated/payloads/32	0	resume_12	0
generated/payloads/32	0	resume_13	0
generated/payloads/32	0	resume_14	0
generated/payloads/32	0	resume_15	0
generated/payloads/32	0	resume_16	0
generated/payloads/32	0	resume_17	0
generated/payloads/32	0	builtin_1_0	0
generated/payloads/32	0	builtin_1_1	0
generated/payloads/32	0	builtin_1_2	0
generated/payloads/32	0	builtin_1_3	0
generated/payloads/32	0	builtin_1_4	0
generated/payloads/32	0	builtin_1_5	0
generated/payloads/32	0	builtin_2_0	0
generated/payloads/32	0	builtin_2_1	0
generated/payloads/32	0	builtin_2_2	0
generated/payloads/32	0	builtin_2_3	0
generated/payloads/32	0	builtin_2_4	0
generated/payloads/32	0	builtin_2_5	0
generated/payloads/32	0	builtin_3_0	0
generated/payloads/32	0	builtin_3_1	0
generated/payloads/32	0	builtin_3_2	0
generated/payloads/32	0	builtin_3_3	0
generated/payloads/32	0	builtin_3_4	0
generated/payloads/32	0	builtin_3_5	0
generated/payloads/32	0	builtin_4_0	0
generated/payloads/32	0	builtin_4_1	0
generated/payloads/32	0	builtin_4_2	0
generated/payloads/32	0	builtin_4_3	0
generated/payloads/32	0	builtin_4_4	0
generated/payloads/32	0	builtin_4_5	0
generated/payloads/32	0	builtin_5_0	0
generated/payloads/32	0	builtin_5_1	0
generated/payloads/32	0	builtin_5_2	0
generated/payloads/32	0	builtin_5_3	0
generated/payloads/32	0	builtin_5_4	0
generated/payloads/32	0	builtin_5_5	0
generated/payloads/32	0	builtin_6_0	0
generated/payloads/32	0	builtin_6_1	0
generated/payloads/32	0	builtin_6_2	0
generated/payloads/32	0	builtin_6_3	0
generated/payloads/32	0	builtin_6_4	0
generated/payloads/32	0	builtin_6_5	0
generated/payloads/32	0	builtin_7_0	0
generated/payloads/32	0	builtin_7_1	0
generated/payloads/32	0	builtin_7_2	0
generated/payloads/32	0	builtin_7_3	0
generated/payloads/32	0	builtin_7_4	0
generated/payloads/32	0	builtin_7_5	0
generated/payloads/32	0	builtin_8_0	0
generated/payloads/32	0	builtin_8_1	0
generated/payloads/32	0	builtin_8_2	0
generated/payloads/32	0	builtin_8_3	0
generated/payloads/32	0	builtin_8_4	0
generated/payloads/32	0	builtin_8_5	0
generated/payloads/32	0	builtin_9_0	0
generated/payloads/32	0	builtin_9_1	0
generated/payloads/32	0	builtin_9_2	0
generated/payloads/32	0	builtin_9_3	0
generated/payloads/32	0	builtin_9_4	0
generated/payloads/32	0	builtin_9_5	0
generated/payloads/32	0	builtin_10_0	0
generated/payloads/32	0	builtin_10_1	0
generated/payloads/32	0	builtin_10_2	0
generated/payloads/32	0	builtin_10_3	0
generated/payloads/32	0	builtin_10_4	0
generated/payloads/32	0	builtin_10_5	0
generated/payloads/32	0	builtin_11_0	0
generated/payloads/32	0	builtin_11_1	0
generated/payloads/32	0	builtin_11_2	0
generated/payloads/32	0	builtin_11_3	0
generated/payloads/32	0	builtin_11_4	0
generated/payloads/32	0	builtin_11_5	0
generated/payloads/32	0	builtin_12_0	0
generated/payloads/32	0	builtin_12_1	0
generated/payloads/32	0	builtin_12_2	0
generated/payloads/32	0	builtin_12_3	0
generated/payloads/32	0	builtin_12_4	0
generated/payloads/32	0	builtin_12_5	0
generated/payloads/128	0	inference_entries	3
generated/payloads/128	0	inference_ends	3
generated/payloads/128	0	inference_invalid	0
generated/payloads/128	0	inference_failed	0
generated/payloads/128	0	machine_entries	2
generated/payloads/128	0	machine_ends	2
generated/payloads/128	0	machine_invalid	0
generated/payloads/128	0	machine_failed	0
generated/payloads/128	0	machine_active_at_exit	0
generated/payloads/128	0	machine_native_depth	1
generated/payloads/128	0	steps	515
generated/payloads/128	0	requests	260
generated/payloads/128	0	pushes	257
generated/payloads/128	0	finishes	261
generated/payloads/128	0	pending_depth	256
generated/payloads/128	0	branch_depth	1
generated/payloads/128	0	argument_depth	128
generated/payloads/128	0	builtin_depth	0
generated/payloads/128	0	resume_0	0
generated/payloads/128	0	resume_1	0
generated/payloads/128	0	resume_2	0
generated/payloads/128	0	resume_3	0
generated/payloads/128	0	resume_4	1
generated/payloads/128	0	resume_5	1
generated/payloads/128	0	resume_6	0
generated/payloads/128	0	resume_7	0
generated/payloads/128	0	resume_8	0
generated/payloads/128	0	resume_9	128
generated/payloads/128	0	resume_10	128
generated/payloads/128	0	resume_11	0
generated/payloads/128	0	resume_12	0
generated/payloads/128	0	resume_13	0
generated/payloads/128	0	resume_14	0
generated/payloads/128	0	resume_15	0
generated/payloads/128	0	resume_16	0
generated/payloads/128	0	resume_17	0
generated/payloads/128	0	builtin_1_0	0
generated/payloads/128	0	builtin_1_1	0
generated/payloads/128	0	builtin_1_2	0
generated/payloads/128	0	builtin_1_3	0
generated/payloads/128	0	builtin_1_4	0
generated/payloads/128	0	builtin_1_5	0
generated/payloads/128	0	builtin_2_0	0
generated/payloads/128	0	builtin_2_1	0
generated/payloads/128	0	builtin_2_2	0
generated/payloads/128	0	builtin_2_3	0
generated/payloads/128	0	builtin_2_4	0
generated/payloads/128	0	builtin_2_5	0
generated/payloads/128	0	builtin_3_0	0
generated/payloads/128	0	builtin_3_1	0
generated/payloads/128	0	builtin_3_2	0
generated/payloads/128	0	builtin_3_3	0
generated/payloads/128	0	builtin_3_4	0
generated/payloads/128	0	builtin_3_5	0
generated/payloads/128	0	builtin_4_0	0
generated/payloads/128	0	builtin_4_1	0
generated/payloads/128	0	builtin_4_2	0
generated/payloads/128	0	builtin_4_3	0
generated/payloads/128	0	builtin_4_4	0
generated/payloads/128	0	builtin_4_5	0
generated/payloads/128	0	builtin_5_0	0
generated/payloads/128	0	builtin_5_1	0
generated/payloads/128	0	builtin_5_2	0
generated/payloads/128	0	builtin_5_3	0
generated/payloads/128	0	builtin_5_4	0
generated/payloads/128	0	builtin_5_5	0
generated/payloads/128	0	builtin_6_0	0
generated/payloads/128	0	builtin_6_1	0
generated/payloads/128	0	builtin_6_2	0
generated/payloads/128	0	builtin_6_3	0
generated/payloads/128	0	builtin_6_4	0
generated/payloads/128	0	builtin_6_5	0
generated/payloads/128	0	builtin_7_0	0
generated/payloads/128	0	builtin_7_1	0
generated/payloads/128	0	builtin_7_2	0
generated/payloads/128	0	builtin_7_3	0
generated/payloads/128	0	builtin_7_4	0
generated/payloads/128	0	builtin_7_5	0
generated/payloads/128	0	builtin_8_0	0
generated/payloads/128	0	builtin_8_1	0
generated/payloads/128	0	builtin_8_2	0
generated/payloads/128	0	builtin_8_3	0
generated/payloads/128	0	builtin_8_4	0
generated/payloads/128	0	builtin_8_5	0
generated/payloads/128	0	builtin_9_0	0
generated/payloads/128	0	builtin_9_1	0
generated/payloads/128	0	builtin_9_2	0
generated/payloads/128	0	builtin_9_3	0
generated/payloads/128	0	builtin_9_4	0
generated/payloads/128	0	builtin_9_5	0
generated/payloads/128	0	builtin_10_0	0
generated/payloads/128	0	builtin_10_1	0
generated/payloads/128	0	builtin_10_2	0
generated/payloads/128	0	builtin_10_3	0
generated/payloads/128	0	builtin_10_4	0
generated/payloads/128	0	builtin_10_5	0
generated/payloads/128	0	builtin_11_0	0
generated/payloads/128	0	builtin_11_1	0
generated/payloads/128	0	builtin_11_2	0
generated/payloads/128	0	builtin_11_3	0
generated/payloads/128	0	builtin_11_4	0
generated/payloads/128	0	builtin_11_5	0
generated/payloads/128	0	builtin_12_0	0
generated/payloads/128	0	builtin_12_1	0
generated/payloads/128	0	builtin_12_2	0
generated/payloads/128	0	builtin_12_3	0
generated/payloads/128	0	builtin_12_4	0
generated/payloads/128	0	builtin_12_5	0
generated/payloads/512	0	inference_entries	3
generated/payloads/512	0	inference_ends	3
generated/payloads/512	0	inference_invalid	0
generated/payloads/512	0	inference_failed	0
generated/payloads/512	0	machine_entries	2
generated/payloads/512	0	machine_ends	2
generated/payloads/512	0	machine_invalid	0
generated/payloads/512	0	machine_failed	0
generated/payloads/512	0	machine_active_at_exit	0
generated/payloads/512	0	machine_native_depth	1
generated/payloads/512	0	steps	2051
generated/payloads/512	0	requests	1028
generated/payloads/512	0	pushes	1025
generated/payloads/512	0	finishes	1029
generated/payloads/512	0	pending_depth	1024
generated/payloads/512	0	branch_depth	1
generated/payloads/512	0	argument_depth	512
generated/payloads/512	0	builtin_depth	0
generated/payloads/512	0	resume_0	0
generated/payloads/512	0	resume_1	0
generated/payloads/512	0	resume_2	0
generated/payloads/512	0	resume_3	0
generated/payloads/512	0	resume_4	1
generated/payloads/512	0	resume_5	1
generated/payloads/512	0	resume_6	0
generated/payloads/512	0	resume_7	0
generated/payloads/512	0	resume_8	0
generated/payloads/512	0	resume_9	512
generated/payloads/512	0	resume_10	512
generated/payloads/512	0	resume_11	0
generated/payloads/512	0	resume_12	0
generated/payloads/512	0	resume_13	0
generated/payloads/512	0	resume_14	0
generated/payloads/512	0	resume_15	0
generated/payloads/512	0	resume_16	0
generated/payloads/512	0	resume_17	0
generated/payloads/512	0	builtin_1_0	0
generated/payloads/512	0	builtin_1_1	0
generated/payloads/512	0	builtin_1_2	0
generated/payloads/512	0	builtin_1_3	0
generated/payloads/512	0	builtin_1_4	0
generated/payloads/512	0	builtin_1_5	0
generated/payloads/512	0	builtin_2_0	0
generated/payloads/512	0	builtin_2_1	0
generated/payloads/512	0	builtin_2_2	0
generated/payloads/512	0	builtin_2_3	0
generated/payloads/512	0	builtin_2_4	0
generated/payloads/512	0	builtin_2_5	0
generated/payloads/512	0	builtin_3_0	0
generated/payloads/512	0	builtin_3_1	0
generated/payloads/512	0	builtin_3_2	0
generated/payloads/512	0	builtin_3_3	0
generated/payloads/512	0	builtin_3_4	0
generated/payloads/512	0	builtin_3_5	0
generated/payloads/512	0	builtin_4_0	0
generated/payloads/512	0	builtin_4_1	0
generated/payloads/512	0	builtin_4_2	0
generated/payloads/512	0	builtin_4_3	0
generated/payloads/512	0	builtin_4_4	0
generated/payloads/512	0	builtin_4_5	0
generated/payloads/512	0	builtin_5_0	0
generated/payloads/512	0	builtin_5_1	0
generated/payloads/512	0	builtin_5_2	0
generated/payloads/512	0	builtin_5_3	0
generated/payloads/512	0	builtin_5_4	0
generated/payloads/512	0	builtin_5_5	0
generated/payloads/512	0	builtin_6_0	0
generated/payloads/512	0	builtin_6_1	0
generated/payloads/512	0	builtin_6_2	0
generated/payloads/512	0	builtin_6_3	0
generated/payloads/512	0	builtin_6_4	0
generated/payloads/512	0	builtin_6_5	0
generated/payloads/512	0	builtin_7_0	0
generated/payloads/512	0	builtin_7_1	0
generated/payloads/512	0	builtin_7_2	0
generated/payloads/512	0	builtin_7_3	0
generated/payloads/512	0	builtin_7_4	0
generated/payloads/512	0	builtin_7_5	0
generated/payloads/512	0	builtin_8_0	0
generated/payloads/512	0	builtin_8_1	0
generated/payloads/512	0	builtin_8_2	0
generated/payloads/512	0	builtin_8_3	0
generated/payloads/512	0	builtin_8_4	0
generated/payloads/512	0	builtin_8_5	0
generated/payloads/512	0	builtin_9_0	0
generated/payloads/512	0	builtin_9_1	0
generated/payloads/512	0	builtin_9_2	0
generated/payloads/512	0	builtin_9_3	0
generated/payloads/512	0	builtin_9_4	0
generated/payloads/512	0	builtin_9_5	0
generated/payloads/512	0	builtin_10_0	0
generated/payloads/512	0	builtin_10_1	0
generated/payloads/512	0	builtin_10_2	0
generated/payloads/512	0	builtin_10_3	0
generated/payloads/512	0	builtin_10_4	0
generated/payloads/512	0	builtin_10_5	0
generated/payloads/512	0	builtin_11_0	0
generated/payloads/512	0	builtin_11_1	0
generated/payloads/512	0	builtin_11_2	0
generated/payloads/512	0	builtin_11_3	0
generated/payloads/512	0	builtin_11_4	0
generated/payloads/512	0	builtin_11_5	0
generated/payloads/512	0	builtin_12_0	0
generated/payloads/512	0	builtin_12_1	0
generated/payloads/512	0	builtin_12_2	0
generated/payloads/512	0	builtin_12_3	0
generated/payloads/512	0	builtin_12_4	0
generated/payloads/512	0	builtin_12_5	0
generated/recurrence/8	0	inference_entries	2
generated/recurrence/8	0	inference_ends	2
generated/recurrence/8	0	inference_invalid	0
generated/recurrence/8	0	inference_failed	0
generated/recurrence/8	0	machine_entries	1
generated/recurrence/8	0	machine_ends	1
generated/recurrence/8	0	machine_invalid	0
generated/recurrence/8	0	machine_failed	0
generated/recurrence/8	0	machine_active_at_exit	0
generated/recurrence/8	0	machine_native_depth	1
generated/recurrence/8	0	steps	26
generated/recurrence/8	0	requests	18
generated/recurrence/8	0	pushes	9
generated/recurrence/8	0	finishes	19
generated/recurrence/8	0	pending_depth	9
generated/recurrence/8	0	branch_depth	0
generated/recurrence/8	0	argument_depth	1
generated/recurrence/8	0	builtin_depth	0
generated/recurrence/8	0	resume_0	0
generated/recurrence/8	0	resume_1	0
generated/recurrence/8	0	resume_2	0
generated/recurrence/8	0	resume_3	0
generated/recurrence/8	0	resume_4	0
generated/recurrence/8	0	resume_5	0
generated/recurrence/8	0	resume_6	0
generated/recurrence/8	0	resume_7	0
generated/recurrence/8	0	resume_8	0
generated/recurrence/8	0	resume_9	0
generated/recurrence/8	0	resume_10	0
generated/recurrence/8	0	resume_11	1
generated/recurrence/8	0	resume_12	0
generated/recurrence/8	0	resume_13	0
generated/recurrence/8	0	resume_14	8
generated/recurrence/8	0	resume_15	0
generated/recurrence/8	0	resume_16	8
generated/recurrence/8	0	resume_17	0
generated/recurrence/8	0	builtin_1_0	8
generated/recurrence/8	0	builtin_1_1	8
generated/recurrence/8	0	builtin_1_2	0
generated/recurrence/8	0	builtin_1_3	0
generated/recurrence/8	0	builtin_1_4	0
generated/recurrence/8	0	builtin_1_5	0
generated/recurrence/8	0	builtin_2_0	0
generated/recurrence/8	0	builtin_2_1	0
generated/recurrence/8	0	builtin_2_2	0
generated/recurrence/8	0	builtin_2_3	0
generated/recurrence/8	0	builtin_2_4	0
generated/recurrence/8	0	builtin_2_5	0
generated/recurrence/8	0	builtin_3_0	0
generated/recurrence/8	0	builtin_3_1	0
generated/recurrence/8	0	builtin_3_2	0
generated/recurrence/8	0	builtin_3_3	0
generated/recurrence/8	0	builtin_3_4	0
generated/recurrence/8	0	builtin_3_5	0
generated/recurrence/8	0	builtin_4_0	0
generated/recurrence/8	0	builtin_4_1	0
generated/recurrence/8	0	builtin_4_2	0
generated/recurrence/8	0	builtin_4_3	0
generated/recurrence/8	0	builtin_4_4	0
generated/recurrence/8	0	builtin_4_5	0
generated/recurrence/8	0	builtin_5_0	0
generated/recurrence/8	0	builtin_5_1	0
generated/recurrence/8	0	builtin_5_2	0
generated/recurrence/8	0	builtin_5_3	0
generated/recurrence/8	0	builtin_5_4	0
generated/recurrence/8	0	builtin_5_5	0
generated/recurrence/8	0	builtin_6_0	0
generated/recurrence/8	0	builtin_6_1	0
generated/recurrence/8	0	builtin_6_2	0
generated/recurrence/8	0	builtin_6_3	0
generated/recurrence/8	0	builtin_6_4	0
generated/recurrence/8	0	builtin_6_5	0
generated/recurrence/8	0	builtin_7_0	0
generated/recurrence/8	0	builtin_7_1	0
generated/recurrence/8	0	builtin_7_2	0
generated/recurrence/8	0	builtin_7_3	0
generated/recurrence/8	0	builtin_7_4	0
generated/recurrence/8	0	builtin_7_5	0
generated/recurrence/8	0	builtin_8_0	0
generated/recurrence/8	0	builtin_8_1	0
generated/recurrence/8	0	builtin_8_2	0
generated/recurrence/8	0	builtin_8_3	0
generated/recurrence/8	0	builtin_8_4	0
generated/recurrence/8	0	builtin_8_5	0
generated/recurrence/8	0	builtin_9_0	0
generated/recurrence/8	0	builtin_9_1	0
generated/recurrence/8	0	builtin_9_2	0
generated/recurrence/8	0	builtin_9_3	0
generated/recurrence/8	0	builtin_9_4	0
generated/recurrence/8	0	builtin_9_5	0
generated/recurrence/8	0	builtin_10_0	0
generated/recurrence/8	0	builtin_10_1	0
generated/recurrence/8	0	builtin_10_2	0
generated/recurrence/8	0	builtin_10_3	0
generated/recurrence/8	0	builtin_10_4	0
generated/recurrence/8	0	builtin_10_5	0
generated/recurrence/8	0	builtin_11_0	0
generated/recurrence/8	0	builtin_11_1	0
generated/recurrence/8	0	builtin_11_2	0
generated/recurrence/8	0	builtin_11_3	0
generated/recurrence/8	0	builtin_11_4	0
generated/recurrence/8	0	builtin_11_5	0
generated/recurrence/8	0	builtin_12_0	0
generated/recurrence/8	0	builtin_12_1	0
generated/recurrence/8	0	builtin_12_2	0
generated/recurrence/8	0	builtin_12_3	0
generated/recurrence/8	0	builtin_12_4	0
generated/recurrence/8	0	builtin_12_5	0
generated/recurrence/32	0	inference_entries	2
generated/recurrence/32	0	inference_ends	2
generated/recurrence/32	0	inference_invalid	0
generated/recurrence/32	0	inference_failed	0
generated/recurrence/32	0	machine_entries	1
generated/recurrence/32	0	machine_ends	1
generated/recurrence/32	0	machine_invalid	0
generated/recurrence/32	0	machine_failed	0
generated/recurrence/32	0	machine_active_at_exit	0
generated/recurrence/32	0	machine_native_depth	1
generated/recurrence/32	0	steps	98
generated/recurrence/32	0	requests	66
generated/recurrence/32	0	pushes	33
generated/recurrence/32	0	finishes	67
generated/recurrence/32	0	pending_depth	33
generated/recurrence/32	0	branch_depth	0
generated/recurrence/32	0	argument_depth	1
generated/recurrence/32	0	builtin_depth	0
generated/recurrence/32	0	resume_0	0
generated/recurrence/32	0	resume_1	0
generated/recurrence/32	0	resume_2	0
generated/recurrence/32	0	resume_3	0
generated/recurrence/32	0	resume_4	0
generated/recurrence/32	0	resume_5	0
generated/recurrence/32	0	resume_6	0
generated/recurrence/32	0	resume_7	0
generated/recurrence/32	0	resume_8	0
generated/recurrence/32	0	resume_9	0
generated/recurrence/32	0	resume_10	0
generated/recurrence/32	0	resume_11	1
generated/recurrence/32	0	resume_12	0
generated/recurrence/32	0	resume_13	0
generated/recurrence/32	0	resume_14	32
generated/recurrence/32	0	resume_15	0
generated/recurrence/32	0	resume_16	32
generated/recurrence/32	0	resume_17	0
generated/recurrence/32	0	builtin_1_0	32
generated/recurrence/32	0	builtin_1_1	32
generated/recurrence/32	0	builtin_1_2	0
generated/recurrence/32	0	builtin_1_3	0
generated/recurrence/32	0	builtin_1_4	0
generated/recurrence/32	0	builtin_1_5	0
generated/recurrence/32	0	builtin_2_0	0
generated/recurrence/32	0	builtin_2_1	0
generated/recurrence/32	0	builtin_2_2	0
generated/recurrence/32	0	builtin_2_3	0
generated/recurrence/32	0	builtin_2_4	0
generated/recurrence/32	0	builtin_2_5	0
generated/recurrence/32	0	builtin_3_0	0
generated/recurrence/32	0	builtin_3_1	0
generated/recurrence/32	0	builtin_3_2	0
generated/recurrence/32	0	builtin_3_3	0
generated/recurrence/32	0	builtin_3_4	0
generated/recurrence/32	0	builtin_3_5	0
generated/recurrence/32	0	builtin_4_0	0
generated/recurrence/32	0	builtin_4_1	0
generated/recurrence/32	0	builtin_4_2	0
generated/recurrence/32	0	builtin_4_3	0
generated/recurrence/32	0	builtin_4_4	0
generated/recurrence/32	0	builtin_4_5	0
generated/recurrence/32	0	builtin_5_0	0
generated/recurrence/32	0	builtin_5_1	0
generated/recurrence/32	0	builtin_5_2	0
generated/recurrence/32	0	builtin_5_3	0
generated/recurrence/32	0	builtin_5_4	0
generated/recurrence/32	0	builtin_5_5	0
generated/recurrence/32	0	builtin_6_0	0
generated/recurrence/32	0	builtin_6_1	0
generated/recurrence/32	0	builtin_6_2	0
generated/recurrence/32	0	builtin_6_3	0
generated/recurrence/32	0	builtin_6_4	0
generated/recurrence/32	0	builtin_6_5	0
generated/recurrence/32	0	builtin_7_0	0
generated/recurrence/32	0	builtin_7_1	0
generated/recurrence/32	0	builtin_7_2	0
generated/recurrence/32	0	builtin_7_3	0
generated/recurrence/32	0	builtin_7_4	0
generated/recurrence/32	0	builtin_7_5	0
generated/recurrence/32	0	builtin_8_0	0
generated/recurrence/32	0	builtin_8_1	0
generated/recurrence/32	0	builtin_8_2	0
generated/recurrence/32	0	builtin_8_3	0
generated/recurrence/32	0	builtin_8_4	0
generated/recurrence/32	0	builtin_8_5	0
generated/recurrence/32	0	builtin_9_0	0
generated/recurrence/32	0	builtin_9_1	0
generated/recurrence/32	0	builtin_9_2	0
generated/recurrence/32	0	builtin_9_3	0
generated/recurrence/32	0	builtin_9_4	0
generated/recurrence/32	0	builtin_9_5	0
generated/recurrence/32	0	builtin_10_0	0
generated/recurrence/32	0	builtin_10_1	0
generated/recurrence/32	0	builtin_10_2	0
generated/recurrence/32	0	builtin_10_3	0
generated/recurrence/32	0	builtin_10_4	0
generated/recurrence/32	0	builtin_10_5	0
generated/recurrence/32	0	builtin_11_0	0
generated/recurrence/32	0	builtin_11_1	0
generated/recurrence/32	0	builtin_11_2	0
generated/recurrence/32	0	builtin_11_3	0
generated/recurrence/32	0	builtin_11_4	0
generated/recurrence/32	0	builtin_11_5	0
generated/recurrence/32	0	builtin_12_0	0
generated/recurrence/32	0	builtin_12_1	0
generated/recurrence/32	0	builtin_12_2	0
generated/recurrence/32	0	builtin_12_3	0
generated/recurrence/32	0	builtin_12_4	0
generated/recurrence/32	0	builtin_12_5	0
generated/recurrence/128	0	inference_entries	2
generated/recurrence/128	0	inference_ends	2
generated/recurrence/128	0	inference_invalid	0
generated/recurrence/128	0	inference_failed	0
generated/recurrence/128	0	machine_entries	1
generated/recurrence/128	0	machine_ends	1
generated/recurrence/128	0	machine_invalid	0
generated/recurrence/128	0	machine_failed	0
generated/recurrence/128	0	machine_active_at_exit	0
generated/recurrence/128	0	machine_native_depth	1
generated/recurrence/128	0	steps	386
generated/recurrence/128	0	requests	258
generated/recurrence/128	0	pushes	129
generated/recurrence/128	0	finishes	259
generated/recurrence/128	0	pending_depth	129
generated/recurrence/128	0	branch_depth	0
generated/recurrence/128	0	argument_depth	1
generated/recurrence/128	0	builtin_depth	0
generated/recurrence/128	0	resume_0	0
generated/recurrence/128	0	resume_1	0
generated/recurrence/128	0	resume_2	0
generated/recurrence/128	0	resume_3	0
generated/recurrence/128	0	resume_4	0
generated/recurrence/128	0	resume_5	0
generated/recurrence/128	0	resume_6	0
generated/recurrence/128	0	resume_7	0
generated/recurrence/128	0	resume_8	0
generated/recurrence/128	0	resume_9	0
generated/recurrence/128	0	resume_10	0
generated/recurrence/128	0	resume_11	1
generated/recurrence/128	0	resume_12	0
generated/recurrence/128	0	resume_13	0
generated/recurrence/128	0	resume_14	128
generated/recurrence/128	0	resume_15	0
generated/recurrence/128	0	resume_16	128
generated/recurrence/128	0	resume_17	0
generated/recurrence/128	0	builtin_1_0	128
generated/recurrence/128	0	builtin_1_1	128
generated/recurrence/128	0	builtin_1_2	0
generated/recurrence/128	0	builtin_1_3	0
generated/recurrence/128	0	builtin_1_4	0
generated/recurrence/128	0	builtin_1_5	0
generated/recurrence/128	0	builtin_2_0	0
generated/recurrence/128	0	builtin_2_1	0
generated/recurrence/128	0	builtin_2_2	0
generated/recurrence/128	0	builtin_2_3	0
generated/recurrence/128	0	builtin_2_4	0
generated/recurrence/128	0	builtin_2_5	0
generated/recurrence/128	0	builtin_3_0	0
generated/recurrence/128	0	builtin_3_1	0
generated/recurrence/128	0	builtin_3_2	0
generated/recurrence/128	0	builtin_3_3	0
generated/recurrence/128	0	builtin_3_4	0
generated/recurrence/128	0	builtin_3_5	0
generated/recurrence/128	0	builtin_4_0	0
generated/recurrence/128	0	builtin_4_1	0
generated/recurrence/128	0	builtin_4_2	0
generated/recurrence/128	0	builtin_4_3	0
generated/recurrence/128	0	builtin_4_4	0
generated/recurrence/128	0	builtin_4_5	0
generated/recurrence/128	0	builtin_5_0	0
generated/recurrence/128	0	builtin_5_1	0
generated/recurrence/128	0	builtin_5_2	0
generated/recurrence/128	0	builtin_5_3	0
generated/recurrence/128	0	builtin_5_4	0
generated/recurrence/128	0	builtin_5_5	0
generated/recurrence/128	0	builtin_6_0	0
generated/recurrence/128	0	builtin_6_1	0
generated/recurrence/128	0	builtin_6_2	0
generated/recurrence/128	0	builtin_6_3	0
generated/recurrence/128	0	builtin_6_4	0
generated/recurrence/128	0	builtin_6_5	0
generated/recurrence/128	0	builtin_7_0	0
generated/recurrence/128	0	builtin_7_1	0
generated/recurrence/128	0	builtin_7_2	0
generated/recurrence/128	0	builtin_7_3	0
generated/recurrence/128	0	builtin_7_4	0
generated/recurrence/128	0	builtin_7_5	0
generated/recurrence/128	0	builtin_8_0	0
generated/recurrence/128	0	builtin_8_1	0
generated/recurrence/128	0	builtin_8_2	0
generated/recurrence/128	0	builtin_8_3	0
generated/recurrence/128	0	builtin_8_4	0
generated/recurrence/128	0	builtin_8_5	0
generated/recurrence/128	0	builtin_9_0	0
generated/recurrence/128	0	builtin_9_1	0
generated/recurrence/128	0	builtin_9_2	0
generated/recurrence/128	0	builtin_9_3	0
generated/recurrence/128	0	builtin_9_4	0
generated/recurrence/128	0	builtin_9_5	0
generated/recurrence/128	0	builtin_10_0	0
generated/recurrence/128	0	builtin_10_1	0
generated/recurrence/128	0	builtin_10_2	0
generated/recurrence/128	0	builtin_10_3	0
generated/recurrence/128	0	builtin_10_4	0
generated/recurrence/128	0	builtin_10_5	0
generated/recurrence/128	0	builtin_11_0	0
generated/recurrence/128	0	builtin_11_1	0
generated/recurrence/128	0	builtin_11_2	0
generated/recurrence/128	0	builtin_11_3	0
generated/recurrence/128	0	builtin_11_4	0
generated/recurrence/128	0	builtin_11_5	0
generated/recurrence/128	0	builtin_12_0	0
generated/recurrence/128	0	builtin_12_1	0
generated/recurrence/128	0	builtin_12_2	0
generated/recurrence/128	0	builtin_12_3	0
generated/recurrence/128	0	builtin_12_4	0
generated/recurrence/128	0	builtin_12_5	0
generated/recurrence/512	0	inference_entries	2
generated/recurrence/512	0	inference_ends	2
generated/recurrence/512	0	inference_invalid	0
generated/recurrence/512	0	inference_failed	0
generated/recurrence/512	0	machine_entries	1
generated/recurrence/512	0	machine_ends	1
generated/recurrence/512	0	machine_invalid	0
generated/recurrence/512	0	machine_failed	0
generated/recurrence/512	0	machine_active_at_exit	0
generated/recurrence/512	0	machine_native_depth	1
generated/recurrence/512	0	steps	1538
generated/recurrence/512	0	requests	1026
generated/recurrence/512	0	pushes	513
generated/recurrence/512	0	finishes	1027
generated/recurrence/512	0	pending_depth	513
generated/recurrence/512	0	branch_depth	0
generated/recurrence/512	0	argument_depth	1
generated/recurrence/512	0	builtin_depth	0
generated/recurrence/512	0	resume_0	0
generated/recurrence/512	0	resume_1	0
generated/recurrence/512	0	resume_2	0
generated/recurrence/512	0	resume_3	0
generated/recurrence/512	0	resume_4	0
generated/recurrence/512	0	resume_5	0
generated/recurrence/512	0	resume_6	0
generated/recurrence/512	0	resume_7	0
generated/recurrence/512	0	resume_8	0
generated/recurrence/512	0	resume_9	0
generated/recurrence/512	0	resume_10	0
generated/recurrence/512	0	resume_11	1
generated/recurrence/512	0	resume_12	0
generated/recurrence/512	0	resume_13	0
generated/recurrence/512	0	resume_14	512
generated/recurrence/512	0	resume_15	0
generated/recurrence/512	0	resume_16	512
generated/recurrence/512	0	resume_17	0
generated/recurrence/512	0	builtin_1_0	512
generated/recurrence/512	0	builtin_1_1	512
generated/recurrence/512	0	builtin_1_2	0
generated/recurrence/512	0	builtin_1_3	0
generated/recurrence/512	0	builtin_1_4	0
generated/recurrence/512	0	builtin_1_5	0
generated/recurrence/512	0	builtin_2_0	0
generated/recurrence/512	0	builtin_2_1	0
generated/recurrence/512	0	builtin_2_2	0
generated/recurrence/512	0	builtin_2_3	0
generated/recurrence/512	0	builtin_2_4	0
generated/recurrence/512	0	builtin_2_5	0
generated/recurrence/512	0	builtin_3_0	0
generated/recurrence/512	0	builtin_3_1	0
generated/recurrence/512	0	builtin_3_2	0
generated/recurrence/512	0	builtin_3_3	0
generated/recurrence/512	0	builtin_3_4	0
generated/recurrence/512	0	builtin_3_5	0
generated/recurrence/512	0	builtin_4_0	0
generated/recurrence/512	0	builtin_4_1	0
generated/recurrence/512	0	builtin_4_2	0
generated/recurrence/512	0	builtin_4_3	0
generated/recurrence/512	0	builtin_4_4	0
generated/recurrence/512	0	builtin_4_5	0
generated/recurrence/512	0	builtin_5_0	0
generated/recurrence/512	0	builtin_5_1	0
generated/recurrence/512	0	builtin_5_2	0
generated/recurrence/512	0	builtin_5_3	0
generated/recurrence/512	0	builtin_5_4	0
generated/recurrence/512	0	builtin_5_5	0
generated/recurrence/512	0	builtin_6_0	0
generated/recurrence/512	0	builtin_6_1	0
generated/recurrence/512	0	builtin_6_2	0
generated/recurrence/512	0	builtin_6_3	0
generated/recurrence/512	0	builtin_6_4	0
generated/recurrence/512	0	builtin_6_5	0
generated/recurrence/512	0	builtin_7_0	0
generated/recurrence/512	0	builtin_7_1	0
generated/recurrence/512	0	builtin_7_2	0
generated/recurrence/512	0	builtin_7_3	0
generated/recurrence/512	0	builtin_7_4	0
generated/recurrence/512	0	builtin_7_5	0
generated/recurrence/512	0	builtin_8_0	0
generated/recurrence/512	0	builtin_8_1	0
generated/recurrence/512	0	builtin_8_2	0
generated/recurrence/512	0	builtin_8_3	0
generated/recurrence/512	0	builtin_8_4	0
generated/recurrence/512	0	builtin_8_5	0
generated/recurrence/512	0	builtin_9_0	0
generated/recurrence/512	0	builtin_9_1	0
generated/recurrence/512	0	builtin_9_2	0
generated/recurrence/512	0	builtin_9_3	0
generated/recurrence/512	0	builtin_9_4	0
generated/recurrence/512	0	builtin_9_5	0
generated/recurrence/512	0	builtin_10_0	0
generated/recurrence/512	0	builtin_10_1	0
generated/recurrence/512	0	builtin_10_2	0
generated/recurrence/512	0	builtin_10_3	0
generated/recurrence/512	0	builtin_10_4	0
generated/recurrence/512	0	builtin_10_5	0
generated/recurrence/512	0	builtin_11_0	0
generated/recurrence/512	0	builtin_11_1	0
generated/recurrence/512	0	builtin_11_2	0
generated/recurrence/512	0	builtin_11_3	0
generated/recurrence/512	0	builtin_11_4	0
generated/recurrence/512	0	builtin_11_5	0
generated/recurrence/512	0	builtin_12_0	0
generated/recurrence/512	0	builtin_12_1	0
generated/recurrence/512	0	builtin_12_2	0
generated/recurrence/512	0	builtin_12_3	0
generated/recurrence/512	0	builtin_12_4	0
generated/recurrence/512	0	builtin_12_5	0
